0                    WARNING main_het_teleport_mw_rb_yb_rb_er Starting Mw-to-Er teleportation trial 1 at 0.
60,000,000,000,000   WARNING main_het_teleport_mw_rb_yb_rb_er Mw-to-Er teleportation trial 1 succeeded (completed=True, direct match=True, latency=1.937186687 seconds).
60,000,000,000,000   WARNING main_het_teleport_mw_rb_yb_rb_er Starting Mw-to-Er teleportation trial 2 at 60000000000000.
120,000,000,000,000  WARNING main_het_teleport_mw_rb_yb_rb_er Mw-to-Er teleportation trial 2 failed (completed=True, direct match=False, latency=7.012849812 seconds).
120,000,000,000,000  WARNING main_het_teleport_mw_rb_yb_rb_er Starting Mw-to-Er teleportation trial 3 at 120000000000000.
180,000,000,000,000  WARNING main_het_teleport_mw_rb_yb_rb_er Mw-to-Er teleportation trial 3 failed (completed=True, direct match=False, latency=2.827202312 seconds).
180,000,000,000,000  WARNING main_het_teleport_mw_rb_yb_rb_er Starting Mw-to-Er teleportation trial 4 at 180000000000000.
240,000,000,000,000  WARNING main_het_teleport_mw_rb_yb_rb_er Mw-to-Er teleportation trial 4 succeeded (completed=True, direct match=True, latency=2.8100416245 seconds).
240,000,000,000,000  WARNING main_het_teleport_mw_rb_yb_rb_er Starting Mw-to-Er teleportation trial 5 at 240000000000000.
300,000,000,000,000  WARNING main_het_teleport_mw_rb_yb_rb_er Mw-to-Er teleportation trial 5 succeeded (completed=True, direct match=True, latency=6.338122812 seconds).
300,000,000,000,000  WARNING main_het_teleport_mw_rb_yb_rb_er Starting Mw-to-Er teleportation trial 6 at 300000000000000.
360,000,000,000,000  WARNING main_het_teleport_mw_rb_yb_rb_er Mw-to-Er teleportation trial 6 succeeded (completed=True, direct match=True, latency=8.405985562 seconds).
360,000,000,000,000  WARNING main_het_teleport_mw_rb_yb_rb_er Starting Mw-to-Er teleportation trial 7 at 360000000000000.
420,000,000,000,000  WARNING main_het_teleport_mw_rb_yb_rb_er Mw-to-Er teleportation trial 7 succeeded (completed=True, direct match=True, latency=2.9864326495 seconds).
420,000,000,000,000  WARNING main_het_teleport_mw_rb_yb_rb_er Starting Mw-to-Er teleportation trial 8 at 420000000000000.
480,000,000,000,000  WARNING main_het_teleport_mw_rb_yb_rb_er Mw-to-Er teleportation trial 8 failed (completed=True, direct match=False, latency=11.245299187 seconds).
480,000,000,000,000  WARNING main_het_teleport_mw_rb_yb_rb_er Starting Mw-to-Er teleportation trial 9 at 480000000000000.
540,000,000,000,000  WARNING main_het_teleport_mw_rb_yb_rb_er Mw-to-Er teleportation trial 9 succeeded (completed=True, direct match=True, latency=8.390384937 seconds).
540,000,000,000,000  WARNING main_het_teleport_mw_rb_yb_rb_er Starting Mw-to-Er teleportation trial 10 at 540000000000000.
600,000,000,000,000  WARNING main_het_teleport_mw_rb_yb_rb_er Mw-to-Er teleportation trial 10 succeeded (completed=True, direct match=True, latency=7.6922569995 seconds).
600,000,000,000,000  WARNING main_het_teleport_mw_rb_yb_rb_er Starting Mw-to-Er teleportation trial 11 at 600000000000000.
660,000,000,000,000  WARNING main_het_teleport_mw_rb_yb_rb_er Mw-to-Er teleportation trial 11 succeeded (completed=True, direct match=True, latency=4.254659437 seconds).
660,000,000,000,000  WARNING main_het_teleport_mw_rb_yb_rb_er Starting Mw-to-Er teleportation trial 12 at 660000000000000.
720,000,000,000,000  WARNING main_het_teleport_mw_rb_yb_rb_er Mw-to-Er teleportation trial 12 succeeded (completed=True, direct match=True, latency=7.675096312 seconds).
720,000,000,000,000  WARNING main_het_teleport_mw_rb_yb_rb_er Starting Mw-to-Er teleportation trial 13 at 720000000000000.
780,000,000,000,000  WARNING main_het_teleport_mw_rb_yb_rb_er Mw-to-Er teleportation trial 13 succeeded (completed=True, direct match=True, latency=1.446547062 seconds).
780,000,000,000,000  WARNING main_het_teleport_mw_rb_yb_rb_er Starting Mw-to-Er teleportation trial 14 at 780000000000000.
840,000,000,000,000  WARNING main_het_teleport_mw_rb_yb_rb_er Mw-to-Er teleportation trial 14 succeeded (completed=True, direct match=True, latency=11.1969372495 seconds).
840,000,000,000,000  WARNING main_het_teleport_mw_rb_yb_rb_er Starting Mw-to-Er teleportation trial 15 at 840000000000000.
900,000,000,000,000  WARNING main_het_teleport_mw_rb_yb_rb_er Mw-to-Er teleportation trial 15 succeeded (completed=True, direct match=True, latency=2.124394187 seconds).
900,000,000,000,000  WARNING main_het_teleport_mw_rb_yb_rb_er Starting Mw-to-Er teleportation trial 16 at 900000000000000.
960,000,000,000,000  WARNING main_het_teleport_mw_rb_yb_rb_er Mw-to-Er teleportation trial 16 succeeded (completed=True, direct match=True, latency=4.888824812 seconds).
960,000,000,000,000  WARNING main_het_teleport_mw_rb_yb_rb_er Starting Mw-to-Er teleportation trial 17 at 960000000000000.
1,020,000,000,000,000 WARNING main_het_teleport_mw_rb_yb_rb_er Mw-to-Er teleportation trial 17 succeeded (completed=True, direct match=True, latency=2.1197139995 seconds).
1,020,000,000,000,000 WARNING main_het_teleport_mw_rb_yb_rb_er Starting Mw-to-Er teleportation trial 18 at 1020000000000000.
1,080,000,000,000,000 WARNING main_het_teleport_mw_rb_yb_rb_er Mw-to-Er teleportation trial 18 succeeded (completed=True, direct match=True, latency=3.548731187 seconds).
1,080,000,000,000,000 WARNING main_het_teleport_mw_rb_yb_rb_er Starting Mw-to-Er teleportation trial 19 at 1080000000000000.
1,140,000,000,000,000 WARNING main_het_teleport_mw_rb_yb_rb_er Mw-to-Er teleportation trial 19 succeeded (completed=True, direct match=True, latency=4.182896562 seconds).
1,140,000,000,000,000 WARNING main_het_teleport_mw_rb_yb_rb_er Starting Mw-to-Er teleportation trial 20 at 1140000000000000.
1,200,000,000,000,000 WARNING main_het_teleport_mw_rb_yb_rb_er Mw-to-Er teleportation trial 20 failed (completed=True, direct match=False, latency=3.545611062 seconds).
1,200,000,000,000,000 WARNING main_het_teleport_mw_rb_yb_rb_er Starting Mw-to-Er teleportation trial 21 at 1200000000000000.
1,260,000,000,000,000 WARNING main_het_teleport_mw_rb_yb_rb_er Mw-to-Er teleportation trial 21 succeeded (completed=True, direct match=True, latency=4.1844566245 seconds).
1,260,000,000,000,000 WARNING main_het_teleport_mw_rb_yb_rb_er Starting Mw-to-Er teleportation trial 22 at 1260000000000000.
1,320,000,000,000,000 WARNING main_het_teleport_mw_rb_yb_rb_er Mw-to-Er teleportation trial 22 succeeded (completed=True, direct match=True, latency=4.916905937 seconds).
1,320,000,000,000,000 WARNING main_het_teleport_mw_rb_yb_rb_er Starting Mw-to-Er teleportation trial 23 at 1320000000000000.
1,380,000,000,000,000 WARNING main_het_teleport_mw_rb_yb_rb_er Mw-to-Er teleportation trial 23 succeeded (completed=True, direct match=True, latency=2.183676562 seconds).
1,380,000,000,000,000 WARNING main_het_teleport_mw_rb_yb_rb_er Starting Mw-to-Er teleportation trial 24 at 1380000000000000.
1,440,000,000,000,000 WARNING main_het_teleport_mw_rb_yb_rb_er Mw-to-Er teleportation trial 24 succeeded (completed=True, direct match=True, latency=2.152475312 seconds).
1,440,000,000,000,000 WARNING main_het_teleport_mw_rb_yb_rb_er Starting Mw-to-Er teleportation trial 25 at 1440000000000000.
1,500,000,000,000,000 WARNING main_het_teleport_mw_rb_yb_rb_er Mw-to-Er teleportation trial 25 succeeded (completed=True, direct match=True, latency=9.808481687 seconds).
1,500,000,000,000,000 WARNING main_het_teleport_mw_rb_yb_rb_er Starting Mw-to-Er teleportation trial 26 at 1500000000000000.
1,560,000,000,000,000 WARNING main_het_teleport_mw_rb_yb_rb_er Mw-to-Er teleportation trial 26 succeeded (completed=True, direct match=True, latency=8.512069812 seconds).
1,560,000,000,000,000 WARNING main_het_teleport_mw_rb_yb_rb_er Starting Mw-to-Er teleportation trial 27 at 1560000000000000.
1,620,000,000,000,000 WARNING main_het_teleport_mw_rb_yb_rb_er Mw-to-Er teleportation trial 27 succeeded (completed=True, direct match=True, latency=4.8529433745 seconds).
1,620,000,000,000,000 WARNING main_het_teleport_mw_rb_yb_rb_er Starting Mw-to-Er teleportation trial 28 at 1620000000000000.
1,680,000,000,000,000 WARNING main_het_teleport_mw_rb_yb_rb_er Mw-to-Er teleportation trial 28 succeeded (completed=True, direct match=True, latency=5.5994332495 seconds).
1,680,000,000,000,000 WARNING main_het_teleport_mw_rb_yb_rb_er Starting Mw-to-Er teleportation trial 29 at 1680000000000000.
1,740,000,000,000,000 WARNING main_het_teleport_mw_rb_yb_rb_er Mw-to-Er teleportation trial 29 succeeded (completed=True, direct match=True, latency=6.331882562 seconds).
1,740,000,000,000,000 WARNING main_het_teleport_mw_rb_yb_rb_er Starting Mw-to-Er teleportation trial 30 at 1740000000000000.
1,800,000,000,000,000 WARNING main_het_teleport_mw_rb_yb_rb_er Mw-to-Er teleportation trial 30 succeeded (completed=True, direct match=True, latency=7.025330312 seconds).
1,800,000,000,000,000 WARNING main_het_teleport_mw_rb_yb_rb_er Starting Mw-to-Er teleportation trial 31 at 1800000000000000.
1,860,000,000,000,000 WARNING main_het_teleport_mw_rb_yb_rb_er Mw-to-Er teleportation trial 31 succeeded (completed=True, direct match=True, latency=1.409105562 seconds).
1,860,000,000,000,000 WARNING main_het_teleport_mw_rb_yb_rb_er Starting Mw-to-Er teleportation trial 32 at 1860000000000000.
1,920,000,000,000,000 WARNING main_het_teleport_mw_rb_yb_rb_er Mw-to-Er teleportation trial 32 succeeded (completed=True, direct match=True, latency=2.7819604995 seconds).
1,920,000,000,000,000 WARNING main_het_teleport_mw_rb_yb_rb_er Starting Mw-to-Er teleportation trial 33 at 1920000000000000.
1,980,000,000,000,000 WARNING main_het_teleport_mw_rb_yb_rb_er Mw-to-Er teleportation trial 33 succeeded (completed=True, direct match=True, latency=2.817841937 seconds).
1,980,000,000,000,000 WARNING main_het_teleport_mw_rb_yb_rb_er Starting Mw-to-Er teleportation trial 34 at 1980000000000000.
2,040,000,000,000,000 WARNING main_het_teleport_mw_rb_yb_rb_er Mw-to-Er teleportation trial 34 succeeded (completed=True, direct match=True, latency=3.542490937 seconds).
2,040,000,000,000,000 WARNING main_het_teleport_mw_rb_yb_rb_er Starting Mw-to-Er teleportation trial 35 at 2040000000000000.
2,100,000,000,000,000 WARNING main_het_teleport_mw_rb_yb_rb_er Mw-to-Er teleportation trial 35 succeeded (completed=True, direct match=True, latency=5.6399948745 seconds).
2,100,000,000,000,000 WARNING main_het_teleport_mw_rb_yb_rb_er Starting Mw-to-Er teleportation trial 36 at 2100000000000000.
2,160,000,000,000,000 WARNING main_het_teleport_mw_rb_yb_rb_er Mw-to-Er teleportation trial 36 succeeded (completed=True, direct match=True, latency=4.192256937 seconds).
2,160,000,000,000,000 WARNING main_het_teleport_mw_rb_yb_rb_er Starting Mw-to-Er teleportation trial 37 at 2160000000000000.
2,220,000,000,000,000 WARNING main_het_teleport_mw_rb_yb_rb_er Mw-to-Er teleportation trial 37 succeeded (completed=True, direct match=True, latency=12.5963132495 seconds).
2,220,000,000,000,000 WARNING main_het_teleport_mw_rb_yb_rb_er Starting Mw-to-Er teleportation trial 38 at 2220000000000000.
2,280,000,000,000,000 WARNING main_het_teleport_mw_rb_yb_rb_er Mw-to-Er teleportation trial 38 succeeded (completed=True, direct match=True, latency=1.409105562 seconds).
2,280,000,000,000,000 WARNING main_het_teleport_mw_rb_yb_rb_er Starting Mw-to-Er teleportation trial 39 at 2280000000000000.
2,340,000,000,000,000 WARNING main_het_teleport_mw_rb_yb_rb_er Mw-to-Er teleportation trial 39 succeeded (completed=True, direct match=True, latency=4.285860687 seconds).
2,340,000,000,000,000 WARNING main_het_teleport_mw_rb_yb_rb_er Starting Mw-to-Er teleportation trial 40 at 2340000000000000.
2,400,000,000,000,000 WARNING main_het_teleport_mw_rb_yb_rb_er Mw-to-Er teleportation trial 40 succeeded (completed=True, direct match=True, latency=2.8287623745 seconds).
2,400,000,000,000,000 WARNING main_het_teleport_mw_rb_yb_rb_er Starting Mw-to-Er teleportation trial 41 at 2400000000000000.
2,460,000,000,000,000 WARNING main_het_teleport_mw_rb_yb_rb_er Mw-to-Er teleportation trial 41 succeeded (completed=True, direct match=True, latency=0.709417562 seconds).
2,460,000,000,000,000 WARNING main_het_teleport_mw_rb_yb_rb_er Starting Mw-to-Er teleportation trial 42 at 2460000000000000.
2,520,000,000,000,000 WARNING main_het_teleport_mw_rb_yb_rb_er Mw-to-Er teleportation trial 42 succeeded (completed=True, direct match=True, latency=2.805361437 seconds).
2,520,000,000,000,000 WARNING main_het_teleport_mw_rb_yb_rb_er Starting Mw-to-Er teleportation trial 43 at 2520000000000000.
2,580,000,000,000,000 WARNING main_het_teleport_mw_rb_yb_rb_er Mw-to-Er teleportation trial 43 succeeded (completed=True, direct match=True, latency=4.8966251245 seconds).
2,580,000,000,000,000 WARNING main_het_teleport_mw_rb_yb_rb_er Starting Mw-to-Er teleportation trial 44 at 2580000000000000.
2,640,000,000,000,000 WARNING main_het_teleport_mw_rb_yb_rb_er Mw-to-Er teleportation trial 44 succeeded (completed=True, direct match=True, latency=5.616593937 seconds).
2,640,000,000,000,000 WARNING main_het_teleport_mw_rb_yb_rb_er Starting Mw-to-Er teleportation trial 45 at 2640000000000000.
2,700,000,000,000,000 WARNING main_het_teleport_mw_rb_yb_rb_er Mw-to-Er teleportation trial 45 succeeded (completed=True, direct match=True, latency=5.616593937 seconds).
2,700,000,000,000,000 WARNING main_het_teleport_mw_rb_yb_rb_er Starting Mw-to-Er teleportation trial 46 at 2700000000000000.
2,760,000,000,000,000 WARNING main_het_teleport_mw_rb_yb_rb_er Mw-to-Er teleportation trial 46 succeeded (completed=True, direct match=True, latency=7.740618937 seconds).
2,760,000,000,000,000 WARNING main_het_teleport_mw_rb_yb_rb_er Starting Mw-to-Er teleportation trial 47 at 2760000000000000.
2,820,000,000,000,000 WARNING main_het_teleport_mw_rb_yb_rb_er Mw-to-Er teleportation trial 47 succeeded (completed=True, direct match=True, latency=4.923146187 seconds).
2,820,000,000,000,000 WARNING main_het_teleport_mw_rb_yb_rb_er Starting Mw-to-Er teleportation trial 48 at 2820000000000000.
2,880,000,000,000,000 WARNING main_het_teleport_mw_rb_yb_rb_er Mw-to-Er teleportation trial 48 failed (completed=True, direct match=False, latency=9.8194021245 seconds).
2,880,000,000,000,000 WARNING main_het_teleport_mw_rb_yb_rb_er Starting Mw-to-Er teleportation trial 49 at 2880000000000000.
2,940,000,000,000,000 WARNING main_het_teleport_mw_rb_yb_rb_er Mw-to-Er teleportation trial 49 succeeded (completed=True, direct match=True, latency=6.3053614995 seconds).
2,940,000,000,000,000 WARNING main_het_teleport_mw_rb_yb_rb_er Starting Mw-to-Er teleportation trial 50 at 2940000000000000.
3,000,000,000,000,000 WARNING main_het_teleport_mw_rb_yb_rb_er Mw-to-Er teleportation trial 50 succeeded (completed=True, direct match=True, latency=4.273380187 seconds).
3,000,000,000,000,000 WARNING main_het_teleport_mw_rb_yb_rb_er Starting Mw-to-Er teleportation trial 51 at 3000000000000000.
3,060,000,000,000,000 WARNING main_het_teleport_mw_rb_yb_rb_er Mw-to-Er teleportation trial 51 succeeded (completed=True, direct match=True, latency=0.0830524995 seconds).
3,060,000,000,000,000 WARNING main_het_teleport_mw_rb_yb_rb_er Starting Mw-to-Er teleportation trial 52 at 3060000000000000.
3,120,000,000,000,000 WARNING main_het_teleport_mw_rb_yb_rb_er Mw-to-Er teleportation trial 52 failed (completed=True, direct match=False, latency=6.501339137 seconds).
3,120,000,000,000,000 WARNING main_het_teleport_mw_rb_yb_rb_er Starting Mw-to-Er teleportation trial 53 at 3120000000000000.
3,180,000,000,000,000 WARNING main_het_teleport_mw_rb_yb_rb_er Mw-to-Er teleportation trial 53 succeeded (completed=True, direct match=True, latency=2.1072334995 seconds).
3,180,000,000,000,000 WARNING main_het_teleport_mw_rb_yb_rb_er Starting Mw-to-Er teleportation trial 54 at 3180000000000000.
3,240,000,000,000,000 WARNING main_het_teleport_mw_rb_yb_rb_er Mw-to-Er teleportation trial 54 succeeded (completed=True, direct match=True, latency=6.3178419995 seconds).
3,240,000,000,000,000 WARNING main_het_teleport_mw_rb_yb_rb_er Starting Mw-to-Er teleportation trial 55 at 3240000000000000.
3,300,000,000,000,000 WARNING main_het_teleport_mw_rb_yb_rb_er Mw-to-Er teleportation trial 55 succeeded (completed=True, direct match=True, latency=4.9309464995 seconds).
3,300,000,000,000,000 WARNING main_het_teleport_mw_rb_yb_rb_er Starting Mw-to-Er teleportation trial 56 at 3300000000000000.
3,360,000,000,000,000 WARNING main_het_teleport_mw_rb_yb_rb_er Mw-to-Er teleportation trial 56 succeeded (completed=True, direct match=True, latency=2.8318824995 seconds).
3,360,000,000,000,000 WARNING main_het_teleport_mw_rb_yb_rb_er Starting Mw-to-Er teleportation trial 57 at 3360000000000000.
3,420,000,000,000,000 WARNING main_het_teleport_mw_rb_yb_rb_er Mw-to-Er teleportation trial 57 failed (completed=True, direct match=False, latency=0.037727587 seconds).
3,420,000,000,000,000 WARNING main_het_teleport_mw_rb_yb_rb_er Starting Mw-to-Er teleportation trial 58 at 3420000000000000.
3,480,000,000,000,000 WARNING main_het_teleport_mw_rb_yb_rb_er Mw-to-Er teleportation trial 58 succeeded (completed=True, direct match=True, latency=4.186016687 seconds).
3,480,000,000,000,000 WARNING main_het_teleport_mw_rb_yb_rb_er Starting Mw-to-Er teleportation trial 59 at 3480000000000000.
3,540,000,000,000,000 WARNING main_het_teleport_mw_rb_yb_rb_er Mw-to-Er teleportation trial 59 succeeded (completed=True, direct match=True, latency=6.335002687 seconds).
3,540,000,000,000,000 WARNING main_het_teleport_mw_rb_yb_rb_er Starting Mw-to-Er teleportation trial 60 at 3540000000000000.
3,600,000,000,000,000 WARNING main_het_teleport_mw_rb_yb_rb_er Mw-to-Er teleportation trial 60 succeeded (completed=True, direct match=True, latency=5.613473812 seconds).
3,600,000,000,000,000 WARNING main_het_teleport_mw_rb_yb_rb_er Starting Mw-to-Er teleportation trial 61 at 3600000000000000.
3,660,000,000,000,000 WARNING main_het_teleport_mw_rb_yb_rb_er Mw-to-Er teleportation trial 61 failed (completed=True, direct match=False, latency=3.0068503495 seconds).
3,660,000,000,000,000 WARNING main_het_teleport_mw_rb_yb_rb_er Starting Mw-to-Er teleportation trial 62 at 3660000000000000.
3,720,000,000,000,000 WARNING main_het_teleport_mw_rb_yb_rb_er Mw-to-Er teleportation trial 62 failed (completed=True, direct match=False, latency=0.743240337 seconds).
3,720,000,000,000,000 WARNING main_het_teleport_mw_rb_yb_rb_er Starting Mw-to-Er teleportation trial 63 at 3720000000000000.
3,780,000,000,000,000 WARNING main_het_teleport_mw_rb_yb_rb_er Mw-to-Er teleportation trial 63 succeeded (completed=True, direct match=True, latency=3.4504472495 seconds).
3,780,000,000,000,000 WARNING main_het_teleport_mw_rb_yb_rb_er Starting Mw-to-Er teleportation trial 64 at 3780000000000000.
3,840,000,000,000,000 WARNING main_het_teleport_mw_rb_yb_rb_er Mw-to-Er teleportation trial 64 failed (completed=True, direct match=False, latency=11.9122258745 seconds).
3,840,000,000,000,000 WARNING main_het_teleport_mw_rb_yb_rb_er Starting Mw-to-Er teleportation trial 65 at 3840000000000000.
3,900,000,000,000,000 WARNING main_het_teleport_mw_rb_yb_rb_er Mw-to-Er teleportation trial 65 succeeded (completed=True, direct match=True, latency=7.0393708745 seconds).
3,900,000,000,000,000 WARNING main_het_teleport_mw_rb_yb_rb_er Starting Mw-to-Er teleportation trial 66 at 3900000000000000.
3,960,000,000,000,000 WARNING main_het_teleport_mw_rb_yb_rb_er Mw-to-Er teleportation trial 66 succeeded (completed=True, direct match=True, latency=4.2218981245 seconds).
3,960,000,000,000,000 WARNING main_het_teleport_mw_rb_yb_rb_er Starting Mw-to-Er teleportation trial 67 at 3960000000000000.
4,020,000,000,000,000 WARNING main_het_teleport_mw_rb_yb_rb_er Mw-to-Er teleportation trial 67 succeeded (completed=True, direct match=True, latency=4.229698437 seconds).
4,020,000,000,000,000 WARNING main_het_teleport_mw_rb_yb_rb_er Starting Mw-to-Er teleportation trial 68 at 4020000000000000.
4,080,000,000,000,000 WARNING main_het_teleport_mw_rb_yb_rb_er Mw-to-Er teleportation trial 68 succeeded (completed=True, direct match=True, latency=5.616593937 seconds).
4,080,000,000,000,000 WARNING main_het_teleport_mw_rb_yb_rb_er Starting Mw-to-Er teleportation trial 69 at 4080000000000000.
4,140,000,000,000,000 WARNING main_het_teleport_mw_rb_yb_rb_er Mw-to-Er teleportation trial 69 succeeded (completed=True, direct match=True, latency=6.310041687 seconds).
4,140,000,000,000,000 WARNING main_het_teleport_mw_rb_yb_rb_er Starting Mw-to-Er teleportation trial 70 at 4140000000000000.
4,200,000,000,000,000 WARNING main_het_teleport_mw_rb_yb_rb_er Mw-to-Er teleportation trial 70 failed (completed=True, direct match=False, latency=4.9247062495 seconds).
4,200,000,000,000,000 WARNING main_het_teleport_mw_rb_yb_rb_er Starting Mw-to-Er teleportation trial 71 at 4200000000000000.
4,260,000,000,000,000 WARNING main_het_teleport_mw_rb_yb_rb_er Mw-to-Er teleportation trial 71 failed (completed=True, direct match=False, latency=4.2000572495 seconds).
4,260,000,000,000,000 WARNING main_het_teleport_mw_rb_yb_rb_er Starting Mw-to-Er teleportation trial 72 at 4260000000000000.
4,320,000,000,000,000 WARNING main_het_teleport_mw_rb_yb_rb_er Mw-to-Er teleportation trial 72 succeeded (completed=True, direct match=True, latency=5.613473812 seconds).
4,320,000,000,000,000 WARNING main_het_teleport_mw_rb_yb_rb_er Starting Mw-to-Er teleportation trial 73 at 4320000000000000.
4,380,000,000,000,000 WARNING main_het_teleport_mw_rb_yb_rb_er Mw-to-Er teleportation trial 73 succeeded (completed=True, direct match=True, latency=4.226578312 seconds).
4,380,000,000,000,000 WARNING main_het_teleport_mw_rb_yb_rb_er Starting Mw-to-Er teleportation trial 74 at 4380000000000000.
4,440,000,000,000,000 WARNING main_het_teleport_mw_rb_yb_rb_er Mw-to-Er teleportation trial 74 failed (completed=True, direct match=False, latency=2.8006812495 seconds).
4,440,000,000,000,000 WARNING main_het_teleport_mw_rb_yb_rb_er Starting Mw-to-Er teleportation trial 75 at 4440000000000000.
4,500,000,000,000,000 WARNING main_het_teleport_mw_rb_yb_rb_er Mw-to-Er teleportation trial 75 succeeded (completed=True, direct match=True, latency=3.370884062 seconds).
4,500,000,000,000,000 WARNING main_het_teleport_mw_rb_yb_rb_er Starting Mw-to-Er teleportation trial 76 at 4500000000000000.
4,560,000,000,000,000 WARNING main_het_teleport_mw_rb_yb_rb_er Mw-to-Er teleportation trial 76 succeeded (completed=True, direct match=True, latency=7.0237702495 seconds).
4,560,000,000,000,000 WARNING main_het_teleport_mw_rb_yb_rb_er Starting Mw-to-Er teleportation trial 77 at 4560000000000000.
4,620,000,000,000,000 WARNING main_het_teleport_mw_rb_yb_rb_er Mw-to-Er teleportation trial 77 succeeded (completed=True, direct match=True, latency=6.991008937 seconds).
4,620,000,000,000,000 WARNING main_het_teleport_mw_rb_yb_rb_er Starting Mw-to-Er teleportation trial 78 at 4620000000000000.
4,680,000,000,000,000 WARNING main_het_teleport_mw_rb_yb_rb_er Mw-to-Er teleportation trial 78 succeeded (completed=True, direct match=True, latency=2.8443629995 seconds).
4,680,000,000,000,000 WARNING main_het_teleport_mw_rb_yb_rb_er Starting Mw-to-Er teleportation trial 79 at 4680000000000000.
4,740,000,000,000,000 WARNING main_het_teleport_mw_rb_yb_rb_er Mw-to-Er teleportation trial 79 succeeded (completed=True, direct match=True, latency=1.3981851245 seconds).
4,740,000,000,000,000 WARNING main_het_teleport_mw_rb_yb_rb_er Starting Mw-to-Er teleportation trial 80 at 4740000000000000.
4,800,000,000,000,000 WARNING main_het_teleport_mw_rb_yb_rb_er Mw-to-Er teleportation trial 80 succeeded (completed=True, direct match=True, latency=4.8716641245 seconds).
4,800,000,000,000,000 WARNING main_het_teleport_mw_rb_yb_rb_er Starting Mw-to-Er teleportation trial 81 at 4800000000000000.
4,860,000,000,000,000 WARNING main_het_teleport_mw_rb_yb_rb_er Mw-to-Er teleportation trial 81 succeeded (completed=True, direct match=True, latency=7.7390588745 seconds).
4,860,000,000,000,000 WARNING main_het_teleport_mw_rb_yb_rb_er Starting Mw-to-Er teleportation trial 82 at 4860000000000000.
4,920,000,000,000,000 WARNING main_het_teleport_mw_rb_yb_rb_er Mw-to-Er teleportation trial 82 succeeded (completed=True, direct match=True, latency=2.796001062 seconds).
4,920,000,000,000,000 WARNING main_het_teleport_mw_rb_yb_rb_er Starting Mw-to-Er teleportation trial 83 at 4920000000000000.
4,980,000,000,000,000 WARNING main_het_teleport_mw_rb_yb_rb_er Mw-to-Er teleportation trial 83 failed (completed=True, direct match=False, latency=3.5721321245 seconds).
4,980,000,000,000,000 WARNING main_het_teleport_mw_rb_yb_rb_er Starting Mw-to-Er teleportation trial 84 at 4980000000000000.
5,040,000,000,000,000 WARNING main_het_teleport_mw_rb_yb_rb_er Mw-to-Er teleportation trial 84 succeeded (completed=True, direct match=True, latency=2.068231937 seconds).
5,040,000,000,000,000 WARNING main_het_teleport_mw_rb_yb_rb_er Starting Mw-to-Er teleportation trial 85 at 5040000000000000.
5,100,000,000,000,000 WARNING main_het_teleport_mw_rb_yb_rb_er Mw-to-Er teleportation trial 85 succeeded (completed=True, direct match=True, latency=5.5619917495 seconds).
5,100,000,000,000,000 WARNING main_het_teleport_mw_rb_yb_rb_er Starting Mw-to-Er teleportation trial 86 at 5100000000000000.
5,160,000,000,000,000 WARNING main_het_teleport_mw_rb_yb_rb_er Mw-to-Er teleportation trial 86 succeeded (completed=True, direct match=True, latency=8.4262663745 seconds).
5,160,000,000,000,000 WARNING main_het_teleport_mw_rb_yb_rb_er Starting Mw-to-Er teleportation trial 87 at 5160000000000000.
5,220,000,000,000,000 WARNING main_het_teleport_mw_rb_yb_rb_er Mw-to-Er teleportation trial 87 succeeded (completed=True, direct match=True, latency=9.742959062 seconds).
5,220,000,000,000,000 WARNING main_het_teleport_mw_rb_yb_rb_er Starting Mw-to-Er teleportation trial 88 at 5220000000000000.
5,280,000,000,000,000 WARNING main_het_teleport_mw_rb_yb_rb_er Mw-to-Er teleportation trial 88 succeeded (completed=True, direct match=True, latency=4.9247062495 seconds).
5,280,000,000,000,000 WARNING main_het_teleport_mw_rb_yb_rb_er Starting Mw-to-Er teleportation trial 89 at 5280000000000000.
5,340,000,000,000,000 WARNING main_het_teleport_mw_rb_yb_rb_er Mw-to-Er teleportation trial 89 succeeded (completed=True, direct match=True, latency=3.5097296245 seconds).
5,340,000,000,000,000 WARNING main_het_teleport_mw_rb_yb_rb_er Starting Mw-to-Er teleportation trial 90 at 5340000000000000.
5,400,000,000,000,000 WARNING main_het_teleport_mw_rb_yb_rb_er Mw-to-Er teleportation trial 90 failed (completed=True, direct match=False, latency=1.371664062 seconds).
5,400,000,000,000,000 WARNING main_het_teleport_mw_rb_yb_rb_er Starting Mw-to-Er teleportation trial 91 at 5400000000000000.
5,460,000,000,000,000 WARNING main_het_teleport_mw_rb_yb_rb_er Mw-to-Er teleportation trial 91 failed (completed=True, direct match=False, latency=4.2250182495 seconds).
5,460,000,000,000,000 WARNING main_het_teleport_mw_rb_yb_rb_er Starting Mw-to-Er teleportation trial 92 at 5460000000000000.
5,520,000,000,000,000 WARNING main_het_teleport_mw_rb_yb_rb_er Mw-to-Er teleportation trial 92 succeeded (completed=True, direct match=True, latency=4.214097812 seconds).
5,520,000,000,000,000 WARNING main_het_teleport_mw_rb_yb_rb_er Starting Mw-to-Er teleportation trial 93 at 5520000000000000.
5,580,000,000,000,000 WARNING main_het_teleport_mw_rb_yb_rb_er Mw-to-Er teleportation trial 93 succeeded (completed=True, direct match=True, latency=2.8256422495 seconds).
5,580,000,000,000,000 WARNING main_het_teleport_mw_rb_yb_rb_er Starting Mw-to-Er teleportation trial 94 at 5580000000000000.
5,640,000,000,000,000 WARNING main_het_teleport_mw_rb_yb_rb_er Mw-to-Er teleportation trial 94 succeeded (completed=True, direct match=True, latency=2.1571554995 seconds).
5,640,000,000,000,000 WARNING main_het_teleport_mw_rb_yb_rb_er Starting Mw-to-Er teleportation trial 95 at 5640000000000000.
5,700,000,000,000,000 WARNING main_het_teleport_mw_rb_yb_rb_er Mw-to-Er teleportation trial 95 succeeded (completed=True, direct match=True, latency=10.4223662495 seconds).
5,700,000,000,000,000 WARNING main_het_teleport_mw_rb_yb_rb_er Starting Mw-to-Er teleportation trial 96 at 5700000000000000.
5,760,000,000,000,000 WARNING main_het_teleport_mw_rb_yb_rb_er Mw-to-Er teleportation trial 96 succeeded (completed=True, direct match=True, latency=2.1384347495 seconds).
5,760,000,000,000,000 WARNING main_het_teleport_mw_rb_yb_rb_er Starting Mw-to-Er teleportation trial 97 at 5760000000000000.
5,820,000,000,000,000 WARNING main_het_teleport_mw_rb_yb_rb_er Mw-to-Er teleportation trial 97 failed (completed=True, direct match=False, latency=7.6953771245 seconds).
5,820,000,000,000,000 WARNING main_het_teleport_mw_rb_yb_rb_er Starting Mw-to-Er teleportation trial 98 at 5820000000000000.
5,880,000,000,000,000 WARNING main_het_teleport_mw_rb_yb_rb_er Mw-to-Er teleportation trial 98 succeeded (completed=True, direct match=True, latency=0.028450312 seconds).
5,880,000,000,000,000 WARNING main_het_teleport_mw_rb_yb_rb_er Starting Mw-to-Er teleportation trial 99 at 5880000000000000.
5,940,000,000,000,000 WARNING main_het_teleport_mw_rb_yb_rb_er Mw-to-Er teleportation trial 99 succeeded (completed=True, direct match=True, latency=2.063673887 seconds).
5,940,000,000,000,000 WARNING main_het_teleport_mw_rb_yb_rb_er Starting Mw-to-Er teleportation trial 100 at 5940000000000000.
6,000,000,000,000,000 WARNING main_het_teleport_mw_rb_yb_rb_er Mw-to-Er teleportation trial 100 succeeded (completed=True, direct match=True, latency=4.9278263745 seconds).
6,000,000,000,000,000 WARNING main_het_teleport_mw_rb_yb_rb_er Starting Mw-to-Er teleportation trial 101 at 6000000000000000.
6,060,000,000,000,000 WARNING main_het_teleport_mw_rb_yb_rb_er Mw-to-Er teleportation trial 101 succeeded (completed=True, direct match=True, latency=4.8966251245 seconds).
6,060,000,000,000,000 WARNING main_het_teleport_mw_rb_yb_rb_er Starting Mw-to-Er teleportation trial 102 at 6060000000000000.
6,120,000,000,000,000 WARNING main_het_teleport_mw_rb_yb_rb_er Mw-to-Er teleportation trial 102 succeeded (completed=True, direct match=True, latency=7.0081696245 seconds).
6,120,000,000,000,000 WARNING main_het_teleport_mw_rb_yb_rb_er Starting Mw-to-Er teleportation trial 103 at 6120000000000000.
6,180,000,000,000,000 WARNING main_het_teleport_mw_rb_yb_rb_er Mw-to-Er teleportation trial 103 succeeded (completed=True, direct match=True, latency=3.4878887495 seconds).
6,180,000,000,000,000 WARNING main_het_teleport_mw_rb_yb_rb_er Starting Mw-to-Er teleportation trial 104 at 6180000000000000.
6,240,000,000,000,000 WARNING main_het_teleport_mw_rb_yb_rb_er Mw-to-Er teleportation trial 104 succeeded (completed=True, direct match=True, latency=2.096313062 seconds).
6,240,000,000,000,000 WARNING main_het_teleport_mw_rb_yb_rb_er Starting Mw-to-Er teleportation trial 105 at 6240000000000000.
6,300,000,000,000,000 WARNING main_het_teleport_mw_rb_yb_rb_er Mw-to-Er teleportation trial 105 succeeded (completed=True, direct match=True, latency=0.790540812 seconds).
6,300,000,000,000,000 WARNING main_het_teleport_mw_rb_yb_rb_er Starting Mw-to-Er teleportation trial 106 at 6300000000000000.
6,360,000,000,000,000 WARNING main_het_teleport_mw_rb_yb_rb_er Mw-to-Er teleportation trial 106 succeeded (completed=True, direct match=True, latency=3.6599690245 seconds).
6,360,000,000,000,000 WARNING main_het_teleport_mw_rb_yb_rb_er Starting Mw-to-Er teleportation trial 107 at 6360000000000000.
6,420,000,000,000,000 WARNING main_het_teleport_mw_rb_yb_rb_er Mw-to-Er teleportation trial 107 succeeded (completed=True, direct match=True, latency=9.130634562 seconds).
6,420,000,000,000,000 WARNING main_het_teleport_mw_rb_yb_rb_er Starting Mw-to-Er teleportation trial 108 at 6420000000000000.
6,480,000,000,000,000 WARNING main_het_teleport_mw_rb_yb_rb_er Mw-to-Er teleportation trial 108 failed (completed=True, direct match=False, latency=19.613474062 seconds).
6,480,000,000,000,000 WARNING main_het_teleport_mw_rb_yb_rb_er Starting Mw-to-Er teleportation trial 109 at 6480000000000000.
6,540,000,000,000,000 WARNING main_het_teleport_mw_rb_yb_rb_er Mw-to-Er teleportation trial 109 succeeded (completed=True, direct match=True, latency=3.4660478745 seconds).
6,540,000,000,000,000 WARNING main_het_teleport_mw_rb_yb_rb_er Starting Mw-to-Er teleportation trial 110 at 6540000000000000.
6,600,000,000,000,000 WARNING main_het_teleport_mw_rb_yb_rb_er Mw-to-Er teleportation trial 110 succeeded (completed=True, direct match=True, latency=2.796001062 seconds).
6,600,000,000,000,000 WARNING main_het_teleport_mw_rb_yb_rb_er Starting Mw-to-Er teleportation trial 111 at 6600000000000000.
6,660,000,000,000,000 WARNING main_het_teleport_mw_rb_yb_rb_er Mw-to-Er teleportation trial 111 succeeded (completed=True, direct match=True, latency=3.4629277495 seconds).
6,660,000,000,000,000 WARNING main_het_teleport_mw_rb_yb_rb_er Starting Mw-to-Er teleportation trial 112 at 6660000000000000.
6,720,000,000,000,000 WARNING main_het_teleport_mw_rb_yb_rb_er Mw-to-Er teleportation trial 112 succeeded (completed=True, direct match=True, latency=5.610353687 seconds).
6,720,000,000,000,000 WARNING main_het_teleport_mw_rb_yb_rb_er Starting Mw-to-Er teleportation trial 113 at 6720000000000000.
6,780,000,000,000,000 WARNING main_het_teleport_mw_rb_yb_rb_er Mw-to-Er teleportation trial 113 succeeded (completed=True, direct match=True, latency=7.012849812 seconds).
6,780,000,000,000,000 WARNING main_het_teleport_mw_rb_yb_rb_er Starting Mw-to-Er teleportation trial 114 at 6780000000000000.
6,840,000,000,000,000 WARNING main_het_teleport_mw_rb_yb_rb_er Mw-to-Er teleportation trial 114 succeeded (completed=True, direct match=True, latency=7.0081696245 seconds).
6,840,000,000,000,000 WARNING main_het_teleport_mw_rb_yb_rb_er Starting Mw-to-Er teleportation trial 115 at 6840000000000000.
6,900,000,000,000,000 WARNING main_het_teleport_mw_rb_yb_rb_er Mw-to-Er teleportation trial 115 failed (completed=True, direct match=False, latency=4.9091056245 seconds).
6,900,000,000,000,000 WARNING main_het_teleport_mw_rb_yb_rb_er Starting Mw-to-Er teleportation trial 116 at 6900000000000000.
6,960,000,000,000,000 WARNING main_het_teleport_mw_rb_yb_rb_er Mw-to-Er teleportation trial 116 failed (completed=True, direct match=False, latency=2.1665158745 seconds).
6,960,000,000,000,000 WARNING main_het_teleport_mw_rb_yb_rb_er Starting Mw-to-Er teleportation trial 117 at 6960000000000000.
7,020,000,000,000,000 WARNING main_het_teleport_mw_rb_yb_rb_er Mw-to-Er teleportation trial 117 failed (completed=True, direct match=False, latency=9.068232062 seconds).
7,020,000,000,000,000 WARNING main_het_teleport_mw_rb_yb_rb_er Starting Mw-to-Er teleportation trial 118 at 7020000000000000.
7,080,000,000,000,000 WARNING main_het_teleport_mw_rb_yb_rb_er Mw-to-Er teleportation trial 118 failed (completed=True, direct match=False, latency=2.808481562 seconds).
7,080,000,000,000,000 WARNING main_het_teleport_mw_rb_yb_rb_er Starting Mw-to-Er teleportation trial 119 at 7080000000000000.
7,140,000,000,000,000 WARNING main_het_teleport_mw_rb_yb_rb_er Mw-to-Er teleportation trial 119 succeeded (completed=True, direct match=True, latency=1.430946437 seconds).
7,140,000,000,000,000 WARNING main_het_teleport_mw_rb_yb_rb_er Starting Mw-to-Er teleportation trial 120 at 7140000000000000.
7,200,000,000,000,000 WARNING main_het_teleport_mw_rb_yb_rb_er Mw-to-Er teleportation trial 120 succeeded (completed=True, direct match=True, latency=11.198497312 seconds).
7,200,000,000,000,000 WARNING main_het_teleport_mw_rb_yb_rb_er Starting Mw-to-Er teleportation trial 121 at 7200000000000000.
7,260,000,000,000,000 WARNING main_het_teleport_mw_rb_yb_rb_er Mw-to-Er teleportation trial 121 failed (completed=True, direct match=False, latency=5.582272562 seconds).
7,260,000,000,000,000 WARNING main_het_teleport_mw_rb_yb_rb_er Starting Mw-to-Er teleportation trial 122 at 7260000000000000.
7,320,000,000,000,000 WARNING main_het_teleport_mw_rb_yb_rb_er Mw-to-Er teleportation trial 122 succeeded (completed=True, direct match=True, latency=3.5034893745 seconds).
7,320,000,000,000,000 WARNING main_het_teleport_mw_rb_yb_rb_er Starting Mw-to-Er teleportation trial 123 at 7320000000000000.
7,380,000,000,000,000 WARNING main_het_teleport_mw_rb_yb_rb_er Mw-to-Er teleportation trial 123 failed (completed=True, direct match=False, latency=5.6119137495 seconds).
7,380,000,000,000,000 WARNING main_het_teleport_mw_rb_yb_rb_er Starting Mw-to-Er teleportation trial 124 at 7380000000000000.
7,440,000,000,000,000 WARNING main_het_teleport_mw_rb_yb_rb_er Mw-to-Er teleportation trial 124 failed (completed=True, direct match=False, latency=2.8849246245 seconds).
7,440,000,000,000,000 WARNING main_het_teleport_mw_rb_yb_rb_er Starting Mw-to-Er teleportation trial 125 at 7440000000000000.
7,500,000,000,000,000 WARNING main_het_teleport_mw_rb_yb_rb_er Mw-to-Er teleportation trial 125 succeeded (completed=True, direct match=True, latency=2.0947529995 seconds).
7,500,000,000,000,000 WARNING main_het_teleport_mw_rb_yb_rb_er Starting Mw-to-Er teleportation trial 126 at 7500000000000000.
7,560,000,000,000,000 WARNING main_het_teleport_mw_rb_yb_rb_er Mw-to-Er teleportation trial 126 failed (completed=True, direct match=False, latency=1.3919448745 seconds).
7,560,000,000,000,000 WARNING main_het_teleport_mw_rb_yb_rb_er Starting Mw-to-Er teleportation trial 127 at 7560000000000000.
7,620,000,000,000,000 WARNING main_het_teleport_mw_rb_yb_rb_er Mw-to-Er teleportation trial 127 succeeded (completed=True, direct match=True, latency=1.434066562 seconds).
7,620,000,000,000,000 WARNING main_het_teleport_mw_rb_yb_rb_er Starting Mw-to-Er teleportation trial 128 at 7620000000000000.
7,680,000,000,000,000 WARNING main_het_teleport_mw_rb_yb_rb_er Mw-to-Er teleportation trial 128 succeeded (completed=True, direct match=True, latency=0.733479837 seconds).
7,680,000,000,000,000 WARNING main_het_teleport_mw_rb_yb_rb_er Starting Mw-to-Er teleportation trial 129 at 7680000000000000.
7,740,000,000,000,000 WARNING main_het_teleport_mw_rb_yb_rb_er Mw-to-Er teleportation trial 129 succeeded (completed=True, direct match=True, latency=2.774160187 seconds).
7,740,000,000,000,000 WARNING main_het_teleport_mw_rb_yb_rb_er Starting Mw-to-Er teleportation trial 130 at 7740000000000000.
7,800,000,000,000,000 WARNING main_het_teleport_mw_rb_yb_rb_er Mw-to-Er teleportation trial 130 succeeded (completed=True, direct match=True, latency=3.455127437 seconds).
7,800,000,000,000,000 WARNING main_het_teleport_mw_rb_yb_rb_er Starting Mw-to-Er teleportation trial 131 at 7800000000000000.
7,860,000,000,000,000 WARNING main_het_teleport_mw_rb_yb_rb_er Mw-to-Er teleportation trial 131 succeeded (completed=True, direct match=True, latency=3.530010437 seconds).
7,860,000,000,000,000 WARNING main_het_teleport_mw_rb_yb_rb_er Starting Mw-to-Er teleportation trial 132 at 7860000000000000.
7,920,000,000,000,000 WARNING main_het_teleport_mw_rb_yb_rb_er Mw-to-Er teleportation trial 132 succeeded (completed=True, direct match=True, latency=2.2717827495 seconds).
7,920,000,000,000,000 WARNING main_het_teleport_mw_rb_yb_rb_er Starting Mw-to-Er teleportation trial 133 at 7920000000000000.
7,980,000,000,000,000 WARNING main_het_teleport_mw_rb_yb_rb_er Mw-to-Er teleportation trial 133 succeeded (completed=True, direct match=True, latency=8.409105687 seconds).
7,980,000,000,000,000 WARNING main_het_teleport_mw_rb_yb_rb_er Starting Mw-to-Er teleportation trial 134 at 7980000000000000.
8,040,000,000,000,000 WARNING main_het_teleport_mw_rb_yb_rb_er Mw-to-Er teleportation trial 134 succeeded (completed=True, direct match=True, latency=5.6025533745 seconds).
8,040,000,000,000,000 WARNING main_het_teleport_mw_rb_yb_rb_er Starting Mw-to-Er teleportation trial 135 at 8040000000000000.
8,100,000,000,000,000 WARNING main_het_teleport_mw_rb_yb_rb_er Mw-to-Er teleportation trial 135 failed (completed=True, direct match=False, latency=3.542490937 seconds).
8,100,000,000,000,000 WARNING main_het_teleport_mw_rb_yb_rb_er Starting Mw-to-Er teleportation trial 136 at 8100000000000000.
8,160,000,000,000,000 WARNING main_het_teleport_mw_rb_yb_rb_er Mw-to-Er teleportation trial 136 failed (completed=True, direct match=False, latency=1.574276812 seconds).
8,160,000,000,000,000 WARNING main_het_teleport_mw_rb_yb_rb_er Starting Mw-to-Er teleportation trial 137 at 8160000000000000.
8,220,000,000,000,000 WARNING main_het_teleport_mw_rb_yb_rb_er Mw-to-Er teleportation trial 137 failed (completed=True, direct match=False, latency=1.4782059245 seconds).
8,220,000,000,000,000 WARNING main_het_teleport_mw_rb_yb_rb_er Starting Mw-to-Er teleportation trial 138 at 8220000000000000.
8,280,000,000,000,000 WARNING main_het_teleport_mw_rb_yb_rb_er Mw-to-Er teleportation trial 138 succeeded (completed=True, direct match=True, latency=12.538590937 seconds).
8,280,000,000,000,000 WARNING main_het_teleport_mw_rb_yb_rb_er Starting Mw-to-Er teleportation trial 139 at 8280000000000000.
8,340,000,000,000,000 WARNING main_het_teleport_mw_rb_yb_rb_er Mw-to-Er teleportation trial 139 succeeded (completed=True, direct match=True, latency=6.3209621245 seconds).
8,340,000,000,000,000 WARNING main_het_teleport_mw_rb_yb_rb_er Starting Mw-to-Er teleportation trial 140 at 8340000000000000.
8,400,000,000,000,000 WARNING main_het_teleport_mw_rb_yb_rb_er Mw-to-Er teleportation trial 140 failed (completed=True, direct match=False, latency=2.836562687 seconds).
8,400,000,000,000,000 WARNING main_het_teleport_mw_rb_yb_rb_er Starting Mw-to-Er teleportation trial 141 at 8400000000000000.
8,460,000,000,000,000 WARNING main_het_teleport_mw_rb_yb_rb_er Mw-to-Er teleportation trial 141 succeeded (completed=True, direct match=True, latency=13.975408437 seconds).
8,460,000,000,000,000 WARNING main_het_teleport_mw_rb_yb_rb_er Starting Mw-to-Er teleportation trial 142 at 8460000000000000.
8,520,000,000,000,000 WARNING main_het_teleport_mw_rb_yb_rb_er Mw-to-Er teleportation trial 142 failed (completed=True, direct match=False, latency=7.0237702495 seconds).
8,520,000,000,000,000 WARNING main_het_teleport_mw_rb_yb_rb_er Starting Mw-to-Er teleportation trial 143 at 8520000000000000.
8,580,000,000,000,000 WARNING main_het_teleport_mw_rb_yb_rb_er Mw-to-Er teleportation trial 143 succeeded (completed=True, direct match=True, latency=2.183346437 seconds).
8,580,000,000,000,000 WARNING main_het_teleport_mw_rb_yb_rb_er Starting Mw-to-Er teleportation trial 144 at 8580000000000000.
8,640,000,000,000,000 WARNING main_het_teleport_mw_rb_yb_rb_er Mw-to-Er teleportation trial 144 succeeded (completed=True, direct match=True, latency=2.761679687 seconds).
8,640,000,000,000,000 WARNING main_het_teleport_mw_rb_yb_rb_er Starting Mw-to-Er teleportation trial 145 at 8640000000000000.
8,700,000,000,000,000 WARNING main_het_teleport_mw_rb_yb_rb_er Mw-to-Er teleportation trial 145 succeeded (completed=True, direct match=True, latency=4.910665687 seconds).
8,700,000,000,000,000 WARNING main_het_teleport_mw_rb_yb_rb_er Starting Mw-to-Er teleportation trial 146 at 8700000000000000.
8,760,000,000,000,000 WARNING main_het_teleport_mw_rb_yb_rb_er Mw-to-Er teleportation trial 146 succeeded (completed=True, direct match=True, latency=2.817841937 seconds).
8,760,000,000,000,000 WARNING main_het_teleport_mw_rb_yb_rb_er Starting Mw-to-Er teleportation trial 147 at 8760000000000000.
8,820,000,000,000,000 WARNING main_het_teleport_mw_rb_yb_rb_er Mw-to-Er teleportation trial 147 failed (completed=True, direct match=False, latency=9.1134738745 seconds).
8,820,000,000,000,000 WARNING main_het_teleport_mw_rb_yb_rb_er Starting Mw-to-Er teleportation trial 148 at 8820000000000000.
8,880,000,000,000,000 WARNING main_het_teleport_mw_rb_yb_rb_er Mw-to-Er teleportation trial 148 succeeded (completed=True, direct match=True, latency=4.2843006245 seconds).
8,880,000,000,000,000 WARNING main_het_teleport_mw_rb_yb_rb_er Starting Mw-to-Er teleportation trial 149 at 8880000000000000.
8,940,000,000,000,000 WARNING main_het_teleport_mw_rb_yb_rb_er Mw-to-Er teleportation trial 149 succeeded (completed=True, direct match=True, latency=2.2118565745 seconds).
8,940,000,000,000,000 WARNING main_het_teleport_mw_rb_yb_rb_er Starting Mw-to-Er teleportation trial 150 at 8940000000000000.
9,000,000,000,000,000 WARNING main_het_teleport_mw_rb_yb_rb_er Mw-to-Er teleportation trial 150 succeeded (completed=True, direct match=True, latency=10.4660479995 seconds).
9,000,000,000,000,000 WARNING main_het_teleport_mw_rb_yb_rb_er Starting Mw-to-Er teleportation trial 151 at 9000000000000000.
9,060,000,000,000,000 WARNING main_het_teleport_mw_rb_yb_rb_er Mw-to-Er teleportation trial 151 succeeded (completed=True, direct match=True, latency=2.7788403745 seconds).
9,060,000,000,000,000 WARNING main_het_teleport_mw_rb_yb_rb_er Starting Mw-to-Er teleportation trial 152 at 9060000000000000.
9,120,000,000,000,000 WARNING main_het_teleport_mw_rb_yb_rb_er Mw-to-Er teleportation trial 152 succeeded (completed=True, direct match=True, latency=3.5253302495 seconds).
9,120,000,000,000,000 WARNING main_het_teleport_mw_rb_yb_rb_er Starting Mw-to-Er teleportation trial 153 at 9120000000000000.
9,180,000,000,000,000 WARNING main_het_teleport_mw_rb_yb_rb_er Mw-to-Er teleportation trial 153 failed (completed=True, direct match=False, latency=3.520650062 seconds).
9,180,000,000,000,000 WARNING main_het_teleport_mw_rb_yb_rb_er Starting Mw-to-Er teleportation trial 154 at 9180000000000000.
9,240,000,000,000,000 WARNING main_het_teleport_mw_rb_yb_rb_er Mw-to-Er teleportation trial 154 failed (completed=True, direct match=False, latency=5.731031312 seconds).
9,240,000,000,000,000 WARNING main_het_teleport_mw_rb_yb_rb_er Starting Mw-to-Er teleportation trial 155 at 9240000000000000.
9,300,000,000,000,000 WARNING main_het_teleport_mw_rb_yb_rb_er Mw-to-Er teleportation trial 155 succeeded (completed=True, direct match=True, latency=4.920026062 seconds).
9,300,000,000,000,000 WARNING main_het_teleport_mw_rb_yb_rb_er Starting Mw-to-Er teleportation trial 156 at 9300000000000000.
9,360,000,000,000,000 WARNING main_het_teleport_mw_rb_yb_rb_er Mw-to-Er teleportation trial 156 failed (completed=True, direct match=False, latency=4.220338062 seconds).
9,360,000,000,000,000 WARNING main_het_teleport_mw_rb_yb_rb_er Starting Mw-to-Er teleportation trial 157 at 9360000000000000.
9,420,000,000,000,000 WARNING main_het_teleport_mw_rb_yb_rb_er Mw-to-Er teleportation trial 157 succeeded (completed=True, direct match=True, latency=11.870104187 seconds).
9,420,000,000,000,000 WARNING main_het_teleport_mw_rb_yb_rb_er Starting Mw-to-Er teleportation trial 158 at 9420000000000000.
9,480,000,000,000,000 WARNING main_het_teleport_mw_rb_yb_rb_er Mw-to-Er teleportation trial 158 failed (completed=True, direct match=False, latency=1.4423232995 seconds).
9,480,000,000,000,000 WARNING main_het_teleport_mw_rb_yb_rb_er Starting Mw-to-Er teleportation trial 159 at 9480000000000000.
9,540,000,000,000,000 WARNING main_het_teleport_mw_rb_yb_rb_er Mw-to-Er teleportation trial 159 succeeded (completed=True, direct match=True, latency=6.3209621245 seconds).
9,540,000,000,000,000 WARNING main_het_teleport_mw_rb_yb_rb_er Starting Mw-to-Er teleportation trial 160 at 9540000000000000.
9,600,000,000,000,000 WARNING main_het_teleport_mw_rb_yb_rb_er Mw-to-Er teleportation trial 160 succeeded (completed=True, direct match=True, latency=3.470728062 seconds).
9,600,000,000,000,000 WARNING main_het_teleport_mw_rb_yb_rb_er Starting Mw-to-Er teleportation trial 161 at 9600000000000000.
9,660,000,000,000,000 WARNING main_het_teleport_mw_rb_yb_rb_er Mw-to-Er teleportation trial 161 succeeded (completed=True, direct match=True, latency=7.7640198745 seconds).
9,660,000,000,000,000 WARNING main_het_teleport_mw_rb_yb_rb_er Starting Mw-to-Er teleportation trial 162 at 9660000000000000.
9,720,000,000,000,000 WARNING main_het_teleport_mw_rb_yb_rb_er Mw-to-Er teleportation trial 162 succeeded (completed=True, direct match=True, latency=1.4044253745 seconds).
9,720,000,000,000,000 WARNING main_het_teleport_mw_rb_yb_rb_er Starting Mw-to-Er teleportation trial 163 at 9720000000000000.
9,780,000,000,000,000 WARNING main_het_teleport_mw_rb_yb_rb_er Mw-to-Er teleportation trial 163 succeeded (completed=True, direct match=True, latency=3.4691679995 seconds).
9,780,000,000,000,000 WARNING main_het_teleport_mw_rb_yb_rb_er Starting Mw-to-Er teleportation trial 164 at 9780000000000000.
9,840,000,000,000,000 WARNING main_het_teleport_mw_rb_yb_rb_er Mw-to-Er teleportation trial 164 succeeded (completed=True, direct match=True, latency=5.6150338745 seconds).
9,840,000,000,000,000 WARNING main_het_teleport_mw_rb_yb_rb_er Starting Mw-to-Er teleportation trial 165 at 9840000000000000.
9,900,000,000,000,000 WARNING main_het_teleport_mw_rb_yb_rb_er Mw-to-Er teleportation trial 165 succeeded (completed=True, direct match=True, latency=3.5190899995 seconds).
9,900,000,000,000,000 WARNING main_het_teleport_mw_rb_yb_rb_er Starting Mw-to-Er teleportation trial 166 at 9900000000000000.
9,960,000,000,000,000 WARNING main_het_teleport_mw_rb_yb_rb_er Mw-to-Er teleportation trial 166 succeeded (completed=True, direct match=True, latency=7.703177437 seconds).
9,960,000,000,000,000 WARNING main_het_teleport_mw_rb_yb_rb_er Starting Mw-to-Er teleportation trial 167 at 9960000000000000.
10,020,000,000,000,000 WARNING main_het_teleport_mw_rb_yb_rb_er Mw-to-Er teleportation trial 167 succeeded (completed=True, direct match=True, latency=5.5432709995 seconds).
10,020,000,000,000,000 WARNING main_het_teleport_mw_rb_yb_rb_er Starting Mw-to-Er teleportation trial 168 at 10020000000000000.
10,080,000,000,000,000 WARNING main_het_teleport_mw_rb_yb_rb_er Mw-to-Er teleportation trial 168 succeeded (completed=True, direct match=True, latency=9.1165939995 seconds).
10,080,000,000,000,000 WARNING main_het_teleport_mw_rb_yb_rb_er Starting Mw-to-Er teleportation trial 169 at 10080000000000000.
10,140,000,000,000,000 WARNING main_het_teleport_mw_rb_yb_rb_er Mw-to-Er teleportation trial 169 succeeded (completed=True, direct match=True, latency=7.009729687 seconds).
10,140,000,000,000,000 WARNING main_het_teleport_mw_rb_yb_rb_er Starting Mw-to-Er teleportation trial 170 at 10140000000000000.
10,200,000,000,000,000 WARNING main_het_teleport_mw_rb_yb_rb_er Mw-to-Er teleportation trial 170 failed (completed=True, direct match=False, latency=2.099433187 seconds).
10,200,000,000,000,000 WARNING main_het_teleport_mw_rb_yb_rb_er Starting Mw-to-Er teleportation trial 171 at 10200000000000000.
10,260,000,000,000,000 WARNING main_het_teleport_mw_rb_yb_rb_er Mw-to-Er teleportation trial 171 succeeded (completed=True, direct match=True, latency=6.9800884995 seconds).
10,260,000,000,000,000 WARNING main_het_teleport_mw_rb_yb_rb_er Starting Mw-to-Er teleportation trial 172 at 10260000000000000.
10,320,000,000,000,000 WARNING main_het_teleport_mw_rb_yb_rb_er Mw-to-Er teleportation trial 172 succeeded (completed=True, direct match=True, latency=7.7515393745 seconds).
10,320,000,000,000,000 WARNING main_het_teleport_mw_rb_yb_rb_er Starting Mw-to-Er teleportation trial 173 at 10320000000000000.
10,380,000,000,000,000 WARNING main_het_teleport_mw_rb_yb_rb_er Mw-to-Er teleportation trial 173 succeeded (completed=True, direct match=True, latency=4.969948062 seconds).
10,380,000,000,000,000 WARNING main_het_teleport_mw_rb_yb_rb_er Starting Mw-to-Er teleportation trial 174 at 10380000000000000.
10,440,000,000,000,000 WARNING main_het_teleport_mw_rb_yb_rb_er Mw-to-Er teleportation trial 174 succeeded (completed=True, direct match=True, latency=2.130634437 seconds).
10,440,000,000,000,000 WARNING main_het_teleport_mw_rb_yb_rb_er Starting Mw-to-Er teleportation trial 175 at 10440000000000000.
10,500,000,000,000,000 WARNING main_het_teleport_mw_rb_yb_rb_er Mw-to-Er teleportation trial 175 failed (completed=True, direct match=False, latency=5.625954312 seconds).
10,500,000,000,000,000 WARNING main_het_teleport_mw_rb_yb_rb_er Starting Mw-to-Er teleportation trial 176 at 10500000000000000.
10,560,000,000,000,000 WARNING main_het_teleport_mw_rb_yb_rb_er Mw-to-Er teleportation trial 176 failed (completed=True, direct match=False, latency=5.6150338745 seconds).
10,560,000,000,000,000 WARNING main_het_teleport_mw_rb_yb_rb_er Starting Mw-to-Er teleportation trial 177 at 10560000000000000.
10,620,000,000,000,000 WARNING main_het_teleport_mw_rb_yb_rb_er Mw-to-Er teleportation trial 177 succeeded (completed=True, direct match=True, latency=2.1072334995 seconds).
10,620,000,000,000,000 WARNING main_het_teleport_mw_rb_yb_rb_er Starting Mw-to-Er teleportation trial 178 at 10620000000000000.
10,680,000,000,000,000 WARNING main_het_teleport_mw_rb_yb_rb_er Mw-to-Er teleportation trial 178 succeeded (completed=True, direct match=True, latency=2.1540353745 seconds).
10,680,000,000,000,000 WARNING main_het_teleport_mw_rb_yb_rb_er Starting Mw-to-Er teleportation trial 179 at 10680000000000000.
10,740,000,000,000,000 WARNING main_het_teleport_mw_rb_yb_rb_er Mw-to-Er teleportation trial 179 succeeded (completed=True, direct match=True, latency=4.195377062 seconds).
10,740,000,000,000,000 WARNING main_het_teleport_mw_rb_yb_rb_er Starting Mw-to-Er teleportation trial 180 at 10740000000000000.
10,800,000,000,000,000 WARNING main_het_teleport_mw_rb_yb_rb_er Mw-to-Er teleportation trial 180 succeeded (completed=True, direct match=True, latency=11.210977812 seconds).
10,800,000,000,000,000 WARNING main_het_teleport_mw_rb_yb_rb_er Starting Mw-to-Er teleportation trial 181 at 10800000000000000.
10,860,000,000,000,000 WARNING main_het_teleport_mw_rb_yb_rb_er Mw-to-Er teleportation trial 181 succeeded (completed=True, direct match=True, latency=2.771040062 seconds).
10,860,000,000,000,000 WARNING main_het_teleport_mw_rb_yb_rb_er Starting Mw-to-Er teleportation trial 182 at 10860000000000000.
10,920,000,000,000,000 WARNING main_het_teleport_mw_rb_yb_rb_er Mw-to-Er teleportation trial 182 succeeded (completed=True, direct match=True, latency=11.923146312 seconds).
10,920,000,000,000,000 WARNING main_het_teleport_mw_rb_yb_rb_er Starting Mw-to-Er teleportation trial 183 at 10920000000000000.
10,980,000,000,000,000 WARNING main_het_teleport_mw_rb_yb_rb_er Mw-to-Er teleportation trial 183 failed (completed=True, direct match=False, latency=2.7944409995 seconds).
10,980,000,000,000,000 WARNING main_het_teleport_mw_rb_yb_rb_er Starting Mw-to-Er teleportation trial 184 at 10980000000000000.
11,040,000,000,000,000 WARNING main_het_teleport_mw_rb_yb_rb_er Mw-to-Er teleportation trial 184 succeeded (completed=True, direct match=True, latency=1.4618208245 seconds).
11,040,000,000,000,000 WARNING main_het_teleport_mw_rb_yb_rb_er Starting Mw-to-Er teleportation trial 185 at 11040000000000000.
11,100,000,000,000,000 WARNING main_het_teleport_mw_rb_yb_rb_er Mw-to-Er teleportation trial 185 succeeded (completed=True, direct match=True, latency=3.5778519745 seconds).
11,100,000,000,000,000 WARNING main_het_teleport_mw_rb_yb_rb_er Starting Mw-to-Er teleportation trial 186 at 11100000000000000.
11,160,000,000,000,000 WARNING main_het_teleport_mw_rb_yb_rb_er Mw-to-Er teleportation trial 186 succeeded (completed=True, direct match=True, latency=10.452007437 seconds).
11,160,000,000,000,000 WARNING main_het_teleport_mw_rb_yb_rb_er Starting Mw-to-Er teleportation trial 187 at 11160000000000000.
11,220,000,000,000,000 WARNING main_het_teleport_mw_rb_yb_rb_er Mw-to-Er teleportation trial 187 failed (completed=True, direct match=False, latency=6.300681312 seconds).
11,220,000,000,000,000 WARNING main_het_teleport_mw_rb_yb_rb_er Starting Mw-to-Er teleportation trial 188 at 11220000000000000.
11,280,000,000,000,000 WARNING main_het_teleport_mw_rb_yb_rb_er Mw-to-Er teleportation trial 188 succeeded (completed=True, direct match=True, latency=2.118153937 seconds).
11,280,000,000,000,000 WARNING main_het_teleport_mw_rb_yb_rb_er Starting Mw-to-Er teleportation trial 189 at 11280000000000000.
11,340,000,000,000,000 WARNING main_het_teleport_mw_rb_yb_rb_er Mw-to-Er teleportation trial 189 succeeded (completed=True, direct match=True, latency=4.229698437 seconds).
11,340,000,000,000,000 WARNING main_het_teleport_mw_rb_yb_rb_er Starting Mw-to-Er teleportation trial 190 at 11340000000000000.
11,400,000,000,000,000 WARNING main_het_teleport_mw_rb_yb_rb_er Mw-to-Er teleportation trial 190 succeeded (completed=True, direct match=True, latency=1.424706187 seconds).
11,400,000,000,000,000 WARNING main_het_teleport_mw_rb_yb_rb_er Starting Mw-to-Er teleportation trial 191 at 11400000000000000.
11,460,000,000,000,000 WARNING main_het_teleport_mw_rb_yb_rb_er Mw-to-Er teleportation trial 191 succeeded (completed=True, direct match=True, latency=4.882584562 seconds).
11,460,000,000,000,000 WARNING main_het_teleport_mw_rb_yb_rb_er Starting Mw-to-Er teleportation trial 192 at 11460000000000000.
11,520,000,000,000,000 WARNING main_het_teleport_mw_rb_yb_rb_er Mw-to-Er teleportation trial 192 succeeded (completed=True, direct match=True, latency=2.820962062 seconds).
11,520,000,000,000,000 WARNING main_het_teleport_mw_rb_yb_rb_er Starting Mw-to-Er teleportation trial 193 at 11520000000000000.
11,580,000,000,000,000 WARNING main_het_teleport_mw_rb_yb_rb_er Mw-to-Er teleportation trial 193 succeeded (completed=True, direct match=True, latency=7.7265783745 seconds).
11,580,000,000,000,000 WARNING main_het_teleport_mw_rb_yb_rb_er Starting Mw-to-Er teleportation trial 194 at 11580000000000000.
11,640,000,000,000,000 WARNING main_het_teleport_mw_rb_yb_rb_er Mw-to-Er teleportation trial 194 succeeded (completed=True, direct match=True, latency=0.7328184995 seconds).
11,640,000,000,000,000 WARNING main_het_teleport_mw_rb_yb_rb_er Starting Mw-to-Er teleportation trial 195 at 11640000000000000.
11,700,000,000,000,000 WARNING main_het_teleport_mw_rb_yb_rb_er Mw-to-Er teleportation trial 195 succeeded (completed=True, direct match=True, latency=2.833442562 seconds).
11,700,000,000,000,000 WARNING main_het_teleport_mw_rb_yb_rb_er Starting Mw-to-Er teleportation trial 196 at 11700000000000000.
11,760,000,000,000,000 WARNING main_het_teleport_mw_rb_yb_rb_er Mw-to-Er teleportation trial 196 succeeded (completed=True, direct match=True, latency=2.849043187 seconds).
11,760,000,000,000,000 WARNING main_het_teleport_mw_rb_yb_rb_er Starting Mw-to-Er teleportation trial 197 at 11760000000000000.
11,820,000,000,000,000 WARNING main_het_teleport_mw_rb_yb_rb_er Mw-to-Er teleportation trial 197 succeeded (completed=True, direct match=True, latency=3.520650062 seconds).
11,820,000,000,000,000 WARNING main_het_teleport_mw_rb_yb_rb_er Starting Mw-to-Er teleportation trial 198 at 11820000000000000.
11,880,000,000,000,000 WARNING main_het_teleport_mw_rb_yb_rb_er Mw-to-Er teleportation trial 198 succeeded (completed=True, direct match=True, latency=11.2000573745 seconds).
11,880,000,000,000,000 WARNING main_het_teleport_mw_rb_yb_rb_er Starting Mw-to-Er teleportation trial 199 at 11880000000000000.
11,940,000,000,000,000 WARNING main_het_teleport_mw_rb_yb_rb_er Mw-to-Er teleportation trial 199 succeeded (completed=True, direct match=True, latency=5.600993312 seconds).
11,940,000,000,000,000 WARNING main_het_teleport_mw_rb_yb_rb_er Starting Mw-to-Er teleportation trial 200 at 11940000000000000.
12,000,000,000,000,000 WARNING main_het_teleport_mw_rb_yb_rb_er Mw-to-Er teleportation trial 200 succeeded (completed=True, direct match=True, latency=2.127514312 seconds).
12,000,000,000,000,000 WARNING main_het_teleport_mw_rb_yb_rb_er Starting Mw-to-Er teleportation trial 201 at 12000000000000000.
12,060,000,000,000,000 WARNING main_het_teleport_mw_rb_yb_rb_er Mw-to-Er teleportation trial 201 succeeded (completed=True, direct match=True, latency=4.948107187 seconds).
12,060,000,000,000,000 WARNING main_het_teleport_mw_rb_yb_rb_er Starting Mw-to-Er teleportation trial 202 at 12060000000000000.
12,120,000,000,000,000 WARNING main_het_teleport_mw_rb_yb_rb_er Mw-to-Er teleportation trial 202 succeeded (completed=True, direct match=True, latency=25.2218984995 seconds).
12,120,000,000,000,000 WARNING main_het_teleport_mw_rb_yb_rb_er Starting Mw-to-Er teleportation trial 203 at 12120000000000000.
12,180,000,000,000,000 WARNING main_het_teleport_mw_rb_yb_rb_er Mw-to-Er teleportation trial 203 succeeded (completed=True, direct match=True, latency=5.5619917495 seconds).
12,180,000,000,000,000 WARNING main_het_teleport_mw_rb_yb_rb_er Starting Mw-to-Er teleportation trial 204 at 12180000000000000.
12,240,000,000,000,000 WARNING main_het_teleport_mw_rb_yb_rb_er Mw-to-Er teleportation trial 204 succeeded (completed=True, direct match=True, latency=6.3209621245 seconds).
12,240,000,000,000,000 WARNING main_het_teleport_mw_rb_yb_rb_er Starting Mw-to-Er teleportation trial 205 at 12240000000000000.
12,300,000,000,000,000 WARNING main_het_teleport_mw_rb_yb_rb_er Mw-to-Er teleportation trial 205 failed (completed=True, direct match=False, latency=8.402865437 seconds).
12,300,000,000,000,000 WARNING main_het_teleport_mw_rb_yb_rb_er Starting Mw-to-Er teleportation trial 206 at 12300000000000000.
12,360,000,000,000,000 WARNING main_het_teleport_mw_rb_yb_rb_er Mw-to-Er teleportation trial 206 succeeded (completed=True, direct match=True, latency=4.2718201245 seconds).
12,360,000,000,000,000 WARNING main_het_teleport_mw_rb_yb_rb_er Starting Mw-to-Er teleportation trial 207 at 12360000000000000.
12,420,000,000,000,000 WARNING main_het_teleport_mw_rb_yb_rb_er Mw-to-Er teleportation trial 207 succeeded (completed=True, direct match=True, latency=2.2672364745 seconds).
12,420,000,000,000,000 WARNING main_het_teleport_mw_rb_yb_rb_er Starting Mw-to-Er teleportation trial 208 at 12420000000000000.
12,480,000,000,000,000 WARNING main_het_teleport_mw_rb_yb_rb_er Mw-to-Er teleportation trial 208 succeeded (completed=True, direct match=True, latency=7.6735362495 seconds).
12,480,000,000,000,000 WARNING main_het_teleport_mw_rb_yb_rb_er Starting Mw-to-Er teleportation trial 209 at 12480000000000000.
12,540,000,000,000,000 WARNING main_het_teleport_mw_rb_yb_rb_er Mw-to-Er teleportation trial 209 succeeded (completed=True, direct match=True, latency=1.4119494995 seconds).
12,540,000,000,000,000 WARNING main_het_teleport_mw_rb_yb_rb_er Starting Mw-to-Er teleportation trial 210 at 12540000000000000.
12,600,000,000,000,000 WARNING main_het_teleport_mw_rb_yb_rb_er Mw-to-Er teleportation trial 210 succeeded (completed=True, direct match=True, latency=6.3116017495 seconds).
12,600,000,000,000,000 WARNING main_het_teleport_mw_rb_yb_rb_er Starting Mw-to-Er teleportation trial 211 at 12600000000000000.
12,660,000,000,000,000 WARNING main_het_teleport_mw_rb_yb_rb_er Mw-to-Er teleportation trial 211 succeeded (completed=True, direct match=True, latency=2.864643812 seconds).
12,660,000,000,000,000 WARNING main_het_teleport_mw_rb_yb_rb_er Starting Mw-to-Er teleportation trial 212 at 12660000000000000.
12,720,000,000,000,000 WARNING main_het_teleport_mw_rb_yb_rb_er Mw-to-Er teleportation trial 212 succeeded (completed=True, direct match=True, latency=4.1875767495 seconds).
12,720,000,000,000,000 WARNING main_het_teleport_mw_rb_yb_rb_er Starting Mw-to-Er teleportation trial 213 at 12720000000000000.
12,780,000,000,000,000 WARNING main_het_teleport_mw_rb_yb_rb_er Mw-to-Er teleportation trial 213 succeeded (completed=True, direct match=True, latency=3.5378107495 seconds).
12,780,000,000,000,000 WARNING main_het_teleport_mw_rb_yb_rb_er Starting Mw-to-Er teleportation trial 214 at 12780000000000000.
12,840,000,000,000,000 WARNING main_het_teleport_mw_rb_yb_rb_er Mw-to-Er teleportation trial 214 succeeded (completed=True, direct match=True, latency=0.699641687 seconds).
12,840,000,000,000,000 WARNING main_het_teleport_mw_rb_yb_rb_er Starting Mw-to-Er teleportation trial 215 at 12840000000000000.
12,900,000,000,000,000 WARNING main_het_teleport_mw_rb_yb_rb_er Mw-to-Er teleportation trial 215 failed (completed=True, direct match=False, latency=0.712537687 seconds).
12,900,000,000,000,000 WARNING main_het_teleport_mw_rb_yb_rb_er Starting Mw-to-Er teleportation trial 216 at 12900000000000000.
12,960,000,000,000,000 WARNING main_het_teleport_mw_rb_yb_rb_er Mw-to-Er teleportation trial 216 failed (completed=True, direct match=False, latency=15.318622187 seconds).
12,960,000,000,000,000 WARNING main_het_teleport_mw_rb_yb_rb_er Starting Mw-to-Er teleportation trial 217 at 12960000000000000.
13,020,000,000,000,000 WARNING main_het_teleport_mw_rb_yb_rb_er Mw-to-Er teleportation trial 217 succeeded (completed=True, direct match=True, latency=2.0947529995 seconds).
13,020,000,000,000,000 WARNING main_het_teleport_mw_rb_yb_rb_er Starting Mw-to-Er teleportation trial 218 at 13020000000000000.
13,080,000,000,000,000 WARNING main_het_teleport_mw_rb_yb_rb_er Mw-to-Er teleportation trial 218 succeeded (completed=True, direct match=True, latency=6.300681312 seconds).
13,080,000,000,000,000 WARNING main_het_teleport_mw_rb_yb_rb_er Starting Mw-to-Er teleportation trial 219 at 13080000000000000.
13,140,000,000,000,000 WARNING main_het_teleport_mw_rb_yb_rb_er Mw-to-Er teleportation trial 219 succeeded (completed=True, direct match=True, latency=1.4075454995 seconds).
13,140,000,000,000,000 WARNING main_het_teleport_mw_rb_yb_rb_er Starting Mw-to-Er teleportation trial 220 at 13140000000000000.
13,200,000,000,000,000 WARNING main_het_teleport_mw_rb_yb_rb_er Mw-to-Er teleportation trial 220 succeeded (completed=True, direct match=True, latency=4.1719761245 seconds).
13,200,000,000,000,000 WARNING main_het_teleport_mw_rb_yb_rb_er Starting Mw-to-Er teleportation trial 221 at 13200000000000000.
13,260,000,000,000,000 WARNING main_het_teleport_mw_rb_yb_rb_er Mw-to-Er teleportation trial 221 succeeded (completed=True, direct match=True, latency=7.0393708745 seconds).
13,260,000,000,000,000 WARNING main_het_teleport_mw_rb_yb_rb_er Starting Mw-to-Er teleportation trial 222 at 13260000000000000.
13,320,000,000,000,000 WARNING main_het_teleport_mw_rb_yb_rb_er Mw-to-Er teleportation trial 222 succeeded (completed=True, direct match=True, latency=9.080712562 seconds).
13,320,000,000,000,000 WARNING main_het_teleport_mw_rb_yb_rb_er Starting Mw-to-Er teleportation trial 223 at 13320000000000000.
13,380,000,000,000,000 WARNING main_het_teleport_mw_rb_yb_rb_er Mw-to-Er teleportation trial 223 succeeded (completed=True, direct match=True, latency=4.929386437 seconds).
13,380,000,000,000,000 WARNING main_het_teleport_mw_rb_yb_rb_er Starting Mw-to-Er teleportation trial 224 at 13380000000000000.
13,440,000,000,000,000 WARNING main_het_teleport_mw_rb_yb_rb_er Mw-to-Er teleportation trial 224 succeeded (completed=True, direct match=True, latency=2.0479511245 seconds).
13,440,000,000,000,000 WARNING main_het_teleport_mw_rb_yb_rb_er Starting Mw-to-Er teleportation trial 225 at 13440000000000000.
13,500,000,000,000,000 WARNING main_het_teleport_mw_rb_yb_rb_er Mw-to-Er teleportation trial 225 succeeded (completed=True, direct match=True, latency=3.5034893745 seconds).
13,500,000,000,000,000 WARNING main_het_teleport_mw_rb_yb_rb_er Starting Mw-to-Er teleportation trial 226 at 13500000000000000.
13,560,000,000,000,000 WARNING main_het_teleport_mw_rb_yb_rb_er Mw-to-Er teleportation trial 226 succeeded (completed=True, direct match=True, latency=6.2835206245 seconds).
13,560,000,000,000,000 WARNING main_het_teleport_mw_rb_yb_rb_er Starting Mw-to-Er teleportation trial 227 at 13560000000000000.
13,620,000,000,000,000 WARNING main_het_teleport_mw_rb_yb_rb_er Mw-to-Er teleportation trial 227 succeeded (completed=True, direct match=True, latency=2.108793562 seconds).
13,620,000,000,000,000 WARNING main_het_teleport_mw_rb_yb_rb_er Starting Mw-to-Er teleportation trial 228 at 13620000000000000.
13,680,000,000,000,000 WARNING main_het_teleport_mw_rb_yb_rb_er Mw-to-Er teleportation trial 228 succeeded (completed=True, direct match=True, latency=1.3950649995 seconds).
13,680,000,000,000,000 WARNING main_het_teleport_mw_rb_yb_rb_er Starting Mw-to-Er teleportation trial 229 at 13680000000000000.
13,740,000,000,000,000 WARNING main_het_teleport_mw_rb_yb_rb_er Mw-to-Er teleportation trial 229 succeeded (completed=True, direct match=True, latency=4.2374987495 seconds).
13,740,000,000,000,000 WARNING main_het_teleport_mw_rb_yb_rb_er Starting Mw-to-Er teleportation trial 230 at 13740000000000000.
13,800,000,000,000,000 WARNING main_het_teleport_mw_rb_yb_rb_er Mw-to-Er teleportation trial 230 succeeded (completed=True, direct match=True, latency=10.486328812 seconds).
13,800,000,000,000,000 WARNING main_het_teleport_mw_rb_yb_rb_er Starting Mw-to-Er teleportation trial 231 at 13800000000000000.
13,860,000,000,000,000 WARNING main_het_teleport_mw_rb_yb_rb_er Mw-to-Er teleportation trial 231 succeeded (completed=True, direct match=True, latency=8.3794644995 seconds).
13,860,000,000,000,000 WARNING main_het_teleport_mw_rb_yb_rb_er Starting Mw-to-Er teleportation trial 232 at 13860000000000000.
13,920,000,000,000,000 WARNING main_het_teleport_mw_rb_yb_rb_er Mw-to-Er teleportation trial 232 succeeded (completed=True, direct match=True, latency=4.9340666245 seconds).
13,920,000,000,000,000 WARNING main_het_teleport_mw_rb_yb_rb_er Starting Mw-to-Er teleportation trial 233 at 13920000000000000.
13,980,000,000,000,000 WARNING main_het_teleport_mw_rb_yb_rb_er Mw-to-Er teleportation trial 233 succeeded (completed=True, direct match=True, latency=7.700057312 seconds).
13,980,000,000,000,000 WARNING main_het_teleport_mw_rb_yb_rb_er Starting Mw-to-Er teleportation trial 234 at 13980000000000000.
14,040,000,000,000,000 WARNING main_het_teleport_mw_rb_yb_rb_er Mw-to-Er teleportation trial 234 succeeded (completed=True, direct match=True, latency=3.536250687 seconds).
14,040,000,000,000,000 WARNING main_het_teleport_mw_rb_yb_rb_er Starting Mw-to-Er teleportation trial 235 at 14040000000000000.
14,100,000,000,000,000 WARNING main_het_teleport_mw_rb_yb_rb_er Mw-to-Er teleportation trial 235 succeeded (completed=True, direct match=True, latency=6.994129062 seconds).
14,100,000,000,000,000 WARNING main_het_teleport_mw_rb_yb_rb_er Starting Mw-to-Er teleportation trial 236 at 14100000000000000.
14,160,000,000,000,000 WARNING main_het_teleport_mw_rb_yb_rb_er Mw-to-Er teleportation trial 236 failed (completed=True, direct match=False, latency=3.5159698745 seconds).
14,160,000,000,000,000 WARNING main_het_teleport_mw_rb_yb_rb_er Starting Mw-to-Er teleportation trial 237 at 14160000000000000.
14,220,000,000,000,000 WARNING main_het_teleport_mw_rb_yb_rb_er Mw-to-Er teleportation trial 237 succeeded (completed=True, direct match=True, latency=6.3459231245 seconds).
14,220,000,000,000,000 WARNING main_het_teleport_mw_rb_yb_rb_er Starting Mw-to-Er teleportation trial 238 at 14220000000000000.
14,280,000,000,000,000 WARNING main_het_teleport_mw_rb_yb_rb_er Mw-to-Er teleportation trial 238 succeeded (completed=True, direct match=True, latency=6.350603312 seconds).
14,280,000,000,000,000 WARNING main_het_teleport_mw_rb_yb_rb_er Starting Mw-to-Er teleportation trial 239 at 14280000000000000.
14,340,000,000,000,000 WARNING main_het_teleport_mw_rb_yb_rb_er Mw-to-Er teleportation trial 239 succeeded (completed=True, direct match=True, latency=2.1072334995 seconds).
14,340,000,000,000,000 WARNING main_het_teleport_mw_rb_yb_rb_er Starting Mw-to-Er teleportation trial 240 at 14340000000000000.
14,400,000,000,000,000 WARNING main_het_teleport_mw_rb_yb_rb_er Mw-to-Er teleportation trial 240 succeeded (completed=True, direct match=True, latency=3.520650062 seconds).
14,400,000,000,000,000 WARNING main_het_teleport_mw_rb_yb_rb_er Starting Mw-to-Er teleportation trial 241 at 14400000000000000.
14,460,000,000,000,000 WARNING main_het_teleport_mw_rb_yb_rb_er Mw-to-Er teleportation trial 241 failed (completed=True, direct match=False, latency=7.0237702495 seconds).
14,460,000,000,000,000 WARNING main_het_teleport_mw_rb_yb_rb_er Starting Mw-to-Er teleportation trial 242 at 14460000000000000.
14,520,000,000,000,000 WARNING main_het_teleport_mw_rb_yb_rb_er Mw-to-Er teleportation trial 242 succeeded (completed=True, direct match=True, latency=6.328762437 seconds).
14,520,000,000,000,000 WARNING main_het_teleport_mw_rb_yb_rb_er Starting Mw-to-Er teleportation trial 243 at 14520000000000000.
14,580,000,000,000,000 WARNING main_het_teleport_mw_rb_yb_rb_er Mw-to-Er teleportation trial 243 succeeded (completed=True, direct match=True, latency=2.8318824995 seconds).
14,580,000,000,000,000 WARNING main_het_teleport_mw_rb_yb_rb_er Starting Mw-to-Er teleportation trial 244 at 14580000000000000.
14,640,000,000,000,000 WARNING main_het_teleport_mw_rb_yb_rb_er Mw-to-Er teleportation trial 244 failed (completed=True, direct match=False, latency=4.076812312 seconds).
14,640,000,000,000,000 WARNING main_het_teleport_mw_rb_yb_rb_er Starting Mw-to-Er teleportation trial 245 at 14640000000000000.
14,700,000,000,000,000 WARNING main_het_teleport_mw_rb_yb_rb_er Mw-to-Er teleportation trial 245 failed (completed=True, direct match=False, latency=2.1509152495 seconds).
14,700,000,000,000,000 WARNING main_het_teleport_mw_rb_yb_rb_er Starting Mw-to-Er teleportation trial 246 at 14700000000000000.
14,760,000,000,000,000 WARNING main_het_teleport_mw_rb_yb_rb_er Mw-to-Er teleportation trial 246 succeeded (completed=True, direct match=True, latency=4.9559074995 seconds).
14,760,000,000,000,000 WARNING main_het_teleport_mw_rb_yb_rb_er Starting Mw-to-Er teleportation trial 247 at 14760000000000000.
14,820,000,000,000,000 WARNING main_het_teleport_mw_rb_yb_rb_er Mw-to-Er teleportation trial 247 succeeded (completed=True, direct match=True, latency=9.0822726245 seconds).
14,820,000,000,000,000 WARNING main_het_teleport_mw_rb_yb_rb_er Starting Mw-to-Er teleportation trial 248 at 14820000000000000.
14,880,000,000,000,000 WARNING main_het_teleport_mw_rb_yb_rb_er Mw-to-Er teleportation trial 248 failed (completed=True, direct match=False, latency=2.8287623745 seconds).
14,880,000,000,000,000 WARNING main_het_teleport_mw_rb_yb_rb_er Starting Mw-to-Er teleportation trial 249 at 14880000000000000.
14,940,000,000,000,000 WARNING main_het_teleport_mw_rb_yb_rb_er Mw-to-Er teleportation trial 249 succeeded (completed=True, direct match=True, latency=2.118654087 seconds).
14,940,000,000,000,000 WARNING main_het_teleport_mw_rb_yb_rb_er Starting Mw-to-Er teleportation trial 250 at 14940000000000000.
15,000,000,000,000,000 WARNING main_het_teleport_mw_rb_yb_rb_er Mw-to-Er teleportation trial 250 failed (completed=True, direct match=False, latency=9.1665159995 seconds).
15,000,000,000,000,000 WARNING main_het_teleport_mw_rb_yb_rb_er Starting Mw-to-Er teleportation trial 251 at 15000000000000000.
15,060,000,000,000,000 WARNING main_het_teleport_mw_rb_yb_rb_er Mw-to-Er teleportation trial 251 failed (completed=True, direct match=False, latency=7.718778062 seconds).
15,060,000,000,000,000 WARNING main_het_teleport_mw_rb_yb_rb_er Starting Mw-to-Er teleportation trial 252 at 15060000000000000.
15,120,000,000,000,000 WARNING main_het_teleport_mw_rb_yb_rb_er Mw-to-Er teleportation trial 252 failed (completed=True, direct match=False, latency=2.814721812 seconds).
15,120,000,000,000,000 WARNING main_het_teleport_mw_rb_yb_rb_er Starting Mw-to-Er teleportation trial 253 at 15120000000000000.
15,180,000,000,000,000 WARNING main_het_teleport_mw_rb_yb_rb_er Mw-to-Er teleportation trial 253 succeeded (completed=True, direct match=True, latency=6.444207062 seconds).
15,180,000,000,000,000 WARNING main_het_teleport_mw_rb_yb_rb_er Starting Mw-to-Er teleportation trial 254 at 15180000000000000.
15,240,000,000,000,000 WARNING main_het_teleport_mw_rb_yb_rb_er Mw-to-Er teleportation trial 254 succeeded (completed=True, direct match=True, latency=0.753099312 seconds).
15,240,000,000,000,000 WARNING main_het_teleport_mw_rb_yb_rb_er Starting Mw-to-Er teleportation trial 255 at 15240000000000000.
15,300,000,000,000,000 WARNING main_het_teleport_mw_rb_yb_rb_er Mw-to-Er teleportation trial 255 failed (completed=True, direct match=False, latency=1.2359386245 seconds).
15,300,000,000,000,000 WARNING main_het_teleport_mw_rb_yb_rb_er Starting Mw-to-Er teleportation trial 256 at 15300000000000000.
15,360,000,000,000,000 WARNING main_het_teleport_mw_rb_yb_rb_er Mw-to-Er teleportation trial 256 succeeded (completed=True, direct match=True, latency=4.2062974995 seconds).
15,360,000,000,000,000 WARNING main_het_teleport_mw_rb_yb_rb_er Starting Mw-to-Er teleportation trial 257 at 15360000000000000.
15,420,000,000,000,000 WARNING main_het_teleport_mw_rb_yb_rb_er Mw-to-Er teleportation trial 257 succeeded (completed=True, direct match=True, latency=2.845923062 seconds).
15,420,000,000,000,000 WARNING main_het_teleport_mw_rb_yb_rb_er Starting Mw-to-Er teleportation trial 258 at 15420000000000000.
15,480,000,000,000,000 WARNING main_het_teleport_mw_rb_yb_rb_er Mw-to-Er teleportation trial 258 succeeded (completed=True, direct match=True, latency=10.9897890745 seconds).
15,480,000,000,000,000 WARNING main_het_teleport_mw_rb_yb_rb_er Starting Mw-to-Er teleportation trial 259 at 15480000000000000.
15,540,000,000,000,000 WARNING main_het_teleport_mw_rb_yb_rb_er Mw-to-Er teleportation trial 259 succeeded (completed=True, direct match=True, latency=2.108793562 seconds).
15,540,000,000,000,000 WARNING main_het_teleport_mw_rb_yb_rb_er Starting Mw-to-Er teleportation trial 260 at 15540000000000000.
15,600,000,000,000,000 WARNING main_het_teleport_mw_rb_yb_rb_er Mw-to-Er teleportation trial 260 succeeded (completed=True, direct match=True, latency=3.551851312 seconds).
15,600,000,000,000,000 WARNING main_het_teleport_mw_rb_yb_rb_er Starting Mw-to-Er teleportation trial 261 at 15600000000000000.
15,660,000,000,000,000 WARNING main_het_teleport_mw_rb_yb_rb_er Mw-to-Er teleportation trial 261 succeeded (completed=True, direct match=True, latency=2.8006812495 seconds).
15,660,000,000,000,000 WARNING main_het_teleport_mw_rb_yb_rb_er Starting Mw-to-Er teleportation trial 262 at 15660000000000000.
15,720,000,000,000,000 WARNING main_het_teleport_mw_rb_yb_rb_er Mw-to-Er teleportation trial 262 succeeded (completed=True, direct match=True, latency=2.799121187 seconds).
15,720,000,000,000,000 WARNING main_het_teleport_mw_rb_yb_rb_er Starting Mw-to-Er teleportation trial 263 at 15720000000000000.
15,780,000,000,000,000 WARNING main_het_teleport_mw_rb_yb_rb_er Mw-to-Er teleportation trial 263 succeeded (completed=True, direct match=True, latency=4.2000572495 seconds).
15,780,000,000,000,000 WARNING main_het_teleport_mw_rb_yb_rb_er Starting Mw-to-Er teleportation trial 264 at 15780000000000000.
15,840,000,000,000,000 WARNING main_het_teleport_mw_rb_yb_rb_er Mw-to-Er teleportation trial 264 failed (completed=True, direct match=False, latency=8.312381812 seconds).
15,840,000,000,000,000 WARNING main_het_teleport_mw_rb_yb_rb_er Starting Mw-to-Er teleportation trial 265 at 15840000000000000.
15,900,000,000,000,000 WARNING main_het_teleport_mw_rb_yb_rb_er Mw-to-Er teleportation trial 265 succeeded (completed=True, direct match=True, latency=0.6984971245 seconds).
15,900,000,000,000,000 WARNING main_het_teleport_mw_rb_yb_rb_er Starting Mw-to-Er teleportation trial 266 at 15900000000000000.
15,960,000,000,000,000 WARNING main_het_teleport_mw_rb_yb_rb_er Mw-to-Er teleportation trial 266 succeeded (completed=True, direct match=True, latency=5.569792062 seconds).
15,960,000,000,000,000 WARNING main_het_teleport_mw_rb_yb_rb_er Starting Mw-to-Er teleportation trial 267 at 15960000000000000.
16,020,000,000,000,000 WARNING main_het_teleport_mw_rb_yb_rb_er Mw-to-Er teleportation trial 267 succeeded (completed=True, direct match=True, latency=0.721898062 seconds).
16,020,000,000,000,000 WARNING main_het_teleport_mw_rb_yb_rb_er Starting Mw-to-Er teleportation trial 268 at 16020000000000000.
16,080,000,000,000,000 WARNING main_het_teleport_mw_rb_yb_rb_er Mw-to-Er teleportation trial 268 succeeded (completed=True, direct match=True, latency=5.6399948745 seconds).
16,080,000,000,000,000 WARNING main_het_teleport_mw_rb_yb_rb_er Starting Mw-to-Er teleportation trial 269 at 16080000000000000.
16,140,000,000,000,000 WARNING main_het_teleport_mw_rb_yb_rb_er Mw-to-Er teleportation trial 269 succeeded (completed=True, direct match=True, latency=3.5502912495 seconds).
16,140,000,000,000,000 WARNING main_het_teleport_mw_rb_yb_rb_er Starting Mw-to-Er teleportation trial 270 at 16140000000000000.
16,200,000,000,000,000 WARNING main_het_teleport_mw_rb_yb_rb_er Mw-to-Er teleportation trial 270 succeeded (completed=True, direct match=True, latency=4.2031773745 seconds).
16,200,000,000,000,000 WARNING main_het_teleport_mw_rb_yb_rb_er Starting Mw-to-Er teleportation trial 271 at 16200000000000000.
16,260,000,000,000,000 WARNING main_het_teleport_mw_rb_yb_rb_er Mw-to-Er teleportation trial 271 succeeded (completed=True, direct match=True, latency=8.3389028745 seconds).
16,260,000,000,000,000 WARNING main_het_teleport_mw_rb_yb_rb_er Starting Mw-to-Er teleportation trial 272 at 16260000000000000.
16,320,000,000,000,000 WARNING main_het_teleport_mw_rb_yb_rb_er Mw-to-Er teleportation trial 272 succeeded (completed=True, direct match=True, latency=8.415345937 seconds).
16,320,000,000,000,000 WARNING main_het_teleport_mw_rb_yb_rb_er Starting Mw-to-Er teleportation trial 273 at 16320000000000000.
16,380,000,000,000,000 WARNING main_het_teleport_mw_rb_yb_rb_er Mw-to-Er teleportation trial 273 succeeded (completed=True, direct match=True, latency=1.4356266245 seconds).
16,380,000,000,000,000 WARNING main_het_teleport_mw_rb_yb_rb_er Starting Mw-to-Er teleportation trial 274 at 16380000000000000.
16,440,000,000,000,000 WARNING main_het_teleport_mw_rb_yb_rb_er Mw-to-Er teleportation trial 274 succeeded (completed=True, direct match=True, latency=4.2094176245 seconds).
16,440,000,000,000,000 WARNING main_het_teleport_mw_rb_yb_rb_er Starting Mw-to-Er teleportation trial 275 at 16440000000000000.
16,500,000,000,000,000 WARNING main_het_teleport_mw_rb_yb_rb_er Mw-to-Er teleportation trial 275 succeeded (completed=True, direct match=True, latency=8.3857047495 seconds).
16,500,000,000,000,000 WARNING main_het_teleport_mw_rb_yb_rb_er Starting Mw-to-Er teleportation trial 276 at 16500000000000000.
16,560,000,000,000,000 WARNING main_het_teleport_mw_rb_yb_rb_er Mw-to-Er teleportation trial 276 failed (completed=True, direct match=False, latency=3.5471711245 seconds).
16,560,000,000,000,000 WARNING main_het_teleport_mw_rb_yb_rb_er Starting Mw-to-Er teleportation trial 277 at 16560000000000000.
16,620,000,000,000,000 WARNING main_het_teleport_mw_rb_yb_rb_er Mw-to-Er teleportation trial 277 failed (completed=True, direct match=False, latency=1.435588662 seconds).
16,620,000,000,000,000 WARNING main_het_teleport_mw_rb_yb_rb_er Starting Mw-to-Er teleportation trial 278 at 16620000000000000.
16,680,000,000,000,000 WARNING main_het_teleport_mw_rb_yb_rb_er Mw-to-Er teleportation trial 278 succeeded (completed=True, direct match=True, latency=3.5159698745 seconds).
16,680,000,000,000,000 WARNING main_het_teleport_mw_rb_yb_rb_er Starting Mw-to-Er teleportation trial 279 at 16680000000000000.
16,740,000,000,000,000 WARNING main_het_teleport_mw_rb_yb_rb_er Mw-to-Er teleportation trial 279 failed (completed=True, direct match=False, latency=2.136874687 seconds).
16,740,000,000,000,000 WARNING main_het_teleport_mw_rb_yb_rb_er Starting Mw-to-Er teleportation trial 280 at 16740000000000000.
16,800,000,000,000,000 WARNING main_het_teleport_mw_rb_yb_rb_er Mw-to-Er teleportation trial 280 succeeded (completed=True, direct match=True, latency=4.235938687 seconds).
16,800,000,000,000,000 WARNING main_het_teleport_mw_rb_yb_rb_er Starting Mw-to-Er teleportation trial 281 at 16800000000000000.
16,860,000,000,000,000 WARNING main_het_teleport_mw_rb_yb_rb_er Mw-to-Er teleportation trial 281 succeeded (completed=True, direct match=True, latency=4.204737437 seconds).
16,860,000,000,000,000 WARNING main_het_teleport_mw_rb_yb_rb_er Starting Mw-to-Er teleportation trial 282 at 16860000000000000.
16,920,000,000,000,000 WARNING main_het_teleport_mw_rb_yb_rb_er Mw-to-Er teleportation trial 282 succeeded (completed=True, direct match=True, latency=0.7140977495 seconds).
16,920,000,000,000,000 WARNING main_het_teleport_mw_rb_yb_rb_er Starting Mw-to-Er teleportation trial 283 at 16920000000000000.
16,980,000,000,000,000 WARNING main_het_teleport_mw_rb_yb_rb_er Mw-to-Er teleportation trial 283 succeeded (completed=True, direct match=True, latency=3.548731187 seconds).
16,980,000,000,000,000 WARNING main_het_teleport_mw_rb_yb_rb_er Starting Mw-to-Er teleportation trial 284 at 16980000000000000.
17,040,000,000,000,000 WARNING main_het_teleport_mw_rb_yb_rb_er Mw-to-Er teleportation trial 284 failed (completed=True, direct match=False, latency=3.5034893745 seconds).
17,040,000,000,000,000 WARNING main_het_teleport_mw_rb_yb_rb_er Starting Mw-to-Er teleportation trial 285 at 17040000000000000.
17,100,000,000,000,000 WARNING main_het_teleport_mw_rb_yb_rb_er Mw-to-Er teleportation trial 285 succeeded (completed=True, direct match=True, latency=2.0635517495 seconds).
17,100,000,000,000,000 WARNING main_het_teleport_mw_rb_yb_rb_er Starting Mw-to-Er teleportation trial 286 at 17100000000000000.
17,160,000,000,000,000 WARNING main_het_teleport_mw_rb_yb_rb_er Mw-to-Er teleportation trial 286 succeeded (completed=True, direct match=True, latency=4.8935049995 seconds).
17,160,000,000,000,000 WARNING main_het_teleport_mw_rb_yb_rb_er Starting Mw-to-Er teleportation trial 287 at 17160000000000000.
17,220,000,000,000,000 WARNING main_het_teleport_mw_rb_yb_rb_er Mw-to-Er teleportation trial 287 succeeded (completed=True, direct match=True, latency=7.0456111245 seconds).
17,220,000,000,000,000 WARNING main_het_teleport_mw_rb_yb_rb_er Starting Mw-to-Er teleportation trial 288 at 17220000000000000.
17,280,000,000,000,000 WARNING main_het_teleport_mw_rb_yb_rb_er Mw-to-Er teleportation trial 288 succeeded (completed=True, direct match=True, latency=2.2074260495 seconds).
17,280,000,000,000,000 WARNING main_het_teleport_mw_rb_yb_rb_er Starting Mw-to-Er teleportation trial 289 at 17280000000000000.
17,340,000,000,000,000 WARNING main_het_teleport_mw_rb_yb_rb_er Mw-to-Er teleportation trial 289 succeeded (completed=True, direct match=True, latency=4.976188312 seconds).
17,340,000,000,000,000 WARNING main_het_teleport_mw_rb_yb_rb_er Starting Mw-to-Er teleportation trial 290 at 17340000000000000.
17,400,000,000,000,000 WARNING main_het_teleport_mw_rb_yb_rb_er Mw-to-Er teleportation trial 290 succeeded (completed=True, direct match=True, latency=4.9278263745 seconds).
17,400,000,000,000,000 WARNING main_het_teleport_mw_rb_yb_rb_er Starting Mw-to-Er teleportation trial 291 at 17400000000000000.
17,460,000,000,000,000 WARNING main_het_teleport_mw_rb_yb_rb_er Mw-to-Er teleportation trial 291 succeeded (completed=True, direct match=True, latency=6.313161812 seconds).
17,460,000,000,000,000 WARNING main_het_teleport_mw_rb_yb_rb_er Starting Mw-to-Er teleportation trial 292 at 17460000000000000.
17,520,000,000,000,000 WARNING main_het_teleport_mw_rb_yb_rb_er Mw-to-Er teleportation trial 292 succeeded (completed=True, direct match=True, latency=7.728138437 seconds).
17,520,000,000,000,000 WARNING main_het_teleport_mw_rb_yb_rb_er Starting Mw-to-Er teleportation trial 293 at 17520000000000000.
17,580,000,000,000,000 WARNING main_het_teleport_mw_rb_yb_rb_er Mw-to-Er teleportation trial 293 succeeded (completed=True, direct match=True, latency=7.000369312 seconds).
17,580,000,000,000,000 WARNING main_het_teleport_mw_rb_yb_rb_er Starting Mw-to-Er teleportation trial 294 at 17580000000000000.
17,640,000,000,000,000 WARNING main_het_teleport_mw_rb_yb_rb_er Mw-to-Er teleportation trial 294 succeeded (completed=True, direct match=True, latency=5.6150338745 seconds).
17,640,000,000,000,000 WARNING main_het_teleport_mw_rb_yb_rb_er Starting Mw-to-Er teleportation trial 295 at 17640000000000000.
17,700,000,000,000,000 WARNING main_het_teleport_mw_rb_yb_rb_er Mw-to-Er teleportation trial 295 succeeded (completed=True, direct match=True, latency=2.1415548745 seconds).
17,700,000,000,000,000 WARNING main_het_teleport_mw_rb_yb_rb_er Starting Mw-to-Er teleportation trial 296 at 17700000000000000.
17,760,000,000,000,000 WARNING main_het_teleport_mw_rb_yb_rb_er Mw-to-Er teleportation trial 296 succeeded (completed=True, direct match=True, latency=10.601773437 seconds).
17,760,000,000,000,000 WARNING main_het_teleport_mw_rb_yb_rb_er Starting Mw-to-Er teleportation trial 297 at 17760000000000000.
17,820,000,000,000,000 WARNING main_het_teleport_mw_rb_yb_rb_er Mw-to-Er teleportation trial 297 succeeded (completed=True, direct match=True, latency=2.1583847995 seconds).
17,820,000,000,000,000 WARNING main_het_teleport_mw_rb_yb_rb_er Starting Mw-to-Er teleportation trial 298 at 17820000000000000.
17,880,000,000,000,000 WARNING main_het_teleport_mw_rb_yb_rb_er Mw-to-Er teleportation trial 298 succeeded (completed=True, direct match=True, latency=2.1197139995 seconds).
17,880,000,000,000,000 WARNING main_het_teleport_mw_rb_yb_rb_er Starting Mw-to-Er teleportation trial 299 at 17880000000000000.
17,940,000,000,000,000 WARNING main_het_teleport_mw_rb_yb_rb_er Mw-to-Er teleportation trial 299 succeeded (completed=True, direct match=True, latency=3.5190899995 seconds).
17,940,000,000,000,000 WARNING main_het_teleport_mw_rb_yb_rb_er Starting Mw-to-Er teleportation trial 300 at 17940000000000000.
18,000,000,000,000,000 WARNING main_het_teleport_mw_rb_yb_rb_er Mw-to-Er teleportation trial 300 succeeded (completed=True, direct match=True, latency=13.3178421245 seconds).
18,000,000,000,000,000 WARNING main_het_teleport_mw_rb_yb_rb_er Starting Mw-to-Er teleportation trial 301 at 18000000000000000.
18,060,000,000,000,000 WARNING main_het_teleport_mw_rb_yb_rb_er Mw-to-Er teleportation trial 301 succeeded (completed=True, direct match=True, latency=6.2835206245 seconds).
18,060,000,000,000,000 WARNING main_het_teleport_mw_rb_yb_rb_er Starting Mw-to-Er teleportation trial 302 at 18060000000000000.
18,120,000,000,000,000 WARNING main_het_teleport_mw_rb_yb_rb_er Mw-to-Er teleportation trial 302 succeeded (completed=True, direct match=True, latency=1.443426937 seconds).
18,120,000,000,000,000 WARNING main_het_teleport_mw_rb_yb_rb_er Starting Mw-to-Er teleportation trial 303 at 18120000000000000.
18,180,000,000,000,000 WARNING main_het_teleport_mw_rb_yb_rb_er Mw-to-Er teleportation trial 303 succeeded (completed=True, direct match=True, latency=9.0885128745 seconds).
18,180,000,000,000,000 WARNING main_het_teleport_mw_rb_yb_rb_er Starting Mw-to-Er teleportation trial 304 at 18180000000000000.
18,240,000,000,000,000 WARNING main_het_teleport_mw_rb_yb_rb_er Mw-to-Er teleportation trial 304 succeeded (completed=True, direct match=True, latency=3.5097296245 seconds).
18,240,000,000,000,000 WARNING main_het_teleport_mw_rb_yb_rb_er Starting Mw-to-Er teleportation trial 305 at 18240000000000000.
18,300,000,000,000,000 WARNING main_het_teleport_mw_rb_yb_rb_er Mw-to-Er teleportation trial 305 succeeded (completed=True, direct match=True, latency=7.0112897495 seconds).
18,300,000,000,000,000 WARNING main_het_teleport_mw_rb_yb_rb_er Starting Mw-to-Er teleportation trial 306 at 18300000000000000.
18,360,000,000,000,000 WARNING main_het_teleport_mw_rb_yb_rb_er Mw-to-Er teleportation trial 306 succeeded (completed=True, direct match=True, latency=5.666515937 seconds).
18,360,000,000,000,000 WARNING main_het_teleport_mw_rb_yb_rb_er Starting Mw-to-Er teleportation trial 307 at 18360000000000000.
18,420,000,000,000,000 WARNING main_het_teleport_mw_rb_yb_rb_er Mw-to-Er teleportation trial 307 succeeded (completed=True, direct match=True, latency=2.099623337 seconds).
18,420,000,000,000,000 WARNING main_het_teleport_mw_rb_yb_rb_er Starting Mw-to-Er teleportation trial 308 at 18420000000000000.
18,480,000,000,000,000 WARNING main_het_teleport_mw_rb_yb_rb_er Mw-to-Er teleportation trial 308 failed (completed=True, direct match=False, latency=2.158715562 seconds).
18,480,000,000,000,000 WARNING main_het_teleport_mw_rb_yb_rb_er Starting Mw-to-Er teleportation trial 309 at 18480000000000000.
18,540,000,000,000,000 WARNING main_het_teleport_mw_rb_yb_rb_er Mw-to-Er teleportation trial 309 failed (completed=True, direct match=False, latency=4.913785812 seconds).
18,540,000,000,000,000 WARNING main_het_teleport_mw_rb_yb_rb_er Starting Mw-to-Er teleportation trial 310 at 18540000000000000.
18,600,000,000,000,000 WARNING main_het_teleport_mw_rb_yb_rb_er Mw-to-Er teleportation trial 310 succeeded (completed=True, direct match=True, latency=10.5066096245 seconds).
18,600,000,000,000,000 WARNING main_het_teleport_mw_rb_yb_rb_er Starting Mw-to-Er teleportation trial 311 at 18600000000000000.
18,660,000,000,000,000 WARNING main_het_teleport_mw_rb_yb_rb_er Mw-to-Er teleportation trial 311 succeeded (completed=True, direct match=True, latency=2.8350026245 seconds).
18,660,000,000,000,000 WARNING main_het_teleport_mw_rb_yb_rb_er Starting Mw-to-Er teleportation trial 312 at 18660000000000000.
18,720,000,000,000,000 WARNING main_het_teleport_mw_rb_yb_rb_er Mw-to-Er teleportation trial 312 failed (completed=True, direct match=False, latency=5.585392687 seconds).
18,720,000,000,000,000 WARNING main_het_teleport_mw_rb_yb_rb_er Starting Mw-to-Er teleportation trial 313 at 18720000000000000.
18,780,000,000,000,000 WARNING main_het_teleport_mw_rb_yb_rb_er Mw-to-Er teleportation trial 313 failed (completed=True, direct match=False, latency=9.1477952495 seconds).
18,780,000,000,000,000 WARNING main_het_teleport_mw_rb_yb_rb_er Starting Mw-to-Er teleportation trial 314 at 18780000000000000.
18,840,000,000,000,000 WARNING main_het_teleport_mw_rb_yb_rb_er Mw-to-Er teleportation trial 314 succeeded (completed=True, direct match=True, latency=6.3178419995 seconds).
18,840,000,000,000,000 WARNING main_het_teleport_mw_rb_yb_rb_er Starting Mw-to-Er teleportation trial 315 at 18840000000000000.
18,900,000,000,000,000 WARNING main_het_teleport_mw_rb_yb_rb_er Mw-to-Er teleportation trial 315 succeeded (completed=True, direct match=True, latency=6.356843562 seconds).
18,900,000,000,000,000 WARNING main_het_teleport_mw_rb_yb_rb_er Starting Mw-to-Er teleportation trial 316 at 18900000000000000.
18,960,000,000,000,000 WARNING main_het_teleport_mw_rb_yb_rb_er Mw-to-Er teleportation trial 316 succeeded (completed=True, direct match=True, latency=4.1626157495 seconds).
18,960,000,000,000,000 WARNING main_het_teleport_mw_rb_yb_rb_er Starting Mw-to-Er teleportation trial 317 at 18960000000000000.
19,020,000,000,000,000 WARNING main_het_teleport_mw_rb_yb_rb_er Mw-to-Er teleportation trial 317 succeeded (completed=True, direct match=True, latency=5.8956242495 seconds).
19,020,000,000,000,000 WARNING main_het_teleport_mw_rb_yb_rb_er Starting Mw-to-Er teleportation trial 318 at 19020000000000000.
19,080,000,000,000,000 WARNING main_het_teleport_mw_rb_yb_rb_er Mw-to-Er teleportation trial 318 succeeded (completed=True, direct match=True, latency=9.8225222495 seconds).
19,080,000,000,000,000 WARNING main_het_teleport_mw_rb_yb_rb_er Starting Mw-to-Er teleportation trial 319 at 19080000000000000.
19,140,000,000,000,000 WARNING main_het_teleport_mw_rb_yb_rb_er Mw-to-Er teleportation trial 319 succeeded (completed=True, direct match=True, latency=7.7078576245 seconds).
19,140,000,000,000,000 WARNING main_het_teleport_mw_rb_yb_rb_er Starting Mw-to-Er teleportation trial 320 at 19140000000000000.
19,200,000,000,000,000 WARNING main_het_teleport_mw_rb_yb_rb_er Mw-to-Er teleportation trial 320 succeeded (completed=True, direct match=True, latency=9.1228342495 seconds).
19,200,000,000,000,000 WARNING main_het_teleport_mw_rb_yb_rb_er Starting Mw-to-Er teleportation trial 321 at 19200000000000000.
19,260,000,000,000,000 WARNING main_het_teleport_mw_rb_yb_rb_er Mw-to-Er teleportation trial 321 succeeded (completed=True, direct match=True, latency=2.149355187 seconds).
19,260,000,000,000,000 WARNING main_het_teleport_mw_rb_yb_rb_er Starting Mw-to-Er teleportation trial 322 at 19260000000000000.
19,320,000,000,000,000 WARNING main_het_teleport_mw_rb_yb_rb_er Mw-to-Er teleportation trial 322 succeeded (completed=True, direct match=True, latency=4.882584562 seconds).
19,320,000,000,000,000 WARNING main_het_teleport_mw_rb_yb_rb_er Starting Mw-to-Er teleportation trial 323 at 19320000000000000.
19,380,000,000,000,000 WARNING main_het_teleport_mw_rb_yb_rb_er Mw-to-Er teleportation trial 323 succeeded (completed=True, direct match=True, latency=5.5682319995 seconds).
19,380,000,000,000,000 WARNING main_het_teleport_mw_rb_yb_rb_er Starting Mw-to-Er teleportation trial 324 at 19380000000000000.
19,440,000,000,000,000 WARNING main_het_teleport_mw_rb_yb_rb_er Mw-to-Er teleportation trial 324 succeeded (completed=True, direct match=True, latency=2.774160187 seconds).
19,440,000,000,000,000 WARNING main_het_teleport_mw_rb_yb_rb_er Starting Mw-to-Er teleportation trial 325 at 19440000000000000.
19,500,000,000,000,000 WARNING main_het_teleport_mw_rb_yb_rb_er Mw-to-Er teleportation trial 325 succeeded (completed=True, direct match=True, latency=1.4106656245 seconds).
19,500,000,000,000,000 WARNING main_het_teleport_mw_rb_yb_rb_er Starting Mw-to-Er teleportation trial 326 at 19500000000000000.
19,560,000,000,000,000 WARNING main_het_teleport_mw_rb_yb_rb_er Mw-to-Er teleportation trial 326 succeeded (completed=True, direct match=True, latency=1.396625062 seconds).
19,560,000,000,000,000 WARNING main_het_teleport_mw_rb_yb_rb_er Starting Mw-to-Er teleportation trial 327 at 19560000000000000.
19,620,000,000,000,000 WARNING main_het_teleport_mw_rb_yb_rb_er Mw-to-Er teleportation trial 327 succeeded (completed=True, direct match=True, latency=4.2406188745 seconds).
19,620,000,000,000,000 WARNING main_het_teleport_mw_rb_yb_rb_er Starting Mw-to-Er teleportation trial 328 at 19620000000000000.
19,680,000,000,000,000 WARNING main_het_teleport_mw_rb_yb_rb_er Mw-to-Er teleportation trial 328 succeeded (completed=True, direct match=True, latency=11.8529434995 seconds).
19,680,000,000,000,000 WARNING main_het_teleport_mw_rb_yb_rb_er Starting Mw-to-Er teleportation trial 329 at 19680000000000000.
19,740,000,000,000,000 WARNING main_het_teleport_mw_rb_yb_rb_er Mw-to-Er teleportation trial 329 succeeded (completed=True, direct match=True, latency=10.4972492495 seconds).
19,740,000,000,000,000 WARNING main_het_teleport_mw_rb_yb_rb_er Starting Mw-to-Er teleportation trial 330 at 19740000000000000.
19,800,000,000,000,000 WARNING main_het_teleport_mw_rb_yb_rb_er Mw-to-Er teleportation trial 330 failed (completed=True, direct match=False, latency=1.465267812 seconds).
19,800,000,000,000,000 WARNING main_het_teleport_mw_rb_yb_rb_er Starting Mw-to-Er teleportation trial 331 at 19800000000000000.
19,860,000,000,000,000 WARNING main_het_teleport_mw_rb_yb_rb_er Mw-to-Er teleportation trial 331 succeeded (completed=True, direct match=True, latency=2.0760322495 seconds).
19,860,000,000,000,000 WARNING main_het_teleport_mw_rb_yb_rb_er Starting Mw-to-Er teleportation trial 332 at 19860000000000000.
19,920,000,000,000,000 WARNING main_het_teleport_mw_rb_yb_rb_er Mw-to-Er teleportation trial 332 succeeded (completed=True, direct match=True, latency=5.5682319995 seconds).
19,920,000,000,000,000 WARNING main_het_teleport_mw_rb_yb_rb_er Starting Mw-to-Er teleportation trial 333 at 19920000000000000.
19,980,000,000,000,000 WARNING main_het_teleport_mw_rb_yb_rb_er Mw-to-Er teleportation trial 333 failed (completed=True, direct match=False, latency=4.8685439995 seconds).
19,980,000,000,000,000 WARNING main_het_teleport_mw_rb_yb_rb_er Starting Mw-to-Er teleportation trial 334 at 19980000000000000.
20,040,000,000,000,000 WARNING main_het_teleport_mw_rb_yb_rb_er Mw-to-Er teleportation trial 334 succeeded (completed=True, direct match=True, latency=3.514409812 seconds).
20,040,000,000,000,000 WARNING main_het_teleport_mw_rb_yb_rb_er Starting Mw-to-Er teleportation trial 335 at 20040000000000000.
20,100,000,000,000,000 WARNING main_het_teleport_mw_rb_yb_rb_er Mw-to-Er teleportation trial 335 succeeded (completed=True, direct match=True, latency=11.9496673745 seconds).
20,100,000,000,000,000 WARNING main_het_teleport_mw_rb_yb_rb_er Starting Mw-to-Er teleportation trial 336 at 20100000000000000.
20,160,000,000,000,000 WARNING main_het_teleport_mw_rb_yb_rb_er Mw-to-Er teleportation trial 336 succeeded (completed=True, direct match=True, latency=6.319402062 seconds).
20,160,000,000,000,000 WARNING main_het_teleport_mw_rb_yb_rb_er Starting Mw-to-Er teleportation trial 337 at 20160000000000000.
20,220,000,000,000,000 WARNING main_het_teleport_mw_rb_yb_rb_er Mw-to-Er teleportation trial 337 succeeded (completed=True, direct match=True, latency=12.625954437 seconds).
20,220,000,000,000,000 WARNING main_het_teleport_mw_rb_yb_rb_er Starting Mw-to-Er teleportation trial 338 at 20220000000000000.
20,280,000,000,000,000 WARNING main_het_teleport_mw_rb_yb_rb_er Mw-to-Er teleportation trial 338 succeeded (completed=True, direct match=True, latency=4.1782163745 seconds).
20,280,000,000,000,000 WARNING main_het_teleport_mw_rb_yb_rb_er Starting Mw-to-Er teleportation trial 339 at 20280000000000000.
20,340,000,000,000,000 WARNING main_het_teleport_mw_rb_yb_rb_er Mw-to-Er teleportation trial 339 succeeded (completed=True, direct match=True, latency=1.437186687 seconds).
20,340,000,000,000,000 WARNING main_het_teleport_mw_rb_yb_rb_er Starting Mw-to-Er teleportation trial 340 at 20340000000000000.
20,400,000,000,000,000 WARNING main_het_teleport_mw_rb_yb_rb_er Mw-to-Er teleportation trial 340 succeeded (completed=True, direct match=True, latency=4.8810244995 seconds).
20,400,000,000,000,000 WARNING main_het_teleport_mw_rb_yb_rb_er Starting Mw-to-Er teleportation trial 341 at 20400000000000000.
20,460,000,000,000,000 WARNING main_het_teleport_mw_rb_yb_rb_er Mw-to-Er teleportation trial 341 succeeded (completed=True, direct match=True, latency=2.210261512 seconds).
20,460,000,000,000,000 WARNING main_het_teleport_mw_rb_yb_rb_er Starting Mw-to-Er teleportation trial 342 at 20460000000000000.
20,520,000,000,000,000 WARNING main_het_teleport_mw_rb_yb_rb_er Mw-to-Er teleportation trial 342 succeeded (completed=True, direct match=True, latency=8.3669839995 seconds).
20,520,000,000,000,000 WARNING main_het_teleport_mw_rb_yb_rb_er Starting Mw-to-Er teleportation trial 343 at 20520000000000000.
20,580,000,000,000,000 WARNING main_het_teleport_mw_rb_yb_rb_er Mw-to-Er teleportation trial 343 succeeded (completed=True, direct match=True, latency=7.0206501245 seconds).
20,580,000,000,000,000 WARNING main_het_teleport_mw_rb_yb_rb_er Starting Mw-to-Er teleportation trial 344 at 20580000000000000.
20,640,000,000,000,000 WARNING main_het_teleport_mw_rb_yb_rb_er Mw-to-Er teleportation trial 344 failed (completed=True, direct match=False, latency=6.322522187 seconds).
20,640,000,000,000,000 WARNING main_het_teleport_mw_rb_yb_rb_er Starting Mw-to-Er teleportation trial 345 at 20640000000000000.
20,700,000,000,000,000 WARNING main_het_teleport_mw_rb_yb_rb_er Mw-to-Er teleportation trial 345 succeeded (completed=True, direct match=True, latency=3.5128497495 seconds).
20,700,000,000,000,000 WARNING main_het_teleport_mw_rb_yb_rb_er Starting Mw-to-Er teleportation trial 346 at 20700000000000000.
20,760,000,000,000,000 WARNING main_het_teleport_mw_rb_yb_rb_er Mw-to-Er teleportation trial 346 succeeded (completed=True, direct match=True, latency=2.193036937 seconds).
20,760,000,000,000,000 WARNING main_het_teleport_mw_rb_yb_rb_er Starting Mw-to-Er teleportation trial 347 at 20760000000000000.
20,820,000,000,000,000 WARNING main_het_teleport_mw_rb_yb_rb_er Mw-to-Er teleportation trial 347 succeeded (completed=True, direct match=True, latency=5.5245502495 seconds).
20,820,000,000,000,000 WARNING main_het_teleport_mw_rb_yb_rb_er Starting Mw-to-Er teleportation trial 348 at 20820000000000000.
20,880,000,000,000,000 WARNING main_het_teleport_mw_rb_yb_rb_er Mw-to-Er teleportation trial 348 succeeded (completed=True, direct match=True, latency=9.1165939995 seconds).
20,880,000,000,000,000 WARNING main_het_teleport_mw_rb_yb_rb_er Starting Mw-to-Er teleportation trial 349 at 20880000000000000.
20,940,000,000,000,000 WARNING main_het_teleport_mw_rb_yb_rb_er Mw-to-Er teleportation trial 349 failed (completed=True, direct match=False, latency=3.526890312 seconds).
20,940,000,000,000,000 WARNING main_het_teleport_mw_rb_yb_rb_er Starting Mw-to-Er teleportation trial 350 at 20940000000000000.
21,000,000,000,000,000 WARNING main_het_teleport_mw_rb_yb_rb_er Mw-to-Er teleportation trial 350 succeeded (completed=True, direct match=True, latency=0.7858606245 seconds).
21,000,000,000,000,000 WARNING main_het_teleport_mw_rb_yb_rb_er Starting Mw-to-Er teleportation trial 351 at 21000000000000000.
21,060,000,000,000,000 WARNING main_het_teleport_mw_rb_yb_rb_er Mw-to-Er teleportation trial 351 succeeded (completed=True, direct match=True, latency=5.6493552495 seconds).
21,060,000,000,000,000 WARNING main_het_teleport_mw_rb_yb_rb_er Starting Mw-to-Er teleportation trial 352 at 21060000000000000.
21,120,000,000,000,000 WARNING main_het_teleport_mw_rb_yb_rb_er Mw-to-Er teleportation trial 352 succeeded (completed=True, direct match=True, latency=2.8162818745 seconds).
21,120,000,000,000,000 WARNING main_het_teleport_mw_rb_yb_rb_er Starting Mw-to-Er teleportation trial 353 at 21120000000000000.
21,180,000,000,000,000 WARNING main_het_teleport_mw_rb_yb_rb_er Mw-to-Er teleportation trial 353 succeeded (completed=True, direct match=True, latency=4.2156578745 seconds).
21,180,000,000,000,000 WARNING main_het_teleport_mw_rb_yb_rb_er Starting Mw-to-Er teleportation trial 354 at 21180000000000000.
21,240,000,000,000,000 WARNING main_het_teleport_mw_rb_yb_rb_er Mw-to-Er teleportation trial 354 succeeded (completed=True, direct match=True, latency=7.7047374995 seconds).
21,240,000,000,000,000 WARNING main_het_teleport_mw_rb_yb_rb_er Starting Mw-to-Er teleportation trial 355 at 21240000000000000.
21,300,000,000,000,000 WARNING main_het_teleport_mw_rb_yb_rb_er Mw-to-Er teleportation trial 355 succeeded (completed=True, direct match=True, latency=5.610353687 seconds).
21,300,000,000,000,000 WARNING main_het_teleport_mw_rb_yb_rb_er Starting Mw-to-Er teleportation trial 356 at 21300000000000000.
21,360,000,000,000,000 WARNING main_het_teleport_mw_rb_yb_rb_er Mw-to-Er teleportation trial 356 succeeded (completed=True, direct match=True, latency=11.907545687 seconds).
21,360,000,000,000,000 WARNING main_het_teleport_mw_rb_yb_rb_er Starting Mw-to-Er teleportation trial 357 at 21360000000000000.
21,420,000,000,000,000 WARNING main_het_teleport_mw_rb_yb_rb_er Mw-to-Er teleportation trial 357 succeeded (completed=True, direct match=True, latency=10.495689187 seconds).
21,420,000,000,000,000 WARNING main_het_teleport_mw_rb_yb_rb_er Starting Mw-to-Er teleportation trial 358 at 21420000000000000.
21,480,000,000,000,000 WARNING main_het_teleport_mw_rb_yb_rb_er Mw-to-Er teleportation trial 358 succeeded (completed=True, direct match=True, latency=4.242178937 seconds).
21,480,000,000,000,000 WARNING main_het_teleport_mw_rb_yb_rb_er Starting Mw-to-Er teleportation trial 359 at 21480000000000000.
21,540,000,000,000,000 WARNING main_het_teleport_mw_rb_yb_rb_er Mw-to-Er teleportation trial 359 succeeded (completed=True, direct match=True, latency=3.530010437 seconds).
21,540,000,000,000,000 WARNING main_het_teleport_mw_rb_yb_rb_er Starting Mw-to-Er teleportation trial 360 at 21540000000000000.
21,600,000,000,000,000 WARNING main_het_teleport_mw_rb_yb_rb_er Mw-to-Er teleportation trial 360 succeeded (completed=True, direct match=True, latency=2.7257982495 seconds).
21,600,000,000,000,000 WARNING main_het_teleport_mw_rb_yb_rb_er Starting Mw-to-Er teleportation trial 361 at 21600000000000000.
21,660,000,000,000,000 WARNING main_het_teleport_mw_rb_yb_rb_er Mw-to-Er teleportation trial 361 succeeded (completed=True, direct match=True, latency=3.5222101245 seconds).
21,660,000,000,000,000 WARNING main_het_teleport_mw_rb_yb_rb_er Starting Mw-to-Er teleportation trial 362 at 21660000000000000.
21,720,000,000,000,000 WARNING main_het_teleport_mw_rb_yb_rb_er Mw-to-Er teleportation trial 362 succeeded (completed=True, direct match=True, latency=11.9215862495 seconds).
21,720,000,000,000,000 WARNING main_het_teleport_mw_rb_yb_rb_er Starting Mw-to-Er teleportation trial 363 at 21720000000000000.
21,780,000,000,000,000 WARNING main_het_teleport_mw_rb_yb_rb_er Mw-to-Er teleportation trial 363 succeeded (completed=True, direct match=True, latency=1.4418668745 seconds).
21,780,000,000,000,000 WARNING main_het_teleport_mw_rb_yb_rb_er Starting Mw-to-Er teleportation trial 364 at 21780000000000000.
21,840,000,000,000,000 WARNING main_het_teleport_mw_rb_yb_rb_er Mw-to-Er teleportation trial 364 succeeded (completed=True, direct match=True, latency=0.721898062 seconds).
21,840,000,000,000,000 WARNING main_het_teleport_mw_rb_yb_rb_er Starting Mw-to-Er teleportation trial 365 at 21840000000000000.
21,900,000,000,000,000 WARNING main_het_teleport_mw_rb_yb_rb_er Mw-to-Er teleportation trial 365 succeeded (completed=True, direct match=True, latency=3.545611062 seconds).
21,900,000,000,000,000 WARNING main_het_teleport_mw_rb_yb_rb_er Starting Mw-to-Er teleportation trial 366 at 21900000000000000.
21,960,000,000,000,000 WARNING main_het_teleport_mw_rb_yb_rb_er Mw-to-Er teleportation trial 366 succeeded (completed=True, direct match=True, latency=2.780400437 seconds).
21,960,000,000,000,000 WARNING main_het_teleport_mw_rb_yb_rb_er Starting Mw-to-Er teleportation trial 367 at 21960000000000000.
22,020,000,000,000,000 WARNING main_het_teleport_mw_rb_yb_rb_er Mw-to-Er teleportation trial 367 succeeded (completed=True, direct match=True, latency=6.994129062 seconds).
22,020,000,000,000,000 WARNING main_het_teleport_mw_rb_yb_rb_er Starting Mw-to-Er teleportation trial 368 at 22020000000000000.
22,080,000,000,000,000 WARNING main_het_teleport_mw_rb_yb_rb_er Mw-to-Er teleportation trial 368 succeeded (completed=True, direct match=True, latency=12.582272687 seconds).
22,080,000,000,000,000 WARNING main_het_teleport_mw_rb_yb_rb_er Starting Mw-to-Er teleportation trial 369 at 22080000000000000.
22,140,000,000,000,000 WARNING main_het_teleport_mw_rb_yb_rb_er Mw-to-Er teleportation trial 369 succeeded (completed=True, direct match=True, latency=12.6150339995 seconds).
22,140,000,000,000,000 WARNING main_het_teleport_mw_rb_yb_rb_er Starting Mw-to-Er teleportation trial 370 at 22140000000000000.
22,200,000,000,000,000 WARNING main_het_teleport_mw_rb_yb_rb_er Mw-to-Er teleportation trial 370 failed (completed=True, direct match=False, latency=3.520650062 seconds).
22,200,000,000,000,000 WARNING main_het_teleport_mw_rb_yb_rb_er Starting Mw-to-Er teleportation trial 371 at 22200000000000000.
22,260,000,000,000,000 WARNING main_het_teleport_mw_rb_yb_rb_er Mw-to-Er teleportation trial 371 failed (completed=True, direct match=False, latency=4.9184659995 seconds).
22,260,000,000,000,000 WARNING main_het_teleport_mw_rb_yb_rb_er Starting Mw-to-Er teleportation trial 372 at 22260000000000000.
22,320,000,000,000,000 WARNING main_het_teleport_mw_rb_yb_rb_er Mw-to-Er teleportation trial 372 failed (completed=True, direct match=False, latency=2.130634437 seconds).
22,320,000,000,000,000 WARNING main_het_teleport_mw_rb_yb_rb_er Starting Mw-to-Er teleportation trial 373 at 22320000000000000.
22,380,000,000,000,000 WARNING main_het_teleport_mw_rb_yb_rb_er Mw-to-Er teleportation trial 373 succeeded (completed=True, direct match=True, latency=4.8810244995 seconds).
22,380,000,000,000,000 WARNING main_het_teleport_mw_rb_yb_rb_er Starting Mw-to-Er teleportation trial 374 at 22380000000000000.
22,440,000,000,000,000 WARNING main_het_teleport_mw_rb_yb_rb_er Mw-to-Er teleportation trial 374 succeeded (completed=True, direct match=True, latency=1.437186687 seconds).
22,440,000,000,000,000 WARNING main_het_teleport_mw_rb_yb_rb_er Starting Mw-to-Er teleportation trial 375 at 22440000000000000.
22,500,000,000,000,000 WARNING main_het_teleport_mw_rb_yb_rb_er Mw-to-Er teleportation trial 375 succeeded (completed=True, direct match=True, latency=21.003489687 seconds).
22,500,000,000,000,000 WARNING main_het_teleport_mw_rb_yb_rb_er Starting Mw-to-Er teleportation trial 376 at 22500000000000000.
22,560,000,000,000,000 WARNING main_het_teleport_mw_rb_yb_rb_er Mw-to-Er teleportation trial 376 succeeded (completed=True, direct match=True, latency=8.4605877495 seconds).
22,560,000,000,000,000 WARNING main_het_teleport_mw_rb_yb_rb_er Starting Mw-to-Er teleportation trial 377 at 22560000000000000.
22,620,000,000,000,000 WARNING main_het_teleport_mw_rb_yb_rb_er Mw-to-Er teleportation trial 377 succeeded (completed=True, direct match=True, latency=1.371664062 seconds).
22,620,000,000,000,000 WARNING main_het_teleport_mw_rb_yb_rb_er Starting Mw-to-Er teleportation trial 378 at 22620000000000000.
22,680,000,000,000,000 WARNING main_het_teleport_mw_rb_yb_rb_er Mw-to-Er teleportation trial 378 succeeded (completed=True, direct match=True, latency=4.2250182495 seconds).
22,680,000,000,000,000 WARNING main_het_teleport_mw_rb_yb_rb_er Starting Mw-to-Er teleportation trial 379 at 22680000000000000.
22,740,000,000,000,000 WARNING main_het_teleport_mw_rb_yb_rb_er Mw-to-Er teleportation trial 379 succeeded (completed=True, direct match=True, latency=7.6891368745 seconds).
22,740,000,000,000,000 WARNING main_het_teleport_mw_rb_yb_rb_er Starting Mw-to-Er teleportation trial 380 at 22740000000000000.
22,800,000,000,000,000 WARNING main_het_teleport_mw_rb_yb_rb_er Mw-to-Er teleportation trial 380 succeeded (completed=True, direct match=True, latency=4.1844566245 seconds).
22,800,000,000,000,000 WARNING main_het_teleport_mw_rb_yb_rb_er Starting Mw-to-Er teleportation trial 381 at 22800000000000000.
22,860,000,000,000,000 WARNING main_het_teleport_mw_rb_yb_rb_er Mw-to-Er teleportation trial 381 succeeded (completed=True, direct match=True, latency=4.201617312 seconds).
22,860,000,000,000,000 WARNING main_het_teleport_mw_rb_yb_rb_er Starting Mw-to-Er teleportation trial 382 at 22860000000000000.
22,920,000,000,000,000 WARNING main_het_teleport_mw_rb_yb_rb_er Mw-to-Er teleportation trial 382 succeeded (completed=True, direct match=True, latency=1.937186687 seconds).
22,920,000,000,000,000 WARNING main_het_teleport_mw_rb_yb_rb_er Starting Mw-to-Er teleportation trial 383 at 22920000000000000.
22,980,000,000,000,000 WARNING main_het_teleport_mw_rb_yb_rb_er Mw-to-Er teleportation trial 383 succeeded (completed=True, direct match=True, latency=9.130634562 seconds).
22,980,000,000,000,000 WARNING main_het_teleport_mw_rb_yb_rb_er Starting Mw-to-Er teleportation trial 384 at 22980000000000000.
23,040,000,000,000,000 WARNING main_het_teleport_mw_rb_yb_rb_er Mw-to-Er teleportation trial 384 succeeded (completed=True, direct match=True, latency=2.1290743745 seconds).
23,040,000,000,000,000 WARNING main_het_teleport_mw_rb_yb_rb_er Starting Mw-to-Er teleportation trial 385 at 23040000000000000.
23,100,000,000,000,000 WARNING main_het_teleport_mw_rb_yb_rb_er Mw-to-Er teleportation trial 385 failed (completed=True, direct match=False, latency=2.8350026245 seconds).
23,100,000,000,000,000 WARNING main_het_teleport_mw_rb_yb_rb_er Starting Mw-to-Er teleportation trial 386 at 23100000000000000.
23,160,000,000,000,000 WARNING main_het_teleport_mw_rb_yb_rb_er Mw-to-Er teleportation trial 386 succeeded (completed=True, direct match=True, latency=9.111913812 seconds).
23,160,000,000,000,000 WARNING main_het_teleport_mw_rb_yb_rb_er Starting Mw-to-Er teleportation trial 387 at 23160000000000000.
23,220,000,000,000,000 WARNING main_het_teleport_mw_rb_yb_rb_er Mw-to-Er teleportation trial 387 failed (completed=True, direct match=False, latency=14.7078577495 seconds).
23,220,000,000,000,000 WARNING main_het_teleport_mw_rb_yb_rb_er Starting Mw-to-Er teleportation trial 388 at 23220000000000000.
23,280,000,000,000,000 WARNING main_het_teleport_mw_rb_yb_rb_er Mw-to-Er teleportation trial 388 succeeded (completed=True, direct match=True, latency=2.136874687 seconds).
23,280,000,000,000,000 WARNING main_het_teleport_mw_rb_yb_rb_er Starting Mw-to-Er teleportation trial 389 at 23280000000000000.
23,340,000,000,000,000 WARNING main_het_teleport_mw_rb_yb_rb_er Mw-to-Er teleportation trial 389 succeeded (completed=True, direct match=True, latency=3.520650062 seconds).
23,340,000,000,000,000 WARNING main_het_teleport_mw_rb_yb_rb_er Starting Mw-to-Er teleportation trial 390 at 23340000000000000.
23,400,000,000,000,000 WARNING main_het_teleport_mw_rb_yb_rb_er Mw-to-Er teleportation trial 390 succeeded (completed=True, direct match=True, latency=8.402865437 seconds).
23,400,000,000,000,000 WARNING main_het_teleport_mw_rb_yb_rb_er Starting Mw-to-Er teleportation trial 391 at 23400000000000000.
23,460,000,000,000,000 WARNING main_het_teleport_mw_rb_yb_rb_er Mw-to-Er teleportation trial 391 failed (completed=True, direct match=False, latency=5.644675062 seconds).
23,460,000,000,000,000 WARNING main_het_teleport_mw_rb_yb_rb_er Starting Mw-to-Er teleportation trial 392 at 23460000000000000.
23,520,000,000,000,000 WARNING main_het_teleport_mw_rb_yb_rb_er Mw-to-Er teleportation trial 392 succeeded (completed=True, direct match=True, latency=0.790540812 seconds).
23,520,000,000,000,000 WARNING main_het_teleport_mw_rb_yb_rb_er Starting Mw-to-Er teleportation trial 393 at 23520000000000000.
23,580,000,000,000,000 WARNING main_het_teleport_mw_rb_yb_rb_er Mw-to-Er teleportation trial 393 succeeded (completed=True, direct match=True, latency=4.1906968745 seconds).
23,580,000,000,000,000 WARNING main_het_teleport_mw_rb_yb_rb_er Starting Mw-to-Er teleportation trial 394 at 23580000000000000.
23,640,000,000,000,000 WARNING main_het_teleport_mw_rb_yb_rb_er Mw-to-Er teleportation trial 394 succeeded (completed=True, direct match=True, latency=2.8194019995 seconds).
23,640,000,000,000,000 WARNING main_het_teleport_mw_rb_yb_rb_er Starting Mw-to-Er teleportation trial 395 at 23640000000000000.
23,700,000,000,000,000 WARNING main_het_teleport_mw_rb_yb_rb_er Mw-to-Er teleportation trial 395 succeeded (completed=True, direct match=True, latency=3.514409812 seconds).
23,700,000,000,000,000 WARNING main_het_teleport_mw_rb_yb_rb_er Starting Mw-to-Er teleportation trial 396 at 23700000000000000.
23,760,000,000,000,000 WARNING main_het_teleport_mw_rb_yb_rb_er Mw-to-Er teleportation trial 396 succeeded (completed=True, direct match=True, latency=2.000367212 seconds).
23,760,000,000,000,000 WARNING main_het_teleport_mw_rb_yb_rb_er Starting Mw-to-Er teleportation trial 397 at 23760000000000000.
23,820,000,000,000,000 WARNING main_het_teleport_mw_rb_yb_rb_er Mw-to-Er teleportation trial 397 succeeded (completed=True, direct match=True, latency=0.7445652745 seconds).
23,820,000,000,000,000 WARNING main_het_teleport_mw_rb_yb_rb_er Starting Mw-to-Er teleportation trial 398 at 23820000000000000.
23,880,000,000,000,000 WARNING main_het_teleport_mw_rb_yb_rb_er Mw-to-Er teleportation trial 398 succeeded (completed=True, direct match=True, latency=5.582272562 seconds).
23,880,000,000,000,000 WARNING main_het_teleport_mw_rb_yb_rb_er Starting Mw-to-Er teleportation trial 399 at 23880000000000000.
23,940,000,000,000,000 WARNING main_het_teleport_mw_rb_yb_rb_er Mw-to-Er teleportation trial 399 succeeded (completed=True, direct match=True, latency=8.4106657495 seconds).
23,940,000,000,000,000 WARNING main_het_teleport_mw_rb_yb_rb_er Starting Mw-to-Er teleportation trial 400 at 23940000000000000.
24,000,000,000,000,000 WARNING main_het_teleport_mw_rb_yb_rb_er Mw-to-Er teleportation trial 400 succeeded (completed=True, direct match=True, latency=9.090072937 seconds).
24,000,000,000,000,000 WARNING main_het_teleport_mw_rb_yb_rb_er Starting Mw-to-Er teleportation trial 401 at 24000000000000000.
24,060,000,000,000,000 WARNING main_het_teleport_mw_rb_yb_rb_er Mw-to-Er teleportation trial 401 succeeded (completed=True, direct match=True, latency=11.2156579995 seconds).
24,060,000,000,000,000 WARNING main_het_teleport_mw_rb_yb_rb_er Starting Mw-to-Er teleportation trial 402 at 24060000000000000.
24,120,000,000,000,000 WARNING main_het_teleport_mw_rb_yb_rb_er Mw-to-Er teleportation trial 402 succeeded (completed=True, direct match=True, latency=2.805361437 seconds).
24,120,000,000,000,000 WARNING main_het_teleport_mw_rb_yb_rb_er Starting Mw-to-Er teleportation trial 403 at 24120000000000000.
24,180,000,000,000,000 WARNING main_het_teleport_mw_rb_yb_rb_er Mw-to-Er teleportation trial 403 succeeded (completed=True, direct match=True, latency=3.508169562 seconds).
24,180,000,000,000,000 WARNING main_het_teleport_mw_rb_yb_rb_er Starting Mw-to-Er teleportation trial 404 at 24180000000000000.
24,240,000,000,000,000 WARNING main_het_teleport_mw_rb_yb_rb_er Mw-to-Er teleportation trial 404 succeeded (completed=True, direct match=True, latency=5.610353687 seconds).
24,240,000,000,000,000 WARNING main_het_teleport_mw_rb_yb_rb_er Starting Mw-to-Er teleportation trial 405 at 24240000000000000.
24,300,000,000,000,000 WARNING main_het_teleport_mw_rb_yb_rb_er Mw-to-Er teleportation trial 405 succeeded (completed=True, direct match=True, latency=8.4231462495 seconds).
24,300,000,000,000,000 WARNING main_het_teleport_mw_rb_yb_rb_er Starting Mw-to-Er teleportation trial 406 at 24300000000000000.
24,360,000,000,000,000 WARNING main_het_teleport_mw_rb_yb_rb_er Mw-to-Er teleportation trial 406 succeeded (completed=True, direct match=True, latency=2.2086864495 seconds).
24,360,000,000,000,000 WARNING main_het_teleport_mw_rb_yb_rb_er Starting Mw-to-Er teleportation trial 407 at 24360000000000000.
24,420,000,000,000,000 WARNING main_het_teleport_mw_rb_yb_rb_er Mw-to-Er teleportation trial 407 succeeded (completed=True, direct match=True, latency=7.712712812 seconds).
24,420,000,000,000,000 WARNING main_het_teleport_mw_rb_yb_rb_er Starting Mw-to-Er teleportation trial 408 at 24420000000000000.
24,480,000,000,000,000 WARNING main_het_teleport_mw_rb_yb_rb_er Mw-to-Er teleportation trial 408 succeeded (completed=True, direct match=True, latency=4.9184659995 seconds).
24,480,000,000,000,000 WARNING main_het_teleport_mw_rb_yb_rb_er Starting Mw-to-Er teleportation trial 409 at 24480000000000000.
24,540,000,000,000,000 WARNING main_het_teleport_mw_rb_yb_rb_er Mw-to-Er teleportation trial 409 succeeded (completed=True, direct match=True, latency=10.589292937 seconds).
24,540,000,000,000,000 WARNING main_het_teleport_mw_rb_yb_rb_er Starting Mw-to-Er teleportation trial 410 at 24540000000000000.
24,600,000,000,000,000 WARNING main_het_teleport_mw_rb_yb_rb_er Mw-to-Er teleportation trial 410 succeeded (completed=True, direct match=True, latency=2.068231937 seconds).
24,600,000,000,000,000 WARNING main_het_teleport_mw_rb_yb_rb_er Starting Mw-to-Er teleportation trial 411 at 24600000000000000.
24,660,000,000,000,000 WARNING main_het_teleport_mw_rb_yb_rb_er Mw-to-Er teleportation trial 411 succeeded (completed=True, direct match=True, latency=4.9247062495 seconds).
24,660,000,000,000,000 WARNING main_het_teleport_mw_rb_yb_rb_er Starting Mw-to-Er teleportation trial 412 at 24660000000000000.
24,720,000,000,000,000 WARNING main_het_teleport_mw_rb_yb_rb_er Mw-to-Er teleportation trial 412 failed (completed=True, direct match=False, latency=6.2710401245 seconds).
24,720,000,000,000,000 WARNING main_het_teleport_mw_rb_yb_rb_er Starting Mw-to-Er teleportation trial 413 at 24720000000000000.
24,780,000,000,000,000 WARNING main_het_teleport_mw_rb_yb_rb_er Mw-to-Er teleportation trial 413 succeeded (completed=True, direct match=True, latency=3.664214062 seconds).
24,780,000,000,000,000 WARNING main_het_teleport_mw_rb_yb_rb_er Starting Mw-to-Er teleportation trial 414 at 24780000000000000.
24,840,000,000,000,000 WARNING main_het_teleport_mw_rb_yb_rb_er Mw-to-Er teleportation trial 414 succeeded (completed=True, direct match=True, latency=2.1867553995 seconds).
24,840,000,000,000,000 WARNING main_het_teleport_mw_rb_yb_rb_er Starting Mw-to-Er teleportation trial 415 at 24840000000000000.
24,900,000,000,000,000 WARNING main_het_teleport_mw_rb_yb_rb_er Mw-to-Er teleportation trial 415 succeeded (completed=True, direct match=True, latency=7.7047374995 seconds).
24,900,000,000,000,000 WARNING main_het_teleport_mw_rb_yb_rb_er Starting Mw-to-Er teleportation trial 416 at 24900000000000000.
24,960,000,000,000,000 WARNING main_het_teleport_mw_rb_yb_rb_er Mw-to-Er teleportation trial 416 failed (completed=True, direct match=False, latency=6.3240822495 seconds).
24,960,000,000,000,000 WARNING main_het_teleport_mw_rb_yb_rb_er Starting Mw-to-Er teleportation trial 417 at 24960000000000000.
25,020,000,000,000,000 WARNING main_het_teleport_mw_rb_yb_rb_er Mw-to-Er teleportation trial 417 failed (completed=True, direct match=False, latency=8.3981852495 seconds).
25,020,000,000,000,000 WARNING main_het_teleport_mw_rb_yb_rb_er Starting Mw-to-Er teleportation trial 418 at 25020000000000000.
25,080,000,000,000,000 WARNING main_het_teleport_mw_rb_yb_rb_er Mw-to-Er teleportation trial 418 succeeded (completed=True, direct match=True, latency=10.505049562 seconds).
25,080,000,000,000,000 WARNING main_het_teleport_mw_rb_yb_rb_er Starting Mw-to-Er teleportation trial 419 at 25080000000000000.
25,140,000,000,000,000 WARNING main_het_teleport_mw_rb_yb_rb_er Mw-to-Er teleportation trial 419 succeeded (completed=True, direct match=True, latency=7.725018312 seconds).
25,140,000,000,000,000 WARNING main_het_teleport_mw_rb_yb_rb_er Starting Mw-to-Er teleportation trial 420 at 25140000000000000.
25,200,000,000,000,000 WARNING main_het_teleport_mw_rb_yb_rb_er Mw-to-Er teleportation trial 420 succeeded (completed=True, direct match=True, latency=4.935626687 seconds).
25,200,000,000,000,000 WARNING main_het_teleport_mw_rb_yb_rb_er Starting Mw-to-Er teleportation trial 421 at 25200000000000000.
25,260,000,000,000,000 WARNING main_het_teleport_mw_rb_yb_rb_er Mw-to-Er teleportation trial 421 succeeded (completed=True, direct match=True, latency=4.904425437 seconds).
25,260,000,000,000,000 WARNING main_het_teleport_mw_rb_yb_rb_er Starting Mw-to-Er teleportation trial 422 at 25260000000000000.
25,320,000,000,000,000 WARNING main_het_teleport_mw_rb_yb_rb_er Mw-to-Er teleportation trial 422 succeeded (completed=True, direct match=True, latency=2.1353146245 seconds).
25,320,000,000,000,000 WARNING main_het_teleport_mw_rb_yb_rb_er Starting Mw-to-Er teleportation trial 423 at 25320000000000000.
25,380,000,000,000,000 WARNING main_het_teleport_mw_rb_yb_rb_er Mw-to-Er teleportation trial 423 succeeded (completed=True, direct match=True, latency=9.824082312 seconds).
25,380,000,000,000,000 WARNING main_het_teleport_mw_rb_yb_rb_er Starting Mw-to-Er teleportation trial 424 at 25380000000000000.
25,440,000,000,000,000 WARNING main_het_teleport_mw_rb_yb_rb_er Mw-to-Er teleportation trial 424 succeeded (completed=True, direct match=True, latency=4.2125377495 seconds).
25,440,000,000,000,000 WARNING main_het_teleport_mw_rb_yb_rb_er Starting Mw-to-Er teleportation trial 425 at 25440000000000000.
25,500,000,000,000,000 WARNING main_het_teleport_mw_rb_yb_rb_er Mw-to-Er teleportation trial 425 failed (completed=True, direct match=False, latency=3.5284503745 seconds).
25,500,000,000,000,000 WARNING main_het_teleport_mw_rb_yb_rb_er Starting Mw-to-Er teleportation trial 426 at 25500000000000000.
25,560,000,000,000,000 WARNING main_het_teleport_mw_rb_yb_rb_er Mw-to-Er teleportation trial 426 failed (completed=True, direct match=False, latency=6.3927249995 seconds).
25,560,000,000,000,000 WARNING main_het_teleport_mw_rb_yb_rb_er Starting Mw-to-Er teleportation trial 427 at 25560000000000000.
25,620,000,000,000,000 WARNING main_het_teleport_mw_rb_yb_rb_er Mw-to-Er teleportation trial 427 succeeded (completed=True, direct match=True, latency=2.134381387 seconds).
25,620,000,000,000,000 WARNING main_het_teleport_mw_rb_yb_rb_er Starting Mw-to-Er teleportation trial 428 at 25620000000000000.
25,680,000,000,000,000 WARNING main_het_teleport_mw_rb_yb_rb_er Mw-to-Er teleportation trial 428 succeeded (completed=True, direct match=True, latency=3.5378107495 seconds).
25,680,000,000,000,000 WARNING main_het_teleport_mw_rb_yb_rb_er Starting Mw-to-Er teleportation trial 429 at 25680000000000000.
25,740,000,000,000,000 WARNING main_het_teleport_mw_rb_yb_rb_er Mw-to-Er teleportation trial 429 succeeded (completed=True, direct match=True, latency=4.913785812 seconds).
25,740,000,000,000,000 WARNING main_het_teleport_mw_rb_yb_rb_er Starting Mw-to-Er teleportation trial 430 at 25740000000000000.
25,800,000,000,000,000 WARNING main_het_teleport_mw_rb_yb_rb_er Mw-to-Er teleportation trial 430 succeeded (completed=True, direct match=True, latency=5.132005512 seconds).
25,800,000,000,000,000 WARNING main_het_teleport_mw_rb_yb_rb_er Starting Mw-to-Er teleportation trial 431 at 25800000000000000.
25,860,000,000,000,000 WARNING main_het_teleport_mw_rb_yb_rb_er Mw-to-Er teleportation trial 431 succeeded (completed=True, direct match=True, latency=2.8786843745 seconds).
25,860,000,000,000,000 WARNING main_het_teleport_mw_rb_yb_rb_er Starting Mw-to-Er teleportation trial 432 at 25860000000000000.
25,920,000,000,000,000 WARNING main_het_teleport_mw_rb_yb_rb_er Mw-to-Er teleportation trial 432 succeeded (completed=True, direct match=True, latency=2.1775005745 seconds).
25,920,000,000,000,000 WARNING main_het_teleport_mw_rb_yb_rb_er Starting Mw-to-Er teleportation trial 433 at 25920000000000000.
25,980,000,000,000,000 WARNING main_het_teleport_mw_rb_yb_rb_er Mw-to-Er teleportation trial 433 succeeded (completed=True, direct match=True, latency=4.9215861245 seconds).
25,980,000,000,000,000 WARNING main_het_teleport_mw_rb_yb_rb_er Starting Mw-to-Er teleportation trial 434 at 25980000000000000.
26,040,000,000,000,000 WARNING main_het_teleport_mw_rb_yb_rb_er Mw-to-Er teleportation trial 434 failed (completed=True, direct match=False, latency=6.3459231245 seconds).
26,040,000,000,000,000 WARNING main_het_teleport_mw_rb_yb_rb_er Starting Mw-to-Er teleportation trial 435 at 26040000000000000.
26,100,000,000,000,000 WARNING main_het_teleport_mw_rb_yb_rb_er Mw-to-Er teleportation trial 435 failed (completed=True, direct match=False, latency=5.507389562 seconds).
26,100,000,000,000,000 WARNING main_het_teleport_mw_rb_yb_rb_er Starting Mw-to-Er teleportation trial 436 at 26100000000000000.
26,160,000,000,000,000 WARNING main_het_teleport_mw_rb_yb_rb_er Mw-to-Er teleportation trial 436 succeeded (completed=True, direct match=True, latency=4.282740562 seconds).
26,160,000,000,000,000 WARNING main_het_teleport_mw_rb_yb_rb_er Starting Mw-to-Er teleportation trial 437 at 26160000000000000.
26,220,000,000,000,000 WARNING main_het_teleport_mw_rb_yb_rb_er Mw-to-Er teleportation trial 437 succeeded (completed=True, direct match=True, latency=6.3178419995 seconds).
26,220,000,000,000,000 WARNING main_het_teleport_mw_rb_yb_rb_er Starting Mw-to-Er teleportation trial 438 at 26220000000000000.
26,280,000,000,000,000 WARNING main_het_teleport_mw_rb_yb_rb_er Mw-to-Er teleportation trial 438 succeeded (completed=True, direct match=True, latency=1.530216787 seconds).
26,280,000,000,000,000 WARNING main_het_teleport_mw_rb_yb_rb_er Starting Mw-to-Er teleportation trial 439 at 26280000000000000.
26,340,000,000,000,000 WARNING main_het_teleport_mw_rb_yb_rb_er Mw-to-Er teleportation trial 439 succeeded (completed=True, direct match=True, latency=1.278060312 seconds).
26,340,000,000,000,000 WARNING main_het_teleport_mw_rb_yb_rb_er Starting Mw-to-Er teleportation trial 440 at 26340000000000000.
26,400,000,000,000,000 WARNING main_het_teleport_mw_rb_yb_rb_er Mw-to-Er teleportation trial 440 succeeded (completed=True, direct match=True, latency=4.2187779995 seconds).
26,400,000,000,000,000 WARNING main_het_teleport_mw_rb_yb_rb_er Starting Mw-to-Er teleportation trial 441 at 26400000000000000.
26,460,000,000,000,000 WARNING main_het_teleport_mw_rb_yb_rb_er Mw-to-Er teleportation trial 441 succeeded (completed=True, direct match=True, latency=4.210977687 seconds).
26,460,000,000,000,000 WARNING main_het_teleport_mw_rb_yb_rb_er Starting Mw-to-Er teleportation trial 442 at 26460000000000000.
26,520,000,000,000,000 WARNING main_het_teleport_mw_rb_yb_rb_er Mw-to-Er teleportation trial 442 succeeded (completed=True, direct match=True, latency=3.526890312 seconds).
26,520,000,000,000,000 WARNING main_het_teleport_mw_rb_yb_rb_er Starting Mw-to-Er teleportation trial 443 at 26520000000000000.
26,580,000,000,000,000 WARNING main_het_teleport_mw_rb_yb_rb_er Mw-to-Er teleportation trial 443 succeeded (completed=True, direct match=True, latency=2.820962062 seconds).
26,580,000,000,000,000 WARNING main_het_teleport_mw_rb_yb_rb_er Starting Mw-to-Er teleportation trial 444 at 26580000000000000.
26,640,000,000,000,000 WARNING main_het_teleport_mw_rb_yb_rb_er Mw-to-Er teleportation trial 444 failed (completed=True, direct match=False, latency=1.421586062 seconds).
26,640,000,000,000,000 WARNING main_het_teleport_mw_rb_yb_rb_er Starting Mw-to-Er teleportation trial 445 at 26640000000000000.
26,700,000,000,000,000 WARNING main_het_teleport_mw_rb_yb_rb_er Mw-to-Er teleportation trial 445 succeeded (completed=True, direct match=True, latency=7.015969937 seconds).
26,700,000,000,000,000 WARNING main_het_teleport_mw_rb_yb_rb_er Starting Mw-to-Er teleportation trial 446 at 26700000000000000.
26,760,000,000,000,000 WARNING main_het_teleport_mw_rb_yb_rb_er Mw-to-Er teleportation trial 446 succeeded (completed=True, direct match=True, latency=9.217998062 seconds).
26,760,000,000,000,000 WARNING main_het_teleport_mw_rb_yb_rb_er Starting Mw-to-Er teleportation trial 447 at 26760000000000000.
26,820,000,000,000,000 WARNING main_het_teleport_mw_rb_yb_rb_er Mw-to-Er teleportation trial 447 succeeded (completed=True, direct match=True, latency=10.4379668745 seconds).
26,820,000,000,000,000 WARNING main_het_teleport_mw_rb_yb_rb_er Starting Mw-to-Er teleportation trial 448 at 26820000000000000.
26,880,000,000,000,000 WARNING main_het_teleport_mw_rb_yb_rb_er Mw-to-Er teleportation trial 448 succeeded (completed=True, direct match=True, latency=5.569792062 seconds).
26,880,000,000,000,000 WARNING main_het_teleport_mw_rb_yb_rb_er Starting Mw-to-Er teleportation trial 449 at 26880000000000000.
26,940,000,000,000,000 WARNING main_het_teleport_mw_rb_yb_rb_er Mw-to-Er teleportation trial 449 failed (completed=True, direct match=False, latency=1.4970785745 seconds).
26,940,000,000,000,000 WARNING main_het_teleport_mw_rb_yb_rb_er Starting Mw-to-Er teleportation trial 450 at 26940000000000000.
27,000,000,000,000,000 WARNING main_het_teleport_mw_rb_yb_rb_er Mw-to-Er teleportation trial 450 succeeded (completed=True, direct match=True, latency=2.049511187 seconds).
27,000,000,000,000,000 WARNING main_het_teleport_mw_rb_yb_rb_er Starting Mw-to-Er teleportation trial 451 at 27000000000000000.
27,060,000,000,000,000 WARNING main_het_teleport_mw_rb_yb_rb_er Mw-to-Er teleportation trial 451 succeeded (completed=True, direct match=True, latency=2.7445189995 seconds).
27,060,000,000,000,000 WARNING main_het_teleport_mw_rb_yb_rb_er Starting Mw-to-Er teleportation trial 452 at 27060000000000000.
27,120,000,000,000,000 WARNING main_het_teleport_mw_rb_yb_rb_er Mw-to-Er teleportation trial 452 succeeded (completed=True, direct match=True, latency=4.1938169995 seconds).
27,120,000,000,000,000 WARNING main_het_teleport_mw_rb_yb_rb_er Starting Mw-to-Er teleportation trial 453 at 27120000000000000.
27,180,000,000,000,000 WARNING main_het_teleport_mw_rb_yb_rb_er Mw-to-Er teleportation trial 453 succeeded (completed=True, direct match=True, latency=4.2562194995 seconds).
27,180,000,000,000,000 WARNING main_het_teleport_mw_rb_yb_rb_er Starting Mw-to-Er teleportation trial 454 at 27180000000000000.
27,240,000,000,000,000 WARNING main_het_teleport_mw_rb_yb_rb_er Mw-to-Er teleportation trial 454 succeeded (completed=True, direct match=True, latency=3.554971437 seconds).
27,240,000,000,000,000 WARNING main_het_teleport_mw_rb_yb_rb_er Starting Mw-to-Er teleportation trial 455 at 27240000000000000.
27,300,000,000,000,000 WARNING main_het_teleport_mw_rb_yb_rb_er Mw-to-Er teleportation trial 455 succeeded (completed=True, direct match=True, latency=2.2585387745 seconds).
27,300,000,000,000,000 WARNING main_het_teleport_mw_rb_yb_rb_er Starting Mw-to-Er teleportation trial 456 at 27300000000000000.
27,360,000,000,000,000 WARNING main_het_teleport_mw_rb_yb_rb_er Mw-to-Er teleportation trial 456 succeeded (completed=True, direct match=True, latency=8.384144687 seconds).
27,360,000,000,000,000 WARNING main_het_teleport_mw_rb_yb_rb_er Starting Mw-to-Er teleportation trial 457 at 27360000000000000.
27,420,000,000,000,000 WARNING main_het_teleport_mw_rb_yb_rb_er Mw-to-Er teleportation trial 457 succeeded (completed=True, direct match=True, latency=4.8997452495 seconds).
27,420,000,000,000,000 WARNING main_het_teleport_mw_rb_yb_rb_er Starting Mw-to-Er teleportation trial 458 at 27420000000000000.
27,480,000,000,000,000 WARNING main_het_teleport_mw_rb_yb_rb_er Mw-to-Er teleportation trial 458 succeeded (completed=True, direct match=True, latency=5.6431149995 seconds).
27,480,000,000,000,000 WARNING main_het_teleport_mw_rb_yb_rb_er Starting Mw-to-Er teleportation trial 459 at 27480000000000000.
27,540,000,000,000,000 WARNING main_het_teleport_mw_rb_yb_rb_er Mw-to-Er teleportation trial 459 succeeded (completed=True, direct match=True, latency=15.4137859995 seconds).
27,540,000,000,000,000 WARNING main_het_teleport_mw_rb_yb_rb_er Starting Mw-to-Er teleportation trial 460 at 27540000000000000.
27,600,000,000,000,000 WARNING main_het_teleport_mw_rb_yb_rb_er Mw-to-Er teleportation trial 460 succeeded (completed=True, direct match=True, latency=3.603006862 seconds).
27,600,000,000,000,000 WARNING main_het_teleport_mw_rb_yb_rb_er Starting Mw-to-Er teleportation trial 461 at 27600000000000000.
27,660,000,000,000,000 WARNING main_het_teleport_mw_rb_yb_rb_er Mw-to-Er teleportation trial 461 succeeded (completed=True, direct match=True, latency=5.6150338745 seconds).
27,660,000,000,000,000 WARNING main_het_teleport_mw_rb_yb_rb_er Starting Mw-to-Er teleportation trial 462 at 27660000000000000.
27,720,000,000,000,000 WARNING main_het_teleport_mw_rb_yb_rb_er Mw-to-Er teleportation trial 462 succeeded (completed=True, direct match=True, latency=3.436406687 seconds).
27,720,000,000,000,000 WARNING main_het_teleport_mw_rb_yb_rb_er Starting Mw-to-Er teleportation trial 463 at 27720000000000000.
27,780,000,000,000,000 WARNING main_het_teleport_mw_rb_yb_rb_er Mw-to-Er teleportation trial 463 succeeded (completed=True, direct match=True, latency=2.115033812 seconds).
27,780,000,000,000,000 WARNING main_het_teleport_mw_rb_yb_rb_er Starting Mw-to-Er teleportation trial 464 at 27780000000000000.
27,840,000,000,000,000 WARNING main_het_teleport_mw_rb_yb_rb_er Mw-to-Er teleportation trial 464 succeeded (completed=True, direct match=True, latency=1.400983837 seconds).
27,840,000,000,000,000 WARNING main_het_teleport_mw_rb_yb_rb_er Starting Mw-to-Er teleportation trial 465 at 27840000000000000.
27,900,000,000,000,000 WARNING main_het_teleport_mw_rb_yb_rb_er Mw-to-Er teleportation trial 465 succeeded (completed=True, direct match=True, latency=0.7447500245 seconds).
27,900,000,000,000,000 WARNING main_het_teleport_mw_rb_yb_rb_er Starting Mw-to-Er teleportation trial 466 at 27900000000000000.
27,960,000,000,000,000 WARNING main_het_teleport_mw_rb_yb_rb_er Mw-to-Er teleportation trial 466 failed (completed=True, direct match=False, latency=6.2679199995 seconds).
27,960,000,000,000,000 WARNING main_het_teleport_mw_rb_yb_rb_er Starting Mw-to-Er teleportation trial 467 at 27960000000000000.
28,020,000,000,000,000 WARNING main_het_teleport_mw_rb_yb_rb_er Mw-to-Er teleportation trial 467 succeeded (completed=True, direct match=True, latency=3.5558812245 seconds).
28,020,000,000,000,000 WARNING main_het_teleport_mw_rb_yb_rb_er Starting Mw-to-Er teleportation trial 468 at 28020000000000000.
28,080,000,000,000,000 WARNING main_het_teleport_mw_rb_yb_rb_er Mw-to-Er teleportation trial 468 succeeded (completed=True, direct match=True, latency=4.2031773745 seconds).
28,080,000,000,000,000 WARNING main_het_teleport_mw_rb_yb_rb_er Starting Mw-to-Er teleportation trial 469 at 28080000000000000.
28,140,000,000,000,000 WARNING main_het_teleport_mw_rb_yb_rb_er Mw-to-Er teleportation trial 469 succeeded (completed=True, direct match=True, latency=2.8818044995 seconds).
28,140,000,000,000,000 WARNING main_het_teleport_mw_rb_yb_rb_er Starting Mw-to-Er teleportation trial 470 at 28140000000000000.
28,200,000,000,000,000 WARNING main_het_teleport_mw_rb_yb_rb_er Mw-to-Er teleportation trial 470 succeeded (completed=True, direct match=True, latency=6.328762437 seconds).
28,200,000,000,000,000 WARNING main_het_teleport_mw_rb_yb_rb_er Starting Mw-to-Er teleportation trial 471 at 28200000000000000.
28,260,000,000,000,000 WARNING main_het_teleport_mw_rb_yb_rb_er Mw-to-Er teleportation trial 471 failed (completed=True, direct match=False, latency=9.1103537495 seconds).
28,260,000,000,000,000 WARNING main_het_teleport_mw_rb_yb_rb_er Starting Mw-to-Er teleportation trial 472 at 28260000000000000.
28,320,000,000,000,000 WARNING main_het_teleport_mw_rb_yb_rb_er Mw-to-Er teleportation trial 472 succeeded (completed=True, direct match=True, latency=5.619714062 seconds).
28,320,000,000,000,000 WARNING main_het_teleport_mw_rb_yb_rb_er Starting Mw-to-Er teleportation trial 473 at 28320000000000000.
28,380,000,000,000,000 WARNING main_het_teleport_mw_rb_yb_rb_er Mw-to-Er teleportation trial 473 succeeded (completed=True, direct match=True, latency=7.012849812 seconds).
28,380,000,000,000,000 WARNING main_het_teleport_mw_rb_yb_rb_er Starting Mw-to-Er teleportation trial 474 at 28380000000000000.
28,440,000,000,000,000 WARNING main_het_teleport_mw_rb_yb_rb_er Mw-to-Er teleportation trial 474 succeeded (completed=True, direct match=True, latency=2.7788403745 seconds).
28,440,000,000,000,000 WARNING main_het_teleport_mw_rb_yb_rb_er Starting Mw-to-Er teleportation trial 475 at 28440000000000000.
28,500,000,000,000,000 WARNING main_het_teleport_mw_rb_yb_rb_er Mw-to-Er teleportation trial 475 succeeded (completed=True, direct match=True, latency=4.2312584995 seconds).
28,500,000,000,000,000 WARNING main_het_teleport_mw_rb_yb_rb_er Starting Mw-to-Er teleportation trial 476 at 28500000000000000.
28,560,000,000,000,000 WARNING main_het_teleport_mw_rb_yb_rb_er Mw-to-Er teleportation trial 476 succeeded (completed=True, direct match=True, latency=8.3981852495 seconds).
28,560,000,000,000,000 WARNING main_het_teleport_mw_rb_yb_rb_er Starting Mw-to-Er teleportation trial 477 at 28560000000000000.
28,620,000,000,000,000 WARNING main_het_teleport_mw_rb_yb_rb_er Mw-to-Er teleportation trial 477 failed (completed=True, direct match=False, latency=4.2343786245 seconds).
28,620,000,000,000,000 WARNING main_het_teleport_mw_rb_yb_rb_er Starting Mw-to-Er teleportation trial 478 at 28620000000000000.
28,680,000,000,000,000 WARNING main_het_teleport_mw_rb_yb_rb_er Mw-to-Er teleportation trial 478 succeeded (completed=True, direct match=True, latency=6.3989652495 seconds).
28,680,000,000,000,000 WARNING main_het_teleport_mw_rb_yb_rb_er Starting Mw-to-Er teleportation trial 479 at 28680000000000000.
28,740,000,000,000,000 WARNING main_het_teleport_mw_rb_yb_rb_er Mw-to-Er teleportation trial 479 failed (completed=True, direct match=False, latency=3.408325562 seconds).
28,740,000,000,000,000 WARNING main_het_teleport_mw_rb_yb_rb_er Starting Mw-to-Er teleportation trial 480 at 28740000000000000.
28,800,000,000,000,000 WARNING main_het_teleport_mw_rb_yb_rb_er Mw-to-Er teleportation trial 480 failed (completed=True, direct match=False, latency=4.2000572495 seconds).
28,800,000,000,000,000 WARNING main_het_teleport_mw_rb_yb_rb_er Starting Mw-to-Er teleportation trial 481 at 28800000000000000.
28,860,000,000,000,000 WARNING main_het_teleport_mw_rb_yb_rb_er Mw-to-Er teleportation trial 481 succeeded (completed=True, direct match=True, latency=6.350603312 seconds).
28,860,000,000,000,000 WARNING main_het_teleport_mw_rb_yb_rb_er Starting Mw-to-Er teleportation trial 482 at 28860000000000000.
28,920,000,000,000,000 WARNING main_het_teleport_mw_rb_yb_rb_er Mw-to-Er teleportation trial 482 succeeded (completed=True, direct match=True, latency=2.068231937 seconds).
28,920,000,000,000,000 WARNING main_het_teleport_mw_rb_yb_rb_er Starting Mw-to-Er teleportation trial 483 at 28920000000000000.
28,980,000,000,000,000 WARNING main_het_teleport_mw_rb_yb_rb_er Mw-to-Er teleportation trial 483 succeeded (completed=True, direct match=True, latency=1.409105562 seconds).
28,980,000,000,000,000 WARNING main_het_teleport_mw_rb_yb_rb_er Starting Mw-to-Er teleportation trial 484 at 28980000000000000.
29,040,000,000,000,000 WARNING main_het_teleport_mw_rb_yb_rb_er Mw-to-Er teleportation trial 484 succeeded (completed=True, direct match=True, latency=2.249119912 seconds).
29,040,000,000,000,000 WARNING main_het_teleport_mw_rb_yb_rb_er Starting Mw-to-Er teleportation trial 485 at 29040000000000000.
29,100,000,000,000,000 WARNING main_het_teleport_mw_rb_yb_rb_er Mw-to-Er teleportation trial 485 succeeded (completed=True, direct match=True, latency=4.260899687 seconds).
29,100,000,000,000,000 WARNING main_het_teleport_mw_rb_yb_rb_er Starting Mw-to-Er teleportation trial 486 at 29100000000000000.
29,160,000,000,000,000 WARNING main_het_teleport_mw_rb_yb_rb_er Mw-to-Er teleportation trial 486 failed (completed=True, direct match=False, latency=0.797239337 seconds).
29,160,000,000,000,000 WARNING main_het_teleport_mw_rb_yb_rb_er Starting Mw-to-Er teleportation trial 487 at 29160000000000000.
29,220,000,000,000,000 WARNING main_het_teleport_mw_rb_yb_rb_er Mw-to-Er teleportation trial 487 succeeded (completed=True, direct match=True, latency=2.811601687 seconds).
29,220,000,000,000,000 WARNING main_het_teleport_mw_rb_yb_rb_er Starting Mw-to-Er teleportation trial 488 at 29220000000000000.
29,280,000,000,000,000 WARNING main_het_teleport_mw_rb_yb_rb_er Mw-to-Er teleportation trial 488 succeeded (completed=True, direct match=True, latency=8.4418669995 seconds).
29,280,000,000,000,000 WARNING main_het_teleport_mw_rb_yb_rb_er Starting Mw-to-Er teleportation trial 489 at 29280000000000000.
29,340,000,000,000,000 WARNING main_het_teleport_mw_rb_yb_rb_er Mw-to-Er teleportation trial 489 failed (completed=True, direct match=False, latency=2.808481562 seconds).
29,340,000,000,000,000 WARNING main_het_teleport_mw_rb_yb_rb_er Starting Mw-to-Er teleportation trial 490 at 29340000000000000.
29,400,000,000,000,000 WARNING main_het_teleport_mw_rb_yb_rb_er Mw-to-Er teleportation trial 490 failed (completed=True, direct match=False, latency=3.508169562 seconds).
29,400,000,000,000,000 WARNING main_het_teleport_mw_rb_yb_rb_er Starting Mw-to-Er teleportation trial 491 at 29400000000000000.
29,460,000,000,000,000 WARNING main_het_teleport_mw_rb_yb_rb_er Mw-to-Er teleportation trial 491 succeeded (completed=True, direct match=True, latency=4.910665687 seconds).
29,460,000,000,000,000 WARNING main_het_teleport_mw_rb_yb_rb_er Starting Mw-to-Er teleportation trial 492 at 29460000000000000.
29,520,000,000,000,000 WARNING main_het_teleport_mw_rb_yb_rb_er Mw-to-Er teleportation trial 492 succeeded (completed=True, direct match=True, latency=0.700057187 seconds).
29,520,000,000,000,000 WARNING main_het_teleport_mw_rb_yb_rb_er Starting Mw-to-Er teleportation trial 493 at 29520000000000000.
29,580,000,000,000,000 WARNING main_het_teleport_mw_rb_yb_rb_er Mw-to-Er teleportation trial 493 succeeded (completed=True, direct match=True, latency=2.820962062 seconds).
29,580,000,000,000,000 WARNING main_het_teleport_mw_rb_yb_rb_er Starting Mw-to-Er teleportation trial 494 at 29580000000000000.
29,640,000,000,000,000 WARNING main_het_teleport_mw_rb_yb_rb_er Mw-to-Er teleportation trial 494 succeeded (completed=True, direct match=True, latency=4.3590444995 seconds).
29,640,000,000,000,000 WARNING main_het_teleport_mw_rb_yb_rb_er Starting Mw-to-Er teleportation trial 495 at 29640000000000000.
29,700,000,000,000,000 WARNING main_het_teleport_mw_rb_yb_rb_er Mw-to-Er teleportation trial 495 succeeded (completed=True, direct match=True, latency=5.494909062 seconds).
29,700,000,000,000,000 WARNING main_het_teleport_mw_rb_yb_rb_er Starting Mw-to-Er teleportation trial 496 at 29700000000000000.
29,760,000,000,000,000 WARNING main_het_teleport_mw_rb_yb_rb_er Mw-to-Er teleportation trial 496 succeeded (completed=True, direct match=True, latency=7.0237702495 seconds).
29,760,000,000,000,000 WARNING main_het_teleport_mw_rb_yb_rb_er Starting Mw-to-Er teleportation trial 497 at 29760000000000000.
29,820,000,000,000,000 WARNING main_het_teleport_mw_rb_yb_rb_er Mw-to-Er teleportation trial 497 succeeded (completed=True, direct match=True, latency=2.8256422495 seconds).
29,820,000,000,000,000 WARNING main_het_teleport_mw_rb_yb_rb_er Starting Mw-to-Er teleportation trial 498 at 29820000000000000.
29,880,000,000,000,000 WARNING main_het_teleport_mw_rb_yb_rb_er Mw-to-Er teleportation trial 498 succeeded (completed=True, direct match=True, latency=3.5284503745 seconds).
29,880,000,000,000,000 WARNING main_het_teleport_mw_rb_yb_rb_er Starting Mw-to-Er teleportation trial 499 at 29880000000000000.
29,940,000,000,000,000 WARNING main_het_teleport_mw_rb_yb_rb_er Mw-to-Er teleportation trial 499 failed (completed=True, direct match=False, latency=3.523770187 seconds).
29,940,000,000,000,000 WARNING main_het_teleport_mw_rb_yb_rb_er Starting Mw-to-Er teleportation trial 500 at 29940000000000000.
30,000,000,000,000,000 WARNING main_het_teleport_mw_rb_yb_rb_er Mw-to-Er teleportation trial 500 succeeded (completed=True, direct match=True, latency=2.811601687 seconds).
30,000,000,000,000,000 WARNING main_het_teleport_mw_rb_yb_rb_er Starting Mw-to-Er teleportation trial 501 at 30000000000000000.
30,060,000,000,000,000 WARNING main_het_teleport_mw_rb_yb_rb_er Mw-to-Er teleportation trial 501 failed (completed=True, direct match=False, latency=9.143115062 seconds).
30,060,000,000,000,000 WARNING main_het_teleport_mw_rb_yb_rb_er Starting Mw-to-Er teleportation trial 502 at 30060000000000000.
30,120,000,000,000,000 WARNING main_het_teleport_mw_rb_yb_rb_er Mw-to-Er teleportation trial 502 succeeded (completed=True, direct match=True, latency=9.8131618745 seconds).
30,120,000,000,000,000 WARNING main_het_teleport_mw_rb_yb_rb_er Starting Mw-to-Er teleportation trial 503 at 30120000000000000.
30,180,000,000,000,000 WARNING main_het_teleport_mw_rb_yb_rb_er Mw-to-Er teleportation trial 503 succeeded (completed=True, direct match=True, latency=2.7819604995 seconds).
30,180,000,000,000,000 WARNING main_het_teleport_mw_rb_yb_rb_er Starting Mw-to-Er teleportation trial 504 at 30180000000000000.
30,240,000,000,000,000 WARNING main_het_teleport_mw_rb_yb_rb_er Mw-to-Er teleportation trial 504 failed (completed=True, direct match=False, latency=2.111913687 seconds).
30,240,000,000,000,000 WARNING main_het_teleport_mw_rb_yb_rb_er Starting Mw-to-Er teleportation trial 505 at 30240000000000000.
30,300,000,000,000,000 WARNING main_het_teleport_mw_rb_yb_rb_er Mw-to-Er teleportation trial 505 failed (completed=True, direct match=False, latency=1.444929612 seconds).
30,300,000,000,000,000 WARNING main_het_teleport_mw_rb_yb_rb_er Starting Mw-to-Er teleportation trial 506 at 30300000000000000.
30,360,000,000,000,000 WARNING main_het_teleport_mw_rb_yb_rb_er Mw-to-Er teleportation trial 506 failed (completed=True, direct match=False, latency=9.789760937 seconds).
30,360,000,000,000,000 WARNING main_het_teleport_mw_rb_yb_rb_er Starting Mw-to-Er teleportation trial 507 at 30360000000000000.
30,420,000,000,000,000 WARNING main_het_teleport_mw_rb_yb_rb_er Mw-to-Er teleportation trial 507 succeeded (completed=True, direct match=True, latency=13.3178421245 seconds).
30,420,000,000,000,000 WARNING main_het_teleport_mw_rb_yb_rb_er Starting Mw-to-Er teleportation trial 508 at 30420000000000000.
30,480,000,000,000,000 WARNING main_het_teleport_mw_rb_yb_rb_er Mw-to-Er teleportation trial 508 failed (completed=True, direct match=False, latency=3.533130562 seconds).
30,480,000,000,000,000 WARNING main_het_teleport_mw_rb_yb_rb_er Starting Mw-to-Er teleportation trial 509 at 30480000000000000.
30,540,000,000,000,000 WARNING main_het_teleport_mw_rb_yb_rb_er Mw-to-Er teleportation trial 509 succeeded (completed=True, direct match=True, latency=1.4530030245 seconds).
30,540,000,000,000,000 WARNING main_het_teleport_mw_rb_yb_rb_er Starting Mw-to-Er teleportation trial 510 at 30540000000000000.
30,600,000,000,000,000 WARNING main_het_teleport_mw_rb_yb_rb_er Mw-to-Er teleportation trial 510 succeeded (completed=True, direct match=True, latency=13.3147219995 seconds).
30,600,000,000,000,000 WARNING main_het_teleport_mw_rb_yb_rb_er Starting Mw-to-Er teleportation trial 511 at 30600000000000000.
30,660,000,000,000,000 WARNING main_het_teleport_mw_rb_yb_rb_er Mw-to-Er teleportation trial 511 failed (completed=True, direct match=False, latency=2.8381227495 seconds).
30,660,000,000,000,000 WARNING main_het_teleport_mw_rb_yb_rb_er Starting Mw-to-Er teleportation trial 512 at 30660000000000000.
30,720,000,000,000,000 WARNING main_het_teleport_mw_rb_yb_rb_er Mw-to-Er teleportation trial 512 failed (completed=True, direct match=False, latency=2.108793562 seconds).
30,720,000,000,000,000 WARNING main_het_teleport_mw_rb_yb_rb_er Starting Mw-to-Er teleportation trial 513 at 30720000000000000.
30,780,000,000,000,000 WARNING main_het_teleport_mw_rb_yb_rb_er Mw-to-Er teleportation trial 513 succeeded (completed=True, direct match=True, latency=7.7047374995 seconds).
30,780,000,000,000,000 WARNING main_het_teleport_mw_rb_yb_rb_er Starting Mw-to-Er teleportation trial 514 at 30780000000000000.
30,840,000,000,000,000 WARNING main_het_teleport_mw_rb_yb_rb_er Mw-to-Er teleportation trial 514 succeeded (completed=True, direct match=True, latency=2.149355187 seconds).
30,840,000,000,000,000 WARNING main_het_teleport_mw_rb_yb_rb_er Starting Mw-to-Er teleportation trial 515 at 30840000000000000.
30,900,000,000,000,000 WARNING main_het_teleport_mw_rb_yb_rb_er Mw-to-Er teleportation trial 515 succeeded (completed=True, direct match=True, latency=0.715657812 seconds).
30,900,000,000,000,000 WARNING main_het_teleport_mw_rb_yb_rb_er Starting Mw-to-Er teleportation trial 516 at 30900000000000000.
30,960,000,000,000,000 WARNING main_het_teleport_mw_rb_yb_rb_er Mw-to-Er teleportation trial 516 succeeded (completed=True, direct match=True, latency=3.542490937 seconds).
30,960,000,000,000,000 WARNING main_het_teleport_mw_rb_yb_rb_er Starting Mw-to-Er teleportation trial 517 at 30960000000000000.
31,020,000,000,000,000 WARNING main_het_teleport_mw_rb_yb_rb_er Mw-to-Er teleportation trial 517 succeeded (completed=True, direct match=True, latency=6.310041687 seconds).
31,020,000,000,000,000 WARNING main_het_teleport_mw_rb_yb_rb_er Starting Mw-to-Er teleportation trial 518 at 31020000000000000.
31,080,000,000,000,000 WARNING main_het_teleport_mw_rb_yb_rb_er Mw-to-Er teleportation trial 518 succeeded (completed=True, direct match=True, latency=3.5721321245 seconds).
31,080,000,000,000,000 WARNING main_het_teleport_mw_rb_yb_rb_er Starting Mw-to-Er teleportation trial 519 at 31080000000000000.
31,140,000,000,000,000 WARNING main_het_teleport_mw_rb_yb_rb_er Mw-to-Er teleportation trial 519 failed (completed=True, direct match=False, latency=2.8162818745 seconds).
31,140,000,000,000,000 WARNING main_het_teleport_mw_rb_yb_rb_er Starting Mw-to-Er teleportation trial 520 at 31140000000000000.
31,200,000,000,000,000 WARNING main_het_teleport_mw_rb_yb_rb_er Mw-to-Er teleportation trial 520 succeeded (completed=True, direct match=True, latency=2.194440887 seconds).
31,200,000,000,000,000 WARNING main_het_teleport_mw_rb_yb_rb_er Starting Mw-to-Er teleportation trial 521 at 31200000000000000.
31,260,000,000,000,000 WARNING main_het_teleport_mw_rb_yb_rb_er Mw-to-Er teleportation trial 521 succeeded (completed=True, direct match=True, latency=4.173536187 seconds).
31,260,000,000,000,000 WARNING main_het_teleport_mw_rb_yb_rb_er Starting Mw-to-Er teleportation trial 522 at 31260000000000000.
31,320,000,000,000,000 WARNING main_het_teleport_mw_rb_yb_rb_er Mw-to-Er teleportation trial 522 succeeded (completed=True, direct match=True, latency=2.1174316995 seconds).
31,320,000,000,000,000 WARNING main_het_teleport_mw_rb_yb_rb_er Starting Mw-to-Er teleportation trial 523 at 31320000000000000.
31,380,000,000,000,000 WARNING main_het_teleport_mw_rb_yb_rb_er Mw-to-Er teleportation trial 523 succeeded (completed=True, direct match=True, latency=15.412225937 seconds).
31,380,000,000,000,000 WARNING main_het_teleport_mw_rb_yb_rb_er Starting Mw-to-Er teleportation trial 524 at 31380000000000000.
31,440,000,000,000,000 WARNING main_het_teleport_mw_rb_yb_rb_er Mw-to-Er teleportation trial 524 succeeded (completed=True, direct match=True, latency=2.158715562 seconds).
31,440,000,000,000,000 WARNING main_het_teleport_mw_rb_yb_rb_er Starting Mw-to-Er teleportation trial 525 at 31440000000000000.
31,500,000,000,000,000 WARNING main_het_teleport_mw_rb_yb_rb_er Mw-to-Er teleportation trial 525 succeeded (completed=True, direct match=True, latency=3.5315704995 seconds).
31,500,000,000,000,000 WARNING main_het_teleport_mw_rb_yb_rb_er Starting Mw-to-Er teleportation trial 526 at 31500000000000000.
31,560,000,000,000,000 WARNING main_het_teleport_mw_rb_yb_rb_er Mw-to-Er teleportation trial 526 succeeded (completed=True, direct match=True, latency=4.2312584995 seconds).
31,560,000,000,000,000 WARNING main_het_teleport_mw_rb_yb_rb_er Starting Mw-to-Er teleportation trial 527 at 31560000000000000.
31,620,000,000,000,000 WARNING main_het_teleport_mw_rb_yb_rb_er Mw-to-Er teleportation trial 527 succeeded (completed=True, direct match=True, latency=2.858403562 seconds).
31,620,000,000,000,000 WARNING main_het_teleport_mw_rb_yb_rb_er Starting Mw-to-Er teleportation trial 528 at 31620000000000000.
31,680,000,000,000,000 WARNING main_het_teleport_mw_rb_yb_rb_er Mw-to-Er teleportation trial 528 succeeded (completed=True, direct match=True, latency=3.5066094995 seconds).
31,680,000,000,000,000 WARNING main_het_teleport_mw_rb_yb_rb_er Starting Mw-to-Er teleportation trial 529 at 31680000000000000.
31,740,000,000,000,000 WARNING main_het_teleport_mw_rb_yb_rb_er Mw-to-Er teleportation trial 529 failed (completed=True, direct match=False, latency=9.808481687 seconds).
31,740,000,000,000,000 WARNING main_het_teleport_mw_rb_yb_rb_er Starting Mw-to-Er teleportation trial 530 at 31740000000000000.
31,800,000,000,000,000 WARNING main_het_teleport_mw_rb_yb_rb_er Mw-to-Er teleportation trial 530 succeeded (completed=True, direct match=True, latency=2.115033812 seconds).
31,800,000,000,000,000 WARNING main_het_teleport_mw_rb_yb_rb_er Starting Mw-to-Er teleportation trial 531 at 31800000000000000.
31,860,000,000,000,000 WARNING main_het_teleport_mw_rb_yb_rb_er Mw-to-Er teleportation trial 531 failed (completed=True, direct match=False, latency=9.108793687 seconds).
31,860,000,000,000,000 WARNING main_het_teleport_mw_rb_yb_rb_er Starting Mw-to-Er teleportation trial 532 at 31860000000000000.
31,920,000,000,000,000 WARNING main_het_teleport_mw_rb_yb_rb_er Mw-to-Er teleportation trial 532 succeeded (completed=True, direct match=True, latency=5.6368747495 seconds).
31,920,000,000,000,000 WARNING main_het_teleport_mw_rb_yb_rb_er Starting Mw-to-Er teleportation trial 533 at 31920000000000000.
31,980,000,000,000,000 WARNING main_het_teleport_mw_rb_yb_rb_er Mw-to-Er teleportation trial 533 failed (completed=True, direct match=False, latency=2.3727268995 seconds).
31,980,000,000,000,000 WARNING main_het_teleport_mw_rb_yb_rb_er Starting Mw-to-Er teleportation trial 534 at 31980000000000000.
32,040,000,000,000,000 WARNING main_het_teleport_mw_rb_yb_rb_er Mw-to-Er teleportation trial 534 succeeded (completed=True, direct match=True, latency=1.331102437 seconds).
32,040,000,000,000,000 WARNING main_het_teleport_mw_rb_yb_rb_er Starting Mw-to-Er teleportation trial 535 at 32040000000000000.
32,100,000,000,000,000 WARNING main_het_teleport_mw_rb_yb_rb_er Mw-to-Er teleportation trial 535 succeeded (completed=True, direct match=True, latency=4.9122257495 seconds).
32,100,000,000,000,000 WARNING main_het_teleport_mw_rb_yb_rb_er Starting Mw-to-Er teleportation trial 536 at 32100000000000000.
32,160,000,000,000,000 WARNING main_het_teleport_mw_rb_yb_rb_er Mw-to-Er teleportation trial 536 succeeded (completed=True, direct match=True, latency=0.7328184995 seconds).
32,160,000,000,000,000 WARNING main_het_teleport_mw_rb_yb_rb_er Starting Mw-to-Er teleportation trial 537 at 32160000000000000.
32,220,000,000,000,000 WARNING main_het_teleport_mw_rb_yb_rb_er Mw-to-Er teleportation trial 537 failed (completed=True, direct match=False, latency=2.1259542495 seconds).
32,220,000,000,000,000 WARNING main_het_teleport_mw_rb_yb_rb_er Starting Mw-to-Er teleportation trial 538 at 32220000000000000.
32,280,000,000,000,000 WARNING main_het_teleport_mw_rb_yb_rb_er Mw-to-Er teleportation trial 538 succeeded (completed=True, direct match=True, latency=3.523770187 seconds).
32,280,000,000,000,000 WARNING main_het_teleport_mw_rb_yb_rb_er Starting Mw-to-Er teleportation trial 539 at 32280000000000000.
32,340,000,000,000,000 WARNING main_het_teleport_mw_rb_yb_rb_er Mw-to-Er teleportation trial 539 succeeded (completed=True, direct match=True, latency=4.9059854995 seconds).
32,340,000,000,000,000 WARNING main_het_teleport_mw_rb_yb_rb_er Starting Mw-to-Er teleportation trial 540 at 32340000000000000.
32,400,000,000,000,000 WARNING main_het_teleport_mw_rb_yb_rb_er Mw-to-Er teleportation trial 540 succeeded (completed=True, direct match=True, latency=2.771040062 seconds).
32,400,000,000,000,000 WARNING main_het_teleport_mw_rb_yb_rb_er Starting Mw-to-Er teleportation trial 541 at 32400000000000000.
32,460,000,000,000,000 WARNING main_het_teleport_mw_rb_yb_rb_er Mw-to-Er teleportation trial 541 succeeded (completed=True, direct match=True, latency=18.898185437 seconds).
32,460,000,000,000,000 WARNING main_het_teleport_mw_rb_yb_rb_er Starting Mw-to-Er teleportation trial 542 at 32460000000000000.
32,520,000,000,000,000 WARNING main_het_teleport_mw_rb_yb_rb_er Mw-to-Er teleportation trial 542 failed (completed=True, direct match=False, latency=2.783520562 seconds).
32,520,000,000,000,000 WARNING main_het_teleport_mw_rb_yb_rb_er Starting Mw-to-Er teleportation trial 543 at 32520000000000000.
32,580,000,000,000,000 WARNING main_het_teleport_mw_rb_yb_rb_er Mw-to-Er teleportation trial 543 succeeded (completed=True, direct match=True, latency=1.409105562 seconds).
32,580,000,000,000,000 WARNING main_het_teleport_mw_rb_yb_rb_er Starting Mw-to-Er teleportation trial 544 at 32580000000000000.
32,640,000,000,000,000 WARNING main_het_teleport_mw_rb_yb_rb_er Mw-to-Er teleportation trial 544 succeeded (completed=True, direct match=True, latency=5.610353687 seconds).
32,640,000,000,000,000 WARNING main_het_teleport_mw_rb_yb_rb_er Starting Mw-to-Er teleportation trial 545 at 32640000000000000.
32,700,000,000,000,000 WARNING main_het_teleport_mw_rb_yb_rb_er Mw-to-Er teleportation trial 545 failed (completed=True, direct match=False, latency=2.1727561245 seconds).
32,700,000,000,000,000 WARNING main_het_teleport_mw_rb_yb_rb_er Starting Mw-to-Er teleportation trial 546 at 32700000000000000.
32,760,000,000,000,000 WARNING main_het_teleport_mw_rb_yb_rb_er Mw-to-Er teleportation trial 546 succeeded (completed=True, direct match=True, latency=5.5931929995 seconds).
32,760,000,000,000,000 WARNING main_het_teleport_mw_rb_yb_rb_er Starting Mw-to-Er teleportation trial 547 at 32760000000000000.
32,820,000,000,000,000 WARNING main_het_teleport_mw_rb_yb_rb_er Mw-to-Er teleportation trial 547 succeeded (completed=True, direct match=True, latency=0.7390587495 seconds).
32,820,000,000,000,000 WARNING main_het_teleport_mw_rb_yb_rb_er Starting Mw-to-Er teleportation trial 548 at 32820000000000000.
32,880,000,000,000,000 WARNING main_het_teleport_mw_rb_yb_rb_er Mw-to-Er teleportation trial 548 succeeded (completed=True, direct match=True, latency=5.644675062 seconds).
32,880,000,000,000,000 WARNING main_het_teleport_mw_rb_yb_rb_er Starting Mw-to-Er teleportation trial 549 at 32880000000000000.
32,940,000,000,000,000 WARNING main_het_teleport_mw_rb_yb_rb_er Mw-to-Er teleportation trial 549 succeeded (completed=True, direct match=True, latency=4.879464437 seconds).
32,940,000,000,000,000 WARNING main_het_teleport_mw_rb_yb_rb_er Starting Mw-to-Er teleportation trial 550 at 32940000000000000.
33,000,000,000,000,000 WARNING main_het_teleport_mw_rb_yb_rb_er Mw-to-Er teleportation trial 550 succeeded (completed=True, direct match=True, latency=2.0479511245 seconds).
33,000,000,000,000,000 WARNING main_het_teleport_mw_rb_yb_rb_er Starting Mw-to-Er teleportation trial 551 at 33000000000000000.
33,060,000,000,000,000 WARNING main_het_teleport_mw_rb_yb_rb_er Mw-to-Er teleportation trial 551 succeeded (completed=True, direct match=True, latency=4.9215861245 seconds).
33,060,000,000,000,000 WARNING main_het_teleport_mw_rb_yb_rb_er Starting Mw-to-Er teleportation trial 552 at 33060000000000000.
33,120,000,000,000,000 WARNING main_het_teleport_mw_rb_yb_rb_er Mw-to-Er teleportation trial 552 succeeded (completed=True, direct match=True, latency=3.517529937 seconds).
33,120,000,000,000,000 WARNING main_het_teleport_mw_rb_yb_rb_er Starting Mw-to-Er teleportation trial 553 at 33120000000000000.
33,180,000,000,000,000 WARNING main_het_teleport_mw_rb_yb_rb_er Mw-to-Er teleportation trial 553 succeeded (completed=True, direct match=True, latency=6.281960562 seconds).
33,180,000,000,000,000 WARNING main_het_teleport_mw_rb_yb_rb_er Starting Mw-to-Er teleportation trial 554 at 33180000000000000.
33,240,000,000,000,000 WARNING main_het_teleport_mw_rb_yb_rb_er Mw-to-Er teleportation trial 554 succeeded (completed=True, direct match=True, latency=0.866150787 seconds).
33,240,000,000,000,000 WARNING main_het_teleport_mw_rb_yb_rb_er Starting Mw-to-Er teleportation trial 555 at 33240000000000000.
33,300,000,000,000,000 WARNING main_het_teleport_mw_rb_yb_rb_er Mw-to-Er teleportation trial 555 succeeded (completed=True, direct match=True, latency=4.7718201245 seconds).
33,300,000,000,000,000 WARNING main_het_teleport_mw_rb_yb_rb_er Starting Mw-to-Er teleportation trial 556 at 33300000000000000.
33,360,000,000,000,000 WARNING main_het_teleport_mw_rb_yb_rb_er Mw-to-Er teleportation trial 556 failed (completed=True, direct match=False, latency=2.8162818745 seconds).
33,360,000,000,000,000 WARNING main_het_teleport_mw_rb_yb_rb_er Starting Mw-to-Er teleportation trial 557 at 33360000000000000.
33,420,000,000,000,000 WARNING main_het_teleport_mw_rb_yb_rb_er Mw-to-Er teleportation trial 557 succeeded (completed=True, direct match=True, latency=4.2250182495 seconds).
33,420,000,000,000,000 WARNING main_het_teleport_mw_rb_yb_rb_er Starting Mw-to-Er teleportation trial 558 at 33420000000000000.
33,480,000,000,000,000 WARNING main_het_teleport_mw_rb_yb_rb_er Mw-to-Er teleportation trial 558 succeeded (completed=True, direct match=True, latency=5.6119137495 seconds).
33,480,000,000,000,000 WARNING main_het_teleport_mw_rb_yb_rb_er Starting Mw-to-Er teleportation trial 559 at 33480000000000000.
33,540,000,000,000,000 WARNING main_het_teleport_mw_rb_yb_rb_er Mw-to-Er teleportation trial 559 succeeded (completed=True, direct match=True, latency=4.898185187 seconds).
33,540,000,000,000,000 WARNING main_het_teleport_mw_rb_yb_rb_er Starting Mw-to-Er teleportation trial 560 at 33540000000000000.
33,600,000,000,000,000 WARNING main_het_teleport_mw_rb_yb_rb_er Mw-to-Er teleportation trial 560 failed (completed=True, direct match=False, latency=6.3896048745 seconds).
33,600,000,000,000,000 WARNING main_het_teleport_mw_rb_yb_rb_er Starting Mw-to-Er teleportation trial 561 at 33600000000000000.
33,660,000,000,000,000 WARNING main_het_teleport_mw_rb_yb_rb_er Mw-to-Er teleportation trial 561 failed (completed=True, direct match=False, latency=3.542490937 seconds).
33,660,000,000,000,000 WARNING main_het_teleport_mw_rb_yb_rb_er Starting Mw-to-Er teleportation trial 562 at 33660000000000000.
33,720,000,000,000,000 WARNING main_het_teleport_mw_rb_yb_rb_er Mw-to-Er teleportation trial 562 failed (completed=True, direct match=False, latency=3.739436637 seconds).
33,720,000,000,000,000 WARNING main_het_teleport_mw_rb_yb_rb_er Starting Mw-to-Er teleportation trial 563 at 33720000000000000.
33,780,000,000,000,000 WARNING main_het_teleport_mw_rb_yb_rb_er Mw-to-Er teleportation trial 563 failed (completed=True, direct match=False, latency=7.7608997495 seconds).
33,780,000,000,000,000 WARNING main_het_teleport_mw_rb_yb_rb_er Starting Mw-to-Er teleportation trial 564 at 33780000000000000.
33,840,000,000,000,000 WARNING main_het_teleport_mw_rb_yb_rb_er Mw-to-Er teleportation trial 564 succeeded (completed=True, direct match=True, latency=9.824082312 seconds).
33,840,000,000,000,000 WARNING main_het_teleport_mw_rb_yb_rb_er Starting Mw-to-Er teleportation trial 565 at 33840000000000000.
33,900,000,000,000,000 WARNING main_het_teleport_mw_rb_yb_rb_er Mw-to-Er teleportation trial 565 succeeded (completed=True, direct match=True, latency=1.4293863745 seconds).
33,900,000,000,000,000 WARNING main_het_teleport_mw_rb_yb_rb_er Starting Mw-to-Er teleportation trial 566 at 33900000000000000.
33,960,000,000,000,000 WARNING main_het_teleport_mw_rb_yb_rb_er Mw-to-Er teleportation trial 566 succeeded (completed=True, direct match=True, latency=2.8162818745 seconds).
33,960,000,000,000,000 WARNING main_het_teleport_mw_rb_yb_rb_er Starting Mw-to-Er teleportation trial 567 at 33960000000000000.
34,020,000,000,000,000 WARNING main_het_teleport_mw_rb_yb_rb_er Mw-to-Er teleportation trial 567 succeeded (completed=True, direct match=True, latency=9.7757203745 seconds).
34,020,000,000,000,000 WARNING main_het_teleport_mw_rb_yb_rb_er Starting Mw-to-Er teleportation trial 568 at 34020000000000000.
34,080,000,000,000,000 WARNING main_het_teleport_mw_rb_yb_rb_er Mw-to-Er teleportation trial 568 succeeded (completed=True, direct match=True, latency=8.418466062 seconds).
34,080,000,000,000,000 WARNING main_het_teleport_mw_rb_yb_rb_er Starting Mw-to-Er teleportation trial 569 at 34080000000000000.
34,140,000,000,000,000 WARNING main_het_teleport_mw_rb_yb_rb_er Mw-to-Er teleportation trial 569 succeeded (completed=True, direct match=True, latency=2.817841937 seconds).
34,140,000,000,000,000 WARNING main_het_teleport_mw_rb_yb_rb_er Starting Mw-to-Er teleportation trial 570 at 34140000000000000.
34,200,000,000,000,000 WARNING main_het_teleport_mw_rb_yb_rb_er Mw-to-Er teleportation trial 570 succeeded (completed=True, direct match=True, latency=5.613473812 seconds).
34,200,000,000,000,000 WARNING main_het_teleport_mw_rb_yb_rb_er Starting Mw-to-Er teleportation trial 571 at 34200000000000000.
34,260,000,000,000,000 WARNING main_het_teleport_mw_rb_yb_rb_er Mw-to-Er teleportation trial 571 succeeded (completed=True, direct match=True, latency=3.5128497495 seconds).
34,260,000,000,000,000 WARNING main_het_teleport_mw_rb_yb_rb_er Starting Mw-to-Er teleportation trial 572 at 34260000000000000.
34,320,000,000,000,000 WARNING main_het_teleport_mw_rb_yb_rb_er Mw-to-Er teleportation trial 572 succeeded (completed=True, direct match=True, latency=2.824082187 seconds).
34,320,000,000,000,000 WARNING main_het_teleport_mw_rb_yb_rb_er Starting Mw-to-Er teleportation trial 573 at 34320000000000000.
34,380,000,000,000,000 WARNING main_het_teleport_mw_rb_yb_rb_er Mw-to-Er teleportation trial 573 failed (completed=True, direct match=False, latency=3.4910088745 seconds).
34,380,000,000,000,000 WARNING main_het_teleport_mw_rb_yb_rb_er Starting Mw-to-Er teleportation trial 574 at 34380000000000000.
34,440,000,000,000,000 WARNING main_het_teleport_mw_rb_yb_rb_er Mw-to-Er teleportation trial 574 succeeded (completed=True, direct match=True, latency=6.3116017495 seconds).
34,440,000,000,000,000 WARNING main_het_teleport_mw_rb_yb_rb_er Starting Mw-to-Er teleportation trial 575 at 34440000000000000.
34,500,000,000,000,000 WARNING main_het_teleport_mw_rb_yb_rb_er Mw-to-Er teleportation trial 575 succeeded (completed=True, direct match=True, latency=3.514409812 seconds).
34,500,000,000,000,000 WARNING main_het_teleport_mw_rb_yb_rb_er Starting Mw-to-Er teleportation trial 576 at 34500000000000000.
34,560,000,000,000,000 WARNING main_het_teleport_mw_rb_yb_rb_er Mw-to-Er teleportation trial 576 succeeded (completed=True, direct match=True, latency=6.9863287495 seconds).
34,560,000,000,000,000 WARNING main_het_teleport_mw_rb_yb_rb_er Starting Mw-to-Er teleportation trial 577 at 34560000000000000.
34,620,000,000,000,000 WARNING main_het_teleport_mw_rb_yb_rb_er Mw-to-Er teleportation trial 577 succeeded (completed=True, direct match=True, latency=3.6011653745 seconds).
34,620,000,000,000,000 WARNING main_het_teleport_mw_rb_yb_rb_er Starting Mw-to-Er teleportation trial 578 at 34620000000000000.
34,680,000,000,000,000 WARNING main_het_teleport_mw_rb_yb_rb_er Mw-to-Er teleportation trial 578 succeeded (completed=True, direct match=True, latency=2.0947529995 seconds).
34,680,000,000,000,000 WARNING main_het_teleport_mw_rb_yb_rb_er Starting Mw-to-Er teleportation trial 579 at 34680000000000000.
34,740,000,000,000,000 WARNING main_het_teleport_mw_rb_yb_rb_er Mw-to-Er teleportation trial 579 succeeded (completed=True, direct match=True, latency=2.796001062 seconds).
34,740,000,000,000,000 WARNING main_het_teleport_mw_rb_yb_rb_er Starting Mw-to-Er teleportation trial 580 at 34740000000000000.
34,800,000,000,000,000 WARNING main_het_teleport_mw_rb_yb_rb_er Mw-to-Er teleportation trial 580 succeeded (completed=True, direct match=True, latency=3.5128497495 seconds).
34,800,000,000,000,000 WARNING main_het_teleport_mw_rb_yb_rb_er Starting Mw-to-Er teleportation trial 581 at 34800000000000000.
34,860,000,000,000,000 WARNING main_het_teleport_mw_rb_yb_rb_er Mw-to-Er teleportation trial 581 succeeded (completed=True, direct match=True, latency=9.814721937 seconds).
34,860,000,000,000,000 WARNING main_het_teleport_mw_rb_yb_rb_er Starting Mw-to-Er teleportation trial 582 at 34860000000000000.
34,920,000,000,000,000 WARNING main_het_teleport_mw_rb_yb_rb_er Mw-to-Er teleportation trial 582 succeeded (completed=True, direct match=True, latency=4.3556962745 seconds).
34,920,000,000,000,000 WARNING main_het_teleport_mw_rb_yb_rb_er Starting Mw-to-Er teleportation trial 583 at 34920000000000000.
34,980,000,000,000,000 WARNING main_het_teleport_mw_rb_yb_rb_er Mw-to-Er teleportation trial 583 succeeded (completed=True, direct match=True, latency=14.569012187 seconds).
34,980,000,000,000,000 WARNING main_het_teleport_mw_rb_yb_rb_er Starting Mw-to-Er teleportation trial 584 at 34980000000000000.
35,040,000,000,000,000 WARNING main_het_teleport_mw_rb_yb_rb_er Mw-to-Er teleportation trial 584 failed (completed=True, direct match=False, latency=5.547951187 seconds).
35,040,000,000,000,000 WARNING main_het_teleport_mw_rb_yb_rb_er Starting Mw-to-Er teleportation trial 585 at 35040000000000000.
35,100,000,000,000,000 WARNING main_het_teleport_mw_rb_yb_rb_er Mw-to-Er teleportation trial 585 succeeded (completed=True, direct match=True, latency=3.551851312 seconds).
35,100,000,000,000,000 WARNING main_het_teleport_mw_rb_yb_rb_er Starting Mw-to-Er teleportation trial 586 at 35100000000000000.
35,160,000,000,000,000 WARNING main_het_teleport_mw_rb_yb_rb_er Mw-to-Er teleportation trial 586 succeeded (completed=True, direct match=True, latency=4.888824812 seconds).
35,160,000,000,000,000 WARNING main_het_teleport_mw_rb_yb_rb_er Starting Mw-to-Er teleportation trial 587 at 35160000000000000.
35,220,000,000,000,000 WARNING main_het_teleport_mw_rb_yb_rb_er Mw-to-Er teleportation trial 587 succeeded (completed=True, direct match=True, latency=2.7975611245 seconds).
35,220,000,000,000,000 WARNING main_het_teleport_mw_rb_yb_rb_er Starting Mw-to-Er teleportation trial 588 at 35220000000000000.
35,280,000,000,000,000 WARNING main_het_teleport_mw_rb_yb_rb_er Mw-to-Er teleportation trial 588 succeeded (completed=True, direct match=True, latency=7.0424909995 seconds).
35,280,000,000,000,000 WARNING main_het_teleport_mw_rb_yb_rb_er Starting Mw-to-Er teleportation trial 589 at 35280000000000000.
35,340,000,000,000,000 WARNING main_het_teleport_mw_rb_yb_rb_er Mw-to-Er teleportation trial 589 succeeded (completed=True, direct match=True, latency=4.898185187 seconds).
35,340,000,000,000,000 WARNING main_het_teleport_mw_rb_yb_rb_er Starting Mw-to-Er teleportation trial 590 at 35340000000000000.
35,400,000,000,000,000 WARNING main_het_teleport_mw_rb_yb_rb_er Mw-to-Er teleportation trial 590 succeeded (completed=True, direct match=True, latency=1.536537037 seconds).
35,400,000,000,000,000 WARNING main_het_teleport_mw_rb_yb_rb_er Starting Mw-to-Er teleportation trial 591 at 35400000000000000.
35,460,000,000,000,000 WARNING main_het_teleport_mw_rb_yb_rb_er Mw-to-Er teleportation trial 591 succeeded (completed=True, direct match=True, latency=3.361523687 seconds).
35,460,000,000,000,000 WARNING main_het_teleport_mw_rb_yb_rb_er Starting Mw-to-Er teleportation trial 592 at 35460000000000000.
35,520,000,000,000,000 WARNING main_het_teleport_mw_rb_yb_rb_er Mw-to-Er teleportation trial 592 succeeded (completed=True, direct match=True, latency=3.5409308745 seconds).
35,520,000,000,000,000 WARNING main_het_teleport_mw_rb_yb_rb_er Starting Mw-to-Er teleportation trial 593 at 35520000000000000.
35,580,000,000,000,000 WARNING main_het_teleport_mw_rb_yb_rb_er Mw-to-Er teleportation trial 593 failed (completed=True, direct match=False, latency=1.4137857495 seconds).
35,580,000,000,000,000 WARNING main_het_teleport_mw_rb_yb_rb_er Starting Mw-to-Er teleportation trial 594 at 35580000000000000.
35,640,000,000,000,000 WARNING main_het_teleport_mw_rb_yb_rb_er Mw-to-Er teleportation trial 594 succeeded (completed=True, direct match=True, latency=4.220338062 seconds).
35,640,000,000,000,000 WARNING main_het_teleport_mw_rb_yb_rb_er Starting Mw-to-Er teleportation trial 595 at 35640000000000000.
35,700,000,000,000,000 WARNING main_het_teleport_mw_rb_yb_rb_er Mw-to-Er teleportation trial 595 failed (completed=True, direct match=False, latency=6.322522187 seconds).
35,700,000,000,000,000 WARNING main_het_teleport_mw_rb_yb_rb_er Starting Mw-to-Er teleportation trial 596 at 35700000000000000.
35,760,000,000,000,000 WARNING main_het_teleport_mw_rb_yb_rb_er Mw-to-Er teleportation trial 596 failed (completed=True, direct match=False, latency=10.5034894995 seconds).
35,760,000,000,000,000 WARNING main_het_teleport_mw_rb_yb_rb_er Starting Mw-to-Er teleportation trial 597 at 35760000000000000.
35,820,000,000,000,000 WARNING main_het_teleport_mw_rb_yb_rb_er Mw-to-Er teleportation trial 597 succeeded (completed=True, direct match=True, latency=2.890010037 seconds).
35,820,000,000,000,000 WARNING main_het_teleport_mw_rb_yb_rb_er Starting Mw-to-Er teleportation trial 598 at 35820000000000000.
35,880,000,000,000,000 WARNING main_het_teleport_mw_rb_yb_rb_er Mw-to-Er teleportation trial 598 succeeded (completed=True, direct match=True, latency=5.572912187 seconds).
35,880,000,000,000,000 WARNING main_het_teleport_mw_rb_yb_rb_er Starting Mw-to-Er teleportation trial 599 at 35880000000000000.
35,940,000,000,000,000 WARNING main_het_teleport_mw_rb_yb_rb_er Mw-to-Er teleportation trial 599 succeeded (completed=True, direct match=True, latency=7.924406787 seconds).
35,940,000,000,000,000 WARNING main_het_teleport_mw_rb_yb_rb_er Starting Mw-to-Er teleportation trial 600 at 35940000000000000.
36,000,000,000,000,000 WARNING main_het_teleport_mw_rb_yb_rb_er Mw-to-Er teleportation trial 600 succeeded (completed=True, direct match=True, latency=1.4637077495 seconds).
36,000,000,000,000,000 WARNING main_het_teleport_mw_rb_yb_rb_er Starting Mw-to-Er teleportation trial 601 at 36000000000000000.
36,060,000,000,000,000 WARNING main_het_teleport_mw_rb_yb_rb_er Mw-to-Er teleportation trial 601 succeeded (completed=True, direct match=True, latency=4.2156578745 seconds).
36,060,000,000,000,000 WARNING main_het_teleport_mw_rb_yb_rb_er Starting Mw-to-Er teleportation trial 602 at 36060000000000000.
36,120,000,000,000,000 WARNING main_het_teleport_mw_rb_yb_rb_er Mw-to-Er teleportation trial 602 succeeded (completed=True, direct match=True, latency=3.636371187 seconds).
36,120,000,000,000,000 WARNING main_het_teleport_mw_rb_yb_rb_er Starting Mw-to-Er teleportation trial 603 at 36120000000000000.
36,180,000,000,000,000 WARNING main_het_teleport_mw_rb_yb_rb_er Mw-to-Er teleportation trial 603 succeeded (completed=True, direct match=True, latency=2.077592312 seconds).
36,180,000,000,000,000 WARNING main_het_teleport_mw_rb_yb_rb_er Starting Mw-to-Er teleportation trial 604 at 36180000000000000.
36,240,000,000,000,000 WARNING main_het_teleport_mw_rb_yb_rb_er Mw-to-Er teleportation trial 604 succeeded (completed=True, direct match=True, latency=1.455907437 seconds).
36,240,000,000,000,000 WARNING main_het_teleport_mw_rb_yb_rb_er Starting Mw-to-Er teleportation trial 605 at 36240000000000000.
36,300,000,000,000,000 WARNING main_het_teleport_mw_rb_yb_rb_er Mw-to-Er teleportation trial 605 succeeded (completed=True, direct match=True, latency=9.0853927495 seconds).
36,300,000,000,000,000 WARNING main_het_teleport_mw_rb_yb_rb_er Starting Mw-to-Er teleportation trial 606 at 36300000000000000.
36,360,000,000,000,000 WARNING main_het_teleport_mw_rb_yb_rb_er Mw-to-Er teleportation trial 606 succeeded (completed=True, direct match=True, latency=2.8350026245 seconds).
36,360,000,000,000,000 WARNING main_het_teleport_mw_rb_yb_rb_er Starting Mw-to-Er teleportation trial 607 at 36360000000000000.
36,420,000,000,000,000 WARNING main_het_teleport_mw_rb_yb_rb_er Mw-to-Er teleportation trial 607 succeeded (completed=True, direct match=True, latency=4.932506562 seconds).
36,420,000,000,000,000 WARNING main_het_teleport_mw_rb_yb_rb_er Starting Mw-to-Er teleportation trial 608 at 36420000000000000.
36,480,000,000,000,000 WARNING main_het_teleport_mw_rb_yb_rb_er Mw-to-Er teleportation trial 608 succeeded (completed=True, direct match=True, latency=1.521193112 seconds).
36,480,000,000,000,000 WARNING main_het_teleport_mw_rb_yb_rb_er Starting Mw-to-Er teleportation trial 609 at 36480000000000000.
36,540,000,000,000,000 WARNING main_het_teleport_mw_rb_yb_rb_er Mw-to-Er teleportation trial 609 succeeded (completed=True, direct match=True, latency=3.4691679995 seconds).
36,540,000,000,000,000 WARNING main_het_teleport_mw_rb_yb_rb_er Starting Mw-to-Er teleportation trial 610 at 36540000000000000.
36,600,000,000,000,000 WARNING main_het_teleport_mw_rb_yb_rb_er Mw-to-Er teleportation trial 610 succeeded (completed=True, direct match=True, latency=2.127514312 seconds).
36,600,000,000,000,000 WARNING main_het_teleport_mw_rb_yb_rb_er Starting Mw-to-Er teleportation trial 611 at 36600000000000000.
36,660,000,000,000,000 WARNING main_het_teleport_mw_rb_yb_rb_er Mw-to-Er teleportation trial 611 failed (completed=True, direct match=False, latency=10.458247687 seconds).
36,660,000,000,000,000 WARNING main_het_teleport_mw_rb_yb_rb_er Starting Mw-to-Er teleportation trial 612 at 36660000000000000.
36,720,000,000,000,000 WARNING main_het_teleport_mw_rb_yb_rb_er Mw-to-Er teleportation trial 612 succeeded (completed=True, direct match=True, latency=7.012849812 seconds).
36,720,000,000,000,000 WARNING main_het_teleport_mw_rb_yb_rb_er Starting Mw-to-Er teleportation trial 613 at 36720000000000000.
36,780,000,000,000,000 WARNING main_het_teleport_mw_rb_yb_rb_er Mw-to-Er teleportation trial 613 failed (completed=True, direct match=False, latency=5.5931929995 seconds).
36,780,000,000,000,000 WARNING main_het_teleport_mw_rb_yb_rb_er Starting Mw-to-Er teleportation trial 614 at 36780000000000000.
36,840,000,000,000,000 WARNING main_het_teleport_mw_rb_yb_rb_er Mw-to-Er teleportation trial 614 succeeded (completed=True, direct match=True, latency=0.7296983745 seconds).
36,840,000,000,000,000 WARNING main_het_teleport_mw_rb_yb_rb_er Starting Mw-to-Er teleportation trial 615 at 36840000000000000.
36,900,000,000,000,000 WARNING main_het_teleport_mw_rb_yb_rb_er Mw-to-Er teleportation trial 615 failed (completed=True, direct match=False, latency=0.7012017495 seconds).
36,900,000,000,000,000 WARNING main_het_teleport_mw_rb_yb_rb_er Starting Mw-to-Er teleportation trial 616 at 36900000000000000.
36,960,000,000,000,000 WARNING main_het_teleport_mw_rb_yb_rb_er Mw-to-Er teleportation trial 616 succeeded (completed=True, direct match=True, latency=4.220338062 seconds).
36,960,000,000,000,000 WARNING main_het_teleport_mw_rb_yb_rb_er Starting Mw-to-Er teleportation trial 617 at 36960000000000000.
37,020,000,000,000,000 WARNING main_het_teleport_mw_rb_yb_rb_er Mw-to-Er teleportation trial 617 succeeded (completed=True, direct match=True, latency=4.204737437 seconds).
37,020,000,000,000,000 WARNING main_het_teleport_mw_rb_yb_rb_er Starting Mw-to-Er teleportation trial 618 at 37020000000000000.
37,080,000,000,000,000 WARNING main_het_teleport_mw_rb_yb_rb_er Mw-to-Er teleportation trial 618 succeeded (completed=True, direct match=True, latency=4.2406188745 seconds).
37,080,000,000,000,000 WARNING main_het_teleport_mw_rb_yb_rb_er Starting Mw-to-Er teleportation trial 619 at 37080000000000000.
37,140,000,000,000,000 WARNING main_het_teleport_mw_rb_yb_rb_er Mw-to-Er teleportation trial 619 succeeded (completed=True, direct match=True, latency=2.7944409995 seconds).
37,140,000,000,000,000 WARNING main_het_teleport_mw_rb_yb_rb_er Starting Mw-to-Er teleportation trial 620 at 37140000000000000.
37,200,000,000,000,000 WARNING main_het_teleport_mw_rb_yb_rb_er Mw-to-Er teleportation trial 620 succeeded (completed=True, direct match=True, latency=3.5159698745 seconds).
37,200,000,000,000,000 WARNING main_het_teleport_mw_rb_yb_rb_er Starting Mw-to-Er teleportation trial 621 at 37200000000000000.
37,260,000,000,000,000 WARNING main_het_teleport_mw_rb_yb_rb_er Mw-to-Er teleportation trial 621 succeeded (completed=True, direct match=True, latency=6.3240822495 seconds).
37,260,000,000,000,000 WARNING main_het_teleport_mw_rb_yb_rb_er Starting Mw-to-Er teleportation trial 622 at 37260000000000000.
37,320,000,000,000,000 WARNING main_het_teleport_mw_rb_yb_rb_er Mw-to-Er teleportation trial 622 succeeded (completed=True, direct match=True, latency=2.2116984745 seconds).
37,320,000,000,000,000 WARNING main_het_teleport_mw_rb_yb_rb_er Starting Mw-to-Er teleportation trial 623 at 37320000000000000.
37,380,000,000,000,000 WARNING main_het_teleport_mw_rb_yb_rb_er Mw-to-Er teleportation trial 623 succeeded (completed=True, direct match=True, latency=6.269480062 seconds).
37,380,000,000,000,000 WARNING main_het_teleport_mw_rb_yb_rb_er Starting Mw-to-Er teleportation trial 624 at 37380000000000000.
37,440,000,000,000,000 WARNING main_het_teleport_mw_rb_yb_rb_er Mw-to-Er teleportation trial 624 succeeded (completed=True, direct match=True, latency=6.322522187 seconds).
37,440,000,000,000,000 WARNING main_het_teleport_mw_rb_yb_rb_er Starting Mw-to-Er teleportation trial 625 at 37440000000000000.
37,500,000,000,000,000 WARNING main_het_teleport_mw_rb_yb_rb_er Mw-to-Er teleportation trial 625 succeeded (completed=True, direct match=True, latency=2.749199187 seconds).
37,500,000,000,000,000 WARNING main_het_teleport_mw_rb_yb_rb_er Starting Mw-to-Er teleportation trial 626 at 37500000000000000.
37,560,000,000,000,000 WARNING main_het_teleport_mw_rb_yb_rb_er Mw-to-Er teleportation trial 626 succeeded (completed=True, direct match=True, latency=1.465267812 seconds).
37,560,000,000,000,000 WARNING main_het_teleport_mw_rb_yb_rb_er Starting Mw-to-Er teleportation trial 627 at 37560000000000000.
37,620,000,000,000,000 WARNING main_het_teleport_mw_rb_yb_rb_er Mw-to-Er teleportation trial 627 succeeded (completed=True, direct match=True, latency=1.3972710245 seconds).
37,620,000,000,000,000 WARNING main_het_teleport_mw_rb_yb_rb_er Starting Mw-to-Er teleportation trial 628 at 37620000000000000.
37,680,000,000,000,000 WARNING main_het_teleport_mw_rb_yb_rb_er Mw-to-Er teleportation trial 628 succeeded (completed=True, direct match=True, latency=2.1264012995 seconds).
37,680,000,000,000,000 WARNING main_het_teleport_mw_rb_yb_rb_er Starting Mw-to-Er teleportation trial 629 at 37680000000000000.
37,740,000,000,000,000 WARNING main_het_teleport_mw_rb_yb_rb_er Mw-to-Er teleportation trial 629 succeeded (completed=True, direct match=True, latency=2.127514312 seconds).
37,740,000,000,000,000 WARNING main_het_teleport_mw_rb_yb_rb_er Starting Mw-to-Er teleportation trial 630 at 37740000000000000.
37,800,000,000,000,000 WARNING main_het_teleport_mw_rb_yb_rb_er Mw-to-Er teleportation trial 630 succeeded (completed=True, direct match=True, latency=2.111913687 seconds).
37,800,000,000,000,000 WARNING main_het_teleport_mw_rb_yb_rb_er Starting Mw-to-Er teleportation trial 631 at 37800000000000000.
37,860,000,000,000,000 WARNING main_het_teleport_mw_rb_yb_rb_er Mw-to-Er teleportation trial 631 failed (completed=True, direct match=False, latency=4.210977687 seconds).
37,860,000,000,000,000 WARNING main_het_teleport_mw_rb_yb_rb_er Starting Mw-to-Er teleportation trial 632 at 37860000000000000.
37,920,000,000,000,000 WARNING main_het_teleport_mw_rb_yb_rb_er Mw-to-Er teleportation trial 632 succeeded (completed=True, direct match=True, latency=4.916905937 seconds).
37,920,000,000,000,000 WARNING main_het_teleport_mw_rb_yb_rb_er Starting Mw-to-Er teleportation trial 633 at 37920000000000000.
37,980,000,000,000,000 WARNING main_het_teleport_mw_rb_yb_rb_er Mw-to-Er teleportation trial 633 succeeded (completed=True, direct match=True, latency=4.901305312 seconds).
37,980,000,000,000,000 WARNING main_het_teleport_mw_rb_yb_rb_er Starting Mw-to-Er teleportation trial 634 at 37980000000000000.
38,040,000,000,000,000 WARNING main_het_teleport_mw_rb_yb_rb_er Mw-to-Er teleportation trial 634 succeeded (completed=True, direct match=True, latency=2.1259542495 seconds).
38,040,000,000,000,000 WARNING main_het_teleport_mw_rb_yb_rb_er Starting Mw-to-Er teleportation trial 635 at 38040000000000000.
38,100,000,000,000,000 WARNING main_het_teleport_mw_rb_yb_rb_er Mw-to-Er teleportation trial 635 succeeded (completed=True, direct match=True, latency=5.610353687 seconds).
38,100,000,000,000,000 WARNING main_het_teleport_mw_rb_yb_rb_er Starting Mw-to-Er teleportation trial 636 at 38100000000000000.
38,160,000,000,000,000 WARNING main_het_teleport_mw_rb_yb_rb_er Mw-to-Er teleportation trial 636 succeeded (completed=True, direct match=True, latency=2.1415548745 seconds).
38,160,000,000,000,000 WARNING main_het_teleport_mw_rb_yb_rb_er Starting Mw-to-Er teleportation trial 637 at 38160000000000000.
38,220,000,000,000,000 WARNING main_het_teleport_mw_rb_yb_rb_er Mw-to-Er teleportation trial 637 failed (completed=True, direct match=False, latency=10.5159699995 seconds).
38,220,000,000,000,000 WARNING main_het_teleport_mw_rb_yb_rb_er Starting Mw-to-Er teleportation trial 638 at 38220000000000000.
38,280,000,000,000,000 WARNING main_het_teleport_mw_rb_yb_rb_er Mw-to-Er teleportation trial 638 succeeded (completed=True, direct match=True, latency=6.975408312 seconds).
38,280,000,000,000,000 WARNING main_het_teleport_mw_rb_yb_rb_er Starting Mw-to-Er teleportation trial 639 at 38280000000000000.
38,340,000,000,000,000 WARNING main_het_teleport_mw_rb_yb_rb_er Mw-to-Er teleportation trial 639 succeeded (completed=True, direct match=True, latency=5.647795187 seconds).
38,340,000,000,000,000 WARNING main_het_teleport_mw_rb_yb_rb_er Starting Mw-to-Er teleportation trial 640 at 38340000000000000.
38,400,000,000,000,000 WARNING main_het_teleport_mw_rb_yb_rb_er Mw-to-Er teleportation trial 640 succeeded (completed=True, direct match=True, latency=6.278840437 seconds).
38,400,000,000,000,000 WARNING main_het_teleport_mw_rb_yb_rb_er Starting Mw-to-Er teleportation trial 641 at 38400000000000000.
38,460,000,000,000,000 WARNING main_het_teleport_mw_rb_yb_rb_er Mw-to-Er teleportation trial 641 succeeded (completed=True, direct match=True, latency=0.7577794995 seconds).
38,460,000,000,000,000 WARNING main_het_teleport_mw_rb_yb_rb_er Starting Mw-to-Er teleportation trial 642 at 38460000000000000.
38,520,000,000,000,000 WARNING main_het_teleport_mw_rb_yb_rb_er Mw-to-Er teleportation trial 642 succeeded (completed=True, direct match=True, latency=4.2831988995 seconds).
38,520,000,000,000,000 WARNING main_het_teleport_mw_rb_yb_rb_er Starting Mw-to-Er teleportation trial 643 at 38520000000000000.
38,580,000,000,000,000 WARNING main_het_teleport_mw_rb_yb_rb_er Mw-to-Er teleportation trial 643 succeeded (completed=True, direct match=True, latency=7.7172179995 seconds).
38,580,000,000,000,000 WARNING main_het_teleport_mw_rb_yb_rb_er Starting Mw-to-Er teleportation trial 644 at 38580000000000000.
38,640,000,000,000,000 WARNING main_het_teleport_mw_rb_yb_rb_er Mw-to-Er teleportation trial 644 failed (completed=True, direct match=False, latency=0.749979187 seconds).
38,640,000,000,000,000 WARNING main_het_teleport_mw_rb_yb_rb_er Starting Mw-to-Er teleportation trial 645 at 38640000000000000.
38,700,000,000,000,000 WARNING main_het_teleport_mw_rb_yb_rb_er Mw-to-Er teleportation trial 645 succeeded (completed=True, direct match=True, latency=5.6243942495 seconds).
38,700,000,000,000,000 WARNING main_het_teleport_mw_rb_yb_rb_er Starting Mw-to-Er teleportation trial 646 at 38700000000000000.
38,760,000,000,000,000 WARNING main_het_teleport_mw_rb_yb_rb_er Mw-to-Er teleportation trial 646 succeeded (completed=True, direct match=True, latency=2.108793562 seconds).
38,760,000,000,000,000 WARNING main_het_teleport_mw_rb_yb_rb_er Starting Mw-to-Er teleportation trial 647 at 38760000000000000.
38,820,000,000,000,000 WARNING main_het_teleport_mw_rb_yb_rb_er Mw-to-Er teleportation trial 647 succeeded (completed=True, direct match=True, latency=7.2609996995 seconds).
38,820,000,000,000,000 WARNING main_het_teleport_mw_rb_yb_rb_er Starting Mw-to-Er teleportation trial 648 at 38820000000000000.
38,880,000,000,000,000 WARNING main_het_teleport_mw_rb_yb_rb_er Mw-to-Er teleportation trial 648 succeeded (completed=True, direct match=True, latency=4.2125377495 seconds).
38,880,000,000,000,000 WARNING main_het_teleport_mw_rb_yb_rb_er Starting Mw-to-Er teleportation trial 649 at 38880000000000000.
38,940,000,000,000,000 WARNING main_het_teleport_mw_rb_yb_rb_er Mw-to-Er teleportation trial 649 succeeded (completed=True, direct match=True, latency=3.533130562 seconds).
38,940,000,000,000,000 WARNING main_het_teleport_mw_rb_yb_rb_er Starting Mw-to-Er teleportation trial 650 at 38940000000000000.
39,000,000,000,000,000 WARNING main_het_teleport_mw_rb_yb_rb_er Mw-to-Er teleportation trial 650 succeeded (completed=True, direct match=True, latency=4.9278263745 seconds).
39,000,000,000,000,000 WARNING main_het_teleport_mw_rb_yb_rb_er Starting Mw-to-Er teleportation trial 651 at 39000000000000000.
39,060,000,000,000,000 WARNING main_het_teleport_mw_rb_yb_rb_er Mw-to-Er teleportation trial 651 succeeded (completed=True, direct match=True, latency=2.1228341245 seconds).
39,060,000,000,000,000 WARNING main_het_teleport_mw_rb_yb_rb_er Starting Mw-to-Er teleportation trial 652 at 39060000000000000.
39,120,000,000,000,000 WARNING main_het_teleport_mw_rb_yb_rb_er Mw-to-Er teleportation trial 652 succeeded (completed=True, direct match=True, latency=3.501929312 seconds).
39,120,000,000,000,000 WARNING main_het_teleport_mw_rb_yb_rb_er Starting Mw-to-Er teleportation trial 653 at 39120000000000000.
39,180,000,000,000,000 WARNING main_het_teleport_mw_rb_yb_rb_er Mw-to-Er teleportation trial 653 succeeded (completed=True, direct match=True, latency=2.1165938745 seconds).
39,180,000,000,000,000 WARNING main_het_teleport_mw_rb_yb_rb_er Starting Mw-to-Er teleportation trial 654 at 39180000000000000.
39,240,000,000,000,000 WARNING main_het_teleport_mw_rb_yb_rb_er Mw-to-Er teleportation trial 654 succeeded (completed=True, direct match=True, latency=6.306921562 seconds).
39,240,000,000,000,000 WARNING main_het_teleport_mw_rb_yb_rb_er Starting Mw-to-Er teleportation trial 655 at 39240000000000000.
39,300,000,000,000,000 WARNING main_het_teleport_mw_rb_yb_rb_er Mw-to-Er teleportation trial 655 failed (completed=True, direct match=False, latency=0.7792785495 seconds).
39,300,000,000,000,000 WARNING main_het_teleport_mw_rb_yb_rb_er Starting Mw-to-Er teleportation trial 656 at 39300000000000000.
39,360,000,000,000,000 WARNING main_het_teleport_mw_rb_yb_rb_er Mw-to-Er teleportation trial 656 succeeded (completed=True, direct match=True, latency=4.866983937 seconds).
39,360,000,000,000,000 WARNING main_het_teleport_mw_rb_yb_rb_er Starting Mw-to-Er teleportation trial 657 at 39360000000000000.
39,420,000,000,000,000 WARNING main_het_teleport_mw_rb_yb_rb_er Mw-to-Er teleportation trial 657 succeeded (completed=True, direct match=True, latency=7.0144098745 seconds).
39,420,000,000,000,000 WARNING main_het_teleport_mw_rb_yb_rb_er Starting Mw-to-Er teleportation trial 658 at 39420000000000000.
39,480,000,000,000,000 WARNING main_het_teleport_mw_rb_yb_rb_er Mw-to-Er teleportation trial 658 succeeded (completed=True, direct match=True, latency=4.926266312 seconds).
39,480,000,000,000,000 WARNING main_het_teleport_mw_rb_yb_rb_er Starting Mw-to-Er teleportation trial 659 at 39480000000000000.
39,540,000,000,000,000 WARNING main_het_teleport_mw_rb_yb_rb_er Mw-to-Er teleportation trial 659 succeeded (completed=True, direct match=True, latency=7.675096312 seconds).
39,540,000,000,000,000 WARNING main_het_teleport_mw_rb_yb_rb_er Starting Mw-to-Er teleportation trial 660 at 39540000000000000.
39,600,000,000,000,000 WARNING main_het_teleport_mw_rb_yb_rb_er Mw-to-Er teleportation trial 660 succeeded (completed=True, direct match=True, latency=7.7359387495 seconds).
39,600,000,000,000,000 WARNING main_het_teleport_mw_rb_yb_rb_er Starting Mw-to-Er teleportation trial 661 at 39600000000000000.
39,660,000,000,000,000 WARNING main_het_teleport_mw_rb_yb_rb_er Mw-to-Er teleportation trial 661 succeeded (completed=True, direct match=True, latency=6.2960011245 seconds).
39,660,000,000,000,000 WARNING main_het_teleport_mw_rb_yb_rb_er Starting Mw-to-Er teleportation trial 662 at 39660000000000000.
39,720,000,000,000,000 WARNING main_het_teleport_mw_rb_yb_rb_er Mw-to-Er teleportation trial 662 failed (completed=True, direct match=False, latency=2.1384347495 seconds).
39,720,000,000,000,000 WARNING main_het_teleport_mw_rb_yb_rb_er Starting Mw-to-Er teleportation trial 663 at 39720000000000000.
39,780,000,000,000,000 WARNING main_het_teleport_mw_rb_yb_rb_er Mw-to-Er teleportation trial 663 succeeded (completed=True, direct match=True, latency=8.3701041245 seconds).
39,780,000,000,000,000 WARNING main_het_teleport_mw_rb_yb_rb_er Starting Mw-to-Er teleportation trial 664 at 39780000000000000.
39,840,000,000,000,000 WARNING main_het_teleport_mw_rb_yb_rb_er Mw-to-Er teleportation trial 664 succeeded (completed=True, direct match=True, latency=3.530010437 seconds).
39,840,000,000,000,000 WARNING main_het_teleport_mw_rb_yb_rb_er Starting Mw-to-Er teleportation trial 665 at 39840000000000000.
39,900,000,000,000,000 WARNING main_het_teleport_mw_rb_yb_rb_er Mw-to-Er teleportation trial 665 succeeded (completed=True, direct match=True, latency=4.2125377495 seconds).
39,900,000,000,000,000 WARNING main_het_teleport_mw_rb_yb_rb_er Starting Mw-to-Er teleportation trial 666 at 39900000000000000.
39,960,000,000,000,000 WARNING main_het_teleport_mw_rb_yb_rb_er Mw-to-Er teleportation trial 666 succeeded (completed=True, direct match=True, latency=1.5049938745 seconds).
39,960,000,000,000,000 WARNING main_het_teleport_mw_rb_yb_rb_er Starting Mw-to-Er teleportation trial 667 at 39960000000000000.
40,020,000,000,000,000 WARNING main_het_teleport_mw_rb_yb_rb_er Mw-to-Er teleportation trial 667 succeeded (completed=True, direct match=True, latency=1.952787312 seconds).
40,020,000,000,000,000 WARNING main_het_teleport_mw_rb_yb_rb_er Starting Mw-to-Er teleportation trial 668 at 40020000000000000.
40,080,000,000,000,000 WARNING main_het_teleport_mw_rb_yb_rb_er Mw-to-Er teleportation trial 668 succeeded (completed=True, direct match=True, latency=9.805361562 seconds).
40,080,000,000,000,000 WARNING main_het_teleport_mw_rb_yb_rb_er Starting Mw-to-Er teleportation trial 669 at 40080000000000000.
40,140,000,000,000,000 WARNING main_het_teleport_mw_rb_yb_rb_er Mw-to-Er teleportation trial 669 succeeded (completed=True, direct match=True, latency=4.9247062495 seconds).
40,140,000,000,000,000 WARNING main_het_teleport_mw_rb_yb_rb_er Starting Mw-to-Er teleportation trial 670 at 40140000000000000.
40,200,000,000,000,000 WARNING main_het_teleport_mw_rb_yb_rb_er Mw-to-Er teleportation trial 670 succeeded (completed=True, direct match=True, latency=1.4106656245 seconds).
40,200,000,000,000,000 WARNING main_het_teleport_mw_rb_yb_rb_er Starting Mw-to-Er teleportation trial 671 at 40200000000000000.
40,260,000,000,000,000 WARNING main_het_teleport_mw_rb_yb_rb_er Mw-to-Er teleportation trial 671 succeeded (completed=True, direct match=True, latency=5.6150338745 seconds).
40,260,000,000,000,000 WARNING main_het_teleport_mw_rb_yb_rb_er Starting Mw-to-Er teleportation trial 672 at 40260000000000000.
40,320,000,000,000,000 WARNING main_het_teleport_mw_rb_yb_rb_er Mw-to-Er teleportation trial 672 succeeded (completed=True, direct match=True, latency=2.858403562 seconds).
40,320,000,000,000,000 WARNING main_het_teleport_mw_rb_yb_rb_er Starting Mw-to-Er teleportation trial 673 at 40320000000000000.
40,380,000,000,000,000 WARNING main_het_teleport_mw_rb_yb_rb_er Mw-to-Er teleportation trial 673 succeeded (completed=True, direct match=True, latency=5.572912187 seconds).
40,380,000,000,000,000 WARNING main_het_teleport_mw_rb_yb_rb_er Starting Mw-to-Er teleportation trial 674 at 40380000000000000.
40,440,000,000,000,000 WARNING main_het_teleport_mw_rb_yb_rb_er Mw-to-Er teleportation trial 674 succeeded (completed=True, direct match=True, latency=4.207857562 seconds).
40,440,000,000,000,000 WARNING main_het_teleport_mw_rb_yb_rb_er Starting Mw-to-Er teleportation trial 675 at 40440000000000000.
40,500,000,000,000,000 WARNING main_het_teleport_mw_rb_yb_rb_er Mw-to-Er teleportation trial 675 succeeded (completed=True, direct match=True, latency=2.124394187 seconds).
40,500,000,000,000,000 WARNING main_het_teleport_mw_rb_yb_rb_er Starting Mw-to-Er teleportation trial 676 at 40500000000000000.
40,560,000,000,000,000 WARNING main_het_teleport_mw_rb_yb_rb_er Mw-to-Er teleportation trial 676 failed (completed=True, direct match=False, latency=2.8537233745 seconds).
40,560,000,000,000,000 WARNING main_het_teleport_mw_rb_yb_rb_er Starting Mw-to-Er teleportation trial 677 at 40560000000000000.
40,620,000,000,000,000 WARNING main_het_teleport_mw_rb_yb_rb_er Mw-to-Er teleportation trial 677 failed (completed=True, direct match=False, latency=13.2960012495 seconds).
40,620,000,000,000,000 WARNING main_het_teleport_mw_rb_yb_rb_er Starting Mw-to-Er teleportation trial 678 at 40620000000000000.
40,680,000,000,000,000 WARNING main_het_teleport_mw_rb_yb_rb_er Mw-to-Er teleportation trial 678 succeeded (completed=True, direct match=True, latency=6.310041687 seconds).
40,680,000,000,000,000 WARNING main_het_teleport_mw_rb_yb_rb_er Starting Mw-to-Er teleportation trial 679 at 40680000000000000.
40,740,000,000,000,000 WARNING main_het_teleport_mw_rb_yb_rb_er Mw-to-Er teleportation trial 679 succeeded (completed=True, direct match=True, latency=2.105673437 seconds).
40,740,000,000,000,000 WARNING main_het_teleport_mw_rb_yb_rb_er Starting Mw-to-Er teleportation trial 680 at 40740000000000000.
40,800,000,000,000,000 WARNING main_het_teleport_mw_rb_yb_rb_er Mw-to-Er teleportation trial 680 failed (completed=True, direct match=False, latency=5.641554937 seconds).
40,800,000,000,000,000 WARNING main_het_teleport_mw_rb_yb_rb_er Starting Mw-to-Er teleportation trial 681 at 40800000000000000.
40,860,000,000,000,000 WARNING main_het_teleport_mw_rb_yb_rb_er Mw-to-Er teleportation trial 681 succeeded (completed=True, direct match=True, latency=3.511289687 seconds).
40,860,000,000,000,000 WARNING main_het_teleport_mw_rb_yb_rb_er Starting Mw-to-Er teleportation trial 682 at 40860000000000000.
40,920,000,000,000,000 WARNING main_het_teleport_mw_rb_yb_rb_er Mw-to-Er teleportation trial 682 succeeded (completed=True, direct match=True, latency=9.061991812 seconds).
40,920,000,000,000,000 WARNING main_het_teleport_mw_rb_yb_rb_er Starting Mw-to-Er teleportation trial 683 at 40920000000000000.
40,980,000,000,000,000 WARNING main_het_teleport_mw_rb_yb_rb_er Mw-to-Er teleportation trial 683 succeeded (completed=True, direct match=True, latency=7.715657937 seconds).
40,980,000,000,000,000 WARNING main_het_teleport_mw_rb_yb_rb_er Starting Mw-to-Er teleportation trial 684 at 40980000000000000.
41,040,000,000,000,000 WARNING main_het_teleport_mw_rb_yb_rb_er Mw-to-Er teleportation trial 684 succeeded (completed=True, direct match=True, latency=8.430946562 seconds).
41,040,000,000,000,000 WARNING main_het_teleport_mw_rb_yb_rb_er Starting Mw-to-Er teleportation trial 685 at 41040000000000000.
41,100,000,000,000,000 WARNING main_het_teleport_mw_rb_yb_rb_er Mw-to-Er teleportation trial 685 succeeded (completed=True, direct match=True, latency=4.251539312 seconds).
41,100,000,000,000,000 WARNING main_het_teleport_mw_rb_yb_rb_er Starting Mw-to-Er teleportation trial 686 at 41100000000000000.
41,160,000,000,000,000 WARNING main_het_teleport_mw_rb_yb_rb_er Mw-to-Er teleportation trial 686 failed (completed=True, direct match=False, latency=9.758559687 seconds).
41,160,000,000,000,000 WARNING main_het_teleport_mw_rb_yb_rb_er Starting Mw-to-Er teleportation trial 687 at 41160000000000000.
41,220,000,000,000,000 WARNING main_het_teleport_mw_rb_yb_rb_er Mw-to-Er teleportation trial 687 succeeded (completed=True, direct match=True, latency=4.941866937 seconds).
41,220,000,000,000,000 WARNING main_het_teleport_mw_rb_yb_rb_er Starting Mw-to-Er teleportation trial 688 at 41220000000000000.
41,280,000,000,000,000 WARNING main_het_teleport_mw_rb_yb_rb_er Mw-to-Er teleportation trial 688 failed (completed=True, direct match=False, latency=4.941866937 seconds).
41,280,000,000,000,000 WARNING main_het_teleport_mw_rb_yb_rb_er Starting Mw-to-Er teleportation trial 689 at 41280000000000000.
41,340,000,000,000,000 WARNING main_het_teleport_mw_rb_yb_rb_er Mw-to-Er teleportation trial 689 succeeded (completed=True, direct match=True, latency=5.619714062 seconds).
41,340,000,000,000,000 WARNING main_het_teleport_mw_rb_yb_rb_er Starting Mw-to-Er teleportation trial 690 at 41340000000000000.
41,400,000,000,000,000 WARNING main_het_teleport_mw_rb_yb_rb_er Mw-to-Er teleportation trial 690 succeeded (completed=True, direct match=True, latency=2.1290743745 seconds).
41,400,000,000,000,000 WARNING main_het_teleport_mw_rb_yb_rb_er Starting Mw-to-Er teleportation trial 691 at 41400000000000000.
41,460,000,000,000,000 WARNING main_het_teleport_mw_rb_yb_rb_er Mw-to-Er teleportation trial 691 succeeded (completed=True, direct match=True, latency=2.0978731245 seconds).
41,460,000,000,000,000 WARNING main_het_teleport_mw_rb_yb_rb_er Starting Mw-to-Er teleportation trial 692 at 41460000000000000.
41,520,000,000,000,000 WARNING main_het_teleport_mw_rb_yb_rb_er Mw-to-Er teleportation trial 692 succeeded (completed=True, direct match=True, latency=6.325642312 seconds).
41,520,000,000,000,000 WARNING main_het_teleport_mw_rb_yb_rb_er Starting Mw-to-Er teleportation trial 693 at 41520000000000000.
41,580,000,000,000,000 WARNING main_het_teleport_mw_rb_yb_rb_er Mw-to-Er teleportation trial 693 failed (completed=True, direct match=False, latency=3.5222101245 seconds).
41,580,000,000,000,000 WARNING main_het_teleport_mw_rb_yb_rb_er Starting Mw-to-Er teleportation trial 694 at 41580000000000000.
41,640,000,000,000,000 WARNING main_het_teleport_mw_rb_yb_rb_er Mw-to-Er teleportation trial 694 succeeded (completed=True, direct match=True, latency=3.5159698745 seconds).
41,640,000,000,000,000 WARNING main_het_teleport_mw_rb_yb_rb_er Starting Mw-to-Er teleportation trial 695 at 41640000000000000.
41,700,000,000,000,000 WARNING main_het_teleport_mw_rb_yb_rb_er Mw-to-Er teleportation trial 695 succeeded (completed=True, direct match=True, latency=6.322522187 seconds).
41,700,000,000,000,000 WARNING main_het_teleport_mw_rb_yb_rb_er Starting Mw-to-Er teleportation trial 696 at 41700000000000000.
41,760,000,000,000,000 WARNING main_het_teleport_mw_rb_yb_rb_er Mw-to-Er teleportation trial 696 succeeded (completed=True, direct match=True, latency=1.387264687 seconds).
41,760,000,000,000,000 WARNING main_het_teleport_mw_rb_yb_rb_er Starting Mw-to-Er teleportation trial 697 at 41760000000000000.
41,820,000,000,000,000 WARNING main_het_teleport_mw_rb_yb_rb_er Mw-to-Er teleportation trial 697 succeeded (completed=True, direct match=True, latency=4.182896562 seconds).
41,820,000,000,000,000 WARNING main_het_teleport_mw_rb_yb_rb_er Starting Mw-to-Er teleportation trial 698 at 41820000000000000.
41,880,000,000,000,000 WARNING main_het_teleport_mw_rb_yb_rb_er Mw-to-Er teleportation trial 698 succeeded (completed=True, direct match=True, latency=2.789760812 seconds).
41,880,000,000,000,000 WARNING main_het_teleport_mw_rb_yb_rb_er Starting Mw-to-Er teleportation trial 699 at 41880000000000000.
41,940,000,000,000,000 WARNING main_het_teleport_mw_rb_yb_rb_er Mw-to-Er teleportation trial 699 succeeded (completed=True, direct match=True, latency=1.424706187 seconds).
41,940,000,000,000,000 WARNING main_het_teleport_mw_rb_yb_rb_er Starting Mw-to-Er teleportation trial 700 at 41940000000000000.
42,000,000,000,000,000 WARNING main_het_teleport_mw_rb_yb_rb_er Mw-to-Er teleportation trial 700 succeeded (completed=True, direct match=True, latency=3.4941289995 seconds).
42,000,000,000,000,000 WARNING main_het_teleport_mw_rb_yb_rb_er Starting Mw-to-Er teleportation trial 701 at 42000000000000000.
42,060,000,000,000,000 WARNING main_het_teleport_mw_rb_yb_rb_er Mw-to-Er teleportation trial 701 succeeded (completed=True, direct match=True, latency=5.6181539995 seconds).
42,060,000,000,000,000 WARNING main_het_teleport_mw_rb_yb_rb_er Starting Mw-to-Er teleportation trial 702 at 42060000000000000.
42,120,000,000,000,000 WARNING main_het_teleport_mw_rb_yb_rb_er Mw-to-Er teleportation trial 702 succeeded (completed=True, direct match=True, latency=1.405985437 seconds).
42,120,000,000,000,000 WARNING main_het_teleport_mw_rb_yb_rb_er Starting Mw-to-Er teleportation trial 703 at 42120000000000000.
42,180,000,000,000,000 WARNING main_het_teleport_mw_rb_yb_rb_er Mw-to-Er teleportation trial 703 succeeded (completed=True, direct match=True, latency=4.223458187 seconds).
42,180,000,000,000,000 WARNING main_het_teleport_mw_rb_yb_rb_er Starting Mw-to-Er teleportation trial 704 at 42180000000000000.
42,240,000,000,000,000 WARNING main_het_teleport_mw_rb_yb_rb_er Mw-to-Er teleportation trial 704 succeeded (completed=True, direct match=True, latency=2.1118606995 seconds).
42,240,000,000,000,000 WARNING main_het_teleport_mw_rb_yb_rb_er Starting Mw-to-Er teleportation trial 705 at 42240000000000000.
42,300,000,000,000,000 WARNING main_het_teleport_mw_rb_yb_rb_er Mw-to-Er teleportation trial 705 succeeded (completed=True, direct match=True, latency=3.5222101245 seconds).
42,300,000,000,000,000 WARNING main_het_teleport_mw_rb_yb_rb_er Starting Mw-to-Er teleportation trial 706 at 42300000000000000.
42,360,000,000,000,000 WARNING main_het_teleport_mw_rb_yb_rb_er Mw-to-Er teleportation trial 706 succeeded (completed=True, direct match=True, latency=2.796001062 seconds).
42,360,000,000,000,000 WARNING main_het_teleport_mw_rb_yb_rb_er Starting Mw-to-Er teleportation trial 707 at 42360000000000000.
42,420,000,000,000,000 WARNING main_het_teleport_mw_rb_yb_rb_er Mw-to-Er teleportation trial 707 succeeded (completed=True, direct match=True, latency=2.777280312 seconds).
42,420,000,000,000,000 WARNING main_het_teleport_mw_rb_yb_rb_er Starting Mw-to-Er teleportation trial 708 at 42420000000000000.
42,480,000,000,000,000 WARNING main_het_teleport_mw_rb_yb_rb_er Mw-to-Er teleportation trial 708 succeeded (completed=True, direct match=True, latency=5.6243942495 seconds).
42,480,000,000,000,000 WARNING main_het_teleport_mw_rb_yb_rb_er Starting Mw-to-Er teleportation trial 709 at 42480000000000000.
42,540,000,000,000,000 WARNING main_het_teleport_mw_rb_yb_rb_er Mw-to-Er teleportation trial 709 succeeded (completed=True, direct match=True, latency=3.5222101245 seconds).
42,540,000,000,000,000 WARNING main_het_teleport_mw_rb_yb_rb_er Starting Mw-to-Er teleportation trial 710 at 42540000000000000.
42,600,000,000,000,000 WARNING main_het_teleport_mw_rb_yb_rb_er Mw-to-Er teleportation trial 710 succeeded (completed=True, direct match=True, latency=0.7296983745 seconds).
42,600,000,000,000,000 WARNING main_het_teleport_mw_rb_yb_rb_er Starting Mw-to-Er teleportation trial 711 at 42600000000000000.
42,660,000,000,000,000 WARNING main_het_teleport_mw_rb_yb_rb_er Mw-to-Er teleportation trial 711 succeeded (completed=True, direct match=True, latency=0.749480587 seconds).
42,660,000,000,000,000 WARNING main_het_teleport_mw_rb_yb_rb_er Starting Mw-to-Er teleportation trial 712 at 42660000000000000.
42,720,000,000,000,000 WARNING main_het_teleport_mw_rb_yb_rb_er Mw-to-Er teleportation trial 712 failed (completed=True, direct match=False, latency=1.4855486245 seconds).
42,720,000,000,000,000 WARNING main_het_teleport_mw_rb_yb_rb_er Starting Mw-to-Er teleportation trial 713 at 42720000000000000.
42,780,000,000,000,000 WARNING main_het_teleport_mw_rb_yb_rb_er Mw-to-Er teleportation trial 713 succeeded (completed=True, direct match=True, latency=3.554224137 seconds).
42,780,000,000,000,000 WARNING main_het_teleport_mw_rb_yb_rb_er Starting Mw-to-Er teleportation trial 714 at 42780000000000000.
42,840,000,000,000,000 WARNING main_het_teleport_mw_rb_yb_rb_er Mw-to-Er teleportation trial 714 succeeded (completed=True, direct match=True, latency=4.179776437 seconds).
42,840,000,000,000,000 WARNING main_het_teleport_mw_rb_yb_rb_er Starting Mw-to-Er teleportation trial 715 at 42840000000000000.
42,900,000,000,000,000 WARNING main_het_teleport_mw_rb_yb_rb_er Mw-to-Er teleportation trial 715 succeeded (completed=True, direct match=True, latency=4.2999012495 seconds).
42,900,000,000,000,000 WARNING main_het_teleport_mw_rb_yb_rb_er Starting Mw-to-Er teleportation trial 716 at 42900000000000000.
42,960,000,000,000,000 WARNING main_het_teleport_mw_rb_yb_rb_er Mw-to-Er teleportation trial 716 failed (completed=True, direct match=False, latency=2.7413988745 seconds).
42,960,000,000,000,000 WARNING main_het_teleport_mw_rb_yb_rb_er Starting Mw-to-Er teleportation trial 717 at 42960000000000000.
43,020,000,000,000,000 WARNING main_het_teleport_mw_rb_yb_rb_er Mw-to-Er teleportation trial 717 succeeded (completed=True, direct match=True, latency=4.9122257495 seconds).
43,020,000,000,000,000 WARNING main_het_teleport_mw_rb_yb_rb_er Starting Mw-to-Er teleportation trial 718 at 43020000000000000.
43,080,000,000,000,000 WARNING main_het_teleport_mw_rb_yb_rb_er Mw-to-Er teleportation trial 718 succeeded (completed=True, direct match=True, latency=7.0237702495 seconds).
43,080,000,000,000,000 WARNING main_het_teleport_mw_rb_yb_rb_er Starting Mw-to-Er teleportation trial 719 at 43080000000000000.
43,140,000,000,000,000 WARNING main_het_teleport_mw_rb_yb_rb_er Mw-to-Er teleportation trial 719 succeeded (completed=True, direct match=True, latency=1.387264687 seconds).
43,140,000,000,000,000 WARNING main_het_teleport_mw_rb_yb_rb_er Starting Mw-to-Er teleportation trial 720 at 43140000000000000.
43,200,000,000,000,000 WARNING main_het_teleport_mw_rb_yb_rb_er Mw-to-Er teleportation trial 720 succeeded (completed=True, direct match=True, latency=2.086952687 seconds).
43,200,000,000,000,000 WARNING main_het_teleport_mw_rb_yb_rb_er Starting Mw-to-Er teleportation trial 721 at 43200000000000000.
43,260,000,000,000,000 WARNING main_het_teleport_mw_rb_yb_rb_er Mw-to-Er teleportation trial 721 succeeded (completed=True, direct match=True, latency=2.783520562 seconds).
43,260,000,000,000,000 WARNING main_het_teleport_mw_rb_yb_rb_er Starting Mw-to-Er teleportation trial 722 at 43260000000000000.
43,320,000,000,000,000 WARNING main_het_teleport_mw_rb_yb_rb_er Mw-to-Er teleportation trial 722 succeeded (completed=True, direct match=True, latency=14.559651812 seconds).
43,320,000,000,000,000 WARNING main_het_teleport_mw_rb_yb_rb_er Starting Mw-to-Er teleportation trial 723 at 43320000000000000.
43,380,000,000,000,000 WARNING main_het_teleport_mw_rb_yb_rb_er Mw-to-Er teleportation trial 723 succeeded (completed=True, direct match=True, latency=7.703177437 seconds).
43,380,000,000,000,000 WARNING main_het_teleport_mw_rb_yb_rb_er Starting Mw-to-Er teleportation trial 724 at 43380000000000000.
43,440,000,000,000,000 WARNING main_het_teleport_mw_rb_yb_rb_er Mw-to-Er teleportation trial 724 failed (completed=True, direct match=False, latency=5.616593937 seconds).
43,440,000,000,000,000 WARNING main_het_teleport_mw_rb_yb_rb_er Starting Mw-to-Er teleportation trial 725 at 43440000000000000.
43,500,000,000,000,000 WARNING main_het_teleport_mw_rb_yb_rb_er Mw-to-Er teleportation trial 725 failed (completed=True, direct match=False, latency=5.625954312 seconds).
43,500,000,000,000,000 WARNING main_het_teleport_mw_rb_yb_rb_er Starting Mw-to-Er teleportation trial 726 at 43500000000000000.
43,560,000,000,000,000 WARNING main_het_teleport_mw_rb_yb_rb_er Mw-to-Er teleportation trial 726 succeeded (completed=True, direct match=True, latency=9.802241437 seconds).
43,560,000,000,000,000 WARNING main_het_teleport_mw_rb_yb_rb_er Starting Mw-to-Er teleportation trial 727 at 43560000000000000.
43,620,000,000,000,000 WARNING main_het_teleport_mw_rb_yb_rb_er Mw-to-Er teleportation trial 727 succeeded (completed=True, direct match=True, latency=3.6631597745 seconds).
43,620,000,000,000,000 WARNING main_het_teleport_mw_rb_yb_rb_er Starting Mw-to-Er teleportation trial 728 at 43620000000000000.
43,680,000,000,000,000 WARNING main_het_teleport_mw_rb_yb_rb_er Mw-to-Er teleportation trial 728 succeeded (completed=True, direct match=True, latency=8.402865437 seconds).
43,680,000,000,000,000 WARNING main_het_teleport_mw_rb_yb_rb_er Starting Mw-to-Er teleportation trial 729 at 43680000000000000.
43,740,000,000,000,000 WARNING main_het_teleport_mw_rb_yb_rb_er Mw-to-Er teleportation trial 729 failed (completed=True, direct match=False, latency=5.6025533745 seconds).
43,740,000,000,000,000 WARNING main_het_teleport_mw_rb_yb_rb_er Starting Mw-to-Er teleportation trial 730 at 43740000000000000.
43,800,000,000,000,000 WARNING main_het_teleport_mw_rb_yb_rb_er Mw-to-Er teleportation trial 730 failed (completed=True, direct match=False, latency=2.102553312 seconds).
43,800,000,000,000,000 WARNING main_het_teleport_mw_rb_yb_rb_er Starting Mw-to-Er teleportation trial 731 at 43800000000000000.
43,860,000,000,000,000 WARNING main_het_teleport_mw_rb_yb_rb_er Mw-to-Er teleportation trial 731 failed (completed=True, direct match=False, latency=2.1321944995 seconds).
43,860,000,000,000,000 WARNING main_het_teleport_mw_rb_yb_rb_er Starting Mw-to-Er teleportation trial 732 at 43860000000000000.
43,920,000,000,000,000 WARNING main_het_teleport_mw_rb_yb_rb_er Mw-to-Er teleportation trial 732 failed (completed=True, direct match=False, latency=4.8623037495 seconds).
43,920,000,000,000,000 WARNING main_het_teleport_mw_rb_yb_rb_er Starting Mw-to-Er teleportation trial 733 at 43920000000000000.
43,980,000,000,000,000 WARNING main_het_teleport_mw_rb_yb_rb_er Mw-to-Er teleportation trial 733 succeeded (completed=True, direct match=True, latency=1.4323723995 seconds).
43,980,000,000,000,000 WARNING main_het_teleport_mw_rb_yb_rb_er Starting Mw-to-Er teleportation trial 734 at 43980000000000000.
44,040,000,000,000,000 WARNING main_het_teleport_mw_rb_yb_rb_er Mw-to-Er teleportation trial 734 succeeded (completed=True, direct match=True, latency=2.827202312 seconds).
44,040,000,000,000,000 WARNING main_het_teleport_mw_rb_yb_rb_er Starting Mw-to-Er teleportation trial 735 at 44040000000000000.
44,100,000,000,000,000 WARNING main_het_teleport_mw_rb_yb_rb_er Mw-to-Er teleportation trial 735 succeeded (completed=True, direct match=True, latency=6.2835206245 seconds).
44,100,000,000,000,000 WARNING main_het_teleport_mw_rb_yb_rb_er Starting Mw-to-Er teleportation trial 736 at 44100000000000000.
44,160,000,000,000,000 WARNING main_het_teleport_mw_rb_yb_rb_er Mw-to-Er teleportation trial 736 succeeded (completed=True, direct match=True, latency=3.5409308745 seconds).
44,160,000,000,000,000 WARNING main_het_teleport_mw_rb_yb_rb_er Starting Mw-to-Er teleportation trial 737 at 44160000000000000.
44,220,000,000,000,000 WARNING main_het_teleport_mw_rb_yb_rb_er Mw-to-Er teleportation trial 737 succeeded (completed=True, direct match=True, latency=2.8864986245 seconds).
44,220,000,000,000,000 WARNING main_het_teleport_mw_rb_yb_rb_er Starting Mw-to-Er teleportation trial 738 at 44220000000000000.
44,280,000,000,000,000 WARNING main_het_teleport_mw_rb_yb_rb_er Mw-to-Er teleportation trial 738 succeeded (completed=True, direct match=True, latency=2.1165938745 seconds).
44,280,000,000,000,000 WARNING main_het_teleport_mw_rb_yb_rb_er Starting Mw-to-Er teleportation trial 739 at 44280000000000000.
44,340,000,000,000,000 WARNING main_het_teleport_mw_rb_yb_rb_er Mw-to-Er teleportation trial 739 succeeded (completed=True, direct match=True, latency=6.3178419995 seconds).
44,340,000,000,000,000 WARNING main_het_teleport_mw_rb_yb_rb_er Starting Mw-to-Er teleportation trial 740 at 44340000000000000.
44,400,000,000,000,000 WARNING main_het_teleport_mw_rb_yb_rb_er Mw-to-Er teleportation trial 740 succeeded (completed=True, direct match=True, latency=2.1197139995 seconds).
44,400,000,000,000,000 WARNING main_het_teleport_mw_rb_yb_rb_er Starting Mw-to-Er teleportation trial 741 at 44400000000000000.
44,460,000,000,000,000 WARNING main_het_teleport_mw_rb_yb_rb_er Mw-to-Er teleportation trial 741 failed (completed=True, direct match=False, latency=1.4824284995 seconds).
44,460,000,000,000,000 WARNING main_het_teleport_mw_rb_yb_rb_er Starting Mw-to-Er teleportation trial 742 at 44460000000000000.
44,520,000,000,000,000 WARNING main_het_teleport_mw_rb_yb_rb_er Mw-to-Er teleportation trial 742 succeeded (completed=True, direct match=True, latency=6.2679199995 seconds).
44,520,000,000,000,000 WARNING main_het_teleport_mw_rb_yb_rb_er Starting Mw-to-Er teleportation trial 743 at 44520000000000000.
44,580,000,000,000,000 WARNING main_het_teleport_mw_rb_yb_rb_er Mw-to-Er teleportation trial 743 succeeded (completed=True, direct match=True, latency=1.5129291995 seconds).
44,580,000,000,000,000 WARNING main_het_teleport_mw_rb_yb_rb_er Starting Mw-to-Er teleportation trial 744 at 44580000000000000.
44,640,000,000,000,000 WARNING main_het_teleport_mw_rb_yb_rb_er Mw-to-Er teleportation trial 744 succeeded (completed=True, direct match=True, latency=19.544831312 seconds).
44,640,000,000,000,000 WARNING main_het_teleport_mw_rb_yb_rb_er Starting Mw-to-Er teleportation trial 745 at 44640000000000000.
44,700,000,000,000,000 WARNING main_het_teleport_mw_rb_yb_rb_er Mw-to-Er teleportation trial 745 succeeded (completed=True, direct match=True, latency=3.5190899995 seconds).
44,700,000,000,000,000 WARNING main_het_teleport_mw_rb_yb_rb_er Starting Mw-to-Er teleportation trial 746 at 44700000000000000.
44,760,000,000,000,000 WARNING main_het_teleport_mw_rb_yb_rb_er Mw-to-Er teleportation trial 746 succeeded (completed=True, direct match=True, latency=2.1415548745 seconds).
44,760,000,000,000,000 WARNING main_het_teleport_mw_rb_yb_rb_er Starting Mw-to-Er teleportation trial 747 at 44760000000000000.
44,820,000,000,000,000 WARNING main_het_teleport_mw_rb_yb_rb_er Mw-to-Er teleportation trial 747 succeeded (completed=True, direct match=True, latency=3.501929312 seconds).
44,820,000,000,000,000 WARNING main_het_teleport_mw_rb_yb_rb_er Starting Mw-to-Er teleportation trial 748 at 44820000000000000.
44,880,000,000,000,000 WARNING main_het_teleport_mw_rb_yb_rb_er Mw-to-Er teleportation trial 748 succeeded (completed=True, direct match=True, latency=5.604113437 seconds).
44,880,000,000,000,000 WARNING main_het_teleport_mw_rb_yb_rb_er Starting Mw-to-Er teleportation trial 749 at 44880000000000000.
44,940,000,000,000,000 WARNING main_het_teleport_mw_rb_yb_rb_er Mw-to-Er teleportation trial 749 failed (completed=True, direct match=False, latency=5.526110312 seconds).
44,940,000,000,000,000 WARNING main_het_teleport_mw_rb_yb_rb_er Starting Mw-to-Er teleportation trial 750 at 44940000000000000.
45,000,000,000,000,000 WARNING main_het_teleport_mw_rb_yb_rb_er Mw-to-Er teleportation trial 750 succeeded (completed=True, direct match=True, latency=1.588107887 seconds).
45,000,000,000,000,000 WARNING main_het_teleport_mw_rb_yb_rb_er Starting Mw-to-Er teleportation trial 751 at 45000000000000000.
45,060,000,000,000,000 WARNING main_het_teleport_mw_rb_yb_rb_er Mw-to-Er teleportation trial 751 succeeded (completed=True, direct match=True, latency=4.210977687 seconds).
45,060,000,000,000,000 WARNING main_het_teleport_mw_rb_yb_rb_er Starting Mw-to-Er teleportation trial 752 at 45060000000000000.
45,120,000,000,000,000 WARNING main_het_teleport_mw_rb_yb_rb_er Mw-to-Er teleportation trial 752 succeeded (completed=True, direct match=True, latency=4.932506562 seconds).
45,120,000,000,000,000 WARNING main_het_teleport_mw_rb_yb_rb_er Starting Mw-to-Er teleportation trial 753 at 45120000000000000.
45,180,000,000,000,000 WARNING main_het_teleport_mw_rb_yb_rb_er Mw-to-Er teleportation trial 753 succeeded (completed=True, direct match=True, latency=4.932506562 seconds).
45,180,000,000,000,000 WARNING main_het_teleport_mw_rb_yb_rb_er Starting Mw-to-Er teleportation trial 754 at 45180000000000000.
45,240,000,000,000,000 WARNING main_het_teleport_mw_rb_yb_rb_er Mw-to-Er teleportation trial 754 failed (completed=True, direct match=False, latency=6.9800884995 seconds).
45,240,000,000,000,000 WARNING main_het_teleport_mw_rb_yb_rb_er Starting Mw-to-Er teleportation trial 755 at 45240000000000000.
45,300,000,000,000,000 WARNING main_het_teleport_mw_rb_yb_rb_er Mw-to-Er teleportation trial 755 succeeded (completed=True, direct match=True, latency=6.3209621245 seconds).
45,300,000,000,000,000 WARNING main_het_teleport_mw_rb_yb_rb_er Starting Mw-to-Er teleportation trial 756 at 45300000000000000.
45,360,000,000,000,000 WARNING main_het_teleport_mw_rb_yb_rb_er Mw-to-Er teleportation trial 756 failed (completed=True, direct match=False, latency=4.1813364995 seconds).
45,360,000,000,000,000 WARNING main_het_teleport_mw_rb_yb_rb_er Starting Mw-to-Er teleportation trial 757 at 45360000000000000.
45,420,000,000,000,000 WARNING main_het_teleport_mw_rb_yb_rb_er Mw-to-Er teleportation trial 757 failed (completed=True, direct match=False, latency=3.548731187 seconds).
45,420,000,000,000,000 WARNING main_het_teleport_mw_rb_yb_rb_er Starting Mw-to-Er teleportation trial 758 at 45420000000000000.
45,480,000,000,000,000 WARNING main_het_teleport_mw_rb_yb_rb_er Mw-to-Er teleportation trial 758 succeeded (completed=True, direct match=True, latency=6.263239812 seconds).
45,480,000,000,000,000 WARNING main_het_teleport_mw_rb_yb_rb_er Starting Mw-to-Er teleportation trial 759 at 45480000000000000.
45,540,000,000,000,000 WARNING main_het_teleport_mw_rb_yb_rb_er Mw-to-Er teleportation trial 759 succeeded (completed=True, direct match=True, latency=5.7117577495 seconds).
45,540,000,000,000,000 WARNING main_het_teleport_mw_rb_yb_rb_er Starting Mw-to-Er teleportation trial 760 at 45540000000000000.
45,600,000,000,000,000 WARNING main_het_teleport_mw_rb_yb_rb_er Mw-to-Er teleportation trial 760 succeeded (completed=True, direct match=True, latency=4.8155018745 seconds).
45,600,000,000,000,000 WARNING main_het_teleport_mw_rb_yb_rb_er Starting Mw-to-Er teleportation trial 761 at 45600000000000000.
45,660,000,000,000,000 WARNING main_het_teleport_mw_rb_yb_rb_er Mw-to-Er teleportation trial 761 failed (completed=True, direct match=False, latency=8.462147812 seconds).
45,660,000,000,000,000 WARNING main_het_teleport_mw_rb_yb_rb_er Starting Mw-to-Er teleportation trial 762 at 45660000000000000.
45,720,000,000,000,000 WARNING main_het_teleport_mw_rb_yb_rb_er Mw-to-Er teleportation trial 762 failed (completed=True, direct match=False, latency=1.425883062 seconds).
45,720,000,000,000,000 WARNING main_het_teleport_mw_rb_yb_rb_er Starting Mw-to-Er teleportation trial 763 at 45720000000000000.
45,780,000,000,000,000 WARNING main_het_teleport_mw_rb_yb_rb_er Mw-to-Er teleportation trial 763 failed (completed=True, direct match=False, latency=3.508169562 seconds).
45,780,000,000,000,000 WARNING main_het_teleport_mw_rb_yb_rb_er Starting Mw-to-Er teleportation trial 764 at 45780000000000000.
45,840,000,000,000,000 WARNING main_het_teleport_mw_rb_yb_rb_er Mw-to-Er teleportation trial 764 failed (completed=True, direct match=False, latency=4.9059854995 seconds).
45,840,000,000,000,000 WARNING main_het_teleport_mw_rb_yb_rb_er Starting Mw-to-Er teleportation trial 765 at 45840000000000000.
45,900,000,000,000,000 WARNING main_het_teleport_mw_rb_yb_rb_er Mw-to-Er teleportation trial 765 succeeded (completed=True, direct match=True, latency=9.099433312 seconds).
45,900,000,000,000,000 WARNING main_het_teleport_mw_rb_yb_rb_er Starting Mw-to-Er teleportation trial 766 at 45900000000000000.
45,960,000,000,000,000 WARNING main_het_teleport_mw_rb_yb_rb_er Mw-to-Er teleportation trial 766 succeeded (completed=True, direct match=True, latency=5.5900728745 seconds).
45,960,000,000,000,000 WARNING main_het_teleport_mw_rb_yb_rb_er Starting Mw-to-Er teleportation trial 767 at 45960000000000000.
46,020,000,000,000,000 WARNING main_het_teleport_mw_rb_yb_rb_er Mw-to-Er teleportation trial 767 succeeded (completed=True, direct match=True, latency=2.8942849995 seconds).
46,020,000,000,000,000 WARNING main_het_teleport_mw_rb_yb_rb_er Starting Mw-to-Er teleportation trial 768 at 46020000000000000.
46,080,000,000,000,000 WARNING main_het_teleport_mw_rb_yb_rb_er Mw-to-Er teleportation trial 768 succeeded (completed=True, direct match=True, latency=3.5003692495 seconds).
46,080,000,000,000,000 WARNING main_het_teleport_mw_rb_yb_rb_er Starting Mw-to-Er teleportation trial 769 at 46080000000000000.
46,140,000,000,000,000 WARNING main_het_teleport_mw_rb_yb_rb_er Mw-to-Er teleportation trial 769 failed (completed=True, direct match=False, latency=11.904425562 seconds).
46,140,000,000,000,000 WARNING main_het_teleport_mw_rb_yb_rb_er Starting Mw-to-Er teleportation trial 770 at 46140000000000000.
46,200,000,000,000,000 WARNING main_het_teleport_mw_rb_yb_rb_er Mw-to-Er teleportation trial 770 succeeded (completed=True, direct match=True, latency=2.118153937 seconds).
46,200,000,000,000,000 WARNING main_het_teleport_mw_rb_yb_rb_er Starting Mw-to-Er teleportation trial 771 at 46200000000000000.
46,260,000,000,000,000 WARNING main_het_teleport_mw_rb_yb_rb_er Mw-to-Er teleportation trial 771 failed (completed=True, direct match=False, latency=1.430946437 seconds).
46,260,000,000,000,000 WARNING main_het_teleport_mw_rb_yb_rb_er Starting Mw-to-Er teleportation trial 772 at 46260000000000000.
46,320,000,000,000,000 WARNING main_het_teleport_mw_rb_yb_rb_er Mw-to-Er teleportation trial 772 failed (completed=True, direct match=False, latency=5.6181539995 seconds).
46,320,000,000,000,000 WARNING main_het_teleport_mw_rb_yb_rb_er Starting Mw-to-Er teleportation trial 773 at 46320000000000000.
46,380,000,000,000,000 WARNING main_het_teleport_mw_rb_yb_rb_er Mw-to-Er teleportation trial 773 succeeded (completed=True, direct match=True, latency=1.4035011495 seconds).
46,380,000,000,000,000 WARNING main_het_teleport_mw_rb_yb_rb_er Starting Mw-to-Er teleportation trial 774 at 46380000000000000.
46,440,000,000,000,000 WARNING main_het_teleport_mw_rb_yb_rb_er Mw-to-Er teleportation trial 774 succeeded (completed=True, direct match=True, latency=5.579152437 seconds).
46,440,000,000,000,000 WARNING main_het_teleport_mw_rb_yb_rb_er Starting Mw-to-Er teleportation trial 775 at 46440000000000000.
46,500,000,000,000,000 WARNING main_het_teleport_mw_rb_yb_rb_er Mw-to-Er teleportation trial 775 succeeded (completed=True, direct match=True, latency=1.504666037 seconds).
46,500,000,000,000,000 WARNING main_het_teleport_mw_rb_yb_rb_er Starting Mw-to-Er teleportation trial 776 at 46500000000000000.
46,560,000,000,000,000 WARNING main_het_teleport_mw_rb_yb_rb_er Mw-to-Er teleportation trial 776 succeeded (completed=True, direct match=True, latency=4.2406188745 seconds).
46,560,000,000,000,000 WARNING main_het_teleport_mw_rb_yb_rb_er Starting Mw-to-Er teleportation trial 777 at 46560000000000000.
46,620,000,000,000,000 WARNING main_het_teleport_mw_rb_yb_rb_er Mw-to-Er teleportation trial 777 failed (completed=True, direct match=False, latency=7.684456687 seconds).
46,620,000,000,000,000 WARNING main_het_teleport_mw_rb_yb_rb_er Starting Mw-to-Er teleportation trial 778 at 46620000000000000.
46,680,000,000,000,000 WARNING main_het_teleport_mw_rb_yb_rb_er Mw-to-Er teleportation trial 778 succeeded (completed=True, direct match=True, latency=9.8162819995 seconds).
46,680,000,000,000,000 WARNING main_het_teleport_mw_rb_yb_rb_er Starting Mw-to-Er teleportation trial 779 at 46680000000000000.
46,740,000,000,000,000 WARNING main_het_teleport_mw_rb_yb_rb_er Mw-to-Er teleportation trial 779 failed (completed=True, direct match=False, latency=1.4980291245 seconds).
46,740,000,000,000,000 WARNING main_het_teleport_mw_rb_yb_rb_er Starting Mw-to-Er teleportation trial 780 at 46740000000000000.
46,800,000,000,000,000 WARNING main_het_teleport_mw_rb_yb_rb_er Mw-to-Er teleportation trial 780 succeeded (completed=True, direct match=True, latency=6.2491992495 seconds).
46,800,000,000,000,000 WARNING main_het_teleport_mw_rb_yb_rb_er Starting Mw-to-Er teleportation trial 781 at 46800000000000000.
46,860,000,000,000,000 WARNING main_het_teleport_mw_rb_yb_rb_er Mw-to-Er teleportation trial 781 succeeded (completed=True, direct match=True, latency=4.210977687 seconds).
46,860,000,000,000,000 WARNING main_het_teleport_mw_rb_yb_rb_er Starting Mw-to-Er teleportation trial 782 at 46860000000000000.
46,920,000,000,000,000 WARNING main_het_teleport_mw_rb_yb_rb_er Mw-to-Er teleportation trial 782 succeeded (completed=True, direct match=True, latency=2.1821164995 seconds).
46,920,000,000,000,000 WARNING main_het_teleport_mw_rb_yb_rb_er Starting Mw-to-Er teleportation trial 783 at 46920000000000000.
46,980,000,000,000,000 WARNING main_het_teleport_mw_rb_yb_rb_er Mw-to-Er teleportation trial 783 succeeded (completed=True, direct match=True, latency=4.217217937 seconds).
46,980,000,000,000,000 WARNING main_het_teleport_mw_rb_yb_rb_er Starting Mw-to-Er teleportation trial 784 at 46980000000000000.
47,040,000,000,000,000 WARNING main_het_teleport_mw_rb_yb_rb_er Mw-to-Er teleportation trial 784 succeeded (completed=True, direct match=True, latency=5.622834187 seconds).
47,040,000,000,000,000 WARNING main_het_teleport_mw_rb_yb_rb_er Starting Mw-to-Er teleportation trial 785 at 47040000000000000.
47,100,000,000,000,000 WARNING main_het_teleport_mw_rb_yb_rb_er Mw-to-Er teleportation trial 785 failed (completed=True, direct match=False, latency=8.421586187 seconds).
47,100,000,000,000,000 WARNING main_het_teleport_mw_rb_yb_rb_er Starting Mw-to-Er teleportation trial 786 at 47100000000000000.
47,160,000,000,000,000 WARNING main_het_teleport_mw_rb_yb_rb_er Mw-to-Er teleportation trial 786 succeeded (completed=True, direct match=True, latency=2.784028137 seconds).
47,160,000,000,000,000 WARNING main_het_teleport_mw_rb_yb_rb_er Starting Mw-to-Er teleportation trial 787 at 47160000000000000.
47,220,000,000,000,000 WARNING main_het_teleport_mw_rb_yb_rb_er Mw-to-Er teleportation trial 787 succeeded (completed=True, direct match=True, latency=4.2218981245 seconds).
47,220,000,000,000,000 WARNING main_het_teleport_mw_rb_yb_rb_er Starting Mw-to-Er teleportation trial 788 at 47220000000000000.
47,280,000,000,000,000 WARNING main_het_teleport_mw_rb_yb_rb_er Mw-to-Er teleportation trial 788 failed (completed=True, direct match=False, latency=6.9083256245 seconds).
47,280,000,000,000,000 WARNING main_het_teleport_mw_rb_yb_rb_er Starting Mw-to-Er teleportation trial 789 at 47280000000000000.
47,340,000,000,000,000 WARNING main_het_teleport_mw_rb_yb_rb_er Mw-to-Er teleportation trial 789 failed (completed=True, direct match=False, latency=3.4816484995 seconds).
47,340,000,000,000,000 WARNING main_het_teleport_mw_rb_yb_rb_er Starting Mw-to-Er teleportation trial 790 at 47340000000000000.
47,400,000,000,000,000 WARNING main_het_teleport_mw_rb_yb_rb_er Mw-to-Er teleportation trial 790 succeeded (completed=True, direct match=True, latency=3.511289687 seconds).
47,400,000,000,000,000 WARNING main_het_teleport_mw_rb_yb_rb_er Starting Mw-to-Er teleportation trial 791 at 47400000000000000.
47,460,000,000,000,000 WARNING main_het_teleport_mw_rb_yb_rb_er Mw-to-Er teleportation trial 791 failed (completed=True, direct match=False, latency=6.319402062 seconds).
47,460,000,000,000,000 WARNING main_het_teleport_mw_rb_yb_rb_er Starting Mw-to-Er teleportation trial 792 at 47460000000000000.
47,520,000,000,000,000 WARNING main_het_teleport_mw_rb_yb_rb_er Mw-to-Er teleportation trial 792 succeeded (completed=True, direct match=True, latency=7.062771812 seconds).
47,520,000,000,000,000 WARNING main_het_teleport_mw_rb_yb_rb_er Starting Mw-to-Er teleportation trial 793 at 47520000000000000.
47,580,000,000,000,000 WARNING main_het_teleport_mw_rb_yb_rb_er Mw-to-Er teleportation trial 793 failed (completed=True, direct match=False, latency=13.2991213745 seconds).
47,580,000,000,000,000 WARNING main_het_teleport_mw_rb_yb_rb_er Starting Mw-to-Er teleportation trial 794 at 47580000000000000.
47,640,000,000,000,000 WARNING main_het_teleport_mw_rb_yb_rb_er Mw-to-Er teleportation trial 794 succeeded (completed=True, direct match=True, latency=7.706297562 seconds).
47,640,000,000,000,000 WARNING main_het_teleport_mw_rb_yb_rb_er Starting Mw-to-Er teleportation trial 795 at 47640000000000000.
47,700,000,000,000,000 WARNING main_het_teleport_mw_rb_yb_rb_er Mw-to-Er teleportation trial 795 succeeded (completed=True, direct match=True, latency=6.303801437 seconds).
47,700,000,000,000,000 WARNING main_het_teleport_mw_rb_yb_rb_er Starting Mw-to-Er teleportation trial 796 at 47700000000000000.
47,760,000,000,000,000 WARNING main_het_teleport_mw_rb_yb_rb_er Mw-to-Er teleportation trial 796 failed (completed=True, direct match=False, latency=1.5461699245 seconds).
47,760,000,000,000,000 WARNING main_het_teleport_mw_rb_yb_rb_er Starting Mw-to-Er teleportation trial 797 at 47760000000000000.
47,820,000,000,000,000 WARNING main_het_teleport_mw_rb_yb_rb_er Mw-to-Er teleportation trial 797 succeeded (completed=True, direct match=True, latency=3.4473271245 seconds).
47,820,000,000,000,000 WARNING main_het_teleport_mw_rb_yb_rb_er Starting Mw-to-Er teleportation trial 798 at 47820000000000000.
47,880,000,000,000,000 WARNING main_het_teleport_mw_rb_yb_rb_er Mw-to-Er teleportation trial 798 succeeded (completed=True, direct match=True, latency=6.3209621245 seconds).
47,880,000,000,000,000 WARNING main_het_teleport_mw_rb_yb_rb_er Starting Mw-to-Er teleportation trial 799 at 47880000000000000.
47,940,000,000,000,000 WARNING main_het_teleport_mw_rb_yb_rb_er Mw-to-Er teleportation trial 799 succeeded (completed=True, direct match=True, latency=7.703177437 seconds).
47,940,000,000,000,000 WARNING main_het_teleport_mw_rb_yb_rb_er Starting Mw-to-Er teleportation trial 800 at 47940000000000000.
48,000,000,000,000,000 WARNING main_het_teleport_mw_rb_yb_rb_er Mw-to-Er teleportation trial 800 succeeded (completed=True, direct match=True, latency=2.836562687 seconds).
48,000,000,000,000,000 WARNING main_het_teleport_mw_rb_yb_rb_er Starting Mw-to-Er teleportation trial 801 at 48000000000000000.
48,060,000,000,000,000 WARNING main_het_teleport_mw_rb_yb_rb_er Mw-to-Er teleportation trial 801 failed (completed=True, direct match=False, latency=2.8194019995 seconds).
48,060,000,000,000,000 WARNING main_het_teleport_mw_rb_yb_rb_er Starting Mw-to-Er teleportation trial 802 at 48060000000000000.
48,120,000,000,000,000 WARNING main_het_teleport_mw_rb_yb_rb_er Mw-to-Er teleportation trial 802 succeeded (completed=True, direct match=True, latency=3.508169562 seconds).
48,120,000,000,000,000 WARNING main_het_teleport_mw_rb_yb_rb_er Starting Mw-to-Er teleportation trial 803 at 48120000000000000.
48,180,000,000,000,000 WARNING main_het_teleport_mw_rb_yb_rb_er Mw-to-Er teleportation trial 803 succeeded (completed=True, direct match=True, latency=4.2000572495 seconds).
48,180,000,000,000,000 WARNING main_het_teleport_mw_rb_yb_rb_er Starting Mw-to-Er teleportation trial 804 at 48180000000000000.
48,240,000,000,000,000 WARNING main_het_teleport_mw_rb_yb_rb_er Mw-to-Er teleportation trial 804 succeeded (completed=True, direct match=True, latency=2.7580342495 seconds).
48,240,000,000,000,000 WARNING main_het_teleport_mw_rb_yb_rb_er Starting Mw-to-Er teleportation trial 805 at 48240000000000000.
48,300,000,000,000,000 WARNING main_het_teleport_mw_rb_yb_rb_er Mw-to-Er teleportation trial 805 succeeded (completed=True, direct match=True, latency=4.9590276245 seconds).
48,300,000,000,000,000 WARNING main_het_teleport_mw_rb_yb_rb_er Starting Mw-to-Er teleportation trial 806 at 48300000000000000.
48,360,000,000,000,000 WARNING main_het_teleport_mw_rb_yb_rb_er Mw-to-Er teleportation trial 806 failed (completed=True, direct match=False, latency=2.8474831245 seconds).
48,360,000,000,000,000 WARNING main_het_teleport_mw_rb_yb_rb_er Starting Mw-to-Er teleportation trial 807 at 48360000000000000.
48,420,000,000,000,000 WARNING main_het_teleport_mw_rb_yb_rb_er Mw-to-Er teleportation trial 807 succeeded (completed=True, direct match=True, latency=1.4137857495 seconds).
48,420,000,000,000,000 WARNING main_het_teleport_mw_rb_yb_rb_er Starting Mw-to-Er teleportation trial 808 at 48420000000000000.
48,480,000,000,000,000 WARNING main_het_teleport_mw_rb_yb_rb_er Mw-to-Er teleportation trial 808 succeeded (completed=True, direct match=True, latency=1.5374273495 seconds).
48,480,000,000,000,000 WARNING main_het_teleport_mw_rb_yb_rb_er Starting Mw-to-Er teleportation trial 809 at 48480000000000000.
48,540,000,000,000,000 WARNING main_het_teleport_mw_rb_yb_rb_er Mw-to-Er teleportation trial 809 succeeded (completed=True, direct match=True, latency=2.890168137 seconds).
48,540,000,000,000,000 WARNING main_het_teleport_mw_rb_yb_rb_er Starting Mw-to-Er teleportation trial 810 at 48540000000000000.
48,600,000,000,000,000 WARNING main_het_teleport_mw_rb_yb_rb_er Mw-to-Er teleportation trial 810 succeeded (completed=True, direct match=True, latency=8.3732242495 seconds).
48,600,000,000,000,000 WARNING main_het_teleport_mw_rb_yb_rb_er Starting Mw-to-Er teleportation trial 811 at 48600000000000000.
48,660,000,000,000,000 WARNING main_het_teleport_mw_rb_yb_rb_er Mw-to-Er teleportation trial 811 succeeded (completed=True, direct match=True, latency=3.5284503745 seconds).
48,660,000,000,000,000 WARNING main_het_teleport_mw_rb_yb_rb_er Starting Mw-to-Er teleportation trial 812 at 48660000000000000.
48,720,000,000,000,000 WARNING main_het_teleport_mw_rb_yb_rb_er Mw-to-Er teleportation trial 812 succeeded (completed=True, direct match=True, latency=4.245299062 seconds).
48,720,000,000,000,000 WARNING main_het_teleport_mw_rb_yb_rb_er Starting Mw-to-Er teleportation trial 813 at 48720000000000000.
48,780,000,000,000,000 WARNING main_het_teleport_mw_rb_yb_rb_er Mw-to-Er teleportation trial 813 succeeded (completed=True, direct match=True, latency=0.7047373745 seconds).
48,780,000,000,000,000 WARNING main_het_teleport_mw_rb_yb_rb_er Starting Mw-to-Er teleportation trial 814 at 48780000000000000.
48,840,000,000,000,000 WARNING main_het_teleport_mw_rb_yb_rb_er Mw-to-Er teleportation trial 814 succeeded (completed=True, direct match=True, latency=4.866983937 seconds).
48,840,000,000,000,000 WARNING main_het_teleport_mw_rb_yb_rb_er Starting Mw-to-Er teleportation trial 815 at 48840000000000000.
48,900,000,000,000,000 WARNING main_het_teleport_mw_rb_yb_rb_er Mw-to-Er teleportation trial 815 succeeded (completed=True, direct match=True, latency=1.390384812 seconds).
48,900,000,000,000,000 WARNING main_het_teleport_mw_rb_yb_rb_er Starting Mw-to-Er teleportation trial 816 at 48900000000000000.
48,960,000,000,000,000 WARNING main_het_teleport_mw_rb_yb_rb_er Mw-to-Er teleportation trial 816 succeeded (completed=True, direct match=True, latency=1.4137857495 seconds).
48,960,000,000,000,000 WARNING main_het_teleport_mw_rb_yb_rb_er Starting Mw-to-Er teleportation trial 817 at 48960000000000000.
49,020,000,000,000,000 WARNING main_het_teleport_mw_rb_yb_rb_er Mw-to-Er teleportation trial 817 succeeded (completed=True, direct match=True, latency=8.4137858745 seconds).
49,020,000,000,000,000 WARNING main_het_teleport_mw_rb_yb_rb_er Starting Mw-to-Er teleportation trial 818 at 49020000000000000.
49,080,000,000,000,000 WARNING main_het_teleport_mw_rb_yb_rb_er Mw-to-Er teleportation trial 818 succeeded (completed=True, direct match=True, latency=4.860743687 seconds).
49,080,000,000,000,000 WARNING main_het_teleport_mw_rb_yb_rb_er Starting Mw-to-Er teleportation trial 819 at 49080000000000000.
49,140,000,000,000,000 WARNING main_het_teleport_mw_rb_yb_rb_er Mw-to-Er teleportation trial 819 failed (completed=True, direct match=False, latency=0.9098346245 seconds).
49,140,000,000,000,000 WARNING main_het_teleport_mw_rb_yb_rb_er Starting Mw-to-Er teleportation trial 820 at 49140000000000000.
49,200,000,000,000,000 WARNING main_het_teleport_mw_rb_yb_rb_er Mw-to-Er teleportation trial 820 succeeded (completed=True, direct match=True, latency=7.609573687 seconds).
49,200,000,000,000,000 WARNING main_het_teleport_mw_rb_yb_rb_er Starting Mw-to-Er teleportation trial 821 at 49200000000000000.
49,260,000,000,000,000 WARNING main_het_teleport_mw_rb_yb_rb_er Mw-to-Er teleportation trial 821 failed (completed=True, direct match=False, latency=1.546947087 seconds).
49,260,000,000,000,000 WARNING main_het_teleport_mw_rb_yb_rb_er Starting Mw-to-Er teleportation trial 822 at 49260000000000000.
49,320,000,000,000,000 WARNING main_het_teleport_mw_rb_yb_rb_er Mw-to-Er teleportation trial 822 failed (completed=True, direct match=False, latency=9.799010762 seconds).
49,320,000,000,000,000 WARNING main_het_teleport_mw_rb_yb_rb_er Starting Mw-to-Er teleportation trial 823 at 49320000000000000.
49,380,000,000,000,000 WARNING main_het_teleport_mw_rb_yb_rb_er Mw-to-Er teleportation trial 823 succeeded (completed=True, direct match=True, latency=4.9184659995 seconds).
49,380,000,000,000,000 WARNING main_het_teleport_mw_rb_yb_rb_er Starting Mw-to-Er teleportation trial 824 at 49380000000000000.
49,440,000,000,000,000 WARNING main_het_teleport_mw_rb_yb_rb_er Mw-to-Er teleportation trial 824 failed (completed=True, direct match=False, latency=10.5034894995 seconds).
49,440,000,000,000,000 WARNING main_het_teleport_mw_rb_yb_rb_er Starting Mw-to-Er teleportation trial 825 at 49440000000000000.
49,500,000,000,000,000 WARNING main_het_teleport_mw_rb_yb_rb_er Mw-to-Er teleportation trial 825 succeeded (completed=True, direct match=True, latency=2.8131617495 seconds).
49,500,000,000,000,000 WARNING main_het_teleport_mw_rb_yb_rb_er Starting Mw-to-Er teleportation trial 826 at 49500000000000000.
49,560,000,000,000,000 WARNING main_het_teleport_mw_rb_yb_rb_er Mw-to-Er teleportation trial 826 succeeded (completed=True, direct match=True, latency=2.1009932495 seconds).
49,560,000,000,000,000 WARNING main_het_teleport_mw_rb_yb_rb_er Starting Mw-to-Er teleportation trial 827 at 49560000000000000.
49,620,000,000,000,000 WARNING main_het_teleport_mw_rb_yb_rb_er Mw-to-Er teleportation trial 827 succeeded (completed=True, direct match=True, latency=10.433286687 seconds).
49,620,000,000,000,000 WARNING main_het_teleport_mw_rb_yb_rb_er Starting Mw-to-Er teleportation trial 828 at 49620000000000000.
49,680,000,000,000,000 WARNING main_het_teleport_mw_rb_yb_rb_er Mw-to-Er teleportation trial 828 failed (completed=True, direct match=False, latency=1.6202491495 seconds).
49,680,000,000,000,000 WARNING main_het_teleport_mw_rb_yb_rb_er Starting Mw-to-Er teleportation trial 829 at 49680000000000000.
49,740,000,000,000,000 WARNING main_het_teleport_mw_rb_yb_rb_er Mw-to-Er teleportation trial 829 succeeded (completed=True, direct match=True, latency=8.2359387495 seconds).
49,740,000,000,000,000 WARNING main_het_teleport_mw_rb_yb_rb_er Starting Mw-to-Er teleportation trial 830 at 49740000000000000.
49,800,000,000,000,000 WARNING main_het_teleport_mw_rb_yb_rb_er Mw-to-Er teleportation trial 830 succeeded (completed=True, direct match=True, latency=4.8404628745 seconds).
49,800,000,000,000,000 WARNING main_het_teleport_mw_rb_yb_rb_er Starting Mw-to-Er teleportation trial 831 at 49800000000000000.
49,860,000,000,000,000 WARNING main_het_teleport_mw_rb_yb_rb_er Mw-to-Er teleportation trial 831 succeeded (completed=True, direct match=True, latency=7.0424909995 seconds).
49,860,000,000,000,000 WARNING main_het_teleport_mw_rb_yb_rb_er Starting Mw-to-Er teleportation trial 832 at 49860000000000000.
49,920,000,000,000,000 WARNING main_het_teleport_mw_rb_yb_rb_er Mw-to-Er teleportation trial 832 succeeded (completed=True, direct match=True, latency=6.997249187 seconds).
49,920,000,000,000,000 WARNING main_het_teleport_mw_rb_yb_rb_er Starting Mw-to-Er teleportation trial 833 at 49920000000000000.
49,980,000,000,000,000 WARNING main_het_teleport_mw_rb_yb_rb_er Mw-to-Er teleportation trial 833 succeeded (completed=True, direct match=True, latency=2.864643812 seconds).
49,980,000,000,000,000 WARNING main_het_teleport_mw_rb_yb_rb_er Starting Mw-to-Er teleportation trial 834 at 49980000000000000.
50,040,000,000,000,000 WARNING main_het_teleport_mw_rb_yb_rb_er Mw-to-Er teleportation trial 834 succeeded (completed=True, direct match=True, latency=2.8100416245 seconds).
50,040,000,000,000,000 WARNING main_het_teleport_mw_rb_yb_rb_er Starting Mw-to-Er teleportation trial 835 at 50040000000000000.
50,100,000,000,000,000 WARNING main_het_teleport_mw_rb_yb_rb_er Mw-to-Er teleportation trial 835 succeeded (completed=True, direct match=True, latency=6.281960562 seconds).
50,100,000,000,000,000 WARNING main_het_teleport_mw_rb_yb_rb_er Starting Mw-to-Er teleportation trial 836 at 50100000000000000.
50,160,000,000,000,000 WARNING main_het_teleport_mw_rb_yb_rb_er Mw-to-Er teleportation trial 836 succeeded (completed=True, direct match=True, latency=3.4629277495 seconds).
50,160,000,000,000,000 WARNING main_het_teleport_mw_rb_yb_rb_er Starting Mw-to-Er teleportation trial 837 at 50160000000000000.
50,220,000,000,000,000 WARNING main_het_teleport_mw_rb_yb_rb_er Mw-to-Er teleportation trial 837 failed (completed=True, direct match=False, latency=4.2125377495 seconds).
50,220,000,000,000,000 WARNING main_het_teleport_mw_rb_yb_rb_er Starting Mw-to-Er teleportation trial 838 at 50220000000000000.
50,280,000,000,000,000 WARNING main_het_teleport_mw_rb_yb_rb_er Mw-to-Er teleportation trial 838 succeeded (completed=True, direct match=True, latency=2.1806206995 seconds).
50,280,000,000,000,000 WARNING main_het_teleport_mw_rb_yb_rb_er Starting Mw-to-Er teleportation trial 839 at 50280000000000000.
50,340,000,000,000,000 WARNING main_het_teleport_mw_rb_yb_rb_er Mw-to-Er teleportation trial 839 succeeded (completed=True, direct match=True, latency=2.786640687 seconds).
50,340,000,000,000,000 WARNING main_het_teleport_mw_rb_yb_rb_er Starting Mw-to-Er teleportation trial 840 at 50340000000000000.
50,400,000,000,000,000 WARNING main_het_teleport_mw_rb_yb_rb_er Mw-to-Er teleportation trial 840 succeeded (completed=True, direct match=True, latency=3.523770187 seconds).
50,400,000,000,000,000 WARNING main_het_teleport_mw_rb_yb_rb_er Starting Mw-to-Er teleportation trial 841 at 50400000000000000.
50,460,000,000,000,000 WARNING main_het_teleport_mw_rb_yb_rb_er Mw-to-Er teleportation trial 841 succeeded (completed=True, direct match=True, latency=11.2156579995 seconds).
50,460,000,000,000,000 WARNING main_het_teleport_mw_rb_yb_rb_er Starting Mw-to-Er teleportation trial 842 at 50460000000000000.
50,520,000,000,000,000 WARNING main_het_teleport_mw_rb_yb_rb_er Mw-to-Er teleportation trial 842 succeeded (completed=True, direct match=True, latency=3.533130562 seconds).
50,520,000,000,000,000 WARNING main_het_teleport_mw_rb_yb_rb_er Starting Mw-to-Er teleportation trial 843 at 50520000000000000.
50,580,000,000,000,000 WARNING main_het_teleport_mw_rb_yb_rb_er Mw-to-Er teleportation trial 843 succeeded (completed=True, direct match=True, latency=2.9107839495 seconds).
50,580,000,000,000,000 WARNING main_het_teleport_mw_rb_yb_rb_er Starting Mw-to-Er teleportation trial 844 at 50580000000000000.
50,640,000,000,000,000 WARNING main_het_teleport_mw_rb_yb_rb_er Mw-to-Er teleportation trial 844 succeeded (completed=True, direct match=True, latency=1.5256096995 seconds).
50,640,000,000,000,000 WARNING main_het_teleport_mw_rb_yb_rb_er Starting Mw-to-Er teleportation trial 845 at 50640000000000000.
50,700,000,000,000,000 WARNING main_het_teleport_mw_rb_yb_rb_er Mw-to-Er teleportation trial 845 succeeded (completed=True, direct match=True, latency=3.395845062 seconds).
50,700,000,000,000,000 WARNING main_het_teleport_mw_rb_yb_rb_er Starting Mw-to-Er teleportation trial 846 at 50700000000000000.
50,760,000,000,000,000 WARNING main_het_teleport_mw_rb_yb_rb_er Mw-to-Er teleportation trial 846 succeeded (completed=True, direct match=True, latency=1.4044253745 seconds).
50,760,000,000,000,000 WARNING main_het_teleport_mw_rb_yb_rb_er Starting Mw-to-Er teleportation trial 847 at 50760000000000000.
50,820,000,000,000,000 WARNING main_het_teleport_mw_rb_yb_rb_er Mw-to-Er teleportation trial 847 succeeded (completed=True, direct match=True, latency=7.756219562 seconds).
50,820,000,000,000,000 WARNING main_het_teleport_mw_rb_yb_rb_er Starting Mw-to-Er teleportation trial 848 at 50820000000000000.
50,880,000,000,000,000 WARNING main_het_teleport_mw_rb_yb_rb_er Mw-to-Er teleportation trial 848 succeeded (completed=True, direct match=True, latency=1.4200259995 seconds).
50,880,000,000,000,000 WARNING main_het_teleport_mw_rb_yb_rb_er Starting Mw-to-Er teleportation trial 849 at 50880000000000000.
50,940,000,000,000,000 WARNING main_het_teleport_mw_rb_yb_rb_er Mw-to-Er teleportation trial 849 failed (completed=True, direct match=False, latency=5.6150338745 seconds).
50,940,000,000,000,000 WARNING main_het_teleport_mw_rb_yb_rb_er Starting Mw-to-Er teleportation trial 850 at 50940000000000000.
51,000,000,000,000,000 WARNING main_het_teleport_mw_rb_yb_rb_er Mw-to-Er teleportation trial 850 failed (completed=True, direct match=False, latency=6.272600187 seconds).
51,000,000,000,000,000 WARNING main_het_teleport_mw_rb_yb_rb_er Starting Mw-to-Er teleportation trial 851 at 51000000000000000.
51,060,000,000,000,000 WARNING main_het_teleport_mw_rb_yb_rb_er Mw-to-Er teleportation trial 851 succeeded (completed=True, direct match=True, latency=4.2756503995 seconds).
51,060,000,000,000,000 WARNING main_het_teleport_mw_rb_yb_rb_er Starting Mw-to-Er teleportation trial 852 at 51060000000000000.
51,120,000,000,000,000 WARNING main_het_teleport_mw_rb_yb_rb_er Mw-to-Er teleportation trial 852 succeeded (completed=True, direct match=True, latency=0.721898062 seconds).
51,120,000,000,000,000 WARNING main_het_teleport_mw_rb_yb_rb_er Starting Mw-to-Er teleportation trial 853 at 51120000000000000.
51,180,000,000,000,000 WARNING main_het_teleport_mw_rb_yb_rb_er Mw-to-Er teleportation trial 853 failed (completed=True, direct match=False, latency=18.235938937 seconds).
51,180,000,000,000,000 WARNING main_het_teleport_mw_rb_yb_rb_er Starting Mw-to-Er teleportation trial 854 at 51180000000000000.
51,240,000,000,000,000 WARNING main_het_teleport_mw_rb_yb_rb_er Mw-to-Er teleportation trial 854 succeeded (completed=True, direct match=True, latency=9.8162819995 seconds).
51,240,000,000,000,000 WARNING main_het_teleport_mw_rb_yb_rb_er Starting Mw-to-Er teleportation trial 855 at 51240000000000000.
51,300,000,000,000,000 WARNING main_het_teleport_mw_rb_yb_rb_er Mw-to-Er teleportation trial 855 succeeded (completed=True, direct match=True, latency=4.913785812 seconds).
51,300,000,000,000,000 WARNING main_het_teleport_mw_rb_yb_rb_er Starting Mw-to-Er teleportation trial 856 at 51300000000000000.
51,360,000,000,000,000 WARNING main_het_teleport_mw_rb_yb_rb_er Mw-to-Er teleportation trial 856 succeeded (completed=True, direct match=True, latency=2.105673437 seconds).
51,360,000,000,000,000 WARNING main_het_teleport_mw_rb_yb_rb_er Starting Mw-to-Er teleportation trial 857 at 51360000000000000.
51,420,000,000,000,000 WARNING main_het_teleport_mw_rb_yb_rb_er Mw-to-Er teleportation trial 857 succeeded (completed=True, direct match=True, latency=0.7696782995 seconds).
51,420,000,000,000,000 WARNING main_het_teleport_mw_rb_yb_rb_er Starting Mw-to-Er teleportation trial 858 at 51420000000000000.
51,480,000,000,000,000 WARNING main_het_teleport_mw_rb_yb_rb_er Mw-to-Er teleportation trial 858 succeeded (completed=True, direct match=True, latency=5.625954312 seconds).
51,480,000,000,000,000 WARNING main_het_teleport_mw_rb_yb_rb_er Starting Mw-to-Er teleportation trial 859 at 51480000000000000.
51,540,000,000,000,000 WARNING main_het_teleport_mw_rb_yb_rb_er Mw-to-Er teleportation trial 859 succeeded (completed=True, direct match=True, latency=5.594753062 seconds).
51,540,000,000,000,000 WARNING main_het_teleport_mw_rb_yb_rb_er Starting Mw-to-Er teleportation trial 860 at 51540000000000000.
51,600,000,000,000,000 WARNING main_het_teleport_mw_rb_yb_rb_er Mw-to-Er teleportation trial 860 succeeded (completed=True, direct match=True, latency=6.975408312 seconds).
51,600,000,000,000,000 WARNING main_het_teleport_mw_rb_yb_rb_er Starting Mw-to-Er teleportation trial 861 at 51600000000000000.
51,660,000,000,000,000 WARNING main_het_teleport_mw_rb_yb_rb_er Mw-to-Er teleportation trial 861 succeeded (completed=True, direct match=True, latency=4.2281383745 seconds).
51,660,000,000,000,000 WARNING main_het_teleport_mw_rb_yb_rb_er Starting Mw-to-Er teleportation trial 862 at 51660000000000000.
51,720,000,000,000,000 WARNING main_het_teleport_mw_rb_yb_rb_er Mw-to-Er teleportation trial 862 succeeded (completed=True, direct match=True, latency=8.4075456245 seconds).
51,720,000,000,000,000 WARNING main_het_teleport_mw_rb_yb_rb_er Starting Mw-to-Er teleportation trial 863 at 51720000000000000.
51,780,000,000,000,000 WARNING main_het_teleport_mw_rb_yb_rb_er Mw-to-Er teleportation trial 863 succeeded (completed=True, direct match=True, latency=7.700057312 seconds).
51,780,000,000,000,000 WARNING main_het_teleport_mw_rb_yb_rb_er Starting Mw-to-Er teleportation trial 864 at 51780000000000000.
51,840,000,000,000,000 WARNING main_het_teleport_mw_rb_yb_rb_er Mw-to-Er teleportation trial 864 succeeded (completed=True, direct match=True, latency=1.396625062 seconds).
51,840,000,000,000,000 WARNING main_het_teleport_mw_rb_yb_rb_er Starting Mw-to-Er teleportation trial 865 at 51840000000000000.
51,900,000,000,000,000 WARNING main_het_teleport_mw_rb_yb_rb_er Mw-to-Er teleportation trial 865 succeeded (completed=True, direct match=True, latency=11.1782164995 seconds).
51,900,000,000,000,000 WARNING main_het_teleport_mw_rb_yb_rb_er Starting Mw-to-Er teleportation trial 866 at 51900000000000000.
51,960,000,000,000,000 WARNING main_het_teleport_mw_rb_yb_rb_er Mw-to-Er teleportation trial 866 succeeded (completed=True, direct match=True, latency=4.916905937 seconds).
51,960,000,000,000,000 WARNING main_het_teleport_mw_rb_yb_rb_er Starting Mw-to-Er teleportation trial 867 at 51960000000000000.
52,020,000,000,000,000 WARNING main_het_teleport_mw_rb_yb_rb_er Mw-to-Er teleportation trial 867 succeeded (completed=True, direct match=True, latency=7.009729687 seconds).
52,020,000,000,000,000 WARNING main_het_teleport_mw_rb_yb_rb_er Starting Mw-to-Er teleportation trial 868 at 52020000000000000.
52,080,000,000,000,000 WARNING main_het_teleport_mw_rb_yb_rb_er Mw-to-Er teleportation trial 868 succeeded (completed=True, direct match=True, latency=6.2866407495 seconds).
52,080,000,000,000,000 WARNING main_het_teleport_mw_rb_yb_rb_er Starting Mw-to-Er teleportation trial 869 at 52080000000000000.
52,140,000,000,000,000 WARNING main_het_teleport_mw_rb_yb_rb_er Mw-to-Er teleportation trial 869 succeeded (completed=True, direct match=True, latency=2.064910062 seconds).
52,140,000,000,000,000 WARNING main_het_teleport_mw_rb_yb_rb_er Starting Mw-to-Er teleportation trial 870 at 52140000000000000.
52,200,000,000,000,000 WARNING main_het_teleport_mw_rb_yb_rb_er Mw-to-Er teleportation trial 870 succeeded (completed=True, direct match=True, latency=7.734378687 seconds).
52,200,000,000,000,000 WARNING main_het_teleport_mw_rb_yb_rb_er Starting Mw-to-Er teleportation trial 871 at 52200000000000000.
52,260,000,000,000,000 WARNING main_het_teleport_mw_rb_yb_rb_er Mw-to-Er teleportation trial 871 succeeded (completed=True, direct match=True, latency=4.976188312 seconds).
52,260,000,000,000,000 WARNING main_het_teleport_mw_rb_yb_rb_er Starting Mw-to-Er teleportation trial 872 at 52260000000000000.
52,320,000,000,000,000 WARNING main_het_teleport_mw_rb_yb_rb_er Mw-to-Er teleportation trial 872 failed (completed=True, direct match=False, latency=1.6338778245 seconds).
52,320,000,000,000,000 WARNING main_het_teleport_mw_rb_yb_rb_er Starting Mw-to-Er teleportation trial 873 at 52320000000000000.
52,380,000,000,000,000 WARNING main_het_teleport_mw_rb_yb_rb_er Mw-to-Er teleportation trial 873 failed (completed=True, direct match=False, latency=4.854503437 seconds).
52,380,000,000,000,000 WARNING main_het_teleport_mw_rb_yb_rb_er Starting Mw-to-Er teleportation trial 874 at 52380000000000000.
52,440,000,000,000,000 WARNING main_het_teleport_mw_rb_yb_rb_er Mw-to-Er teleportation trial 874 succeeded (completed=True, direct match=True, latency=3.5596516245 seconds).
52,440,000,000,000,000 WARNING main_het_teleport_mw_rb_yb_rb_er Starting Mw-to-Er teleportation trial 875 at 52440000000000000.
52,500,000,000,000,000 WARNING main_het_teleport_mw_rb_yb_rb_er Mw-to-Er teleportation trial 875 failed (completed=True, direct match=False, latency=4.179776437 seconds).
52,500,000,000,000,000 WARNING main_het_teleport_mw_rb_yb_rb_er Starting Mw-to-Er teleportation trial 876 at 52500000000000000.
52,560,000,000,000,000 WARNING main_het_teleport_mw_rb_yb_rb_er Mw-to-Er teleportation trial 876 succeeded (completed=True, direct match=True, latency=3.533130562 seconds).
52,560,000,000,000,000 WARNING main_het_teleport_mw_rb_yb_rb_er Starting Mw-to-Er teleportation trial 877 at 52560000000000000.
52,620,000,000,000,000 WARNING main_het_teleport_mw_rb_yb_rb_er Mw-to-Er teleportation trial 877 failed (completed=True, direct match=False, latency=2.808481562 seconds).
52,620,000,000,000,000 WARNING main_het_teleport_mw_rb_yb_rb_er Starting Mw-to-Er teleportation trial 878 at 52620000000000000.
52,680,000,000,000,000 WARNING main_het_teleport_mw_rb_yb_rb_er Mw-to-Er teleportation trial 878 succeeded (completed=True, direct match=True, latency=8.4605877495 seconds).
52,680,000,000,000,000 WARNING main_het_teleport_mw_rb_yb_rb_er Starting Mw-to-Er teleportation trial 879 at 52680000000000000.
52,740,000,000,000,000 WARNING main_het_teleport_mw_rb_yb_rb_er Mw-to-Er teleportation trial 879 succeeded (completed=True, direct match=True, latency=3.5003692495 seconds).
52,740,000,000,000,000 WARNING main_het_teleport_mw_rb_yb_rb_er Starting Mw-to-Er teleportation trial 880 at 52740000000000000.
52,800,000,000,000,000 WARNING main_het_teleport_mw_rb_yb_rb_er Mw-to-Er teleportation trial 880 succeeded (completed=True, direct match=True, latency=3.498809187 seconds).
52,800,000,000,000,000 WARNING main_het_teleport_mw_rb_yb_rb_er Starting Mw-to-Er teleportation trial 881 at 52800000000000000.
52,860,000,000,000,000 WARNING main_het_teleport_mw_rb_yb_rb_er Mw-to-Er teleportation trial 881 succeeded (completed=True, direct match=True, latency=2.820962062 seconds).
52,860,000,000,000,000 WARNING main_het_teleport_mw_rb_yb_rb_er Starting Mw-to-Er teleportation trial 882 at 52860000000000000.
52,920,000,000,000,000 WARNING main_het_teleport_mw_rb_yb_rb_er Mw-to-Er teleportation trial 882 succeeded (completed=True, direct match=True, latency=5.5307904995 seconds).
52,920,000,000,000,000 WARNING main_het_teleport_mw_rb_yb_rb_er Starting Mw-to-Er teleportation trial 883 at 52920000000000000.
52,980,000,000,000,000 WARNING main_het_teleport_mw_rb_yb_rb_er Mw-to-Er teleportation trial 883 succeeded (completed=True, direct match=True, latency=7.037810812 seconds).
52,980,000,000,000,000 WARNING main_het_teleport_mw_rb_yb_rb_er Starting Mw-to-Er teleportation trial 884 at 52980000000000000.
53,040,000,000,000,000 WARNING main_het_teleport_mw_rb_yb_rb_er Mw-to-Er teleportation trial 884 succeeded (completed=True, direct match=True, latency=6.322522187 seconds).
53,040,000,000,000,000 WARNING main_het_teleport_mw_rb_yb_rb_er Starting Mw-to-Er teleportation trial 885 at 53040000000000000.
53,100,000,000,000,000 WARNING main_het_teleport_mw_rb_yb_rb_er Mw-to-Er teleportation trial 885 succeeded (completed=True, direct match=True, latency=2.733598562 seconds).
53,100,000,000,000,000 WARNING main_het_teleport_mw_rb_yb_rb_er Starting Mw-to-Er teleportation trial 886 at 53100000000000000.
53,160,000,000,000,000 WARNING main_het_teleport_mw_rb_yb_rb_er Mw-to-Er teleportation trial 886 succeeded (completed=True, direct match=True, latency=11.9028654995 seconds).
53,160,000,000,000,000 WARNING main_het_teleport_mw_rb_yb_rb_er Starting Mw-to-Er teleportation trial 887 at 53160000000000000.
53,220,000,000,000,000 WARNING main_het_teleport_mw_rb_yb_rb_er Mw-to-Er teleportation trial 887 failed (completed=True, direct match=False, latency=4.9184659995 seconds).
53,220,000,000,000,000 WARNING main_het_teleport_mw_rb_yb_rb_er Starting Mw-to-Er teleportation trial 888 at 53220000000000000.
53,280,000,000,000,000 WARNING main_het_teleport_mw_rb_yb_rb_er Mw-to-Er teleportation trial 888 succeeded (completed=True, direct match=True, latency=7.715657937 seconds).
53,280,000,000,000,000 WARNING main_het_teleport_mw_rb_yb_rb_er Starting Mw-to-Er teleportation trial 889 at 53280000000000000.
53,340,000,000,000,000 WARNING main_het_teleport_mw_rb_yb_rb_er Mw-to-Er teleportation trial 889 succeeded (completed=True, direct match=True, latency=2.1571554995 seconds).
53,340,000,000,000,000 WARNING main_het_teleport_mw_rb_yb_rb_er Starting Mw-to-Er teleportation trial 890 at 53340000000000000.
53,400,000,000,000,000 WARNING main_het_teleport_mw_rb_yb_rb_er Mw-to-Er teleportation trial 890 succeeded (completed=True, direct match=True, latency=4.885704687 seconds).
53,400,000,000,000,000 WARNING main_het_teleport_mw_rb_yb_rb_er Starting Mw-to-Er teleportation trial 891 at 53400000000000000.
53,460,000,000,000,000 WARNING main_het_teleport_mw_rb_yb_rb_er Mw-to-Er teleportation trial 891 succeeded (completed=True, direct match=True, latency=5.616593937 seconds).
53,460,000,000,000,000 WARNING main_het_teleport_mw_rb_yb_rb_er Starting Mw-to-Er teleportation trial 892 at 53460000000000000.
53,520,000,000,000,000 WARNING main_het_teleport_mw_rb_yb_rb_er Mw-to-Er teleportation trial 892 succeeded (completed=True, direct match=True, latency=3.5190899995 seconds).
53,520,000,000,000,000 WARNING main_het_teleport_mw_rb_yb_rb_er Starting Mw-to-Er teleportation trial 893 at 53520000000000000.
53,580,000,000,000,000 WARNING main_het_teleport_mw_rb_yb_rb_er Mw-to-Er teleportation trial 893 succeeded (completed=True, direct match=True, latency=7.703177437 seconds).
53,580,000,000,000,000 WARNING main_het_teleport_mw_rb_yb_rb_er Starting Mw-to-Er teleportation trial 894 at 53580000000000000.
53,640,000,000,000,000 WARNING main_het_teleport_mw_rb_yb_rb_er Mw-to-Er teleportation trial 894 succeeded (completed=True, direct match=True, latency=7.0362507495 seconds).
53,640,000,000,000,000 WARNING main_het_teleport_mw_rb_yb_rb_er Starting Mw-to-Er teleportation trial 895 at 53640000000000000.
53,700,000,000,000,000 WARNING main_het_teleport_mw_rb_yb_rb_er Mw-to-Er teleportation trial 895 succeeded (completed=True, direct match=True, latency=7.7172179995 seconds).
53,700,000,000,000,000 WARNING main_het_teleport_mw_rb_yb_rb_er Starting Mw-to-Er teleportation trial 896 at 53700000000000000.
53,760,000,000,000,000 WARNING main_het_teleport_mw_rb_yb_rb_er Mw-to-Er teleportation trial 896 succeeded (completed=True, direct match=True, latency=12.6306346245 seconds).
53,760,000,000,000,000 WARNING main_het_teleport_mw_rb_yb_rb_er Starting Mw-to-Er teleportation trial 897 at 53760000000000000.
53,820,000,000,000,000 WARNING main_het_teleport_mw_rb_yb_rb_er Mw-to-Er teleportation trial 897 succeeded (completed=True, direct match=True, latency=16.127514562 seconds).
53,820,000,000,000,000 WARNING main_het_teleport_mw_rb_yb_rb_er Starting Mw-to-Er teleportation trial 898 at 53820000000000000.
53,880,000,000,000,000 WARNING main_het_teleport_mw_rb_yb_rb_er Mw-to-Er teleportation trial 898 succeeded (completed=True, direct match=True, latency=2.1072334995 seconds).
53,880,000,000,000,000 WARNING main_het_teleport_mw_rb_yb_rb_er Starting Mw-to-Er teleportation trial 899 at 53880000000000000.
53,940,000,000,000,000 WARNING main_het_teleport_mw_rb_yb_rb_er Mw-to-Er teleportation trial 899 succeeded (completed=True, direct match=True, latency=9.118154062 seconds).
53,940,000,000,000,000 WARNING main_het_teleport_mw_rb_yb_rb_er Starting Mw-to-Er teleportation trial 900 at 53940000000000000.
54,000,000,000,000,000 WARNING main_het_teleport_mw_rb_yb_rb_er Mw-to-Er teleportation trial 900 succeeded (completed=True, direct match=True, latency=0.725018187 seconds).
54,000,000,000,000,000 WARNING main_het_teleport_mw_rb_yb_rb_er Starting Mw-to-Er teleportation trial 901 at 54000000000000000.
54,060,000,000,000,000 WARNING main_het_teleport_mw_rb_yb_rb_er Mw-to-Er teleportation trial 901 succeeded (completed=True, direct match=True, latency=11.198497312 seconds).
54,060,000,000,000,000 WARNING main_het_teleport_mw_rb_yb_rb_er Starting Mw-to-Er teleportation trial 902 at 54060000000000000.
54,120,000,000,000,000 WARNING main_het_teleport_mw_rb_yb_rb_er Mw-to-Er teleportation trial 902 succeeded (completed=True, direct match=True, latency=9.1197141245 seconds).
54,120,000,000,000,000 WARNING main_het_teleport_mw_rb_yb_rb_er Starting Mw-to-Er teleportation trial 903 at 54120000000000000.
54,180,000,000,000,000 WARNING main_het_teleport_mw_rb_yb_rb_er Mw-to-Er teleportation trial 903 succeeded (completed=True, direct match=True, latency=4.189136812 seconds).
54,180,000,000,000,000 WARNING main_het_teleport_mw_rb_yb_rb_er Starting Mw-to-Er teleportation trial 904 at 54180000000000000.
54,240,000,000,000,000 WARNING main_het_teleport_mw_rb_yb_rb_er Mw-to-Er teleportation trial 904 failed (completed=True, direct match=False, latency=5.5744722495 seconds).
54,240,000,000,000,000 WARNING main_het_teleport_mw_rb_yb_rb_er Starting Mw-to-Er teleportation trial 905 at 54240000000000000.
54,300,000,000,000,000 WARNING main_het_teleport_mw_rb_yb_rb_er Mw-to-Er teleportation trial 905 succeeded (completed=True, direct match=True, latency=7.7172179995 seconds).
54,300,000,000,000,000 WARNING main_het_teleport_mw_rb_yb_rb_er Starting Mw-to-Er teleportation trial 906 at 54300000000000000.
54,360,000,000,000,000 WARNING main_het_teleport_mw_rb_yb_rb_er Mw-to-Er teleportation trial 906 succeeded (completed=True, direct match=True, latency=4.8872647495 seconds).
54,360,000,000,000,000 WARNING main_het_teleport_mw_rb_yb_rb_er Starting Mw-to-Er teleportation trial 907 at 54360000000000000.
54,420,000,000,000,000 WARNING main_het_teleport_mw_rb_yb_rb_er Mw-to-Er teleportation trial 907 succeeded (completed=True, direct match=True, latency=1.4360155245 seconds).
54,420,000,000,000,000 WARNING main_het_teleport_mw_rb_yb_rb_er Starting Mw-to-Er teleportation trial 908 at 54420000000000000.
54,480,000,000,000,000 WARNING main_het_teleport_mw_rb_yb_rb_er Mw-to-Er teleportation trial 908 failed (completed=True, direct match=False, latency=3.498809187 seconds).
54,480,000,000,000,000 WARNING main_het_teleport_mw_rb_yb_rb_er Starting Mw-to-Er teleportation trial 909 at 54480000000000000.
54,540,000,000,000,000 WARNING main_het_teleport_mw_rb_yb_rb_er Mw-to-Er teleportation trial 909 succeeded (completed=True, direct match=True, latency=3.5346906245 seconds).
54,540,000,000,000,000 WARNING main_het_teleport_mw_rb_yb_rb_er Starting Mw-to-Er teleportation trial 910 at 54540000000000000.
54,600,000,000,000,000 WARNING main_het_teleport_mw_rb_yb_rb_er Mw-to-Er teleportation trial 910 succeeded (completed=True, direct match=True, latency=4.204737437 seconds).
54,600,000,000,000,000 WARNING main_het_teleport_mw_rb_yb_rb_er Starting Mw-to-Er teleportation trial 911 at 54600000000000000.
54,660,000,000,000,000 WARNING main_het_teleport_mw_rb_yb_rb_er Mw-to-Er teleportation trial 911 succeeded (completed=True, direct match=True, latency=0.065891812 seconds).
54,660,000,000,000,000 WARNING main_het_teleport_mw_rb_yb_rb_er Starting Mw-to-Er teleportation trial 912 at 54660000000000000.
54,720,000,000,000,000 WARNING main_het_teleport_mw_rb_yb_rb_er Mw-to-Er teleportation trial 912 succeeded (completed=True, direct match=True, latency=2.1633957495 seconds).
54,720,000,000,000,000 WARNING main_het_teleport_mw_rb_yb_rb_er Starting Mw-to-Er teleportation trial 913 at 54720000000000000.
54,780,000,000,000,000 WARNING main_het_teleport_mw_rb_yb_rb_er Mw-to-Er teleportation trial 913 succeeded (completed=True, direct match=True, latency=10.4036454995 seconds).
54,780,000,000,000,000 WARNING main_het_teleport_mw_rb_yb_rb_er Starting Mw-to-Er teleportation trial 914 at 54780000000000000.
54,840,000,000,000,000 WARNING main_het_teleport_mw_rb_yb_rb_er Mw-to-Er teleportation trial 914 succeeded (completed=True, direct match=True, latency=9.817842062 seconds).
54,840,000,000,000,000 WARNING main_het_teleport_mw_rb_yb_rb_er Starting Mw-to-Er teleportation trial 915 at 54840000000000000.
54,900,000,000,000,000 WARNING main_het_teleport_mw_rb_yb_rb_er Mw-to-Er teleportation trial 915 succeeded (completed=True, direct match=True, latency=4.2374987495 seconds).
54,900,000,000,000,000 WARNING main_het_teleport_mw_rb_yb_rb_er Starting Mw-to-Er teleportation trial 916 at 54900000000000000.
54,960,000,000,000,000 WARNING main_het_teleport_mw_rb_yb_rb_er Mw-to-Er teleportation trial 916 succeeded (completed=True, direct match=True, latency=5.6306344995 seconds).
54,960,000,000,000,000 WARNING main_het_teleport_mw_rb_yb_rb_er Starting Mw-to-Er teleportation trial 917 at 54960000000000000.
55,020,000,000,000,000 WARNING main_het_teleport_mw_rb_yb_rb_er Mw-to-Er teleportation trial 917 succeeded (completed=True, direct match=True, latency=2.7694799995 seconds).
55,020,000,000,000,000 WARNING main_het_teleport_mw_rb_yb_rb_er Starting Mw-to-Er teleportation trial 918 at 55020000000000000.
55,080,000,000,000,000 WARNING main_het_teleport_mw_rb_yb_rb_er Mw-to-Er teleportation trial 918 succeeded (completed=True, direct match=True, latency=1.396625062 seconds).
55,080,000,000,000,000 WARNING main_het_teleport_mw_rb_yb_rb_er Starting Mw-to-Er teleportation trial 919 at 55080000000000000.
55,140,000,000,000,000 WARNING main_het_teleport_mw_rb_yb_rb_er Mw-to-Er teleportation trial 919 failed (completed=True, direct match=False, latency=2.1633957495 seconds).
55,140,000,000,000,000 WARNING main_het_teleport_mw_rb_yb_rb_er Starting Mw-to-Er teleportation trial 920 at 55140000000000000.
55,200,000,000,000,000 WARNING main_het_teleport_mw_rb_yb_rb_er Mw-to-Er teleportation trial 920 succeeded (completed=True, direct match=True, latency=3.5212640245 seconds).
55,200,000,000,000,000 WARNING main_het_teleport_mw_rb_yb_rb_er Starting Mw-to-Er teleportation trial 921 at 55200000000000000.
55,260,000,000,000,000 WARNING main_het_teleport_mw_rb_yb_rb_er Mw-to-Er teleportation trial 921 succeeded (completed=True, direct match=True, latency=2.9265288745 seconds).
55,260,000,000,000,000 WARNING main_het_teleport_mw_rb_yb_rb_er Starting Mw-to-Er teleportation trial 922 at 55260000000000000.
55,320,000,000,000,000 WARNING main_het_teleport_mw_rb_yb_rb_er Mw-to-Er teleportation trial 922 succeeded (completed=True, direct match=True, latency=2.1259542495 seconds).
55,320,000,000,000,000 WARNING main_het_teleport_mw_rb_yb_rb_er Starting Mw-to-Er teleportation trial 923 at 55320000000000000.
55,380,000,000,000,000 WARNING main_het_teleport_mw_rb_yb_rb_er Mw-to-Er teleportation trial 923 succeeded (completed=True, direct match=True, latency=2.0885127495 seconds).
55,380,000,000,000,000 WARNING main_het_teleport_mw_rb_yb_rb_er Starting Mw-to-Er teleportation trial 924 at 55380000000000000.
55,440,000,000,000,000 WARNING main_het_teleport_mw_rb_yb_rb_er Mw-to-Er teleportation trial 924 succeeded (completed=True, direct match=True, latency=1.4200259995 seconds).
55,440,000,000,000,000 WARNING main_het_teleport_mw_rb_yb_rb_er Starting Mw-to-Er teleportation trial 925 at 55440000000000000.
55,500,000,000,000,000 WARNING main_het_teleport_mw_rb_yb_rb_er Mw-to-Er teleportation trial 925 succeeded (completed=True, direct match=True, latency=8.356063562 seconds).
55,500,000,000,000,000 WARNING main_het_teleport_mw_rb_yb_rb_er Starting Mw-to-Er teleportation trial 926 at 55500000000000000.
55,560,000,000,000,000 WARNING main_het_teleport_mw_rb_yb_rb_er Mw-to-Er teleportation trial 926 failed (completed=True, direct match=False, latency=2.817841937 seconds).
55,560,000,000,000,000 WARNING main_het_teleport_mw_rb_yb_rb_er Starting Mw-to-Er teleportation trial 927 at 55560000000000000.
55,620,000,000,000,000 WARNING main_het_teleport_mw_rb_yb_rb_er Mw-to-Er teleportation trial 927 failed (completed=True, direct match=False, latency=6.3022413745 seconds).
55,620,000,000,000,000 WARNING main_het_teleport_mw_rb_yb_rb_er Starting Mw-to-Er teleportation trial 928 at 55620000000000000.
55,680,000,000,000,000 WARNING main_het_teleport_mw_rb_yb_rb_er Mw-to-Er teleportation trial 928 succeeded (completed=True, direct match=True, latency=3.5783723745 seconds).
55,680,000,000,000,000 WARNING main_het_teleport_mw_rb_yb_rb_er Starting Mw-to-Er teleportation trial 929 at 55680000000000000.
55,740,000,000,000,000 WARNING main_het_teleport_mw_rb_yb_rb_er Mw-to-Er teleportation trial 929 failed (completed=True, direct match=False, latency=5.610353687 seconds).
55,740,000,000,000,000 WARNING main_het_teleport_mw_rb_yb_rb_er Starting Mw-to-Er teleportation trial 930 at 55740000000000000.
55,800,000,000,000,000 WARNING main_het_teleport_mw_rb_yb_rb_er Mw-to-Er teleportation trial 930 succeeded (completed=True, direct match=True, latency=2.1321944995 seconds).
55,800,000,000,000,000 WARNING main_het_teleport_mw_rb_yb_rb_er Starting Mw-to-Er teleportation trial 931 at 55800000000000000.
55,860,000,000,000,000 WARNING main_het_teleport_mw_rb_yb_rb_er Mw-to-Er teleportation trial 931 succeeded (completed=True, direct match=True, latency=3.539370812 seconds).
55,860,000,000,000,000 WARNING main_het_teleport_mw_rb_yb_rb_er Starting Mw-to-Er teleportation trial 932 at 55860000000000000.
55,920,000,000,000,000 WARNING main_het_teleport_mw_rb_yb_rb_er Mw-to-Er teleportation trial 932 succeeded (completed=True, direct match=True, latency=20.984768937 seconds).
55,920,000,000,000,000 WARNING main_het_teleport_mw_rb_yb_rb_er Starting Mw-to-Er teleportation trial 933 at 55920000000000000.
55,980,000,000,000,000 WARNING main_het_teleport_mw_rb_yb_rb_er Mw-to-Er teleportation trial 933 succeeded (completed=True, direct match=True, latency=6.2835206245 seconds).
55,980,000,000,000,000 WARNING main_het_teleport_mw_rb_yb_rb_er Starting Mw-to-Er teleportation trial 934 at 55980000000000000.
56,040,000,000,000,000 WARNING main_het_teleport_mw_rb_yb_rb_er Mw-to-Er teleportation trial 934 succeeded (completed=True, direct match=True, latency=4.9184659995 seconds).
56,040,000,000,000,000 WARNING main_het_teleport_mw_rb_yb_rb_er Starting Mw-to-Er teleportation trial 935 at 56040000000000000.
56,100,000,000,000,000 WARNING main_het_teleport_mw_rb_yb_rb_er Mw-to-Er teleportation trial 935 succeeded (completed=True, direct match=True, latency=3.505049437 seconds).
56,100,000,000,000,000 WARNING main_het_teleport_mw_rb_yb_rb_er Starting Mw-to-Er teleportation trial 936 at 56100000000000000.
56,160,000,000,000,000 WARNING main_het_teleport_mw_rb_yb_rb_er Mw-to-Er teleportation trial 936 succeeded (completed=True, direct match=True, latency=8.4699481245 seconds).
56,160,000,000,000,000 WARNING main_het_teleport_mw_rb_yb_rb_er Starting Mw-to-Er teleportation trial 937 at 56160000000000000.
56,220,000,000,000,000 WARNING main_het_teleport_mw_rb_yb_rb_er Mw-to-Er teleportation trial 937 succeeded (completed=True, direct match=True, latency=0.8296743495 seconds).
56,220,000,000,000,000 WARNING main_het_teleport_mw_rb_yb_rb_er Starting Mw-to-Er teleportation trial 938 at 56220000000000000.
56,280,000,000,000,000 WARNING main_het_teleport_mw_rb_yb_rb_er Mw-to-Er teleportation trial 938 succeeded (completed=True, direct match=True, latency=6.2772803745 seconds).
56,280,000,000,000,000 WARNING main_het_teleport_mw_rb_yb_rb_er Starting Mw-to-Er teleportation trial 939 at 56280000000000000.
56,340,000,000,000,000 WARNING main_het_teleport_mw_rb_yb_rb_er Mw-to-Er teleportation trial 939 succeeded (completed=True, direct match=True, latency=4.910665687 seconds).
56,340,000,000,000,000 WARNING main_het_teleport_mw_rb_yb_rb_er Starting Mw-to-Er teleportation trial 940 at 56340000000000000.
56,400,000,000,000,000 WARNING main_het_teleport_mw_rb_yb_rb_er Mw-to-Er teleportation trial 940 succeeded (completed=True, direct match=True, latency=2.8727524495 seconds).
56,400,000,000,000,000 WARNING main_het_teleport_mw_rb_yb_rb_er Starting Mw-to-Er teleportation trial 941 at 56400000000000000.
56,460,000,000,000,000 WARNING main_het_teleport_mw_rb_yb_rb_er Mw-to-Er teleportation trial 941 succeeded (completed=True, direct match=True, latency=6.278840437 seconds).
56,460,000,000,000,000 WARNING main_het_teleport_mw_rb_yb_rb_er Starting Mw-to-Er teleportation trial 942 at 56460000000000000.
56,520,000,000,000,000 WARNING main_het_teleport_mw_rb_yb_rb_er Mw-to-Er teleportation trial 942 succeeded (completed=True, direct match=True, latency=7.7203381245 seconds).
56,520,000,000,000,000 WARNING main_het_teleport_mw_rb_yb_rb_er Starting Mw-to-Er teleportation trial 943 at 56520000000000000.
56,580,000,000,000,000 WARNING main_het_teleport_mw_rb_yb_rb_er Mw-to-Er teleportation trial 943 succeeded (completed=True, direct match=True, latency=1.4449869995 seconds).
56,580,000,000,000,000 WARNING main_het_teleport_mw_rb_yb_rb_er Starting Mw-to-Er teleportation trial 944 at 56580000000000000.
56,640,000,000,000,000 WARNING main_het_teleport_mw_rb_yb_rb_er Mw-to-Er teleportation trial 944 succeeded (completed=True, direct match=True, latency=2.8225221245 seconds).
56,640,000,000,000,000 WARNING main_het_teleport_mw_rb_yb_rb_er Starting Mw-to-Er teleportation trial 945 at 56640000000000000.
56,700,000,000,000,000 WARNING main_het_teleport_mw_rb_yb_rb_er Mw-to-Er teleportation trial 945 failed (completed=True, direct match=False, latency=3.492568937 seconds).
56,700,000,000,000,000 WARNING main_het_teleport_mw_rb_yb_rb_er Starting Mw-to-Er teleportation trial 946 at 56700000000000000.
56,760,000,000,000,000 WARNING main_het_teleport_mw_rb_yb_rb_er Mw-to-Er teleportation trial 946 succeeded (completed=True, direct match=True, latency=5.638434812 seconds).
56,760,000,000,000,000 WARNING main_het_teleport_mw_rb_yb_rb_er Starting Mw-to-Er teleportation trial 947 at 56760000000000000.
56,820,000,000,000,000 WARNING main_het_teleport_mw_rb_yb_rb_er Mw-to-Er teleportation trial 947 succeeded (completed=True, direct match=True, latency=6.338122812 seconds).
56,820,000,000,000,000 WARNING main_het_teleport_mw_rb_yb_rb_er Starting Mw-to-Er teleportation trial 948 at 56820000000000000.
56,880,000,000,000,000 WARNING main_het_teleport_mw_rb_yb_rb_er Mw-to-Er teleportation trial 948 succeeded (completed=True, direct match=True, latency=2.1197139995 seconds).
56,880,000,000,000,000 WARNING main_het_teleport_mw_rb_yb_rb_er Starting Mw-to-Er teleportation trial 949 at 56880000000000000.
56,940,000,000,000,000 WARNING main_het_teleport_mw_rb_yb_rb_er Mw-to-Er teleportation trial 949 succeeded (completed=True, direct match=True, latency=1.4075454995 seconds).
56,940,000,000,000,000 WARNING main_het_teleport_mw_rb_yb_rb_er Starting Mw-to-Er teleportation trial 950 at 56940000000000000.
57,000,000,000,000,000 WARNING main_het_teleport_mw_rb_yb_rb_er Mw-to-Er teleportation trial 950 succeeded (completed=True, direct match=True, latency=3.5315704995 seconds).
57,000,000,000,000,000 WARNING main_het_teleport_mw_rb_yb_rb_er Starting Mw-to-Er teleportation trial 951 at 57000000000000000.
57,060,000,000,000,000 WARNING main_het_teleport_mw_rb_yb_rb_er Mw-to-Er teleportation trial 951 succeeded (completed=True, direct match=True, latency=4.9683879995 seconds).
57,060,000,000,000,000 WARNING main_het_teleport_mw_rb_yb_rb_er Starting Mw-to-Er teleportation trial 952 at 57060000000000000.
57,120,000,000,000,000 WARNING main_het_teleport_mw_rb_yb_rb_er Mw-to-Er teleportation trial 952 succeeded (completed=True, direct match=True, latency=8.415345937 seconds).
57,120,000,000,000,000 WARNING main_het_teleport_mw_rb_yb_rb_er Starting Mw-to-Er teleportation trial 953 at 57120000000000000.
57,180,000,000,000,000 WARNING main_het_teleport_mw_rb_yb_rb_er Mw-to-Er teleportation trial 953 failed (completed=True, direct match=False, latency=8.3295424995 seconds).
57,180,000,000,000,000 WARNING main_het_teleport_mw_rb_yb_rb_er Starting Mw-to-Er teleportation trial 954 at 57180000000000000.
57,240,000,000,000,000 WARNING main_het_teleport_mw_rb_yb_rb_er Mw-to-Er teleportation trial 954 succeeded (completed=True, direct match=True, latency=7.7203381245 seconds).
57,240,000,000,000,000 WARNING main_het_teleport_mw_rb_yb_rb_er Starting Mw-to-Er teleportation trial 955 at 57240000000000000.
57,300,000,000,000,000 WARNING main_het_teleport_mw_rb_yb_rb_er Mw-to-Er teleportation trial 955 succeeded (completed=True, direct match=True, latency=2.102553312 seconds).
57,300,000,000,000,000 WARNING main_het_teleport_mw_rb_yb_rb_er Starting Mw-to-Er teleportation trial 956 at 57300000000000000.
57,360,000,000,000,000 WARNING main_het_teleport_mw_rb_yb_rb_er Mw-to-Er teleportation trial 956 succeeded (completed=True, direct match=True, latency=11.1563756245 seconds).
57,360,000,000,000,000 WARNING main_het_teleport_mw_rb_yb_rb_er Starting Mw-to-Er teleportation trial 957 at 57360000000000000.
57,420,000,000,000,000 WARNING main_het_teleport_mw_rb_yb_rb_er Mw-to-Er teleportation trial 957 failed (completed=True, direct match=False, latency=2.1197139995 seconds).
57,420,000,000,000,000 WARNING main_het_teleport_mw_rb_yb_rb_er Starting Mw-to-Er teleportation trial 958 at 57420000000000000.
57,480,000,000,000,000 WARNING main_het_teleport_mw_rb_yb_rb_er Mw-to-Er teleportation trial 958 succeeded (completed=True, direct match=True, latency=1.5360980995 seconds).
57,480,000,000,000,000 WARNING main_het_teleport_mw_rb_yb_rb_er Starting Mw-to-Er teleportation trial 959 at 57480000000000000.
57,540,000,000,000,000 WARNING main_het_teleport_mw_rb_yb_rb_er Mw-to-Er teleportation trial 959 succeeded (completed=True, direct match=True, latency=2.820962062 seconds).
57,540,000,000,000,000 WARNING main_het_teleport_mw_rb_yb_rb_er Starting Mw-to-Er teleportation trial 960 at 57540000000000000.
57,600,000,000,000,000 WARNING main_het_teleport_mw_rb_yb_rb_er Mw-to-Er teleportation trial 960 succeeded (completed=True, direct match=True, latency=3.489448812 seconds).
57,600,000,000,000,000 WARNING main_het_teleport_mw_rb_yb_rb_er Starting Mw-to-Er teleportation trial 961 at 57600000000000000.
57,660,000,000,000,000 WARNING main_het_teleport_mw_rb_yb_rb_er Mw-to-Er teleportation trial 961 succeeded (completed=True, direct match=True, latency=22.415346187 seconds).
57,660,000,000,000,000 WARNING main_het_teleport_mw_rb_yb_rb_er Starting Mw-to-Er teleportation trial 962 at 57660000000000000.
57,720,000,000,000,000 WARNING main_het_teleport_mw_rb_yb_rb_er Mw-to-Er teleportation trial 962 succeeded (completed=True, direct match=True, latency=6.322522187 seconds).
57,720,000,000,000,000 WARNING main_het_teleport_mw_rb_yb_rb_er Starting Mw-to-Er teleportation trial 963 at 57720000000000000.
57,780,000,000,000,000 WARNING main_het_teleport_mw_rb_yb_rb_er Mw-to-Er teleportation trial 963 succeeded (completed=True, direct match=True, latency=0.768699937 seconds).
57,780,000,000,000,000 WARNING main_het_teleport_mw_rb_yb_rb_er Starting Mw-to-Er teleportation trial 964 at 57780000000000000.
57,840,000,000,000,000 WARNING main_het_teleport_mw_rb_yb_rb_er Mw-to-Er teleportation trial 964 succeeded (completed=True, direct match=True, latency=5.557311562 seconds).
57,840,000,000,000,000 WARNING main_het_teleport_mw_rb_yb_rb_er Starting Mw-to-Er teleportation trial 965 at 57840000000000000.
57,900,000,000,000,000 WARNING main_het_teleport_mw_rb_yb_rb_er Mw-to-Er teleportation trial 965 succeeded (completed=True, direct match=True, latency=4.360743687 seconds).
57,900,000,000,000,000 WARNING main_het_teleport_mw_rb_yb_rb_er Starting Mw-to-Er teleportation trial 966 at 57900000000000000.
57,960,000,000,000,000 WARNING main_het_teleport_mw_rb_yb_rb_er Mw-to-Er teleportation trial 966 failed (completed=True, direct match=False, latency=7.5736922495 seconds).
57,960,000,000,000,000 WARNING main_het_teleport_mw_rb_yb_rb_er Starting Mw-to-Er teleportation trial 967 at 57960000000000000.
58,020,000,000,000,000 WARNING main_het_teleport_mw_rb_yb_rb_er Mw-to-Er teleportation trial 967 succeeded (completed=True, direct match=True, latency=7.009729687 seconds).
58,020,000,000,000,000 WARNING main_het_teleport_mw_rb_yb_rb_er Starting Mw-to-Er teleportation trial 968 at 58020000000000000.
58,080,000,000,000,000 WARNING main_het_teleport_mw_rb_yb_rb_er Mw-to-Er teleportation trial 968 succeeded (completed=True, direct match=True, latency=4.926266312 seconds).
58,080,000,000,000,000 WARNING main_het_teleport_mw_rb_yb_rb_er Starting Mw-to-Er teleportation trial 969 at 58080000000000000.
58,140,000,000,000,000 WARNING main_het_teleport_mw_rb_yb_rb_er Mw-to-Er teleportation trial 969 succeeded (completed=True, direct match=True, latency=9.1290744995 seconds).
58,140,000,000,000,000 WARNING main_het_teleport_mw_rb_yb_rb_er Starting Mw-to-Er teleportation trial 970 at 58140000000000000.
58,200,000,000,000,000 WARNING main_het_teleport_mw_rb_yb_rb_er Mw-to-Er teleportation trial 970 succeeded (completed=True, direct match=True, latency=4.8966251245 seconds).
58,200,000,000,000,000 WARNING main_het_teleport_mw_rb_yb_rb_er Starting Mw-to-Er teleportation trial 971 at 58200000000000000.
58,260,000,000,000,000 WARNING main_het_teleport_mw_rb_yb_rb_er Mw-to-Er teleportation trial 971 succeeded (completed=True, direct match=True, latency=2.8256422495 seconds).
58,260,000,000,000,000 WARNING main_het_teleport_mw_rb_yb_rb_er Starting Mw-to-Er teleportation trial 972 at 58260000000000000.
58,320,000,000,000,000 WARNING main_het_teleport_mw_rb_yb_rb_er Mw-to-Er teleportation trial 972 succeeded (completed=True, direct match=True, latency=6.328762437 seconds).
58,320,000,000,000,000 WARNING main_het_teleport_mw_rb_yb_rb_er Starting Mw-to-Er teleportation trial 973 at 58320000000000000.
58,380,000,000,000,000 WARNING main_het_teleport_mw_rb_yb_rb_er Mw-to-Er teleportation trial 973 succeeded (completed=True, direct match=True, latency=2.8287623745 seconds).
58,380,000,000,000,000 WARNING main_het_teleport_mw_rb_yb_rb_er Starting Mw-to-Er teleportation trial 974 at 58380000000000000.
58,440,000,000,000,000 WARNING main_het_teleport_mw_rb_yb_rb_er Mw-to-Er teleportation trial 974 failed (completed=True, direct match=False, latency=2.849043187 seconds).
58,440,000,000,000,000 WARNING main_het_teleport_mw_rb_yb_rb_er Starting Mw-to-Er teleportation trial 975 at 58440000000000000.
58,500,000,000,000,000 WARNING main_het_teleport_mw_rb_yb_rb_er Mw-to-Er teleportation trial 975 succeeded (completed=True, direct match=True, latency=14.681336687 seconds).
58,500,000,000,000,000 WARNING main_het_teleport_mw_rb_yb_rb_er Starting Mw-to-Er teleportation trial 976 at 58500000000000000.
58,560,000,000,000,000 WARNING main_het_teleport_mw_rb_yb_rb_er Mw-to-Er teleportation trial 976 succeeded (completed=True, direct match=True, latency=3.489448812 seconds).
58,560,000,000,000,000 WARNING main_het_teleport_mw_rb_yb_rb_er Starting Mw-to-Er teleportation trial 977 at 58560000000000000.
58,620,000,000,000,000 WARNING main_het_teleport_mw_rb_yb_rb_er Mw-to-Er teleportation trial 977 succeeded (completed=True, direct match=True, latency=11.2156579995 seconds).
58,620,000,000,000,000 WARNING main_het_teleport_mw_rb_yb_rb_er Starting Mw-to-Er teleportation trial 978 at 58620000000000000.
58,680,000,000,000,000 WARNING main_het_teleport_mw_rb_yb_rb_er Mw-to-Er teleportation trial 978 succeeded (completed=True, direct match=True, latency=1.418465937 seconds).
58,680,000,000,000,000 WARNING main_het_teleport_mw_rb_yb_rb_er Starting Mw-to-Er teleportation trial 979 at 58680000000000000.
58,740,000,000,000,000 WARNING main_het_teleport_mw_rb_yb_rb_er Mw-to-Er teleportation trial 979 failed (completed=True, direct match=False, latency=3.7395725995 seconds).
58,740,000,000,000,000 WARNING main_het_teleport_mw_rb_yb_rb_er Starting Mw-to-Er teleportation trial 980 at 58740000000000000.
58,800,000,000,000,000 WARNING main_het_teleport_mw_rb_yb_rb_er Mw-to-Er teleportation trial 980 succeeded (completed=True, direct match=True, latency=2.121274062 seconds).
58,800,000,000,000,000 WARNING main_het_teleport_mw_rb_yb_rb_er Starting Mw-to-Er teleportation trial 981 at 58800000000000000.
58,860,000,000,000,000 WARNING main_het_teleport_mw_rb_yb_rb_er Mw-to-Er teleportation trial 981 succeeded (completed=True, direct match=True, latency=5.632194562 seconds).
58,860,000,000,000,000 WARNING main_het_teleport_mw_rb_yb_rb_er Starting Mw-to-Er teleportation trial 982 at 58860000000000000.
58,920,000,000,000,000 WARNING main_het_teleport_mw_rb_yb_rb_er Mw-to-Er teleportation trial 982 succeeded (completed=True, direct match=True, latency=8.3825846245 seconds).
58,920,000,000,000,000 WARNING main_het_teleport_mw_rb_yb_rb_er Starting Mw-to-Er teleportation trial 983 at 58920000000000000.
58,980,000,000,000,000 WARNING main_het_teleport_mw_rb_yb_rb_er Mw-to-Er teleportation trial 983 succeeded (completed=True, direct match=True, latency=2.8162818745 seconds).
58,980,000,000,000,000 WARNING main_het_teleport_mw_rb_yb_rb_er Starting Mw-to-Er teleportation trial 984 at 58980000000000000.
59,040,000,000,000,000 WARNING main_het_teleport_mw_rb_yb_rb_er Mw-to-Er teleportation trial 984 succeeded (completed=True, direct match=True, latency=4.9153458745 seconds).
59,040,000,000,000,000 WARNING main_het_teleport_mw_rb_yb_rb_er Starting Mw-to-Er teleportation trial 985 at 59040000000000000.
59,100,000,000,000,000 WARNING main_het_teleport_mw_rb_yb_rb_er Mw-to-Er teleportation trial 985 succeeded (completed=True, direct match=True, latency=2.285805087 seconds).
59,100,000,000,000,000 WARNING main_het_teleport_mw_rb_yb_rb_er Starting Mw-to-Er teleportation trial 986 at 59100000000000000.
59,160,000,000,000,000 WARNING main_het_teleport_mw_rb_yb_rb_er Mw-to-Er teleportation trial 986 failed (completed=True, direct match=False, latency=6.278840437 seconds).
59,160,000,000,000,000 WARNING main_het_teleport_mw_rb_yb_rb_er Starting Mw-to-Er teleportation trial 987 at 59160000000000000.
59,220,000,000,000,000 WARNING main_het_teleport_mw_rb_yb_rb_er Mw-to-Er teleportation trial 987 succeeded (completed=True, direct match=True, latency=2.946776087 seconds).
59,220,000,000,000,000 WARNING main_het_teleport_mw_rb_yb_rb_er Starting Mw-to-Er teleportation trial 988 at 59220000000000000.
59,280,000,000,000,000 WARNING main_het_teleport_mw_rb_yb_rb_er Mw-to-Er teleportation trial 988 succeeded (completed=True, direct match=True, latency=10.395845187 seconds).
59,280,000,000,000,000 WARNING main_het_teleport_mw_rb_yb_rb_er Starting Mw-to-Er teleportation trial 989 at 59280000000000000.
59,340,000,000,000,000 WARNING main_het_teleport_mw_rb_yb_rb_er Mw-to-Er teleportation trial 989 succeeded (completed=True, direct match=True, latency=2.8100416245 seconds).
59,340,000,000,000,000 WARNING main_het_teleport_mw_rb_yb_rb_er Starting Mw-to-Er teleportation trial 990 at 59340000000000000.
59,400,000,000,000,000 WARNING main_het_teleport_mw_rb_yb_rb_er Mw-to-Er teleportation trial 990 succeeded (completed=True, direct match=True, latency=4.201617312 seconds).
59,400,000,000,000,000 WARNING main_het_teleport_mw_rb_yb_rb_er Starting Mw-to-Er teleportation trial 991 at 59400000000000000.
59,460,000,000,000,000 WARNING main_het_teleport_mw_rb_yb_rb_er Mw-to-Er teleportation trial 991 succeeded (completed=True, direct match=True, latency=4.938746812 seconds).
59,460,000,000,000,000 WARNING main_het_teleport_mw_rb_yb_rb_er Starting Mw-to-Er teleportation trial 992 at 59460000000000000.
59,520,000,000,000,000 WARNING main_het_teleport_mw_rb_yb_rb_er Mw-to-Er teleportation trial 992 succeeded (completed=True, direct match=True, latency=0.7140977495 seconds).
59,520,000,000,000,000 WARNING main_het_teleport_mw_rb_yb_rb_er Starting Mw-to-Er teleportation trial 993 at 59520000000000000.
59,580,000,000,000,000 WARNING main_het_teleport_mw_rb_yb_rb_er Mw-to-Er teleportation trial 993 succeeded (completed=True, direct match=True, latency=4.195554287 seconds).
59,580,000,000,000,000 WARNING main_het_teleport_mw_rb_yb_rb_er Starting Mw-to-Er teleportation trial 994 at 59580000000000000.
59,640,000,000,000,000 WARNING main_het_teleport_mw_rb_yb_rb_er Mw-to-Er teleportation trial 994 succeeded (completed=True, direct match=True, latency=9.0853927495 seconds).
59,640,000,000,000,000 WARNING main_het_teleport_mw_rb_yb_rb_er Starting Mw-to-Er teleportation trial 995 at 59640000000000000.
59,700,000,000,000,000 WARNING main_het_teleport_mw_rb_yb_rb_er Mw-to-Er teleportation trial 995 succeeded (completed=True, direct match=True, latency=2.1134737495 seconds).
59,700,000,000,000,000 WARNING main_het_teleport_mw_rb_yb_rb_er Starting Mw-to-Er teleportation trial 996 at 59700000000000000.
59,760,000,000,000,000 WARNING main_het_teleport_mw_rb_yb_rb_er Mw-to-Er teleportation trial 996 succeeded (completed=True, direct match=True, latency=1.4938286995 seconds).
59,760,000,000,000,000 WARNING main_het_teleport_mw_rb_yb_rb_er Starting Mw-to-Er teleportation trial 997 at 59760000000000000.
59,820,000,000,000,000 WARNING main_het_teleport_mw_rb_yb_rb_er Mw-to-Er teleportation trial 997 succeeded (completed=True, direct match=True, latency=2.1883567495 seconds).
59,820,000,000,000,000 WARNING main_het_teleport_mw_rb_yb_rb_er Starting Mw-to-Er teleportation trial 998 at 59820000000000000.
59,880,000,000,000,000 WARNING main_het_teleport_mw_rb_yb_rb_er Mw-to-Er teleportation trial 998 succeeded (completed=True, direct match=True, latency=4.1969371245 seconds).
59,880,000,000,000,000 WARNING main_het_teleport_mw_rb_yb_rb_er Starting Mw-to-Er teleportation trial 999 at 59880000000000000.
59,940,000,000,000,000 WARNING main_het_teleport_mw_rb_yb_rb_er Mw-to-Er teleportation trial 999 succeeded (completed=True, direct match=True, latency=4.217217937 seconds).
59,940,000,000,000,000 WARNING main_het_teleport_mw_rb_yb_rb_er Starting Mw-to-Er teleportation trial 1000 at 59940000000000000.
60,000,000,000,000,000 WARNING main_het_teleport_mw_rb_yb_rb_er Mw-to-Er teleportation trial 1000 succeeded (completed=True, direct match=True, latency=4.217217937 seconds).
60,000,000,000,000,000 WARNING main_het_teleport_mw_rb_yb_rb_er Starting Mw-to-Er teleportation trial 1001 at 60000000000000000.
60,060,000,000,000,000 WARNING main_het_teleport_mw_rb_yb_rb_er Mw-to-Er teleportation trial 1001 succeeded (completed=True, direct match=True, latency=3.4785283745 seconds).
60,060,000,000,000,000 WARNING main_het_teleport_mw_rb_yb_rb_er Starting Mw-to-Er teleportation trial 1002 at 60060000000000000.
60,120,000,000,000,000 WARNING main_het_teleport_mw_rb_yb_rb_er Mw-to-Er teleportation trial 1002 succeeded (completed=True, direct match=True, latency=3.5409308745 seconds).
60,120,000,000,000,000 WARNING main_het_teleport_mw_rb_yb_rb_er Starting Mw-to-Er teleportation trial 1003 at 60120000000000000.
60,180,000,000,000,000 WARNING main_het_teleport_mw_rb_yb_rb_er Mw-to-Er teleportation trial 1003 failed (completed=True, direct match=False, latency=4.876344312 seconds).
60,180,000,000,000,000 WARNING main_het_teleport_mw_rb_yb_rb_er Starting Mw-to-Er teleportation trial 1004 at 60180000000000000.
60,240,000,000,000,000 WARNING main_het_teleport_mw_rb_yb_rb_er Mw-to-Er teleportation trial 1004 failed (completed=True, direct match=False, latency=1.3794643745 seconds).
60,240,000,000,000,000 WARNING main_het_teleport_mw_rb_yb_rb_er Starting Mw-to-Er teleportation trial 1005 at 60240000000000000.
60,300,000,000,000,000 WARNING main_het_teleport_mw_rb_yb_rb_er Mw-to-Er teleportation trial 1005 failed (completed=True, direct match=False, latency=2.8194019995 seconds).
60,300,000,000,000,000 WARNING main_het_teleport_mw_rb_yb_rb_er Starting Mw-to-Er teleportation trial 1006 at 60300000000000000.
60,360,000,000,000,000 WARNING main_het_teleport_mw_rb_yb_rb_er Mw-to-Er teleportation trial 1006 succeeded (completed=True, direct match=True, latency=2.8162818745 seconds).
60,360,000,000,000,000 WARNING main_het_teleport_mw_rb_yb_rb_er Starting Mw-to-Er teleportation trial 1007 at 60360000000000000.
60,420,000,000,000,000 WARNING main_het_teleport_mw_rb_yb_rb_er Mw-to-Er teleportation trial 1007 succeeded (completed=True, direct match=True, latency=2.8350026245 seconds).
60,420,000,000,000,000 WARNING main_het_teleport_mw_rb_yb_rb_er Starting Mw-to-Er teleportation trial 1008 at 60420000000000000.
60,480,000,000,000,000 WARNING main_het_teleport_mw_rb_yb_rb_er Mw-to-Er teleportation trial 1008 succeeded (completed=True, direct match=True, latency=2.1072334995 seconds).
60,480,000,000,000,000 WARNING main_het_teleport_mw_rb_yb_rb_er Starting Mw-to-Er teleportation trial 1009 at 60480000000000000.
60,540,000,000,000,000 WARNING main_het_teleport_mw_rb_yb_rb_er Mw-to-Er teleportation trial 1009 failed (completed=True, direct match=False, latency=2.155595437 seconds).
60,540,000,000,000,000 WARNING main_het_teleport_mw_rb_yb_rb_er Starting Mw-to-Er teleportation trial 1010 at 60540000000000000.
60,600,000,000,000,000 WARNING main_het_teleport_mw_rb_yb_rb_er Mw-to-Er teleportation trial 1010 failed (completed=True, direct match=False, latency=3.5253302495 seconds).
60,600,000,000,000,000 WARNING main_het_teleport_mw_rb_yb_rb_er Starting Mw-to-Er teleportation trial 1011 at 60600000000000000.
60,660,000,000,000,000 WARNING main_het_teleport_mw_rb_yb_rb_er Mw-to-Er teleportation trial 1011 succeeded (completed=True, direct match=True, latency=4.923146187 seconds).
60,660,000,000,000,000 WARNING main_het_teleport_mw_rb_yb_rb_er Starting Mw-to-Er teleportation trial 1012 at 60660000000000000.
60,720,000,000,000,000 WARNING main_het_teleport_mw_rb_yb_rb_er Mw-to-Er teleportation trial 1012 succeeded (completed=True, direct match=True, latency=3.5003692495 seconds).
60,720,000,000,000,000 WARNING main_het_teleport_mw_rb_yb_rb_er Starting Mw-to-Er teleportation trial 1013 at 60720000000000000.
60,780,000,000,000,000 WARNING main_het_teleport_mw_rb_yb_rb_er Mw-to-Er teleportation trial 1013 succeeded (completed=True, direct match=True, latency=6.9956891245 seconds).
60,780,000,000,000,000 WARNING main_het_teleport_mw_rb_yb_rb_er Starting Mw-to-Er teleportation trial 1014 at 60780000000000000.
60,840,000,000,000,000 WARNING main_het_teleport_mw_rb_yb_rb_er Mw-to-Er teleportation trial 1014 failed (completed=True, direct match=False, latency=15.4075457495 seconds).
60,840,000,000,000,000 WARNING main_het_teleport_mw_rb_yb_rb_er Starting Mw-to-Er teleportation trial 1015 at 60840000000000000.
60,900,000,000,000,000 WARNING main_het_teleport_mw_rb_yb_rb_er Mw-to-Er teleportation trial 1015 succeeded (completed=True, direct match=True, latency=16.8225223745 seconds).
60,900,000,000,000,000 WARNING main_het_teleport_mw_rb_yb_rb_er Starting Mw-to-Er teleportation trial 1016 at 60900000000000000.
60,960,000,000,000,000 WARNING main_het_teleport_mw_rb_yb_rb_er Mw-to-Er teleportation trial 1016 succeeded (completed=True, direct match=True, latency=2.1259542495 seconds).
60,960,000,000,000,000 WARNING main_het_teleport_mw_rb_yb_rb_er Starting Mw-to-Er teleportation trial 1017 at 60960000000000000.
61,020,000,000,000,000 WARNING main_het_teleport_mw_rb_yb_rb_er Mw-to-Er teleportation trial 1017 succeeded (completed=True, direct match=True, latency=3.526890312 seconds).
61,020,000,000,000,000 WARNING main_het_teleport_mw_rb_yb_rb_er Starting Mw-to-Er teleportation trial 1018 at 61020000000000000.
61,080,000,000,000,000 WARNING main_het_teleport_mw_rb_yb_rb_er Mw-to-Er teleportation trial 1018 succeeded (completed=True, direct match=True, latency=6.331882562 seconds).
61,080,000,000,000,000 WARNING main_het_teleport_mw_rb_yb_rb_er Starting Mw-to-Er teleportation trial 1019 at 61080000000000000.
61,140,000,000,000,000 WARNING main_het_teleport_mw_rb_yb_rb_er Mw-to-Er teleportation trial 1019 succeeded (completed=True, direct match=True, latency=2.1290743745 seconds).
61,140,000,000,000,000 WARNING main_het_teleport_mw_rb_yb_rb_er Starting Mw-to-Er teleportation trial 1020 at 61140000000000000.
61,200,000,000,000,000 WARNING main_het_teleport_mw_rb_yb_rb_er Mw-to-Er teleportation trial 1020 succeeded (completed=True, direct match=True, latency=7.712537812 seconds).
61,200,000,000,000,000 WARNING main_het_teleport_mw_rb_yb_rb_er Starting Mw-to-Er teleportation trial 1021 at 61200000000000000.
61,260,000,000,000,000 WARNING main_het_teleport_mw_rb_yb_rb_er Mw-to-Er teleportation trial 1021 succeeded (completed=True, direct match=True, latency=6.3365627495 seconds).
61,260,000,000,000,000 WARNING main_het_teleport_mw_rb_yb_rb_er Starting Mw-to-Er teleportation trial 1022 at 61260000000000000.
61,320,000,000,000,000 WARNING main_het_teleport_mw_rb_yb_rb_er Mw-to-Er teleportation trial 1022 succeeded (completed=True, direct match=True, latency=6.313161812 seconds).
61,320,000,000,000,000 WARNING main_het_teleport_mw_rb_yb_rb_er Starting Mw-to-Er teleportation trial 1023 at 61320000000000000.
61,380,000,000,000,000 WARNING main_het_teleport_mw_rb_yb_rb_er Mw-to-Er teleportation trial 1023 failed (completed=True, direct match=False, latency=2.1228341245 seconds).
61,380,000,000,000,000 WARNING main_het_teleport_mw_rb_yb_rb_er Starting Mw-to-Er teleportation trial 1024 at 61380000000000000.
61,440,000,000,000,000 WARNING main_het_teleport_mw_rb_yb_rb_er Mw-to-Er teleportation trial 1024 succeeded (completed=True, direct match=True, latency=9.8131618745 seconds).
61,440,000,000,000,000 WARNING main_het_teleport_mw_rb_yb_rb_er Starting Mw-to-Er teleportation trial 1025 at 61440000000000000.
61,500,000,000,000,000 WARNING main_het_teleport_mw_rb_yb_rb_er Mw-to-Er teleportation trial 1025 succeeded (completed=True, direct match=True, latency=2.1009932495 seconds).
61,500,000,000,000,000 WARNING main_het_teleport_mw_rb_yb_rb_er Starting Mw-to-Er teleportation trial 1026 at 61500000000000000.
61,560,000,000,000,000 WARNING main_het_teleport_mw_rb_yb_rb_er Mw-to-Er teleportation trial 1026 succeeded (completed=True, direct match=True, latency=5.6306344995 seconds).
61,560,000,000,000,000 WARNING main_het_teleport_mw_rb_yb_rb_er Starting Mw-to-Er teleportation trial 1027 at 61560000000000000.
61,620,000,000,000,000 WARNING main_het_teleport_mw_rb_yb_rb_er Mw-to-Er teleportation trial 1027 succeeded (completed=True, direct match=True, latency=2.8225221245 seconds).
61,620,000,000,000,000 WARNING main_het_teleport_mw_rb_yb_rb_er Starting Mw-to-Er teleportation trial 1028 at 61620000000000000.
61,680,000,000,000,000 WARNING main_het_teleport_mw_rb_yb_rb_er Mw-to-Er teleportation trial 1028 succeeded (completed=True, direct match=True, latency=3.5440509995 seconds).
61,680,000,000,000,000 WARNING main_het_teleport_mw_rb_yb_rb_er Starting Mw-to-Er teleportation trial 1029 at 61680000000000000.
61,740,000,000,000,000 WARNING main_het_teleport_mw_rb_yb_rb_er Mw-to-Er teleportation trial 1029 succeeded (completed=True, direct match=True, latency=4.179776437 seconds).
61,740,000,000,000,000 WARNING main_het_teleport_mw_rb_yb_rb_er Starting Mw-to-Er teleportation trial 1030 at 61740000000000000.
61,800,000,000,000,000 WARNING main_het_teleport_mw_rb_yb_rb_er Mw-to-Er teleportation trial 1030 succeeded (completed=True, direct match=True, latency=4.8997452495 seconds).
61,800,000,000,000,000 WARNING main_het_teleport_mw_rb_yb_rb_er Starting Mw-to-Er teleportation trial 1031 at 61800000000000000.
61,860,000,000,000,000 WARNING main_het_teleport_mw_rb_yb_rb_er Mw-to-Er teleportation trial 1031 succeeded (completed=True, direct match=True, latency=8.415345937 seconds).
61,860,000,000,000,000 WARNING main_het_teleport_mw_rb_yb_rb_er Starting Mw-to-Er teleportation trial 1032 at 61860000000000000.
61,920,000,000,000,000 WARNING main_het_teleport_mw_rb_yb_rb_er Mw-to-Er teleportation trial 1032 failed (completed=True, direct match=False, latency=14.6828967495 seconds).
61,920,000,000,000,000 WARNING main_het_teleport_mw_rb_yb_rb_er Starting Mw-to-Er teleportation trial 1033 at 61920000000000000.
61,980,000,000,000,000 WARNING main_het_teleport_mw_rb_yb_rb_er Mw-to-Er teleportation trial 1033 succeeded (completed=True, direct match=True, latency=5.616593937 seconds).
61,980,000,000,000,000 WARNING main_het_teleport_mw_rb_yb_rb_er Starting Mw-to-Er teleportation trial 1034 at 61980000000000000.
62,040,000,000,000,000 WARNING main_het_teleport_mw_rb_yb_rb_er Mw-to-Er teleportation trial 1034 succeeded (completed=True, direct match=True, latency=8.2983412495 seconds).
62,040,000,000,000,000 WARNING main_het_teleport_mw_rb_yb_rb_er Starting Mw-to-Er teleportation trial 1035 at 62040000000000000.
62,100,000,000,000,000 WARNING main_het_teleport_mw_rb_yb_rb_er Mw-to-Er teleportation trial 1035 succeeded (completed=True, direct match=True, latency=13.338122937 seconds).
62,100,000,000,000,000 WARNING main_het_teleport_mw_rb_yb_rb_er Starting Mw-to-Er teleportation trial 1036 at 62100000000000000.
62,160,000,000,000,000 WARNING main_het_teleport_mw_rb_yb_rb_er Mw-to-Er teleportation trial 1036 failed (completed=True, direct match=False, latency=1.3950649995 seconds).
62,160,000,000,000,000 WARNING main_het_teleport_mw_rb_yb_rb_er Starting Mw-to-Er teleportation trial 1037 at 62160000000000000.
62,220,000,000,000,000 WARNING main_het_teleport_mw_rb_yb_rb_er Mw-to-Er teleportation trial 1037 succeeded (completed=True, direct match=True, latency=5.6025533745 seconds).
62,220,000,000,000,000 WARNING main_het_teleport_mw_rb_yb_rb_er Starting Mw-to-Er teleportation trial 1038 at 62220000000000000.
62,280,000,000,000,000 WARNING main_het_teleport_mw_rb_yb_rb_er Mw-to-Er teleportation trial 1038 failed (completed=True, direct match=False, latency=2.8069214995 seconds).
62,280,000,000,000,000 WARNING main_het_teleport_mw_rb_yb_rb_er Starting Mw-to-Er teleportation trial 1039 at 62280000000000000.
62,340,000,000,000,000 WARNING main_het_teleport_mw_rb_yb_rb_er Mw-to-Er teleportation trial 1039 succeeded (completed=True, direct match=True, latency=10.464487937 seconds).
62,340,000,000,000,000 WARNING main_het_teleport_mw_rb_yb_rb_er Starting Mw-to-Er teleportation trial 1040 at 62340000000000000.
62,400,000,000,000,000 WARNING main_het_teleport_mw_rb_yb_rb_er Mw-to-Er teleportation trial 1040 succeeded (completed=True, direct match=True, latency=2.1103536245 seconds).
62,400,000,000,000,000 WARNING main_het_teleport_mw_rb_yb_rb_er Starting Mw-to-Er teleportation trial 1041 at 62400000000000000.
62,460,000,000,000,000 WARNING main_het_teleport_mw_rb_yb_rb_er Mw-to-Er teleportation trial 1041 succeeded (completed=True, direct match=True, latency=5.8547088245 seconds).
62,460,000,000,000,000 WARNING main_het_teleport_mw_rb_yb_rb_er Starting Mw-to-Er teleportation trial 1042 at 62460000000000000.
62,520,000,000,000,000 WARNING main_het_teleport_mw_rb_yb_rb_er Mw-to-Er teleportation trial 1042 succeeded (completed=True, direct match=True, latency=0.845524962 seconds).
62,520,000,000,000,000 WARNING main_het_teleport_mw_rb_yb_rb_er Starting Mw-to-Er teleportation trial 1043 at 62520000000000000.
62,580,000,000,000,000 WARNING main_het_teleport_mw_rb_yb_rb_er Mw-to-Er teleportation trial 1043 failed (completed=True, direct match=False, latency=2.127514312 seconds).
62,580,000,000,000,000 WARNING main_het_teleport_mw_rb_yb_rb_er Starting Mw-to-Er teleportation trial 1044 at 62580000000000000.
62,640,000,000,000,000 WARNING main_het_teleport_mw_rb_yb_rb_er Mw-to-Er teleportation trial 1044 succeeded (completed=True, direct match=True, latency=7.019090062 seconds).
62,640,000,000,000,000 WARNING main_het_teleport_mw_rb_yb_rb_er Starting Mw-to-Er teleportation trial 1045 at 62640000000000000.
62,700,000,000,000,000 WARNING main_het_teleport_mw_rb_yb_rb_er Mw-to-Er teleportation trial 1045 succeeded (completed=True, direct match=True, latency=0.7796203745 seconds).
62,700,000,000,000,000 WARNING main_het_teleport_mw_rb_yb_rb_er Starting Mw-to-Er teleportation trial 1046 at 62700000000000000.
62,760,000,000,000,000 WARNING main_het_teleport_mw_rb_yb_rb_er Mw-to-Er teleportation trial 1046 succeeded (completed=True, direct match=True, latency=8.424706312 seconds).
62,760,000,000,000,000 WARNING main_het_teleport_mw_rb_yb_rb_er Starting Mw-to-Er teleportation trial 1047 at 62760000000000000.
62,820,000,000,000,000 WARNING main_het_teleport_mw_rb_yb_rb_er Mw-to-Er teleportation trial 1047 failed (completed=True, direct match=False, latency=2.086952687 seconds).
62,820,000,000,000,000 WARNING main_het_teleport_mw_rb_yb_rb_er Starting Mw-to-Er teleportation trial 1048 at 62820000000000000.
62,880,000,000,000,000 WARNING main_het_teleport_mw_rb_yb_rb_er Mw-to-Er teleportation trial 1048 succeeded (completed=True, direct match=True, latency=4.948107187 seconds).
62,880,000,000,000,000 WARNING main_het_teleport_mw_rb_yb_rb_er Starting Mw-to-Er teleportation trial 1049 at 62880000000000000.
62,940,000,000,000,000 WARNING main_het_teleport_mw_rb_yb_rb_er Mw-to-Er teleportation trial 1049 succeeded (completed=True, direct match=True, latency=6.2148778745 seconds).
62,940,000,000,000,000 WARNING main_het_teleport_mw_rb_yb_rb_er Starting Mw-to-Er teleportation trial 1050 at 62940000000000000.
63,000,000,000,000,000 WARNING main_het_teleport_mw_rb_yb_rb_er Mw-to-Er teleportation trial 1050 succeeded (completed=True, direct match=True, latency=10.511289812 seconds).
63,000,000,000,000,000 WARNING main_het_teleport_mw_rb_yb_rb_er Starting Mw-to-Er teleportation trial 1051 at 63000000000000000.
63,060,000,000,000,000 WARNING main_het_teleport_mw_rb_yb_rb_er Mw-to-Er teleportation trial 1051 succeeded (completed=True, direct match=True, latency=3.539370812 seconds).
63,060,000,000,000,000 WARNING main_het_teleport_mw_rb_yb_rb_er Starting Mw-to-Er teleportation trial 1052 at 63060000000000000.
63,120,000,000,000,000 WARNING main_het_teleport_mw_rb_yb_rb_er Mw-to-Er teleportation trial 1052 succeeded (completed=True, direct match=True, latency=7.718778062 seconds).
63,120,000,000,000,000 WARNING main_het_teleport_mw_rb_yb_rb_er Starting Mw-to-Er teleportation trial 1053 at 63120000000000000.
63,180,000,000,000,000 WARNING main_het_teleport_mw_rb_yb_rb_er Mw-to-Er teleportation trial 1053 succeeded (completed=True, direct match=True, latency=2.1134737495 seconds).
63,180,000,000,000,000 WARNING main_het_teleport_mw_rb_yb_rb_er Starting Mw-to-Er teleportation trial 1054 at 63180000000000000.
63,240,000,000,000,000 WARNING main_het_teleport_mw_rb_yb_rb_er Mw-to-Er teleportation trial 1054 succeeded (completed=True, direct match=True, latency=4.239058812 seconds).
63,240,000,000,000,000 WARNING main_het_teleport_mw_rb_yb_rb_er Starting Mw-to-Er teleportation trial 1055 at 63240000000000000.
63,300,000,000,000,000 WARNING main_het_teleport_mw_rb_yb_rb_er Mw-to-Er teleportation trial 1055 succeeded (completed=True, direct match=True, latency=11.1438951245 seconds).
63,300,000,000,000,000 WARNING main_het_teleport_mw_rb_yb_rb_er Starting Mw-to-Er teleportation trial 1056 at 63300000000000000.
63,360,000,000,000,000 WARNING main_het_teleport_mw_rb_yb_rb_er Mw-to-Er teleportation trial 1056 succeeded (completed=True, direct match=True, latency=3.5097296245 seconds).
63,360,000,000,000,000 WARNING main_het_teleport_mw_rb_yb_rb_er Starting Mw-to-Er teleportation trial 1057 at 63360000000000000.
63,420,000,000,000,000 WARNING main_het_teleport_mw_rb_yb_rb_er Mw-to-Er teleportation trial 1057 succeeded (completed=True, direct match=True, latency=2.2028604745 seconds).
63,420,000,000,000,000 WARNING main_het_teleport_mw_rb_yb_rb_er Starting Mw-to-Er teleportation trial 1058 at 63420000000000000.
63,480,000,000,000,000 WARNING main_het_teleport_mw_rb_yb_rb_er Mw-to-Er teleportation trial 1058 succeeded (completed=True, direct match=True, latency=13.966048062 seconds).
63,480,000,000,000,000 WARNING main_het_teleport_mw_rb_yb_rb_er Starting Mw-to-Er teleportation trial 1059 at 63480000000000000.
63,540,000,000,000,000 WARNING main_het_teleport_mw_rb_yb_rb_er Mw-to-Er teleportation trial 1059 succeeded (completed=True, direct match=True, latency=2.021430062 seconds).
63,540,000,000,000,000 WARNING main_het_teleport_mw_rb_yb_rb_er Starting Mw-to-Er teleportation trial 1060 at 63540000000000000.
63,600,000,000,000,000 WARNING main_het_teleport_mw_rb_yb_rb_er Mw-to-Er teleportation trial 1060 failed (completed=True, direct match=False, latency=4.2250182495 seconds).
63,600,000,000,000,000 WARNING main_het_teleport_mw_rb_yb_rb_er Starting Mw-to-Er teleportation trial 1061 at 63600000000000000.
63,660,000,000,000,000 WARNING main_het_teleport_mw_rb_yb_rb_er Mw-to-Er teleportation trial 1061 succeeded (completed=True, direct match=True, latency=1.4761882495 seconds).
63,660,000,000,000,000 WARNING main_het_teleport_mw_rb_yb_rb_er Starting Mw-to-Er teleportation trial 1062 at 63660000000000000.
63,720,000,000,000,000 WARNING main_het_teleport_mw_rb_yb_rb_er Mw-to-Er teleportation trial 1062 succeeded (completed=True, direct match=True, latency=2.7944409995 seconds).
63,720,000,000,000,000 WARNING main_het_teleport_mw_rb_yb_rb_er Starting Mw-to-Er teleportation trial 1063 at 63720000000000000.
63,780,000,000,000,000 WARNING main_het_teleport_mw_rb_yb_rb_er Mw-to-Er teleportation trial 1063 succeeded (completed=True, direct match=True, latency=1.437186687 seconds).
63,780,000,000,000,000 WARNING main_het_teleport_mw_rb_yb_rb_er Starting Mw-to-Er teleportation trial 1064 at 63780000000000000.
63,840,000,000,000,000 WARNING main_het_teleport_mw_rb_yb_rb_er Mw-to-Er teleportation trial 1064 succeeded (completed=True, direct match=True, latency=2.1165938745 seconds).
63,840,000,000,000,000 WARNING main_het_teleport_mw_rb_yb_rb_er Starting Mw-to-Er teleportation trial 1065 at 63840000000000000.
63,900,000,000,000,000 WARNING main_het_teleport_mw_rb_yb_rb_er Mw-to-Er teleportation trial 1065 succeeded (completed=True, direct match=True, latency=2.108793562 seconds).
63,900,000,000,000,000 WARNING main_het_teleport_mw_rb_yb_rb_er Starting Mw-to-Er teleportation trial 1066 at 63900000000000000.
63,960,000,000,000,000 WARNING main_het_teleport_mw_rb_yb_rb_er Mw-to-Er teleportation trial 1066 succeeded (completed=True, direct match=True, latency=5.6056734995 seconds).
63,960,000,000,000,000 WARNING main_het_teleport_mw_rb_yb_rb_er Starting Mw-to-Er teleportation trial 1067 at 63960000000000000.
64,020,000,000,000,000 WARNING main_het_teleport_mw_rb_yb_rb_er Mw-to-Er teleportation trial 1067 succeeded (completed=True, direct match=True, latency=7.7421789995 seconds).
64,020,000,000,000,000 WARNING main_het_teleport_mw_rb_yb_rb_er Starting Mw-to-Er teleportation trial 1068 at 64020000000000000.
64,080,000,000,000,000 WARNING main_het_teleport_mw_rb_yb_rb_er Mw-to-Er teleportation trial 1068 succeeded (completed=True, direct match=True, latency=3.4941289995 seconds).
64,080,000,000,000,000 WARNING main_het_teleport_mw_rb_yb_rb_er Starting Mw-to-Er teleportation trial 1069 at 64080000000000000.
64,140,000,000,000,000 WARNING main_het_teleport_mw_rb_yb_rb_er Mw-to-Er teleportation trial 1069 failed (completed=True, direct match=False, latency=6.7397549745 seconds).
64,140,000,000,000,000 WARNING main_het_teleport_mw_rb_yb_rb_er Starting Mw-to-Er teleportation trial 1070 at 64140000000000000.
64,200,000,000,000,000 WARNING main_het_teleport_mw_rb_yb_rb_er Mw-to-Er teleportation trial 1070 succeeded (completed=True, direct match=True, latency=2.8443629995 seconds).
64,200,000,000,000,000 WARNING main_het_teleport_mw_rb_yb_rb_er Starting Mw-to-Er teleportation trial 1071 at 64200000000000000.
64,260,000,000,000,000 WARNING main_het_teleport_mw_rb_yb_rb_er Mw-to-Er teleportation trial 1071 succeeded (completed=True, direct match=True, latency=5.5931929995 seconds).
64,260,000,000,000,000 WARNING main_het_teleport_mw_rb_yb_rb_er Starting Mw-to-Er teleportation trial 1072 at 64260000000000000.
64,320,000,000,000,000 WARNING main_het_teleport_mw_rb_yb_rb_er Mw-to-Er teleportation trial 1072 succeeded (completed=True, direct match=True, latency=2.8443629995 seconds).
64,320,000,000,000,000 WARNING main_het_teleport_mw_rb_yb_rb_er Starting Mw-to-Er teleportation trial 1073 at 64320000000000000.
64,380,000,000,000,000 WARNING main_het_teleport_mw_rb_yb_rb_er Mw-to-Er teleportation trial 1073 succeeded (completed=True, direct match=True, latency=4.904425437 seconds).
64,380,000,000,000,000 WARNING main_het_teleport_mw_rb_yb_rb_er Starting Mw-to-Er teleportation trial 1074 at 64380000000000000.
64,440,000,000,000,000 WARNING main_het_teleport_mw_rb_yb_rb_er Mw-to-Er teleportation trial 1074 succeeded (completed=True, direct match=True, latency=6.2398388745 seconds).
64,440,000,000,000,000 WARNING main_het_teleport_mw_rb_yb_rb_er Starting Mw-to-Er teleportation trial 1075 at 64440000000000000.
64,500,000,000,000,000 WARNING main_het_teleport_mw_rb_yb_rb_er Mw-to-Er teleportation trial 1075 succeeded (completed=True, direct match=True, latency=8.4106657495 seconds).
64,500,000,000,000,000 WARNING main_het_teleport_mw_rb_yb_rb_er Starting Mw-to-Er teleportation trial 1076 at 64500000000000000.
64,560,000,000,000,000 WARNING main_het_teleport_mw_rb_yb_rb_er Mw-to-Er teleportation trial 1076 succeeded (completed=True, direct match=True, latency=10.5066096245 seconds).
64,560,000,000,000,000 WARNING main_het_teleport_mw_rb_yb_rb_er Starting Mw-to-Er teleportation trial 1077 at 64560000000000000.
64,620,000,000,000,000 WARNING main_het_teleport_mw_rb_yb_rb_er Mw-to-Er teleportation trial 1077 failed (completed=True, direct match=False, latency=14.056531687 seconds).
64,620,000,000,000,000 WARNING main_het_teleport_mw_rb_yb_rb_er Starting Mw-to-Er teleportation trial 1078 at 64620000000000000.
64,680,000,000,000,000 WARNING main_het_teleport_mw_rb_yb_rb_er Mw-to-Er teleportation trial 1078 failed (completed=True, direct match=False, latency=5.5401508745 seconds).
64,680,000,000,000,000 WARNING main_het_teleport_mw_rb_yb_rb_er Starting Mw-to-Er teleportation trial 1079 at 64680000000000000.
64,740,000,000,000,000 WARNING main_het_teleport_mw_rb_yb_rb_er Mw-to-Er teleportation trial 1079 failed (completed=True, direct match=False, latency=8.3139418745 seconds).
64,740,000,000,000,000 WARNING main_het_teleport_mw_rb_yb_rb_er Starting Mw-to-Er teleportation trial 1080 at 64740000000000000.
64,800,000,000,000,000 WARNING main_het_teleport_mw_rb_yb_rb_er Mw-to-Er teleportation trial 1080 succeeded (completed=True, direct match=True, latency=7.012849812 seconds).
64,800,000,000,000,000 WARNING main_het_teleport_mw_rb_yb_rb_er Starting Mw-to-Er teleportation trial 1081 at 64800000000000000.
64,860,000,000,000,000 WARNING main_het_teleport_mw_rb_yb_rb_er Mw-to-Er teleportation trial 1081 failed (completed=True, direct match=False, latency=5.6150338745 seconds).
64,860,000,000,000,000 WARNING main_het_teleport_mw_rb_yb_rb_er Starting Mw-to-Er teleportation trial 1082 at 64860000000000000.
64,920,000,000,000,000 WARNING main_het_teleport_mw_rb_yb_rb_er Mw-to-Er teleportation trial 1082 succeeded (completed=True, direct match=True, latency=1.434066562 seconds).
64,920,000,000,000,000 WARNING main_het_teleport_mw_rb_yb_rb_er Starting Mw-to-Er teleportation trial 1083 at 64920000000000000.
64,980,000,000,000,000 WARNING main_het_teleport_mw_rb_yb_rb_er Mw-to-Er teleportation trial 1083 succeeded (completed=True, direct match=True, latency=4.207857562 seconds).
64,980,000,000,000,000 WARNING main_het_teleport_mw_rb_yb_rb_er Starting Mw-to-Er teleportation trial 1084 at 64980000000000000.
65,040,000,000,000,000 WARNING main_het_teleport_mw_rb_yb_rb_er Mw-to-Er teleportation trial 1084 failed (completed=True, direct match=False, latency=2.7819604995 seconds).
65,040,000,000,000,000 WARNING main_het_teleport_mw_rb_yb_rb_er Starting Mw-to-Er teleportation trial 1085 at 65040000000000000.
65,100,000,000,000,000 WARNING main_het_teleport_mw_rb_yb_rb_er Mw-to-Er teleportation trial 1085 failed (completed=True, direct match=False, latency=6.325642312 seconds).
65,100,000,000,000,000 WARNING main_het_teleport_mw_rb_yb_rb_er Starting Mw-to-Er teleportation trial 1086 at 65100000000000000.
65,160,000,000,000,000 WARNING main_het_teleport_mw_rb_yb_rb_er Mw-to-Er teleportation trial 1086 failed (completed=True, direct match=False, latency=2.1103536245 seconds).
65,160,000,000,000,000 WARNING main_het_teleport_mw_rb_yb_rb_er Starting Mw-to-Er teleportation trial 1087 at 65160000000000000.
65,220,000,000,000,000 WARNING main_het_teleport_mw_rb_yb_rb_er Mw-to-Er teleportation trial 1087 succeeded (completed=True, direct match=True, latency=9.090072937 seconds).
65,220,000,000,000,000 WARNING main_het_teleport_mw_rb_yb_rb_er Starting Mw-to-Er teleportation trial 1088 at 65220000000000000.
65,280,000,000,000,000 WARNING main_het_teleport_mw_rb_yb_rb_er Mw-to-Er teleportation trial 1088 succeeded (completed=True, direct match=True, latency=3.4629277495 seconds).
65,280,000,000,000,000 WARNING main_het_teleport_mw_rb_yb_rb_er Starting Mw-to-Er teleportation trial 1089 at 65280000000000000.
65,340,000,000,000,000 WARNING main_het_teleport_mw_rb_yb_rb_er Mw-to-Er teleportation trial 1089 succeeded (completed=True, direct match=True, latency=3.6002132495 seconds).
65,340,000,000,000,000 WARNING main_het_teleport_mw_rb_yb_rb_er Starting Mw-to-Er teleportation trial 1090 at 65340000000000000.
65,400,000,000,000,000 WARNING main_het_teleport_mw_rb_yb_rb_er Mw-to-Er teleportation trial 1090 succeeded (completed=True, direct match=True, latency=8.352943437 seconds).
65,400,000,000,000,000 WARNING main_het_teleport_mw_rb_yb_rb_er Starting Mw-to-Er teleportation trial 1091 at 65400000000000000.
65,460,000,000,000,000 WARNING main_het_teleport_mw_rb_yb_rb_er Mw-to-Er teleportation trial 1091 succeeded (completed=True, direct match=True, latency=4.2156578745 seconds).
65,460,000,000,000,000 WARNING main_het_teleport_mw_rb_yb_rb_er Starting Mw-to-Er teleportation trial 1092 at 65460000000000000.
65,520,000,000,000,000 WARNING main_het_teleport_mw_rb_yb_rb_er Mw-to-Er teleportation trial 1092 succeeded (completed=True, direct match=True, latency=3.501929312 seconds).
65,520,000,000,000,000 WARNING main_het_teleport_mw_rb_yb_rb_er Starting Mw-to-Er teleportation trial 1093 at 65520000000000000.
65,580,000,000,000,000 WARNING main_het_teleport_mw_rb_yb_rb_er Mw-to-Er teleportation trial 1093 succeeded (completed=True, direct match=True, latency=8.3825846245 seconds).
65,580,000,000,000,000 WARNING main_het_teleport_mw_rb_yb_rb_er Starting Mw-to-Er teleportation trial 1094 at 65580000000000000.
65,640,000,000,000,000 WARNING main_het_teleport_mw_rb_yb_rb_er Mw-to-Er teleportation trial 1094 failed (completed=True, direct match=False, latency=7.069012062 seconds).
65,640,000,000,000,000 WARNING main_het_teleport_mw_rb_yb_rb_er Starting Mw-to-Er teleportation trial 1095 at 65640000000000000.
65,700,000,000,000,000 WARNING main_het_teleport_mw_rb_yb_rb_er Mw-to-Er teleportation trial 1095 succeeded (completed=True, direct match=True, latency=2.811601687 seconds).
65,700,000,000,000,000 WARNING main_het_teleport_mw_rb_yb_rb_er Starting Mw-to-Er teleportation trial 1096 at 65700000000000000.
65,760,000,000,000,000 WARNING main_het_teleport_mw_rb_yb_rb_er Mw-to-Er teleportation trial 1096 succeeded (completed=True, direct match=True, latency=0.736629962 seconds).
65,760,000,000,000,000 WARNING main_het_teleport_mw_rb_yb_rb_er Starting Mw-to-Er teleportation trial 1097 at 65760000000000000.
65,820,000,000,000,000 WARNING main_het_teleport_mw_rb_yb_rb_er Mw-to-Er teleportation trial 1097 failed (completed=True, direct match=False, latency=6.394285062 seconds).
65,820,000,000,000,000 WARNING main_het_teleport_mw_rb_yb_rb_er Starting Mw-to-Er teleportation trial 1098 at 65820000000000000.
65,880,000,000,000,000 WARNING main_het_teleport_mw_rb_yb_rb_er Mw-to-Er teleportation trial 1098 succeeded (completed=True, direct match=True, latency=8.359183687 seconds).
65,880,000,000,000,000 WARNING main_het_teleport_mw_rb_yb_rb_er Starting Mw-to-Er teleportation trial 1099 at 65880000000000000.
65,940,000,000,000,000 WARNING main_het_teleport_mw_rb_yb_rb_er Mw-to-Er teleportation trial 1099 succeeded (completed=True, direct match=True, latency=0.7729482995 seconds).
65,940,000,000,000,000 WARNING main_het_teleport_mw_rb_yb_rb_er Starting Mw-to-Er teleportation trial 1100 at 65940000000000000.
66,000,000,019,999,500 WARNING main_het_teleport_mw_rb_yb_rb_er Mw-to-Er teleportation trial 1100 failed (completed=False, direct match=False, latency=None seconds).
66,000,000,019,999,500 WARNING main_het_teleport_mw_rb_yb_rb_er Starting Mw-to-Er teleportation trial 1101 at 66000000019999500.
66,060,000,019,999,500 WARNING main_het_teleport_mw_rb_yb_rb_er Mw-to-Er teleportation trial 1101 succeeded (completed=True, direct match=True, latency=2.1912407625 seconds).
66,060,000,019,999,500 WARNING main_het_teleport_mw_rb_yb_rb_er Starting Mw-to-Er teleportation trial 1102 at 66060000019999500.
66,120,000,019,999,500 WARNING main_het_teleport_mw_rb_yb_rb_er Mw-to-Er teleportation trial 1102 succeeded (completed=True, direct match=True, latency=4.20005725 seconds).
66,120,000,019,999,500 WARNING main_het_teleport_mw_rb_yb_rb_er Starting Mw-to-Er teleportation trial 1103 at 66120000019999500.
66,180,000,019,999,500 WARNING main_het_teleport_mw_rb_yb_rb_er Mw-to-Er teleportation trial 1103 succeeded (completed=True, direct match=True, latency=2.1493551875 seconds).
66,180,000,019,999,500 WARNING main_het_teleport_mw_rb_yb_rb_er Starting Mw-to-Er teleportation trial 1104 at 66180000019999500.
66,240,000,019,999,500 WARNING main_het_teleport_mw_rb_yb_rb_er Mw-to-Er teleportation trial 1104 succeeded (completed=True, direct match=True, latency=8.3685440625 seconds).
66,240,000,019,999,500 WARNING main_het_teleport_mw_rb_yb_rb_er Starting Mw-to-Er teleportation trial 1105 at 66240000019999500.
66,300,000,019,999,500 WARNING main_het_teleport_mw_rb_yb_rb_er Mw-to-Er teleportation trial 1105 succeeded (completed=True, direct match=True, latency=8.41066575 seconds).
66,300,000,019,999,500 WARNING main_het_teleport_mw_rb_yb_rb_er Starting Mw-to-Er teleportation trial 1106 at 66300000019999500.
66,360,000,019,999,500 WARNING main_het_teleport_mw_rb_yb_rb_er Mw-to-Er teleportation trial 1106 succeeded (completed=True, direct match=True, latency=1.4184659375 seconds).
66,360,000,019,999,500 WARNING main_het_teleport_mw_rb_yb_rb_er Starting Mw-to-Er teleportation trial 1107 at 66360000019999500.
66,420,000,019,999,500 WARNING main_het_teleport_mw_rb_yb_rb_er Mw-to-Er teleportation trial 1107 succeeded (completed=True, direct match=True, latency=4.921586125 seconds).
66,420,000,019,999,500 WARNING main_het_teleport_mw_rb_yb_rb_er Starting Mw-to-Er teleportation trial 1108 at 66420000019999500.
66,480,000,019,999,500 WARNING main_het_teleport_mw_rb_yb_rb_er Mw-to-Er teleportation trial 1108 failed (completed=True, direct match=False, latency=5.608793625 seconds).
66,480,000,019,999,500 WARNING main_het_teleport_mw_rb_yb_rb_er Starting Mw-to-Er teleportation trial 1109 at 66480000019999500.
66,540,000,019,999,500 WARNING main_het_teleport_mw_rb_yb_rb_er Mw-to-Er teleportation trial 1109 succeeded (completed=True, direct match=True, latency=2.81316175 seconds).
66,540,000,019,999,500 WARNING main_het_teleport_mw_rb_yb_rb_er Starting Mw-to-Er teleportation trial 1110 at 66540000019999500.
66,600,000,019,999,500 WARNING main_het_teleport_mw_rb_yb_rb_er Mw-to-Er teleportation trial 1110 succeeded (completed=True, direct match=True, latency=0.744565275 seconds).
66,600,000,019,999,500 WARNING main_het_teleport_mw_rb_yb_rb_er Starting Mw-to-Er teleportation trial 1111 at 66600000019999500.
66,660,000,019,999,500 WARNING main_het_teleport_mw_rb_yb_rb_er Mw-to-Er teleportation trial 1111 succeeded (completed=True, direct match=True, latency=2.791320875 seconds).
66,660,000,019,999,500 WARNING main_het_teleport_mw_rb_yb_rb_er Starting Mw-to-Er teleportation trial 1112 at 66660000019999500.
66,720,000,019,999,500 WARNING main_het_teleport_mw_rb_yb_rb_er Mw-to-Er teleportation trial 1112 succeeded (completed=True, direct match=True, latency=6.3318825625 seconds).
66,720,000,019,999,500 WARNING main_het_teleport_mw_rb_yb_rb_er Starting Mw-to-Er teleportation trial 1113 at 66720000019999500.
66,780,000,019,999,500 WARNING main_het_teleport_mw_rb_yb_rb_er Mw-to-Er teleportation trial 1113 succeeded (completed=True, direct match=True, latency=2.110353625 seconds).
66,780,000,019,999,500 WARNING main_het_teleport_mw_rb_yb_rb_er Starting Mw-to-Er teleportation trial 1114 at 66780000019999500.
66,840,000,019,999,500 WARNING main_het_teleport_mw_rb_yb_rb_er Mw-to-Er teleportation trial 1114 succeeded (completed=True, direct match=True, latency=4.21253775 seconds).
66,840,000,019,999,500 WARNING main_het_teleport_mw_rb_yb_rb_er Starting Mw-to-Er teleportation trial 1115 at 66840000019999500.
66,900,000,019,999,500 WARNING main_het_teleport_mw_rb_yb_rb_er Mw-to-Er teleportation trial 1115 succeeded (completed=True, direct match=True, latency=9.831882625 seconds).
66,900,000,019,999,500 WARNING main_het_teleport_mw_rb_yb_rb_er Starting Mw-to-Er teleportation trial 1116 at 66900000019999500.
66,960,000,019,999,500 WARNING main_het_teleport_mw_rb_yb_rb_er Mw-to-Er teleportation trial 1116 succeeded (completed=True, direct match=True, latency=2.1649558125 seconds).
66,960,000,019,999,500 WARNING main_het_teleport_mw_rb_yb_rb_er Starting Mw-to-Er teleportation trial 1117 at 66960000019999500.
67,020,000,019,999,500 WARNING main_het_teleport_mw_rb_yb_rb_er Mw-to-Er teleportation trial 1117 succeeded (completed=True, direct match=True, latency=1.4434269375 seconds).
67,020,000,019,999,500 WARNING main_het_teleport_mw_rb_yb_rb_er Starting Mw-to-Er teleportation trial 1118 at 67020000019999500.
67,080,000,019,999,500 WARNING main_het_teleport_mw_rb_yb_rb_er Mw-to-Er teleportation trial 1118 failed (completed=True, direct match=False, latency=13.339683 seconds).
67,080,000,019,999,500 WARNING main_het_teleport_mw_rb_yb_rb_er Starting Mw-to-Er teleportation trial 1119 at 67080000019999500.
67,140,000,019,999,500 WARNING main_het_teleport_mw_rb_yb_rb_er Mw-to-Er teleportation trial 1119 succeeded (completed=True, direct match=True, latency=3.5237701875 seconds).
67,140,000,019,999,500 WARNING main_het_teleport_mw_rb_yb_rb_er Starting Mw-to-Er teleportation trial 1120 at 67140000019999500.
67,200,000,019,999,500 WARNING main_het_teleport_mw_rb_yb_rb_er Mw-to-Er teleportation trial 1120 failed (completed=True, direct match=False, latency=13.2944411875 seconds).
67,200,000,019,999,500 WARNING main_het_teleport_mw_rb_yb_rb_er Starting Mw-to-Er teleportation trial 1121 at 67200000019999500.
67,260,000,019,999,500 WARNING main_het_teleport_mw_rb_yb_rb_er Mw-to-Er teleportation trial 1121 succeeded (completed=True, direct match=True, latency=8.39818525 seconds).
67,260,000,019,999,500 WARNING main_het_teleport_mw_rb_yb_rb_er Starting Mw-to-Er teleportation trial 1122 at 67260000019999500.
67,320,000,019,999,500 WARNING main_het_teleport_mw_rb_yb_rb_er Mw-to-Er teleportation trial 1122 succeeded (completed=True, direct match=True, latency=3.5300104375 seconds).
67,320,000,019,999,500 WARNING main_het_teleport_mw_rb_yb_rb_er Starting Mw-to-Er teleportation trial 1123 at 67320000019999500.
67,380,000,019,999,500 WARNING main_het_teleport_mw_rb_yb_rb_er Mw-to-Er teleportation trial 1123 succeeded (completed=True, direct match=True, latency=5.5354706875 seconds).
67,380,000,019,999,500 WARNING main_het_teleport_mw_rb_yb_rb_er Starting Mw-to-Er teleportation trial 1124 at 67380000019999500.
67,440,000,019,999,500 WARNING main_het_teleport_mw_rb_yb_rb_er Mw-to-Er teleportation trial 1124 succeeded (completed=True, direct match=True, latency=3.5565315 seconds).
67,440,000,019,999,500 WARNING main_het_teleport_mw_rb_yb_rb_er Starting Mw-to-Er teleportation trial 1125 at 67440000019999500.
67,500,000,019,999,500 WARNING main_het_teleport_mw_rb_yb_rb_er Mw-to-Er teleportation trial 1125 succeeded (completed=True, direct match=True, latency=2.0682319375 seconds).
67,500,000,019,999,500 WARNING main_het_teleport_mw_rb_yb_rb_er Starting Mw-to-Er teleportation trial 1126 at 67500000019999500.
67,560,000,019,999,500 WARNING main_het_teleport_mw_rb_yb_rb_er Mw-to-Er teleportation trial 1126 succeeded (completed=True, direct match=True, latency=11.2078576875 seconds).
67,560,000,019,999,500 WARNING main_het_teleport_mw_rb_yb_rb_er Starting Mw-to-Er teleportation trial 1127 at 67560000019999500.
67,620,000,019,999,500 WARNING main_het_teleport_mw_rb_yb_rb_er Mw-to-Er teleportation trial 1127 succeeded (completed=True, direct match=True, latency=2.8396828125 seconds).
67,620,000,019,999,500 WARNING main_het_teleport_mw_rb_yb_rb_er Starting Mw-to-Er teleportation trial 1128 at 67620000019999500.
67,680,000,019,999,500 WARNING main_het_teleport_mw_rb_yb_rb_er Mw-to-Er teleportation trial 1128 failed (completed=True, direct match=False, latency=1.4215860625 seconds).
67,680,000,019,999,500 WARNING main_het_teleport_mw_rb_yb_rb_er Starting Mw-to-Er teleportation trial 1129 at 67680000019999500.
67,740,000,019,999,500 WARNING main_het_teleport_mw_rb_yb_rb_er Mw-to-Er teleportation trial 1129 failed (completed=True, direct match=False, latency=6.3381228125 seconds).
67,740,000,019,999,500 WARNING main_het_teleport_mw_rb_yb_rb_er Starting Mw-to-Er teleportation trial 1130 at 67740000019999500.
67,800,000,019,999,500 WARNING main_het_teleport_mw_rb_yb_rb_er Mw-to-Er teleportation trial 1130 failed (completed=True, direct match=False, latency=1.41378575 seconds).
67,800,000,019,999,500 WARNING main_het_teleport_mw_rb_yb_rb_er Starting Mw-to-Er teleportation trial 1131 at 67800000019999500.
67,860,000,019,999,500 WARNING main_het_teleport_mw_rb_yb_rb_er Mw-to-Er teleportation trial 1131 succeeded (completed=True, direct match=True, latency=6.29912125 seconds).
67,860,000,019,999,500 WARNING main_het_teleport_mw_rb_yb_rb_er Starting Mw-to-Er teleportation trial 1132 at 67860000019999500.
67,920,000,019,999,500 WARNING main_het_teleport_mw_rb_yb_rb_er Mw-to-Er teleportation trial 1132 succeeded (completed=True, direct match=True, latency=5.5885128125 seconds).
67,920,000,019,999,500 WARNING main_het_teleport_mw_rb_yb_rb_er Starting Mw-to-Er teleportation trial 1133 at 67920000019999500.
67,980,000,019,999,500 WARNING main_het_teleport_mw_rb_yb_rb_er Mw-to-Er teleportation trial 1133 succeeded (completed=True, direct match=True, latency=9.094753125 seconds).
67,980,000,019,999,500 WARNING main_het_teleport_mw_rb_yb_rb_er Starting Mw-to-Er teleportation trial 1134 at 67980000019999500.
68,040,000,019,999,500 WARNING main_het_teleport_mw_rb_yb_rb_er Mw-to-Er teleportation trial 1134 failed (completed=True, direct match=False, latency=6.320962125 seconds).
68,040,000,019,999,500 WARNING main_het_teleport_mw_rb_yb_rb_er Starting Mw-to-Er teleportation trial 1135 at 68040000019999500.
68,100,000,019,999,500 WARNING main_het_teleport_mw_rb_yb_rb_er Mw-to-Er teleportation trial 1135 succeeded (completed=True, direct match=True, latency=4.943427 seconds).
68,100,000,019,999,500 WARNING main_het_teleport_mw_rb_yb_rb_er Starting Mw-to-Er teleportation trial 1136 at 68100000019999500.
68,160,000,019,999,500 WARNING main_het_teleport_mw_rb_yb_rb_er Mw-to-Er teleportation trial 1136 succeeded (completed=True, direct match=True, latency=7.6470151875 seconds).
68,160,000,019,999,500 WARNING main_het_teleport_mw_rb_yb_rb_er Starting Mw-to-Er teleportation trial 1137 at 68160000019999500.
68,220,000,019,999,500 WARNING main_het_teleport_mw_rb_yb_rb_er Mw-to-Er teleportation trial 1137 succeeded (completed=True, direct match=True, latency=5.558871625 seconds).
68,220,000,019,999,500 WARNING main_het_teleport_mw_rb_yb_rb_er Starting Mw-to-Er teleportation trial 1138 at 68220000019999500.
68,280,000,019,999,500 WARNING main_het_teleport_mw_rb_yb_rb_er Mw-to-Er teleportation trial 1138 succeeded (completed=True, direct match=True, latency=2.1524844 seconds).
68,280,000,019,999,500 WARNING main_het_teleport_mw_rb_yb_rb_er Starting Mw-to-Er teleportation trial 1139 at 68280000019999500.
68,340,000,019,999,500 WARNING main_het_teleport_mw_rb_yb_rb_er Mw-to-Er teleportation trial 1139 succeeded (completed=True, direct match=True, latency=3.4925689375 seconds).
68,340,000,019,999,500 WARNING main_het_teleport_mw_rb_yb_rb_er Starting Mw-to-Er teleportation trial 1140 at 68340000019999500.
68,400,000,019,999,500 WARNING main_het_teleport_mw_rb_yb_rb_er Mw-to-Er teleportation trial 1140 succeeded (completed=True, direct match=True, latency=3.4832085625 seconds).
68,400,000,019,999,500 WARNING main_het_teleport_mw_rb_yb_rb_er Starting Mw-to-Er teleportation trial 1141 at 68400000019999500.
68,460,000,019,999,500 WARNING main_het_teleport_mw_rb_yb_rb_er Mw-to-Er teleportation trial 1141 succeeded (completed=True, direct match=True, latency=2.11347375 seconds).
68,460,000,019,999,500 WARNING main_het_teleport_mw_rb_yb_rb_er Starting Mw-to-Er teleportation trial 1142 at 68460000019999500.
68,520,000,019,999,500 WARNING main_het_teleport_mw_rb_yb_rb_er Mw-to-Er teleportation trial 1142 failed (completed=True, direct match=False, latency=4.934066625 seconds).
68,520,000,019,999,500 WARNING main_het_teleport_mw_rb_yb_rb_er Starting Mw-to-Er teleportation trial 1143 at 68520000019999500.
68,580,000,019,999,500 WARNING main_het_teleport_mw_rb_yb_rb_er Mw-to-Er teleportation trial 1143 failed (completed=True, direct match=False, latency=4.2078575625 seconds).
68,580,000,019,999,500 WARNING main_het_teleport_mw_rb_yb_rb_er Starting Mw-to-Er teleportation trial 1144 at 68580000019999500.
68,640,000,019,999,500 WARNING main_het_teleport_mw_rb_yb_rb_er Mw-to-Er teleportation trial 1144 failed (completed=True, direct match=False, latency=5.5292304375 seconds).
68,640,000,019,999,500 WARNING main_het_teleport_mw_rb_yb_rb_er Starting Mw-to-Er teleportation trial 1145 at 68640000019999500.
68,700,000,019,999,500 WARNING main_het_teleport_mw_rb_yb_rb_er Mw-to-Er teleportation trial 1145 succeeded (completed=True, direct match=True, latency=3.494129 seconds).
68,700,000,019,999,500 WARNING main_het_teleport_mw_rb_yb_rb_er Starting Mw-to-Er teleportation trial 1146 at 68700000019999500.
68,760,000,019,999,500 WARNING main_het_teleport_mw_rb_yb_rb_er Mw-to-Er teleportation trial 1146 failed (completed=True, direct match=False, latency=4.2312585 seconds).
68,760,000,019,999,500 WARNING main_het_teleport_mw_rb_yb_rb_er Starting Mw-to-Er teleportation trial 1147 at 68760000019999500.
68,820,000,019,999,500 WARNING main_het_teleport_mw_rb_yb_rb_er Mw-to-Er teleportation trial 1147 succeeded (completed=True, direct match=True, latency=4.2016173125 seconds).
68,820,000,019,999,500 WARNING main_het_teleport_mw_rb_yb_rb_er Starting Mw-to-Er teleportation trial 1148 at 68820000019999500.
68,880,000,019,999,500 WARNING main_het_teleport_mw_rb_yb_rb_er Mw-to-Er teleportation trial 1148 succeeded (completed=True, direct match=True, latency=3.5206500625 seconds).
68,880,000,019,999,500 WARNING main_het_teleport_mw_rb_yb_rb_er Starting Mw-to-Er teleportation trial 1149 at 68880000019999500.
68,940,000,019,999,500 WARNING main_het_teleport_mw_rb_yb_rb_er Mw-to-Er teleportation trial 1149 failed (completed=True, direct match=False, latency=2.119714 seconds).
68,940,000,019,999,500 WARNING main_het_teleport_mw_rb_yb_rb_er Starting Mw-to-Er teleportation trial 1150 at 68940000019999500.
69,000,000,019,999,500 WARNING main_het_teleport_mw_rb_yb_rb_er Mw-to-Er teleportation trial 1150 succeeded (completed=True, direct match=True, latency=2.835002625 seconds).
69,000,000,019,999,500 WARNING main_het_teleport_mw_rb_yb_rb_er Starting Mw-to-Er teleportation trial 1151 at 69000000019999500.
69,060,000,019,999,500 WARNING main_het_teleport_mw_rb_yb_rb_er Mw-to-Er teleportation trial 1151 succeeded (completed=True, direct match=True, latency=0.7000571875 seconds).
69,060,000,019,999,500 WARNING main_het_teleport_mw_rb_yb_rb_er Starting Mw-to-Er teleportation trial 1152 at 69060000019999500.
69,120,000,019,999,500 WARNING main_het_teleport_mw_rb_yb_rb_er Mw-to-Er teleportation trial 1152 succeeded (completed=True, direct match=True, latency=2.7616796875 seconds).
69,120,000,019,999,500 WARNING main_het_teleport_mw_rb_yb_rb_er Starting Mw-to-Er teleportation trial 1153 at 69120000019999500.
69,180,000,019,999,500 WARNING main_het_teleport_mw_rb_yb_rb_er Mw-to-Er teleportation trial 1153 succeeded (completed=True, direct match=True, latency=9.0869528125 seconds).
69,180,000,019,999,500 WARNING main_het_teleport_mw_rb_yb_rb_er Starting Mw-to-Er teleportation trial 1154 at 69180000019999500.
69,240,000,019,999,500 WARNING main_het_teleport_mw_rb_yb_rb_er Mw-to-Er teleportation trial 1154 succeeded (completed=True, direct match=True, latency=2.1755482375 seconds).
69,240,000,019,999,500 WARNING main_het_teleport_mw_rb_yb_rb_er Starting Mw-to-Er teleportation trial 1155 at 69240000019999500.
69,300,000,019,999,500 WARNING main_het_teleport_mw_rb_yb_rb_er Mw-to-Er teleportation trial 1155 succeeded (completed=True, direct match=True, latency=3.4582475625 seconds).
69,300,000,019,999,500 WARNING main_het_teleport_mw_rb_yb_rb_er Starting Mw-to-Er teleportation trial 1156 at 69300000019999500.
69,360,000,019,999,500 WARNING main_het_teleport_mw_rb_yb_rb_er Mw-to-Er teleportation trial 1156 succeeded (completed=True, direct match=True, latency=1.416905875 seconds).
69,360,000,019,999,500 WARNING main_het_teleport_mw_rb_yb_rb_er Starting Mw-to-Er teleportation trial 1157 at 69360000019999500.
69,420,000,019,999,500 WARNING main_het_teleport_mw_rb_yb_rb_er Mw-to-Er teleportation trial 1157 failed (completed=True, direct match=False, latency=3.5144098125 seconds).
69,420,000,019,999,500 WARNING main_het_teleport_mw_rb_yb_rb_er Starting Mw-to-Er teleportation trial 1158 at 69420000019999500.
69,480,000,019,999,500 WARNING main_het_teleport_mw_rb_yb_rb_er Mw-to-Er teleportation trial 1158 succeeded (completed=True, direct match=True, latency=4.2265783125 seconds).
69,480,000,019,999,500 WARNING main_het_teleport_mw_rb_yb_rb_er Starting Mw-to-Er teleportation trial 1159 at 69480000019999500.
69,540,000,019,999,500 WARNING main_het_teleport_mw_rb_yb_rb_er Mw-to-Er teleportation trial 1159 succeeded (completed=True, direct match=True, latency=2.8303224375 seconds).
69,540,000,019,999,500 WARNING main_het_teleport_mw_rb_yb_rb_er Starting Mw-to-Er teleportation trial 1160 at 69540000019999500.
69,600,000,019,999,500 WARNING main_het_teleport_mw_rb_yb_rb_er Mw-to-Er teleportation trial 1160 succeeded (completed=True, direct match=True, latency=4.890384875 seconds).
69,600,000,019,999,500 WARNING main_het_teleport_mw_rb_yb_rb_er Starting Mw-to-Er teleportation trial 1161 at 69600000019999500.
69,660,000,019,999,500 WARNING main_het_teleport_mw_rb_yb_rb_er Mw-to-Er teleportation trial 1161 succeeded (completed=True, direct match=True, latency=5.621274125 seconds).
69,660,000,019,999,500 WARNING main_het_teleport_mw_rb_yb_rb_er Starting Mw-to-Er teleportation trial 1162 at 69660000019999500.
69,720,000,019,999,500 WARNING main_het_teleport_mw_rb_yb_rb_er Mw-to-Er teleportation trial 1162 succeeded (completed=True, direct match=True, latency=2.92332635 seconds).
69,720,000,019,999,500 WARNING main_het_teleport_mw_rb_yb_rb_er Starting Mw-to-Er teleportation trial 1163 at 69720000019999500.
69,780,000,019,999,500 WARNING main_het_teleport_mw_rb_yb_rb_er Mw-to-Er teleportation trial 1163 failed (completed=True, direct match=False, latency=6.33656275 seconds).
69,780,000,019,999,500 WARNING main_het_teleport_mw_rb_yb_rb_er Starting Mw-to-Er teleportation trial 1164 at 69780000019999500.
69,840,000,019,999,500 WARNING main_het_teleport_mw_rb_yb_rb_er Mw-to-Er teleportation trial 1164 succeeded (completed=True, direct match=True, latency=2.8178419375 seconds).
69,840,000,019,999,500 WARNING main_het_teleport_mw_rb_yb_rb_er Starting Mw-to-Er teleportation trial 1165 at 69840000019999500.
69,900,000,019,999,500 WARNING main_het_teleport_mw_rb_yb_rb_er Mw-to-Er teleportation trial 1165 failed (completed=True, direct match=False, latency=2.1524753125 seconds).
69,900,000,019,999,500 WARNING main_het_teleport_mw_rb_yb_rb_er Starting Mw-to-Er teleportation trial 1166 at 69900000019999500.
69,960,000,019,999,500 WARNING main_het_teleport_mw_rb_yb_rb_er Mw-to-Er teleportation trial 1166 succeeded (completed=True, direct match=True, latency=9.116594 seconds).
69,960,000,019,999,500 WARNING main_het_teleport_mw_rb_yb_rb_er Starting Mw-to-Er teleportation trial 1167 at 69960000019999500.
70,020,000,019,999,500 WARNING main_het_teleport_mw_rb_yb_rb_er Mw-to-Er teleportation trial 1167 succeeded (completed=True, direct match=True, latency=6.3225221875 seconds).
70,020,000,019,999,500 WARNING main_het_teleport_mw_rb_yb_rb_er Starting Mw-to-Er teleportation trial 1168 at 70020000019999500.
70,080,000,019,999,500 WARNING main_het_teleport_mw_rb_yb_rb_er Mw-to-Er teleportation trial 1168 succeeded (completed=True, direct match=True, latency=3.53781075 seconds).
70,080,000,019,999,500 WARNING main_het_teleport_mw_rb_yb_rb_er Starting Mw-to-Er teleportation trial 1169 at 70080000019999500.
70,140,000,019,999,500 WARNING main_het_teleport_mw_rb_yb_rb_er Mw-to-Er teleportation trial 1169 failed (completed=True, direct match=False, latency=4.9231461875 seconds).
70,140,000,019,999,500 WARNING main_het_teleport_mw_rb_yb_rb_er Starting Mw-to-Er teleportation trial 1170 at 70140000019999500.
70,200,000,019,999,500 WARNING main_het_teleport_mw_rb_yb_rb_er Mw-to-Er teleportation trial 1170 failed (completed=True, direct match=False, latency=3.4988091875 seconds).
70,200,000,019,999,500 WARNING main_het_teleport_mw_rb_yb_rb_er Starting Mw-to-Er teleportation trial 1171 at 70200000019999500.
70,260,000,019,999,500 WARNING main_het_teleport_mw_rb_yb_rb_er Mw-to-Er teleportation trial 1171 failed (completed=True, direct match=False, latency=6.9691680625 seconds).
70,260,000,019,999,500 WARNING main_het_teleport_mw_rb_yb_rb_er Starting Mw-to-Er teleportation trial 1172 at 70260000019999500.
70,320,000,019,999,500 WARNING main_het_teleport_mw_rb_yb_rb_er Mw-to-Er teleportation trial 1172 succeeded (completed=True, direct match=True, latency=4.2265783125 seconds).
70,320,000,019,999,500 WARNING main_het_teleport_mw_rb_yb_rb_er Starting Mw-to-Er teleportation trial 1173 at 70320000019999500.
70,380,000,019,999,500 WARNING main_het_teleport_mw_rb_yb_rb_er Mw-to-Er teleportation trial 1173 succeeded (completed=True, direct match=True, latency=2.1150338125 seconds).
70,380,000,019,999,500 WARNING main_het_teleport_mw_rb_yb_rb_er Starting Mw-to-Er teleportation trial 1174 at 70380000019999500.
70,440,000,019,999,500 WARNING main_het_teleport_mw_rb_yb_rb_er Mw-to-Er teleportation trial 1174 failed (completed=True, direct match=False, latency=4.1797764375 seconds).
70,440,000,019,999,500 WARNING main_het_teleport_mw_rb_yb_rb_er Starting Mw-to-Er teleportation trial 1175 at 70440000019999500.
70,500,000,019,999,500 WARNING main_het_teleport_mw_rb_yb_rb_er Mw-to-Er teleportation trial 1175 succeeded (completed=True, direct match=True, latency=2.7866406875 seconds).
70,500,000,019,999,500 WARNING main_het_teleport_mw_rb_yb_rb_er Starting Mw-to-Er teleportation trial 1176 at 70500000019999500.
70,560,000,019,999,500 WARNING main_het_teleport_mw_rb_yb_rb_er Mw-to-Er teleportation trial 1176 succeeded (completed=True, direct match=True, latency=2.766359875 seconds).
70,560,000,019,999,500 WARNING main_het_teleport_mw_rb_yb_rb_er Starting Mw-to-Er teleportation trial 1177 at 70560000019999500.
70,620,000,019,999,500 WARNING main_het_teleport_mw_rb_yb_rb_er Mw-to-Er teleportation trial 1177 succeeded (completed=True, direct match=True, latency=3.497249125 seconds).
70,620,000,019,999,500 WARNING main_het_teleport_mw_rb_yb_rb_er Starting Mw-to-Er teleportation trial 1178 at 70620000019999500.
70,680,000,019,999,500 WARNING main_het_teleport_mw_rb_yb_rb_er Mw-to-Er teleportation trial 1178 succeeded (completed=True, direct match=True, latency=5.6259543125 seconds).
70,680,000,019,999,500 WARNING main_het_teleport_mw_rb_yb_rb_er Starting Mw-to-Er teleportation trial 1179 at 70680000019999500.
70,740,000,019,999,500 WARNING main_het_teleport_mw_rb_yb_rb_er Mw-to-Er teleportation trial 1179 succeeded (completed=True, direct match=True, latency=3.6551938375 seconds).
70,740,000,019,999,500 WARNING main_het_teleport_mw_rb_yb_rb_er Starting Mw-to-Er teleportation trial 1180 at 70740000019999500.
70,800,000,019,999,500 WARNING main_het_teleport_mw_rb_yb_rb_er Mw-to-Er teleportation trial 1180 succeeded (completed=True, direct match=True, latency=2.785080625 seconds).
70,800,000,019,999,500 WARNING main_het_teleport_mw_rb_yb_rb_er Starting Mw-to-Er teleportation trial 1181 at 70800000019999500.
70,860,000,019,999,500 WARNING main_het_teleport_mw_rb_yb_rb_er Mw-to-Er teleportation trial 1181 succeeded (completed=True, direct match=True, latency=6.97384825 seconds).
70,860,000,019,999,500 WARNING main_het_teleport_mw_rb_yb_rb_er Starting Mw-to-Er teleportation trial 1182 at 70860000019999500.
70,920,000,019,999,500 WARNING main_het_teleport_mw_rb_yb_rb_er Mw-to-Er teleportation trial 1182 succeeded (completed=True, direct match=True, latency=3.540930875 seconds).
70,920,000,019,999,500 WARNING main_het_teleport_mw_rb_yb_rb_er Starting Mw-to-Er teleportation trial 1183 at 70920000019999500.
70,980,000,019,999,500 WARNING main_het_teleport_mw_rb_yb_rb_er Mw-to-Er teleportation trial 1183 succeeded (completed=True, direct match=True, latency=3.4239261875 seconds).
70,980,000,019,999,500 WARNING main_het_teleport_mw_rb_yb_rb_er Starting Mw-to-Er teleportation trial 1184 at 70980000019999500.
71,040,000,019,999,500 WARNING main_het_teleport_mw_rb_yb_rb_er Mw-to-Er teleportation trial 1184 failed (completed=True, direct match=False, latency=2.9952864875 seconds).
71,040,000,019,999,500 WARNING main_het_teleport_mw_rb_yb_rb_er Starting Mw-to-Er teleportation trial 1185 at 71040000019999500.
71,100,000,019,999,500 WARNING main_het_teleport_mw_rb_yb_rb_er Mw-to-Er teleportation trial 1185 succeeded (completed=True, direct match=True, latency=7.7156579375 seconds).
71,100,000,019,999,500 WARNING main_het_teleport_mw_rb_yb_rb_er Starting Mw-to-Er teleportation trial 1186 at 71100000019999500.
71,160,000,019,999,500 WARNING main_het_teleport_mw_rb_yb_rb_er Mw-to-Er teleportation trial 1186 succeeded (completed=True, direct match=True, latency=1.460587625 seconds).
71,160,000,019,999,500 WARNING main_het_teleport_mw_rb_yb_rb_er Starting Mw-to-Er teleportation trial 1187 at 71160000019999500.
71,220,000,019,999,500 WARNING main_het_teleport_mw_rb_yb_rb_er Mw-to-Er teleportation trial 1187 failed (completed=True, direct match=False, latency=6.271040125 seconds).
71,220,000,019,999,500 WARNING main_het_teleport_mw_rb_yb_rb_er Starting Mw-to-Er teleportation trial 1188 at 71220000019999500.
71,280,000,019,999,500 WARNING main_het_teleport_mw_rb_yb_rb_er Mw-to-Er teleportation trial 1188 failed (completed=True, direct match=False, latency=4.927826375 seconds).
71,280,000,019,999,500 WARNING main_het_teleport_mw_rb_yb_rb_er Starting Mw-to-Er teleportation trial 1189 at 71280000019999500.
71,340,000,019,999,500 WARNING main_het_teleport_mw_rb_yb_rb_er Mw-to-Er teleportation trial 1189 failed (completed=True, direct match=False, latency=6.308481625 seconds).
71,340,000,019,999,500 WARNING main_het_teleport_mw_rb_yb_rb_er Starting Mw-to-Er teleportation trial 1190 at 71340000019999500.
71,400,000,019,999,500 WARNING main_het_teleport_mw_rb_yb_rb_er Mw-to-Er teleportation trial 1190 failed (completed=True, direct match=False, latency=7.008169625 seconds).
71,400,000,019,999,500 WARNING main_het_teleport_mw_rb_yb_rb_er Starting Mw-to-Er teleportation trial 1191 at 71400000019999500.
71,460,000,019,999,500 WARNING main_het_teleport_mw_rb_yb_rb_er Mw-to-Er teleportation trial 1191 succeeded (completed=True, direct match=True, latency=2.169636 seconds).
71,460,000,019,999,500 WARNING main_het_teleport_mw_rb_yb_rb_er Starting Mw-to-Er teleportation trial 1192 at 71460000019999500.
71,520,000,019,999,500 WARNING main_het_teleport_mw_rb_yb_rb_er Mw-to-Er teleportation trial 1192 succeeded (completed=True, direct match=True, latency=2.1493551875 seconds).
71,520,000,019,999,500 WARNING main_het_teleport_mw_rb_yb_rb_er Starting Mw-to-Er teleportation trial 1193 at 71520000019999500.
71,580,000,019,999,500 WARNING main_het_teleport_mw_rb_yb_rb_er Mw-to-Er teleportation trial 1193 succeeded (completed=True, direct match=True, latency=8.3966251875 seconds).
71,580,000,019,999,500 WARNING main_het_teleport_mw_rb_yb_rb_er Starting Mw-to-Er teleportation trial 1194 at 71580000019999500.
71,640,000,019,999,500 WARNING main_het_teleport_mw_rb_yb_rb_er Mw-to-Er teleportation trial 1194 succeeded (completed=True, direct match=True, latency=1.5238965375 seconds).
71,640,000,019,999,500 WARNING main_het_teleport_mw_rb_yb_rb_er Starting Mw-to-Er teleportation trial 1195 at 71640000019999500.
71,700,000,019,999,500 WARNING main_het_teleport_mw_rb_yb_rb_er Mw-to-Er teleportation trial 1195 succeeded (completed=True, direct match=True, latency=1.9902288125 seconds).
71,700,000,019,999,500 WARNING main_het_teleport_mw_rb_yb_rb_er Starting Mw-to-Er teleportation trial 1196 at 71700000019999500.
71,760,000,019,999,500 WARNING main_het_teleport_mw_rb_yb_rb_er Mw-to-Er teleportation trial 1196 succeeded (completed=True, direct match=True, latency=2.839106675 seconds).
71,760,000,019,999,500 WARNING main_het_teleport_mw_rb_yb_rb_er Starting Mw-to-Er teleportation trial 1197 at 71760000019999500.
71,820,000,019,999,500 WARNING main_het_teleport_mw_rb_yb_rb_er Mw-to-Er teleportation trial 1197 succeeded (completed=True, direct match=True, latency=2.091632875 seconds).
71,820,000,019,999,500 WARNING main_het_teleport_mw_rb_yb_rb_er Starting Mw-to-Er teleportation trial 1198 at 71820000019999500.
71,880,000,019,999,500 WARNING main_het_teleport_mw_rb_yb_rb_er Mw-to-Er teleportation trial 1198 succeeded (completed=True, direct match=True, latency=9.1087936875 seconds).
71,880,000,019,999,500 WARNING main_het_teleport_mw_rb_yb_rb_er Starting Mw-to-Er teleportation trial 1199 at 71880000019999500.
71,940,000,019,999,500 WARNING main_het_teleport_mw_rb_yb_rb_er Mw-to-Er teleportation trial 1199 succeeded (completed=True, direct match=True, latency=9.113473875 seconds).
71,940,000,019,999,500 WARNING main_het_teleport_mw_rb_yb_rb_er Starting Mw-to-Er teleportation trial 1200 at 71940000019999500.
72,000,000,019,999,500 WARNING main_het_teleport_mw_rb_yb_rb_er Mw-to-Er teleportation trial 1200 succeeded (completed=True, direct match=True, latency=18.190697125 seconds).
72,000,000,019,999,500 WARNING main_het_teleport_mw_rb_yb_rb_er Starting Mw-to-Er teleportation trial 1201 at 72000000019999500.
72,060,000,019,999,500 WARNING main_het_teleport_mw_rb_yb_rb_er Mw-to-Er teleportation trial 1201 succeeded (completed=True, direct match=True, latency=10.42236625 seconds).
72,060,000,019,999,500 WARNING main_het_teleport_mw_rb_yb_rb_er Starting Mw-to-Er teleportation trial 1202 at 72060000019999500.
72,120,000,019,999,500 WARNING main_het_teleport_mw_rb_yb_rb_er Mw-to-Er teleportation trial 1202 succeeded (completed=True, direct match=True, latency=2.8022413125 seconds).
72,120,000,019,999,500 WARNING main_het_teleport_mw_rb_yb_rb_er Starting Mw-to-Er teleportation trial 1203 at 72120000019999500.
72,180,000,019,999,500 WARNING main_het_teleport_mw_rb_yb_rb_er Mw-to-Er teleportation trial 1203 succeeded (completed=True, direct match=True, latency=2.1061216875 seconds).
72,180,000,019,999,500 WARNING main_het_teleport_mw_rb_yb_rb_er Starting Mw-to-Er teleportation trial 1204 at 72180000019999500.
72,240,000,019,999,500 WARNING main_het_teleport_mw_rb_yb_rb_er Mw-to-Er teleportation trial 1204 succeeded (completed=True, direct match=True, latency=16.76324 seconds).
72,240,000,019,999,500 WARNING main_het_teleport_mw_rb_yb_rb_er Starting Mw-to-Er teleportation trial 1205 at 72240000019999500.
72,300,000,019,999,500 WARNING main_het_teleport_mw_rb_yb_rb_er Mw-to-Er teleportation trial 1205 succeeded (completed=True, direct match=True, latency=1.42626625 seconds).
72,300,000,019,999,500 WARNING main_het_teleport_mw_rb_yb_rb_er Starting Mw-to-Er teleportation trial 1206 at 72300000019999500.
72,360,000,019,999,500 WARNING main_het_teleport_mw_rb_yb_rb_er Mw-to-Er teleportation trial 1206 failed (completed=True, direct match=False, latency=12.618154125 seconds).
72,360,000,019,999,500 WARNING main_het_teleport_mw_rb_yb_rb_er Starting Mw-to-Er teleportation trial 1207 at 72360000019999500.
72,420,000,019,999,500 WARNING main_het_teleport_mw_rb_yb_rb_er Mw-to-Er teleportation trial 1207 failed (completed=True, direct match=False, latency=7.014409875 seconds).
72,420,000,019,999,500 WARNING main_het_teleport_mw_rb_yb_rb_er Starting Mw-to-Er teleportation trial 1208 at 72420000019999500.
72,480,000,019,999,500 WARNING main_het_teleport_mw_rb_yb_rb_er Mw-to-Er teleportation trial 1208 succeeded (completed=True, direct match=True, latency=4.9293864375 seconds).
72,480,000,019,999,500 WARNING main_het_teleport_mw_rb_yb_rb_er Starting Mw-to-Er teleportation trial 1209 at 72480000019999500.
72,540,000,019,999,500 WARNING main_het_teleport_mw_rb_yb_rb_er Mw-to-Er teleportation trial 1209 succeeded (completed=True, direct match=True, latency=3.5300104375 seconds).
72,540,000,019,999,500 WARNING main_het_teleport_mw_rb_yb_rb_er Starting Mw-to-Er teleportation trial 1210 at 72540000019999500.
72,600,000,019,999,500 WARNING main_het_teleport_mw_rb_yb_rb_er Mw-to-Er teleportation trial 1210 succeeded (completed=True, direct match=True, latency=7.7530994375 seconds).
72,600,000,019,999,500 WARNING main_het_teleport_mw_rb_yb_rb_er Starting Mw-to-Er teleportation trial 1211 at 72600000019999500.
72,660,000,019,999,500 WARNING main_het_teleport_mw_rb_yb_rb_er Mw-to-Er teleportation trial 1211 succeeded (completed=True, direct match=True, latency=0.7343785625 seconds).
72,660,000,019,999,500 WARNING main_het_teleport_mw_rb_yb_rb_er Starting Mw-to-Er teleportation trial 1212 at 72660000019999500.
72,720,000,019,999,500 WARNING main_het_teleport_mw_rb_yb_rb_er Mw-to-Er teleportation trial 1212 succeeded (completed=True, direct match=True, latency=4.134534625 seconds).
72,720,000,019,999,500 WARNING main_het_teleport_mw_rb_yb_rb_er Starting Mw-to-Er teleportation trial 1213 at 72720000019999500.
72,780,000,019,999,500 WARNING main_het_teleport_mw_rb_yb_rb_er Mw-to-Er teleportation trial 1213 succeeded (completed=True, direct match=True, latency=2.766359875 seconds).
72,780,000,019,999,500 WARNING main_het_teleport_mw_rb_yb_rb_er Starting Mw-to-Er teleportation trial 1214 at 72780000019999500.
72,840,000,019,999,500 WARNING main_het_teleport_mw_rb_yb_rb_er Mw-to-Er teleportation trial 1214 succeeded (completed=True, direct match=True, latency=1.42626625 seconds).
72,840,000,019,999,500 WARNING main_het_teleport_mw_rb_yb_rb_er Starting Mw-to-Er teleportation trial 1215 at 72840000019999500.
72,900,000,019,999,500 WARNING main_het_teleport_mw_rb_yb_rb_er Mw-to-Er teleportation trial 1215 failed (completed=True, direct match=False, latency=5.6197140625 seconds).
72,900,000,019,999,500 WARNING main_het_teleport_mw_rb_yb_rb_er Starting Mw-to-Er teleportation trial 1216 at 72900000019999500.
72,960,000,019,999,500 WARNING main_het_teleport_mw_rb_yb_rb_er Mw-to-Er teleportation trial 1216 succeeded (completed=True, direct match=True, latency=5.6134738125 seconds).
72,960,000,019,999,500 WARNING main_het_teleport_mw_rb_yb_rb_er Starting Mw-to-Er teleportation trial 1217 at 72960000019999500.
73,020,000,019,999,500 WARNING main_het_teleport_mw_rb_yb_rb_er Mw-to-Er teleportation trial 1217 succeeded (completed=True, direct match=True, latency=7.0253303125 seconds).
73,020,000,019,999,500 WARNING main_het_teleport_mw_rb_yb_rb_er Starting Mw-to-Er teleportation trial 1218 at 73020000019999500.
73,080,000,019,999,500 WARNING main_het_teleport_mw_rb_yb_rb_er Mw-to-Er teleportation trial 1218 succeeded (completed=True, direct match=True, latency=2.1025533125 seconds).
73,080,000,019,999,500 WARNING main_het_teleport_mw_rb_yb_rb_er Starting Mw-to-Er teleportation trial 1219 at 73080000019999500.
73,140,000,019,999,500 WARNING main_het_teleport_mw_rb_yb_rb_er Mw-to-Er teleportation trial 1219 succeeded (completed=True, direct match=True, latency=1.416905875 seconds).
73,140,000,019,999,500 WARNING main_het_teleport_mw_rb_yb_rb_er Starting Mw-to-Er teleportation trial 1220 at 73140000019999500.
73,200,000,019,999,500 WARNING main_het_teleport_mw_rb_yb_rb_er Mw-to-Er teleportation trial 1220 succeeded (completed=True, direct match=True, latency=0.7156578125 seconds).
73,200,000,019,999,500 WARNING main_het_teleport_mw_rb_yb_rb_er Starting Mw-to-Er teleportation trial 1221 at 73200000019999500.
73,260,000,019,999,500 WARNING main_het_teleport_mw_rb_yb_rb_er Mw-to-Er teleportation trial 1221 succeeded (completed=True, direct match=True, latency=2.1087935625 seconds).
73,260,000,019,999,500 WARNING main_het_teleport_mw_rb_yb_rb_er Starting Mw-to-Er teleportation trial 1222 at 73260000019999500.
73,320,000,019,999,500 WARNING main_het_teleport_mw_rb_yb_rb_er Mw-to-Er teleportation trial 1222 succeeded (completed=True, direct match=True, latency=5.6977171875 seconds).
73,320,000,019,999,500 WARNING main_het_teleport_mw_rb_yb_rb_er Starting Mw-to-Er teleportation trial 1223 at 73320000019999500.
73,380,000,019,999,500 WARNING main_het_teleport_mw_rb_yb_rb_er Mw-to-Er teleportation trial 1223 succeeded (completed=True, direct match=True, latency=4.890384875 seconds).
73,380,000,019,999,500 WARNING main_het_teleport_mw_rb_yb_rb_er Starting Mw-to-Er teleportation trial 1224 at 73380000019999500.
73,440,000,019,999,500 WARNING main_het_teleport_mw_rb_yb_rb_er Mw-to-Er teleportation trial 1224 succeeded (completed=True, direct match=True, latency=11.1267344375 seconds).
73,440,000,019,999,500 WARNING main_het_teleport_mw_rb_yb_rb_er Starting Mw-to-Er teleportation trial 1225 at 73440000019999500.
73,500,000,019,999,500 WARNING main_het_teleport_mw_rb_yb_rb_er Mw-to-Er teleportation trial 1225 failed (completed=True, direct match=False, latency=4.2359386875 seconds).
73,500,000,019,999,500 WARNING main_het_teleport_mw_rb_yb_rb_er Starting Mw-to-Er teleportation trial 1226 at 73500000019999500.
73,560,000,019,999,500 WARNING main_het_teleport_mw_rb_yb_rb_er Mw-to-Er teleportation trial 1226 succeeded (completed=True, direct match=True, latency=2.1912307625 seconds).
73,560,000,019,999,500 WARNING main_het_teleport_mw_rb_yb_rb_er Starting Mw-to-Er teleportation trial 1227 at 73560000019999500.
73,620,000,019,999,500 WARNING main_het_teleport_mw_rb_yb_rb_er Mw-to-Er teleportation trial 1227 succeeded (completed=True, direct match=True, latency=2.0682319375 seconds).
73,620,000,019,999,500 WARNING main_het_teleport_mw_rb_yb_rb_er Starting Mw-to-Er teleportation trial 1228 at 73620000019999500.
73,680,000,019,999,500 WARNING main_het_teleport_mw_rb_yb_rb_er Mw-to-Er teleportation trial 1228 succeeded (completed=True, direct match=True, latency=2.1774363125 seconds).
73,680,000,019,999,500 WARNING main_het_teleport_mw_rb_yb_rb_er Starting Mw-to-Er teleportation trial 1229 at 73680000019999500.
73,740,000,019,999,500 WARNING main_het_teleport_mw_rb_yb_rb_er Mw-to-Er teleportation trial 1229 succeeded (completed=True, direct match=True, latency=11.1704161875 seconds).
73,740,000,019,999,500 WARNING main_het_teleport_mw_rb_yb_rb_er Starting Mw-to-Er teleportation trial 1230 at 73740000019999500.
73,800,000,019,999,500 WARNING main_het_teleport_mw_rb_yb_rb_er Mw-to-Er teleportation trial 1230 succeeded (completed=True, direct match=True, latency=3.53781075 seconds).
73,800,000,019,999,500 WARNING main_het_teleport_mw_rb_yb_rb_er Starting Mw-to-Er teleportation trial 1231 at 73800000019999500.
73,860,000,019,999,500 WARNING main_het_teleport_mw_rb_yb_rb_er Mw-to-Er teleportation trial 1231 failed (completed=True, direct match=False, latency=5.6602756875 seconds).
73,860,000,019,999,500 WARNING main_het_teleport_mw_rb_yb_rb_er Starting Mw-to-Er teleportation trial 1232 at 73860000019999500.
73,920,000,019,999,500 WARNING main_het_teleport_mw_rb_yb_rb_er Mw-to-Er teleportation trial 1232 succeeded (completed=True, direct match=True, latency=4.9106656875 seconds).
73,920,000,019,999,500 WARNING main_het_teleport_mw_rb_yb_rb_er Starting Mw-to-Er teleportation trial 1233 at 73920000019999500.
73,980,000,019,999,500 WARNING main_het_teleport_mw_rb_yb_rb_er Mw-to-Er teleportation trial 1233 succeeded (completed=True, direct match=True, latency=5.6353146875 seconds).
73,980,000,019,999,500 WARNING main_het_teleport_mw_rb_yb_rb_er Starting Mw-to-Er teleportation trial 1234 at 73980000019999500.
74,040,000,019,999,500 WARNING main_het_teleport_mw_rb_yb_rb_er Mw-to-Er teleportation trial 1234 succeeded (completed=True, direct match=True, latency=4.9013053125 seconds).
74,040,000,019,999,500 WARNING main_het_teleport_mw_rb_yb_rb_er Starting Mw-to-Er teleportation trial 1235 at 74040000019999500.
74,100,000,019,999,500 WARNING main_het_teleport_mw_rb_yb_rb_er Mw-to-Er teleportation trial 1235 succeeded (completed=True, direct match=True, latency=0.7911351 seconds).
74,100,000,019,999,500 WARNING main_het_teleport_mw_rb_yb_rb_er Starting Mw-to-Er teleportation trial 1236 at 74100000019999500.
74,160,000,019,999,500 WARNING main_het_teleport_mw_rb_yb_rb_er Mw-to-Er teleportation trial 1236 succeeded (completed=True, direct match=True, latency=2.8178419375 seconds).
74,160,000,019,999,500 WARNING main_het_teleport_mw_rb_yb_rb_er Starting Mw-to-Er teleportation trial 1237 at 74160000019999500.
74,220,000,019,999,500 WARNING main_het_teleport_mw_rb_yb_rb_er Mw-to-Er teleportation trial 1237 failed (completed=True, direct match=False, latency=9.0869528125 seconds).
74,220,000,019,999,500 WARNING main_het_teleport_mw_rb_yb_rb_er Starting Mw-to-Er teleportation trial 1238 at 74220000019999500.
74,280,000,019,999,500 WARNING main_het_teleport_mw_rb_yb_rb_er Mw-to-Er teleportation trial 1238 succeeded (completed=True, direct match=True, latency=4.956874075 seconds).
74,280,000,019,999,500 WARNING main_het_teleport_mw_rb_yb_rb_er Starting Mw-to-Er teleportation trial 1239 at 74280000019999500.
74,340,000,019,999,500 WARNING main_het_teleport_mw_rb_yb_rb_er Mw-to-Er teleportation trial 1239 succeeded (completed=True, direct match=True, latency=2.8365626875 seconds).
74,340,000,019,999,500 WARNING main_het_teleport_mw_rb_yb_rb_er Starting Mw-to-Er teleportation trial 1240 at 74340000019999500.
74,400,000,019,999,500 WARNING main_het_teleport_mw_rb_yb_rb_er Mw-to-Er teleportation trial 1240 succeeded (completed=True, direct match=True, latency=18.259339875 seconds).
74,400,000,019,999,500 WARNING main_het_teleport_mw_rb_yb_rb_er Starting Mw-to-Er teleportation trial 1241 at 74400000019999500.
74,460,000,019,999,500 WARNING main_het_teleport_mw_rb_yb_rb_er Mw-to-Er teleportation trial 1241 succeeded (completed=True, direct match=True, latency=1.42626625 seconds).
74,460,000,019,999,500 WARNING main_het_teleport_mw_rb_yb_rb_er Starting Mw-to-Er teleportation trial 1242 at 74460000019999500.
74,520,000,019,999,500 WARNING main_het_teleport_mw_rb_yb_rb_er Mw-to-Er teleportation trial 1242 succeeded (completed=True, direct match=True, latency=2.1431149375 seconds).
74,520,000,019,999,500 WARNING main_het_teleport_mw_rb_yb_rb_er Starting Mw-to-Er teleportation trial 1243 at 74520000019999500.
74,580,000,019,999,500 WARNING main_het_teleport_mw_rb_yb_rb_er Mw-to-Er teleportation trial 1243 failed (completed=True, direct match=False, latency=1.5359503875 seconds).
74,580,000,019,999,500 WARNING main_het_teleport_mw_rb_yb_rb_er Starting Mw-to-Er teleportation trial 1244 at 74580000019999500.
74,640,000,019,999,500 WARNING main_het_teleport_mw_rb_yb_rb_er Mw-to-Er teleportation trial 1244 succeeded (completed=True, direct match=True, latency=6.2694800625 seconds).
74,640,000,019,999,500 WARNING main_het_teleport_mw_rb_yb_rb_er Starting Mw-to-Er teleportation trial 1245 at 74640000019999500.
74,700,000,019,999,500 WARNING main_het_teleport_mw_rb_yb_rb_er Mw-to-Er teleportation trial 1245 succeeded (completed=True, direct match=True, latency=4.9325065625 seconds).
74,700,000,019,999,500 WARNING main_het_teleport_mw_rb_yb_rb_er Starting Mw-to-Er teleportation trial 1246 at 74700000019999500.
74,760,000,019,999,500 WARNING main_het_teleport_mw_rb_yb_rb_er Mw-to-Er teleportation trial 1246 succeeded (completed=True, direct match=True, latency=7.0190900625 seconds).
74,760,000,019,999,500 WARNING main_het_teleport_mw_rb_yb_rb_er Starting Mw-to-Er teleportation trial 1247 at 74760000019999500.
74,820,000,019,999,500 WARNING main_het_teleport_mw_rb_yb_rb_er Mw-to-Er teleportation trial 1247 succeeded (completed=True, direct match=True, latency=4.2016173125 seconds).
74,820,000,019,999,500 WARNING main_het_teleport_mw_rb_yb_rb_er Starting Mw-to-Er teleportation trial 1248 at 74820000019999500.
74,880,000,019,999,500 WARNING main_het_teleport_mw_rb_yb_rb_er Mw-to-Er teleportation trial 1248 succeeded (completed=True, direct match=True, latency=11.9169060625 seconds).
74,880,000,019,999,500 WARNING main_het_teleport_mw_rb_yb_rb_er Starting Mw-to-Er teleportation trial 1249 at 74880000019999500.
74,940,000,019,999,500 WARNING main_het_teleport_mw_rb_yb_rb_er Mw-to-Er teleportation trial 1249 succeeded (completed=True, direct match=True, latency=3.5081695625 seconds).
74,940,000,019,999,500 WARNING main_het_teleport_mw_rb_yb_rb_er Starting Mw-to-Er teleportation trial 1250 at 74940000019999500.
75,000,000,019,999,500 WARNING main_het_teleport_mw_rb_yb_rb_er Mw-to-Er teleportation trial 1250 failed (completed=True, direct match=False, latency=3.522210125 seconds).
75,000,000,019,999,500 WARNING main_het_teleport_mw_rb_yb_rb_er Starting Mw-to-Er teleportation trial 1251 at 75000000019999500.
75,060,000,019,999,500 WARNING main_het_teleport_mw_rb_yb_rb_er Mw-to-Er teleportation trial 1251 failed (completed=True, direct match=False, latency=2.819402 seconds).
75,060,000,019,999,500 WARNING main_het_teleport_mw_rb_yb_rb_er Starting Mw-to-Er teleportation trial 1252 at 75060000019999500.
75,120,000,019,999,500 WARNING main_het_teleport_mw_rb_yb_rb_er Mw-to-Er teleportation trial 1252 failed (completed=True, direct match=False, latency=9.8334426875 seconds).
75,120,000,019,999,500 WARNING main_het_teleport_mw_rb_yb_rb_er Starting Mw-to-Er teleportation trial 1253 at 75120000019999500.
75,180,000,019,999,500 WARNING main_het_teleport_mw_rb_yb_rb_er Mw-to-Er teleportation trial 1253 succeeded (completed=True, direct match=True, latency=4.9044254375 seconds).
75,180,000,019,999,500 WARNING main_het_teleport_mw_rb_yb_rb_er Starting Mw-to-Er teleportation trial 1254 at 75180000019999500.
75,240,000,019,999,500 WARNING main_het_teleport_mw_rb_yb_rb_er Mw-to-Er teleportation trial 1254 succeeded (completed=True, direct match=True, latency=2.104113375 seconds).
75,240,000,019,999,500 WARNING main_het_teleport_mw_rb_yb_rb_er Starting Mw-to-Er teleportation trial 1255 at 75240000019999500.
75,300,000,019,999,500 WARNING main_het_teleport_mw_rb_yb_rb_er Mw-to-Er teleportation trial 1255 failed (completed=True, direct match=False, latency=9.84748325 seconds).
75,300,000,019,999,500 WARNING main_het_teleport_mw_rb_yb_rb_er Starting Mw-to-Er teleportation trial 1256 at 75300000019999500.
75,360,000,019,999,500 WARNING main_het_teleport_mw_rb_yb_rb_er Mw-to-Er teleportation trial 1256 succeeded (completed=True, direct match=True, latency=9.1493553125 seconds).
75,360,000,019,999,500 WARNING main_het_teleport_mw_rb_yb_rb_er Starting Mw-to-Er teleportation trial 1257 at 75360000019999500.
75,420,000,019,999,500 WARNING main_het_teleport_mw_rb_yb_rb_er Mw-to-Er teleportation trial 1257 succeeded (completed=True, direct match=True, latency=5.114629825 seconds).
75,420,000,019,999,500 WARNING main_het_teleport_mw_rb_yb_rb_er Starting Mw-to-Er teleportation trial 1258 at 75420000019999500.
75,480,000,019,999,500 WARNING main_het_teleport_mw_rb_yb_rb_er Mw-to-Er teleportation trial 1258 succeeded (completed=True, direct match=True, latency=11.1610558125 seconds).
75,480,000,019,999,500 WARNING main_het_teleport_mw_rb_yb_rb_er Starting Mw-to-Er teleportation trial 1259 at 75480000019999500.
75,540,000,019,999,500 WARNING main_het_teleport_mw_rb_yb_rb_er Mw-to-Er teleportation trial 1259 succeeded (completed=True, direct match=True, latency=1.4278263125 seconds).
75,540,000,019,999,500 WARNING main_het_teleport_mw_rb_yb_rb_er Starting Mw-to-Er teleportation trial 1260 at 75540000019999500.
75,600,000,019,999,500 WARNING main_het_teleport_mw_rb_yb_rb_er Mw-to-Er teleportation trial 1260 succeeded (completed=True, direct match=True, latency=6.3069215625 seconds).
75,600,000,019,999,500 WARNING main_het_teleport_mw_rb_yb_rb_er Starting Mw-to-Er teleportation trial 1261 at 75600000019999500.
75,660,000,019,999,500 WARNING main_het_teleport_mw_rb_yb_rb_er Mw-to-Er teleportation trial 1261 succeeded (completed=True, direct match=True, latency=5.6290744375 seconds).
75,660,000,019,999,500 WARNING main_het_teleport_mw_rb_yb_rb_er Starting Mw-to-Er teleportation trial 1262 at 75660000019999500.
75,720,000,019,999,500 WARNING main_het_teleport_mw_rb_yb_rb_er Mw-to-Er teleportation trial 1262 succeeded (completed=True, direct match=True, latency=2.1087935625 seconds).
75,720,000,019,999,500 WARNING main_het_teleport_mw_rb_yb_rb_er Starting Mw-to-Er teleportation trial 1263 at 75720000019999500.
75,780,000,019,999,500 WARNING main_het_teleport_mw_rb_yb_rb_er Mw-to-Er teleportation trial 1263 succeeded (completed=True, direct match=True, latency=4.9075455625 seconds).
75,780,000,019,999,500 WARNING main_het_teleport_mw_rb_yb_rb_er Starting Mw-to-Er teleportation trial 1264 at 75780000019999500.
75,840,000,019,999,500 WARNING main_het_teleport_mw_rb_yb_rb_er Mw-to-Er teleportation trial 1264 succeeded (completed=True, direct match=True, latency=5.6509153125 seconds).
75,840,000,019,999,500 WARNING main_het_teleport_mw_rb_yb_rb_er Starting Mw-to-Er teleportation trial 1265 at 75840000019999500.
75,900,000,019,999,500 WARNING main_het_teleport_mw_rb_yb_rb_er Mw-to-Er teleportation trial 1265 succeeded (completed=True, direct match=True, latency=0.118687175 seconds).
75,900,000,019,999,500 WARNING main_het_teleport_mw_rb_yb_rb_er Starting Mw-to-Er teleportation trial 1266 at 75900000019999500.
75,960,000,019,999,500 WARNING main_het_teleport_mw_rb_yb_rb_er Mw-to-Er teleportation trial 1266 failed (completed=True, direct match=False, latency=5.5697920625 seconds).
75,960,000,019,999,500 WARNING main_het_teleport_mw_rb_yb_rb_er Starting Mw-to-Er teleportation trial 1267 at 75960000019999500.
76,020,000,019,999,500 WARNING main_het_teleport_mw_rb_yb_rb_er Mw-to-Er teleportation trial 1267 succeeded (completed=True, direct match=True, latency=4.918466 seconds).
76,020,000,019,999,500 WARNING main_het_teleport_mw_rb_yb_rb_er Starting Mw-to-Er teleportation trial 1268 at 76020000019999500.
76,080,000,019,999,500 WARNING main_het_teleport_mw_rb_yb_rb_er Mw-to-Er teleportation trial 1268 succeeded (completed=True, direct match=True, latency=0.72657825 seconds).
76,080,000,019,999,500 WARNING main_het_teleport_mw_rb_yb_rb_er Starting Mw-to-Er teleportation trial 1269 at 76080000019999500.
76,140,000,019,999,500 WARNING main_het_teleport_mw_rb_yb_rb_er Mw-to-Er teleportation trial 1269 succeeded (completed=True, direct match=True, latency=9.094753125 seconds).
76,140,000,019,999,500 WARNING main_het_teleport_mw_rb_yb_rb_er Starting Mw-to-Er teleportation trial 1270 at 76140000019999500.
76,200,000,019,999,500 WARNING main_het_teleport_mw_rb_yb_rb_er Mw-to-Er teleportation trial 1270 succeeded (completed=True, direct match=True, latency=4.1610556875 seconds).
76,200,000,019,999,500 WARNING main_het_teleport_mw_rb_yb_rb_er Starting Mw-to-Er teleportation trial 1271 at 76200000019999500.
76,260,000,019,999,500 WARNING main_het_teleport_mw_rb_yb_rb_er Mw-to-Er teleportation trial 1271 failed (completed=True, direct match=False, latency=4.2265783125 seconds).
76,260,000,019,999,500 WARNING main_het_teleport_mw_rb_yb_rb_er Starting Mw-to-Er teleportation trial 1272 at 76260000019999500.
76,320,000,019,999,500 WARNING main_het_teleport_mw_rb_yb_rb_er Mw-to-Er teleportation trial 1272 succeeded (completed=True, direct match=True, latency=0.7406188125 seconds).
76,320,000,019,999,500 WARNING main_het_teleport_mw_rb_yb_rb_er Starting Mw-to-Er teleportation trial 1273 at 76320000019999500.
76,380,000,019,999,500 WARNING main_het_teleport_mw_rb_yb_rb_er Mw-to-Er teleportation trial 1273 succeeded (completed=True, direct match=True, latency=4.8981851875 seconds).
76,380,000,019,999,500 WARNING main_het_teleport_mw_rb_yb_rb_er Starting Mw-to-Er teleportation trial 1274 at 76380000019999500.
76,440,000,019,999,500 WARNING main_het_teleport_mw_rb_yb_rb_er Mw-to-Er teleportation trial 1274 failed (completed=True, direct match=False, latency=0.7746814625 seconds).
76,440,000,019,999,500 WARNING main_het_teleport_mw_rb_yb_rb_er Starting Mw-to-Er teleportation trial 1275 at 76440000019999500.
76,500,000,019,999,500 WARNING main_het_teleport_mw_rb_yb_rb_er Mw-to-Er teleportation trial 1275 succeeded (completed=True, direct match=True, latency=4.171976125 seconds).
76,500,000,019,999,500 WARNING main_het_teleport_mw_rb_yb_rb_er Starting Mw-to-Er teleportation trial 1276 at 76500000019999500.
76,560,000,019,999,500 WARNING main_het_teleport_mw_rb_yb_rb_er Mw-to-Er teleportation trial 1276 succeeded (completed=True, direct match=True, latency=2.12595425 seconds).
76,560,000,019,999,500 WARNING main_het_teleport_mw_rb_yb_rb_er Starting Mw-to-Er teleportation trial 1277 at 76560000019999500.
76,620,000,019,999,500 WARNING main_het_teleport_mw_rb_yb_rb_er Mw-to-Er teleportation trial 1277 succeeded (completed=True, direct match=True, latency=3.578372375 seconds).
76,620,000,019,999,500 WARNING main_het_teleport_mw_rb_yb_rb_er Starting Mw-to-Er teleportation trial 1278 at 76620000019999500.
76,680,000,019,999,500 WARNING main_het_teleport_mw_rb_yb_rb_er Mw-to-Er teleportation trial 1278 succeeded (completed=True, direct match=True, latency=2.8116016875 seconds).
76,680,000,019,999,500 WARNING main_het_teleport_mw_rb_yb_rb_er Starting Mw-to-Er teleportation trial 1279 at 76680000019999500.
76,740,000,019,999,500 WARNING main_het_teleport_mw_rb_yb_rb_er Mw-to-Er teleportation trial 1279 failed (completed=True, direct match=False, latency=7.7811805625 seconds).
76,740,000,019,999,500 WARNING main_het_teleport_mw_rb_yb_rb_er Starting Mw-to-Er teleportation trial 1280 at 76740000019999500.
76,800,000,019,999,500 WARNING main_het_teleport_mw_rb_yb_rb_er Mw-to-Er teleportation trial 1280 succeeded (completed=True, direct match=True, latency=3.47540825 seconds).
76,800,000,019,999,500 WARNING main_het_teleport_mw_rb_yb_rb_er Starting Mw-to-Er teleportation trial 1281 at 76800000019999500.
76,860,000,019,999,500 WARNING main_het_teleport_mw_rb_yb_rb_er Mw-to-Er teleportation trial 1281 succeeded (completed=True, direct match=True, latency=2.1321945 seconds).
76,860,000,019,999,500 WARNING main_het_teleport_mw_rb_yb_rb_er Starting Mw-to-Er teleportation trial 1282 at 76860000019999500.
76,920,000,019,999,500 WARNING main_het_teleport_mw_rb_yb_rb_er Mw-to-Er teleportation trial 1282 succeeded (completed=True, direct match=True, latency=1.49390845 seconds).
76,920,000,019,999,500 WARNING main_het_teleport_mw_rb_yb_rb_er Starting Mw-to-Er teleportation trial 1283 at 76920000019999500.
76,980,000,019,999,500 WARNING main_het_teleport_mw_rb_yb_rb_er Mw-to-Er teleportation trial 1283 failed (completed=True, direct match=False, latency=6.28664075 seconds).
76,980,000,019,999,500 WARNING main_het_teleport_mw_rb_yb_rb_er Starting Mw-to-Er teleportation trial 1284 at 76980000019999500.
77,040,000,019,999,500 WARNING main_het_teleport_mw_rb_yb_rb_er Mw-to-Er teleportation trial 1284 succeeded (completed=True, direct match=True, latency=2.1119136875 seconds).
77,040,000,019,999,500 WARNING main_het_teleport_mw_rb_yb_rb_er Starting Mw-to-Er teleportation trial 1285 at 77040000019999500.
77,100,000,019,999,500 WARNING main_het_teleport_mw_rb_yb_rb_er Mw-to-Er teleportation trial 1285 failed (completed=True, direct match=False, latency=3.5112896875 seconds).
77,100,000,019,999,500 WARNING main_het_teleport_mw_rb_yb_rb_er Starting Mw-to-Er teleportation trial 1286 at 77100000019999500.
77,160,000,019,999,500 WARNING main_het_teleport_mw_rb_yb_rb_er Mw-to-Er teleportation trial 1286 succeeded (completed=True, direct match=True, latency=3.5144098125 seconds).
77,160,000,019,999,500 WARNING main_het_teleport_mw_rb_yb_rb_er Starting Mw-to-Er teleportation trial 1287 at 77160000019999500.
77,220,000,019,999,500 WARNING main_het_teleport_mw_rb_yb_rb_er Mw-to-Er teleportation trial 1287 succeeded (completed=True, direct match=True, latency=4.8888248125 seconds).
77,220,000,019,999,500 WARNING main_het_teleport_mw_rb_yb_rb_er Starting Mw-to-Er teleportation trial 1288 at 77220000019999500.
77,280,000,019,999,500 WARNING main_het_teleport_mw_rb_yb_rb_er Mw-to-Er teleportation trial 1288 succeeded (completed=True, direct match=True, latency=4.190696875 seconds).
77,280,000,019,999,500 WARNING main_het_teleport_mw_rb_yb_rb_er Starting Mw-to-Er teleportation trial 1289 at 77280000019999500.
77,340,000,019,999,500 WARNING main_het_teleport_mw_rb_yb_rb_er Mw-to-Er teleportation trial 1289 succeeded (completed=True, direct match=True, latency=9.816282 seconds).
77,340,000,019,999,500 WARNING main_het_teleport_mw_rb_yb_rb_er Starting Mw-to-Er teleportation trial 1290 at 77340000019999500.
77,400,000,019,999,500 WARNING main_het_teleport_mw_rb_yb_rb_er Mw-to-Er teleportation trial 1290 succeeded (completed=True, direct match=True, latency=5.6197140625 seconds).
77,400,000,019,999,500 WARNING main_het_teleport_mw_rb_yb_rb_er Starting Mw-to-Er teleportation trial 1291 at 77400000019999500.
77,460,000,019,999,500 WARNING main_het_teleport_mw_rb_yb_rb_er Mw-to-Er teleportation trial 1291 succeeded (completed=True, direct match=True, latency=3.50036925 seconds).
77,460,000,019,999,500 WARNING main_het_teleport_mw_rb_yb_rb_er Starting Mw-to-Er teleportation trial 1292 at 77460000019999500.
77,520,000,019,999,500 WARNING main_het_teleport_mw_rb_yb_rb_er Mw-to-Er teleportation trial 1292 succeeded (completed=True, direct match=True, latency=1.54446235 seconds).
77,520,000,019,999,500 WARNING main_het_teleport_mw_rb_yb_rb_er Starting Mw-to-Er teleportation trial 1293 at 77520000019999500.
77,580,000,019,999,500 WARNING main_het_teleport_mw_rb_yb_rb_er Mw-to-Er teleportation trial 1293 succeeded (completed=True, direct match=True, latency=5.62439425 seconds).
77,580,000,019,999,500 WARNING main_het_teleport_mw_rb_yb_rb_er Starting Mw-to-Er teleportation trial 1294 at 77580000019999500.
77,640,000,019,999,500 WARNING main_het_teleport_mw_rb_yb_rb_er Mw-to-Er teleportation trial 1294 succeeded (completed=True, direct match=True, latency=9.8365628125 seconds).
77,640,000,019,999,500 WARNING main_het_teleport_mw_rb_yb_rb_er Starting Mw-to-Er teleportation trial 1295 at 77640000019999500.
77,700,000,019,999,500 WARNING main_het_teleport_mw_rb_yb_rb_er Mw-to-Er teleportation trial 1295 failed (completed=True, direct match=False, latency=5.615033875 seconds).
77,700,000,019,999,500 WARNING main_het_teleport_mw_rb_yb_rb_er Starting Mw-to-Er teleportation trial 1296 at 77700000019999500.
77,760,000,019,999,500 WARNING main_het_teleport_mw_rb_yb_rb_er Mw-to-Er teleportation trial 1296 succeeded (completed=True, direct match=True, latency=2.822522125 seconds).
77,760,000,019,999,500 WARNING main_het_teleport_mw_rb_yb_rb_er Starting Mw-to-Er teleportation trial 1297 at 77760000019999500.
77,820,000,019,999,500 WARNING main_het_teleport_mw_rb_yb_rb_er Mw-to-Er teleportation trial 1297 succeeded (completed=True, direct match=True, latency=4.909105625 seconds).
77,820,000,019,999,500 WARNING main_het_teleport_mw_rb_yb_rb_er Starting Mw-to-Er teleportation trial 1298 at 77820000019999500.
77,880,000,019,999,500 WARNING main_het_teleport_mw_rb_yb_rb_er Mw-to-Er teleportation trial 1298 succeeded (completed=True, direct match=True, latency=2.1571555 seconds).
77,880,000,019,999,500 WARNING main_het_teleport_mw_rb_yb_rb_er Starting Mw-to-Er teleportation trial 1299 at 77880000019999500.
77,940,000,019,999,500 WARNING main_het_teleport_mw_rb_yb_rb_er Mw-to-Er teleportation trial 1299 succeeded (completed=True, direct match=True, latency=1.4465470625 seconds).
77,940,000,019,999,500 WARNING main_het_teleport_mw_rb_yb_rb_er Starting Mw-to-Er teleportation trial 1300 at 77940000019999500.
78,000,000,019,999,500 WARNING main_het_teleport_mw_rb_yb_rb_er Mw-to-Er teleportation trial 1300 succeeded (completed=True, direct match=True, latency=4.909105625 seconds).
78,000,000,019,999,500 WARNING main_het_teleport_mw_rb_yb_rb_er Starting Mw-to-Er teleportation trial 1301 at 78000000019999500.
78,060,000,019,999,500 WARNING main_het_teleport_mw_rb_yb_rb_er Mw-to-Er teleportation trial 1301 succeeded (completed=True, direct match=True, latency=3.51909 seconds).
78,060,000,019,999,500 WARNING main_het_teleport_mw_rb_yb_rb_er Starting Mw-to-Er teleportation trial 1302 at 78060000019999500.
78,120,000,019,999,500 WARNING main_het_teleport_mw_rb_yb_rb_er Mw-to-Er teleportation trial 1302 succeeded (completed=True, direct match=True, latency=4.877904375 seconds).
78,120,000,019,999,500 WARNING main_het_teleport_mw_rb_yb_rb_er Starting Mw-to-Er teleportation trial 1303 at 78120000019999500.
78,180,000,019,999,500 WARNING main_het_teleport_mw_rb_yb_rb_er Mw-to-Er teleportation trial 1303 failed (completed=True, direct match=False, latency=1.4403068125 seconds).
78,180,000,019,999,500 WARNING main_het_teleport_mw_rb_yb_rb_er Starting Mw-to-Er teleportation trial 1304 at 78180000019999500.
78,240,000,019,999,500 WARNING main_het_teleport_mw_rb_yb_rb_er Mw-to-Er teleportation trial 1304 failed (completed=True, direct match=False, latency=4.8950650625 seconds).
78,240,000,019,999,500 WARNING main_het_teleport_mw_rb_yb_rb_er Starting Mw-to-Er teleportation trial 1305 at 78240000019999500.
78,300,000,019,999,500 WARNING main_het_teleport_mw_rb_yb_rb_er Mw-to-Er teleportation trial 1305 succeeded (completed=True, direct match=True, latency=5.6446750625 seconds).
78,300,000,019,999,500 WARNING main_het_teleport_mw_rb_yb_rb_er Starting Mw-to-Er teleportation trial 1306 at 78300000019999500.
78,360,000,019,999,500 WARNING main_het_teleport_mw_rb_yb_rb_er Mw-to-Er teleportation trial 1306 failed (completed=True, direct match=False, latency=2.8022413125 seconds).
78,360,000,019,999,500 WARNING main_het_teleport_mw_rb_yb_rb_er Starting Mw-to-Er teleportation trial 1307 at 78360000019999500.
78,420,000,019,999,500 WARNING main_het_teleport_mw_rb_yb_rb_er Mw-to-Er teleportation trial 1307 succeeded (completed=True, direct match=True, latency=2.8334425625 seconds).
78,420,000,019,999,500 WARNING main_het_teleport_mw_rb_yb_rb_er Starting Mw-to-Er teleportation trial 1308 at 78420000019999500.
78,480,000,019,999,500 WARNING main_het_teleport_mw_rb_yb_rb_er Mw-to-Er teleportation trial 1308 succeeded (completed=True, direct match=True, latency=2.1181539375 seconds).
78,480,000,019,999,500 WARNING main_het_teleport_mw_rb_yb_rb_er Starting Mw-to-Er teleportation trial 1309 at 78480000019999500.
78,540,000,019,999,500 WARNING main_het_teleport_mw_rb_yb_rb_er Mw-to-Er teleportation trial 1309 succeeded (completed=True, direct match=True, latency=4.9325065625 seconds).
78,540,000,019,999,500 WARNING main_het_teleport_mw_rb_yb_rb_er Starting Mw-to-Er teleportation trial 1310 at 78540000019999500.
78,600,000,019,999,500 WARNING main_het_teleport_mw_rb_yb_rb_er Mw-to-Er teleportation trial 1310 succeeded (completed=True, direct match=True, latency=0.7643200125 seconds).
78,600,000,019,999,500 WARNING main_het_teleport_mw_rb_yb_rb_er Starting Mw-to-Er teleportation trial 1311 at 78600000019999500.
78,660,000,019,999,500 WARNING main_het_teleport_mw_rb_yb_rb_er Mw-to-Er teleportation trial 1311 succeeded (completed=True, direct match=True, latency=2.83812275 seconds).
78,660,000,019,999,500 WARNING main_het_teleport_mw_rb_yb_rb_er Starting Mw-to-Er teleportation trial 1312 at 78660000019999500.
78,720,000,019,999,500 WARNING main_het_teleport_mw_rb_yb_rb_er Mw-to-Er teleportation trial 1312 failed (completed=True, direct match=False, latency=3.48788875 seconds).
78,720,000,019,999,500 WARNING main_het_teleport_mw_rb_yb_rb_er Starting Mw-to-Er teleportation trial 1313 at 78720000019999500.
78,780,000,019,999,500 WARNING main_het_teleport_mw_rb_yb_rb_er Mw-to-Er teleportation trial 1313 succeeded (completed=True, direct match=True, latency=0.720338 seconds).
78,780,000,019,999,500 WARNING main_het_teleport_mw_rb_yb_rb_er Starting Mw-to-Er teleportation trial 1314 at 78780000019999500.
78,840,000,019,999,500 WARNING main_het_teleport_mw_rb_yb_rb_er Mw-to-Er teleportation trial 1314 succeeded (completed=True, direct match=True, latency=8.3810245625 seconds).
78,840,000,019,999,500 WARNING main_het_teleport_mw_rb_yb_rb_er Starting Mw-to-Er teleportation trial 1315 at 78840000019999500.
78,900,000,019,999,500 WARNING main_het_teleport_mw_rb_yb_rb_er Mw-to-Er teleportation trial 1315 succeeded (completed=True, direct match=True, latency=3.5175299375 seconds).
78,900,000,019,999,500 WARNING main_het_teleport_mw_rb_yb_rb_er Starting Mw-to-Er teleportation trial 1316 at 78900000019999500.
78,960,000,019,999,500 WARNING main_het_teleport_mw_rb_yb_rb_er Mw-to-Er teleportation trial 1316 failed (completed=True, direct match=False, latency=7.692257 seconds).
78,960,000,019,999,500 WARNING main_het_teleport_mw_rb_yb_rb_er Starting Mw-to-Er teleportation trial 1317 at 78960000019999500.
79,020,000,019,999,500 WARNING main_het_teleport_mw_rb_yb_rb_er Mw-to-Er teleportation trial 1317 succeeded (completed=True, direct match=True, latency=4.9293864375 seconds).
79,020,000,019,999,500 WARNING main_het_teleport_mw_rb_yb_rb_er Starting Mw-to-Er teleportation trial 1318 at 79020000019999500.
79,080,000,019,999,500 WARNING main_het_teleport_mw_rb_yb_rb_er Mw-to-Er teleportation trial 1318 failed (completed=True, direct match=False, latency=2.819402 seconds).
79,080,000,019,999,500 WARNING main_het_teleport_mw_rb_yb_rb_er Starting Mw-to-Er teleportation trial 1319 at 79080000019999500.
79,140,000,019,999,500 WARNING main_het_teleport_mw_rb_yb_rb_er Mw-to-Er teleportation trial 1319 succeeded (completed=True, direct match=True, latency=4.2047374375 seconds).
79,140,000,019,999,500 WARNING main_het_teleport_mw_rb_yb_rb_er Starting Mw-to-Er teleportation trial 1320 at 79140000019999500.
79,200,000,019,999,500 WARNING main_het_teleport_mw_rb_yb_rb_er Mw-to-Er teleportation trial 1320 succeeded (completed=True, direct match=True, latency=2.8303224375 seconds).
79,200,000,019,999,500 WARNING main_het_teleport_mw_rb_yb_rb_er Starting Mw-to-Er teleportation trial 1321 at 79200000019999500.
79,260,000,019,999,500 WARNING main_het_teleport_mw_rb_yb_rb_er Mw-to-Er teleportation trial 1321 succeeded (completed=True, direct match=True, latency=18.90598575 seconds).
79,260,000,019,999,500 WARNING main_het_teleport_mw_rb_yb_rb_er Starting Mw-to-Er teleportation trial 1322 at 79260000019999500.
79,320,000,019,999,500 WARNING main_het_teleport_mw_rb_yb_rb_er Mw-to-Er teleportation trial 1322 succeeded (completed=True, direct match=True, latency=4.9059855 seconds).
79,320,000,019,999,500 WARNING main_het_teleport_mw_rb_yb_rb_er Starting Mw-to-Er teleportation trial 1323 at 79320000019999500.
79,380,000,019,999,500 WARNING main_het_teleport_mw_rb_yb_rb_er Mw-to-Er teleportation trial 1323 succeeded (completed=True, direct match=True, latency=0.7729383 seconds).
79,380,000,019,999,500 WARNING main_het_teleport_mw_rb_yb_rb_er Starting Mw-to-Er teleportation trial 1324 at 79380000019999500.
79,440,000,019,999,500 WARNING main_het_teleport_mw_rb_yb_rb_er Mw-to-Er teleportation trial 1324 succeeded (completed=True, direct match=True, latency=1.404425375 seconds).
79,440,000,019,999,500 WARNING main_het_teleport_mw_rb_yb_rb_er Starting Mw-to-Er teleportation trial 1325 at 79440000019999500.
79,500,000,019,999,500 WARNING main_het_teleport_mw_rb_yb_rb_er Mw-to-Er teleportation trial 1325 succeeded (completed=True, direct match=True, latency=4.437833325 seconds).
79,500,000,019,999,500 WARNING main_het_teleport_mw_rb_yb_rb_er Starting Mw-to-Er teleportation trial 1326 at 79500000019999500.
79,560,000,019,999,500 WARNING main_het_teleport_mw_rb_yb_rb_er Mw-to-Er teleportation trial 1326 succeeded (completed=True, direct match=True, latency=3.5456110625 seconds).
79,560,000,019,999,500 WARNING main_het_teleport_mw_rb_yb_rb_er Starting Mw-to-Er teleportation trial 1327 at 79560000019999500.
79,620,000,019,999,500 WARNING main_het_teleport_mw_rb_yb_rb_er Mw-to-Er teleportation trial 1327 succeeded (completed=True, direct match=True, latency=13.9941291875 seconds).
79,620,000,019,999,500 WARNING main_het_teleport_mw_rb_yb_rb_er Starting Mw-to-Er teleportation trial 1328 at 79620000019999500.
79,680,000,019,999,500 WARNING main_het_teleport_mw_rb_yb_rb_er Mw-to-Er teleportation trial 1328 succeeded (completed=True, direct match=True, latency=2.803801375 seconds).
79,680,000,019,999,500 WARNING main_het_teleport_mw_rb_yb_rb_er Starting Mw-to-Er teleportation trial 1329 at 79680000019999500.
79,740,000,019,999,500 WARNING main_het_teleport_mw_rb_yb_rb_er Mw-to-Er teleportation trial 1329 succeeded (completed=True, direct match=True, latency=3.5112896875 seconds).
79,740,000,019,999,500 WARNING main_het_teleport_mw_rb_yb_rb_er Starting Mw-to-Er teleportation trial 1330 at 79740000019999500.
79,800,000,019,999,500 WARNING main_het_teleport_mw_rb_yb_rb_er Mw-to-Er teleportation trial 1330 succeeded (completed=True, direct match=True, latency=3.515969875 seconds).
79,800,000,019,999,500 WARNING main_het_teleport_mw_rb_yb_rb_er Starting Mw-to-Er teleportation trial 1331 at 79800000019999500.
79,860,000,019,999,500 WARNING main_het_teleport_mw_rb_yb_rb_er Mw-to-Er teleportation trial 1331 succeeded (completed=True, direct match=True, latency=2.1212740625 seconds).
79,860,000,019,999,500 WARNING main_het_teleport_mw_rb_yb_rb_er Starting Mw-to-Er teleportation trial 1332 at 79860000019999500.
79,920,000,019,999,500 WARNING main_het_teleport_mw_rb_yb_rb_er Mw-to-Er teleportation trial 1332 failed (completed=True, direct match=False, latency=7.7047375 seconds).
79,920,000,019,999,500 WARNING main_het_teleport_mw_rb_yb_rb_er Starting Mw-to-Er teleportation trial 1333 at 79920000019999500.
79,980,000,019,999,500 WARNING main_het_teleport_mw_rb_yb_rb_er Mw-to-Er teleportation trial 1333 succeeded (completed=True, direct match=True, latency=4.915345875 seconds).
79,980,000,019,999,500 WARNING main_het_teleport_mw_rb_yb_rb_er Starting Mw-to-Er teleportation trial 1334 at 79980000019999500.
80,040,000,019,999,500 WARNING main_het_teleport_mw_rb_yb_rb_er Mw-to-Er teleportation trial 1334 succeeded (completed=True, direct match=True, latency=8.4153459375 seconds).
80,040,000,019,999,500 WARNING main_het_teleport_mw_rb_yb_rb_er Starting Mw-to-Er teleportation trial 1335 at 80040000019999500.
80,100,000,019,999,500 WARNING main_het_teleport_mw_rb_yb_rb_er Mw-to-Er teleportation trial 1335 succeeded (completed=True, direct match=True, latency=2.7804004375 seconds).
80,100,000,019,999,500 WARNING main_het_teleport_mw_rb_yb_rb_er Starting Mw-to-Er teleportation trial 1336 at 80100000019999500.
80,160,000,019,999,500 WARNING main_het_teleport_mw_rb_yb_rb_er Mw-to-Er teleportation trial 1336 succeeded (completed=True, direct match=True, latency=9.1150339375 seconds).
80,160,000,019,999,500 WARNING main_het_teleport_mw_rb_yb_rb_er Starting Mw-to-Er teleportation trial 1337 at 80160000019999500.
80,220,000,019,999,500 WARNING main_het_teleport_mw_rb_yb_rb_er Mw-to-Er teleportation trial 1337 succeeded (completed=True, direct match=True, latency=9.0463911875 seconds).
80,220,000,019,999,500 WARNING main_het_teleport_mw_rb_yb_rb_er Starting Mw-to-Er teleportation trial 1338 at 80220000019999500.
80,280,000,019,999,500 WARNING main_het_teleport_mw_rb_yb_rb_er Mw-to-Er teleportation trial 1338 succeeded (completed=True, direct match=True, latency=3.540930875 seconds).
80,280,000,019,999,500 WARNING main_het_teleport_mw_rb_yb_rb_er Starting Mw-to-Er teleportation trial 1339 at 80280000019999500.
80,340,000,019,999,500 WARNING main_het_teleport_mw_rb_yb_rb_er Mw-to-Er teleportation trial 1339 succeeded (completed=True, direct match=True, latency=2.119714 seconds).
80,340,000,019,999,500 WARNING main_het_teleport_mw_rb_yb_rb_er Starting Mw-to-Er teleportation trial 1340 at 80340000019999500.
80,400,000,019,999,500 WARNING main_het_teleport_mw_rb_yb_rb_er Mw-to-Er teleportation trial 1340 succeeded (completed=True, direct match=True, latency=12.615034 seconds).
80,400,000,019,999,500 WARNING main_het_teleport_mw_rb_yb_rb_er Starting Mw-to-Er teleportation trial 1341 at 80400000019999500.
80,460,000,019,999,500 WARNING main_het_teleport_mw_rb_yb_rb_er Mw-to-Er teleportation trial 1341 succeeded (completed=True, direct match=True, latency=2.1087935625 seconds).
80,460,000,019,999,500 WARNING main_het_teleport_mw_rb_yb_rb_er Starting Mw-to-Er teleportation trial 1342 at 80460000019999500.
80,520,000,019,999,500 WARNING main_het_teleport_mw_rb_yb_rb_er Mw-to-Er teleportation trial 1342 failed (completed=True, direct match=False, latency=9.844363125 seconds).
80,520,000,019,999,500 WARNING main_het_teleport_mw_rb_yb_rb_er Starting Mw-to-Er teleportation trial 1343 at 80520000019999500.
80,580,000,019,999,500 WARNING main_het_teleport_mw_rb_yb_rb_er Mw-to-Er teleportation trial 1343 succeeded (completed=True, direct match=True, latency=3.4894488125 seconds).
80,580,000,019,999,500 WARNING main_het_teleport_mw_rb_yb_rb_er Starting Mw-to-Er teleportation trial 1344 at 80580000019999500.
80,640,000,019,999,500 WARNING main_het_teleport_mw_rb_yb_rb_er Mw-to-Er teleportation trial 1344 failed (completed=True, direct match=False, latency=4.2203380625 seconds).
80,640,000,019,999,500 WARNING main_het_teleport_mw_rb_yb_rb_er Starting Mw-to-Er teleportation trial 1345 at 80640000019999500.
80,700,000,019,999,500 WARNING main_het_teleport_mw_rb_yb_rb_er Mw-to-Er teleportation trial 1345 succeeded (completed=True, direct match=True, latency=3.515969875 seconds).
80,700,000,019,999,500 WARNING main_het_teleport_mw_rb_yb_rb_er Starting Mw-to-Er teleportation trial 1346 at 80700000019999500.
80,760,000,019,999,500 WARNING main_het_teleport_mw_rb_yb_rb_er Mw-to-Er teleportation trial 1346 succeeded (completed=True, direct match=True, latency=4.16261575 seconds).
80,760,000,019,999,500 WARNING main_het_teleport_mw_rb_yb_rb_er Starting Mw-to-Er teleportation trial 1347 at 80760000019999500.
80,820,000,019,999,500 WARNING main_het_teleport_mw_rb_yb_rb_er Mw-to-Er teleportation trial 1347 succeeded (completed=True, direct match=True, latency=1.423146125 seconds).
80,820,000,019,999,500 WARNING main_het_teleport_mw_rb_yb_rb_er Starting Mw-to-Er teleportation trial 1348 at 80820000019999500.
80,880,000,019,999,500 WARNING main_het_teleport_mw_rb_yb_rb_er Mw-to-Er teleportation trial 1348 failed (completed=True, direct match=False, latency=2.1150338125 seconds).
80,880,000,019,999,500 WARNING main_het_teleport_mw_rb_yb_rb_er Starting Mw-to-Er teleportation trial 1349 at 80880000019999500.
80,940,000,019,999,500 WARNING main_het_teleport_mw_rb_yb_rb_er Mw-to-Er teleportation trial 1349 failed (completed=True, direct match=False, latency=4.18757675 seconds).
80,940,000,019,999,500 WARNING main_het_teleport_mw_rb_yb_rb_er Starting Mw-to-Er teleportation trial 1350 at 80940000019999500.
81,000,000,019,999,500 WARNING main_het_teleport_mw_rb_yb_rb_er Mw-to-Er teleportation trial 1350 succeeded (completed=True, direct match=True, latency=6.3662039375 seconds).
81,000,000,019,999,500 WARNING main_het_teleport_mw_rb_yb_rb_er Starting Mw-to-Er teleportation trial 1351 at 81000000019999500.
81,060,000,019,999,500 WARNING main_het_teleport_mw_rb_yb_rb_er Mw-to-Er teleportation trial 1351 succeeded (completed=True, direct match=True, latency=3.51284975 seconds).
81,060,000,019,999,500 WARNING main_het_teleport_mw_rb_yb_rb_er Starting Mw-to-Er teleportation trial 1352 at 81060000019999500.
81,120,000,019,999,500 WARNING main_het_teleport_mw_rb_yb_rb_er Mw-to-Er teleportation trial 1352 failed (completed=True, direct match=False, latency=4.23749875 seconds).
81,120,000,019,999,500 WARNING main_het_teleport_mw_rb_yb_rb_er Starting Mw-to-Er teleportation trial 1353 at 81120000019999500.
81,180,000,019,999,500 WARNING main_het_teleport_mw_rb_yb_rb_er Mw-to-Er teleportation trial 1353 succeeded (completed=True, direct match=True, latency=3.497249125 seconds).
81,180,000,019,999,500 WARNING main_het_teleport_mw_rb_yb_rb_er Starting Mw-to-Er teleportation trial 1354 at 81180000019999500.
81,240,000,019,999,500 WARNING main_het_teleport_mw_rb_yb_rb_er Mw-to-Er teleportation trial 1354 succeeded (completed=True, direct match=True, latency=3.51284975 seconds).
81,240,000,019,999,500 WARNING main_het_teleport_mw_rb_yb_rb_er Starting Mw-to-Er teleportation trial 1355 at 81240000019999500.
81,300,000,019,999,500 WARNING main_het_teleport_mw_rb_yb_rb_er Mw-to-Er teleportation trial 1355 succeeded (completed=True, direct match=True, latency=4.89974525 seconds).
81,300,000,019,999,500 WARNING main_het_teleport_mw_rb_yb_rb_er Starting Mw-to-Er teleportation trial 1356 at 81300000019999500.
81,360,000,019,999,500 WARNING main_het_teleport_mw_rb_yb_rb_er Mw-to-Er teleportation trial 1356 succeeded (completed=True, direct match=True, latency=2.1321945 seconds).
81,360,000,019,999,500 WARNING main_het_teleport_mw_rb_yb_rb_er Starting Mw-to-Er teleportation trial 1357 at 81360000019999500.
81,420,000,019,999,500 WARNING main_het_teleport_mw_rb_yb_rb_er Mw-to-Er teleportation trial 1357 succeeded (completed=True, direct match=True, latency=5.6415549375 seconds).
81,420,000,019,999,500 WARNING main_het_teleport_mw_rb_yb_rb_er Starting Mw-to-Er teleportation trial 1358 at 81420000019999500.
81,480,000,019,999,500 WARNING main_het_teleport_mw_rb_yb_rb_er Mw-to-Er teleportation trial 1358 failed (completed=True, direct match=False, latency=4.9106656875 seconds).
81,480,000,019,999,500 WARNING main_het_teleport_mw_rb_yb_rb_er Starting Mw-to-Er teleportation trial 1359 at 81480000019999500.
81,540,000,019,999,500 WARNING main_het_teleport_mw_rb_yb_rb_er Mw-to-Er teleportation trial 1359 succeeded (completed=True, direct match=True, latency=4.2109776875 seconds).
81,540,000,019,999,500 WARNING main_het_teleport_mw_rb_yb_rb_er Starting Mw-to-Er teleportation trial 1360 at 81540000019999500.
81,600,000,019,999,500 WARNING main_het_teleport_mw_rb_yb_rb_er Mw-to-Er teleportation trial 1360 succeeded (completed=True, direct match=True, latency=2.1785602625 seconds).
81,600,000,019,999,500 WARNING main_het_teleport_mw_rb_yb_rb_er Starting Mw-to-Er teleportation trial 1361 at 81600000019999500.
81,660,000,019,999,500 WARNING main_het_teleport_mw_rb_yb_rb_er Mw-to-Er teleportation trial 1361 succeeded (completed=True, direct match=True, latency=6.2226781875 seconds).
81,660,000,019,999,500 WARNING main_het_teleport_mw_rb_yb_rb_er Starting Mw-to-Er teleportation trial 1362 at 81660000019999500.
81,720,000,019,999,500 WARNING main_het_teleport_mw_rb_yb_rb_er Mw-to-Er teleportation trial 1362 succeeded (completed=True, direct match=True, latency=2.1275143125 seconds).
81,720,000,019,999,500 WARNING main_het_teleport_mw_rb_yb_rb_er Starting Mw-to-Er teleportation trial 1363 at 81720000019999500.
81,780,000,019,999,500 WARNING main_het_teleport_mw_rb_yb_rb_er Mw-to-Er teleportation trial 1363 succeeded (completed=True, direct match=True, latency=7.014409875 seconds).
81,780,000,019,999,500 WARNING main_het_teleport_mw_rb_yb_rb_er Starting Mw-to-Er teleportation trial 1364 at 81780000019999500.
81,840,000,019,999,500 WARNING main_het_teleport_mw_rb_yb_rb_er Mw-to-Er teleportation trial 1364 succeeded (completed=True, direct match=True, latency=6.2913209375 seconds).
81,840,000,019,999,500 WARNING main_het_teleport_mw_rb_yb_rb_er Starting Mw-to-Er teleportation trial 1365 at 81840000019999500.
81,900,000,019,999,500 WARNING main_het_teleport_mw_rb_yb_rb_er Mw-to-Er teleportation trial 1365 succeeded (completed=True, direct match=True, latency=2.11347375 seconds).
81,900,000,019,999,500 WARNING main_het_teleport_mw_rb_yb_rb_er Starting Mw-to-Er teleportation trial 1366 at 81900000019999500.
81,960,000,019,999,500 WARNING main_het_teleport_mw_rb_yb_rb_er Mw-to-Er teleportation trial 1366 succeeded (completed=True, direct match=True, latency=11.2452991875 seconds).
81,960,000,019,999,500 WARNING main_het_teleport_mw_rb_yb_rb_er Starting Mw-to-Er teleportation trial 1367 at 81960000019999500.
82,020,000,019,999,500 WARNING main_het_teleport_mw_rb_yb_rb_er Mw-to-Er teleportation trial 1367 succeeded (completed=True, direct match=True, latency=6.2944410625 seconds).
82,020,000,019,999,500 WARNING main_het_teleport_mw_rb_yb_rb_er Starting Mw-to-Er teleportation trial 1368 at 82020000019999500.
82,080,000,019,999,500 WARNING main_het_teleport_mw_rb_yb_rb_er Mw-to-Er teleportation trial 1368 failed (completed=True, direct match=False, latency=8.4091056875 seconds).
82,080,000,019,999,500 WARNING main_het_teleport_mw_rb_yb_rb_er Starting Mw-to-Er teleportation trial 1369 at 82080000019999500.
82,140,000,019,999,500 WARNING main_het_teleport_mw_rb_yb_rb_er Mw-to-Er teleportation trial 1369 succeeded (completed=True, direct match=True, latency=14.0159700625 seconds).
82,140,000,019,999,500 WARNING main_het_teleport_mw_rb_yb_rb_er Starting Mw-to-Er teleportation trial 1370 at 82140000019999500.
82,200,000,019,999,500 WARNING main_het_teleport_mw_rb_yb_rb_er Mw-to-Er teleportation trial 1370 succeeded (completed=True, direct match=True, latency=7.69849725 seconds).
82,200,000,019,999,500 WARNING main_het_teleport_mw_rb_yb_rb_er Starting Mw-to-Er teleportation trial 1371 at 82200000019999500.
82,260,000,019,999,500 WARNING main_het_teleport_mw_rb_yb_rb_er Mw-to-Er teleportation trial 1371 failed (completed=True, direct match=False, latency=10.5768124375 seconds).
82,260,000,019,999,500 WARNING main_het_teleport_mw_rb_yb_rb_er Starting Mw-to-Er teleportation trial 1372 at 82260000019999500.
82,320,000,019,999,500 WARNING main_het_teleport_mw_rb_yb_rb_er Mw-to-Er teleportation trial 1372 succeeded (completed=True, direct match=True, latency=2.1440050875 seconds).
82,320,000,019,999,500 WARNING main_het_teleport_mw_rb_yb_rb_er Starting Mw-to-Er teleportation trial 1373 at 82320000019999500.
82,380,000,019,999,500 WARNING main_het_teleport_mw_rb_yb_rb_er Mw-to-Er teleportation trial 1373 succeeded (completed=True, direct match=True, latency=2.1150338125 seconds).
82,380,000,019,999,500 WARNING main_het_teleport_mw_rb_yb_rb_er Starting Mw-to-Er teleportation trial 1374 at 82380000019999500.
82,440,000,019,999,500 WARNING main_het_teleport_mw_rb_yb_rb_er Mw-to-Er teleportation trial 1374 succeeded (completed=True, direct match=True, latency=5.608793625 seconds).
82,440,000,019,999,500 WARNING main_het_teleport_mw_rb_yb_rb_er Starting Mw-to-Er teleportation trial 1375 at 82440000019999500.
82,500,000,019,999,500 WARNING main_het_teleport_mw_rb_yb_rb_er Mw-to-Er teleportation trial 1375 succeeded (completed=True, direct match=True, latency=2.1126219 seconds).
82,500,000,019,999,500 WARNING main_het_teleport_mw_rb_yb_rb_er Starting Mw-to-Er teleportation trial 1376 at 82500000019999500.
82,560,000,019,999,500 WARNING main_het_teleport_mw_rb_yb_rb_er Mw-to-Er teleportation trial 1376 failed (completed=True, direct match=False, latency=5.7164379375 seconds).
82,560,000,019,999,500 WARNING main_het_teleport_mw_rb_yb_rb_er Starting Mw-to-Er teleportation trial 1377 at 82560000019999500.
82,620,000,019,999,500 WARNING main_het_teleport_mw_rb_yb_rb_er Mw-to-Er teleportation trial 1377 succeeded (completed=True, direct match=True, latency=3.597093125 seconds).
82,620,000,019,999,500 WARNING main_het_teleport_mw_rb_yb_rb_er Starting Mw-to-Er teleportation trial 1378 at 82620000019999500.
82,680,000,019,999,500 WARNING main_het_teleport_mw_rb_yb_rb_er Mw-to-Er teleportation trial 1378 succeeded (completed=True, direct match=True, latency=7.67353625 seconds).
82,680,000,019,999,500 WARNING main_het_teleport_mw_rb_yb_rb_er Starting Mw-to-Er teleportation trial 1379 at 82680000019999500.
82,740,000,019,999,500 WARNING main_het_teleport_mw_rb_yb_rb_er Mw-to-Er teleportation trial 1379 succeeded (completed=True, direct match=True, latency=1.503189075 seconds).
82,740,000,019,999,500 WARNING main_het_teleport_mw_rb_yb_rb_er Starting Mw-to-Er teleportation trial 1380 at 82740000019999500.
82,800,000,019,999,500 WARNING main_het_teleport_mw_rb_yb_rb_er Mw-to-Er teleportation trial 1380 succeeded (completed=True, direct match=True, latency=7.0190900625 seconds).
82,800,000,019,999,500 WARNING main_het_teleport_mw_rb_yb_rb_er Starting Mw-to-Er teleportation trial 1381 at 82800000019999500.
82,860,000,019,999,500 WARNING main_het_teleport_mw_rb_yb_rb_er Mw-to-Er teleportation trial 1381 succeeded (completed=True, direct match=True, latency=1.3186219375 seconds).
82,860,000,019,999,500 WARNING main_het_teleport_mw_rb_yb_rb_er Starting Mw-to-Er teleportation trial 1382 at 82860000019999500.
82,920,000,019,999,500 WARNING main_het_teleport_mw_rb_yb_rb_er Mw-to-Er teleportation trial 1382 succeeded (completed=True, direct match=True, latency=3.4894488125 seconds).
82,920,000,019,999,500 WARNING main_het_teleport_mw_rb_yb_rb_er Starting Mw-to-Er teleportation trial 1383 at 82920000019999500.
82,980,000,019,999,500 WARNING main_het_teleport_mw_rb_yb_rb_er Mw-to-Er teleportation trial 1383 failed (completed=True, direct match=False, latency=5.63687475 seconds).
82,980,000,019,999,500 WARNING main_het_teleport_mw_rb_yb_rb_er Starting Mw-to-Er teleportation trial 1384 at 82980000019999500.
83,040,000,019,999,500 WARNING main_het_teleport_mw_rb_yb_rb_er Mw-to-Er teleportation trial 1384 succeeded (completed=True, direct match=True, latency=13.280400625 seconds).
83,040,000,019,999,500 WARNING main_het_teleport_mw_rb_yb_rb_er Starting Mw-to-Er teleportation trial 1385 at 83040000019999500.
83,100,000,019,999,500 WARNING main_het_teleport_mw_rb_yb_rb_er Mw-to-Er teleportation trial 1385 succeeded (completed=True, direct match=True, latency=3.528450375 seconds).
83,100,000,019,999,500 WARNING main_het_teleport_mw_rb_yb_rb_er Starting Mw-to-Er teleportation trial 1386 at 83100000019999500.
83,160,000,019,999,500 WARNING main_het_teleport_mw_rb_yb_rb_er Mw-to-Er teleportation trial 1386 succeeded (completed=True, direct match=True, latency=4.209417625 seconds).
83,160,000,019,999,500 WARNING main_het_teleport_mw_rb_yb_rb_er Starting Mw-to-Er teleportation trial 1387 at 83160000019999500.
83,220,000,019,999,500 WARNING main_het_teleport_mw_rb_yb_rb_er Mw-to-Er teleportation trial 1387 failed (completed=True, direct match=False, latency=4.2078575625 seconds).
83,220,000,019,999,500 WARNING main_het_teleport_mw_rb_yb_rb_er Starting Mw-to-Er teleportation trial 1388 at 83220000019999500.
83,280,000,019,999,500 WARNING main_het_teleport_mw_rb_yb_rb_er Mw-to-Er teleportation trial 1388 succeeded (completed=True, direct match=True, latency=5.59943325 seconds).
83,280,000,019,999,500 WARNING main_het_teleport_mw_rb_yb_rb_er Starting Mw-to-Er teleportation trial 1389 at 83280000019999500.
83,340,000,019,999,500 WARNING main_het_teleport_mw_rb_yb_rb_er Mw-to-Er teleportation trial 1389 succeeded (completed=True, direct match=True, latency=3.51909 seconds).
83,340,000,019,999,500 WARNING main_het_teleport_mw_rb_yb_rb_er Starting Mw-to-Er teleportation trial 1390 at 83340000019999500.
83,400,000,019,999,500 WARNING main_het_teleport_mw_rb_yb_rb_er Mw-to-Er teleportation trial 1390 succeeded (completed=True, direct match=True, latency=2.8712954875 seconds).
83,400,000,019,999,500 WARNING main_het_teleport_mw_rb_yb_rb_er Starting Mw-to-Er teleportation trial 1391 at 83400000019999500.
83,460,000,019,999,500 WARNING main_het_teleport_mw_rb_yb_rb_er Mw-to-Er teleportation trial 1391 succeeded (completed=True, direct match=True, latency=3.441086875 seconds).
83,460,000,019,999,500 WARNING main_het_teleport_mw_rb_yb_rb_er Starting Mw-to-Er teleportation trial 1392 at 83460000019999500.
83,520,000,019,999,500 WARNING main_het_teleport_mw_rb_yb_rb_er Mw-to-Er teleportation trial 1392 succeeded (completed=True, direct match=True, latency=4.896625125 seconds).
83,520,000,019,999,500 WARNING main_het_teleport_mw_rb_yb_rb_er Starting Mw-to-Er teleportation trial 1393 at 83520000019999500.
83,580,000,019,999,500 WARNING main_het_teleport_mw_rb_yb_rb_er Mw-to-Er teleportation trial 1393 succeeded (completed=True, direct match=True, latency=6.3053615 seconds).
83,580,000,019,999,500 WARNING main_het_teleport_mw_rb_yb_rb_er Starting Mw-to-Er teleportation trial 1394 at 83580000019999500.
83,640,000,019,999,500 WARNING main_het_teleport_mw_rb_yb_rb_er Mw-to-Er teleportation trial 1394 failed (completed=True, direct match=False, latency=3.4613676875 seconds).
83,640,000,019,999,500 WARNING main_het_teleport_mw_rb_yb_rb_er Starting Mw-to-Er teleportation trial 1395 at 83640000019999500.
83,700,000,019,999,500 WARNING main_het_teleport_mw_rb_yb_rb_er Mw-to-Er teleportation trial 1395 succeeded (completed=True, direct match=True, latency=4.2078575625 seconds).
83,700,000,019,999,500 WARNING main_het_teleport_mw_rb_yb_rb_er Starting Mw-to-Er teleportation trial 1396 at 83700000019999500.
83,760,000,019,999,500 WARNING main_het_teleport_mw_rb_yb_rb_er Mw-to-Er teleportation trial 1396 succeeded (completed=True, direct match=True, latency=4.228138375 seconds).
83,760,000,019,999,500 WARNING main_het_teleport_mw_rb_yb_rb_er Starting Mw-to-Er teleportation trial 1397 at 83760000019999500.
83,820,000,019,999,500 WARNING main_het_teleport_mw_rb_yb_rb_er Mw-to-Er teleportation trial 1397 succeeded (completed=True, direct match=True, latency=2.22118885 seconds).
83,820,000,019,999,500 WARNING main_het_teleport_mw_rb_yb_rb_er Starting Mw-to-Er teleportation trial 1398 at 83820000019999500.
83,880,000,019,999,500 WARNING main_het_teleport_mw_rb_yb_rb_er Mw-to-Er teleportation trial 1398 succeeded (completed=True, direct match=True, latency=4.12517425 seconds).
83,880,000,019,999,500 WARNING main_het_teleport_mw_rb_yb_rb_er Starting Mw-to-Er teleportation trial 1399 at 83880000019999500.
83,940,000,019,999,500 WARNING main_het_teleport_mw_rb_yb_rb_er Mw-to-Er teleportation trial 1399 succeeded (completed=True, direct match=True, latency=2.8459230625 seconds).
83,940,000,019,999,500 WARNING main_het_teleport_mw_rb_yb_rb_er Starting Mw-to-Er teleportation trial 1400 at 83940000019999500.
84,000,000,019,999,500 WARNING main_het_teleport_mw_rb_yb_rb_er Mw-to-Er teleportation trial 1400 succeeded (completed=True, direct match=True, latency=4.1766563125 seconds).
84,000,000,019,999,500 WARNING main_het_teleport_mw_rb_yb_rb_er Starting Mw-to-Er teleportation trial 1401 at 84000000019999500.
84,060,000,019,999,500 WARNING main_het_teleport_mw_rb_yb_rb_er Mw-to-Er teleportation trial 1401 succeeded (completed=True, direct match=True, latency=5.565111875 seconds).
84,060,000,019,999,500 WARNING main_het_teleport_mw_rb_yb_rb_er Starting Mw-to-Er teleportation trial 1402 at 84060000019999500.
84,120,000,019,999,500 WARNING main_het_teleport_mw_rb_yb_rb_er Mw-to-Er teleportation trial 1402 succeeded (completed=True, direct match=True, latency=4.9387468125 seconds).
84,120,000,019,999,500 WARNING main_het_teleport_mw_rb_yb_rb_er Starting Mw-to-Er teleportation trial 1403 at 84120000019999500.
84,180,000,019,999,500 WARNING main_het_teleport_mw_rb_yb_rb_er Mw-to-Er teleportation trial 1403 succeeded (completed=True, direct match=True, latency=7.7343786875 seconds).
84,180,000,019,999,500 WARNING main_het_teleport_mw_rb_yb_rb_er Starting Mw-to-Er teleportation trial 1404 at 84180000019999500.
84,240,000,019,999,500 WARNING main_het_teleport_mw_rb_yb_rb_er Mw-to-Er teleportation trial 1404 succeeded (completed=True, direct match=True, latency=2.81316175 seconds).
84,240,000,019,999,500 WARNING main_het_teleport_mw_rb_yb_rb_er Starting Mw-to-Er teleportation trial 1405 at 84240000019999500.
84,300,000,019,999,500 WARNING main_het_teleport_mw_rb_yb_rb_er Mw-to-Er teleportation trial 1405 failed (completed=True, direct match=False, latency=4.1922569375 seconds).
84,300,000,019,999,500 WARNING main_het_teleport_mw_rb_yb_rb_er Starting Mw-to-Er teleportation trial 1406 at 84300000019999500.
84,360,000,019,999,500 WARNING main_het_teleport_mw_rb_yb_rb_er Mw-to-Er teleportation trial 1406 succeeded (completed=True, direct match=True, latency=10.5034895 seconds).
84,360,000,019,999,500 WARNING main_het_teleport_mw_rb_yb_rb_er Starting Mw-to-Er teleportation trial 1407 at 84360000019999500.
84,420,000,019,999,500 WARNING main_het_teleport_mw_rb_yb_rb_er Mw-to-Er teleportation trial 1407 succeeded (completed=True, direct match=True, latency=3.6553619375 seconds).
84,420,000,019,999,500 WARNING main_het_teleport_mw_rb_yb_rb_er Starting Mw-to-Er teleportation trial 1408 at 84420000019999500.
84,480,000,019,999,500 WARNING main_het_teleport_mw_rb_yb_rb_er Mw-to-Er teleportation trial 1408 succeeded (completed=True, direct match=True, latency=7.7000573125 seconds).
84,480,000,019,999,500 WARNING main_het_teleport_mw_rb_yb_rb_er Starting Mw-to-Er teleportation trial 1409 at 84480000019999500.
84,540,000,019,999,500 WARNING main_het_teleport_mw_rb_yb_rb_er Mw-to-Er teleportation trial 1409 failed (completed=True, direct match=False, latency=8.416906 seconds).
84,540,000,019,999,500 WARNING main_het_teleport_mw_rb_yb_rb_er Starting Mw-to-Er teleportation trial 1410 at 84540000019999500.
84,600,000,019,999,500 WARNING main_het_teleport_mw_rb_yb_rb_er Mw-to-Er teleportation trial 1410 succeeded (completed=True, direct match=True, latency=4.2265783125 seconds).
84,600,000,019,999,500 WARNING main_het_teleport_mw_rb_yb_rb_er Starting Mw-to-Er teleportation trial 1411 at 84600000019999500.
84,660,000,019,999,500 WARNING main_het_teleport_mw_rb_yb_rb_er Mw-to-Er teleportation trial 1411 succeeded (completed=True, direct match=True, latency=4.2421789375 seconds).
84,660,000,019,999,500 WARNING main_het_teleport_mw_rb_yb_rb_er Starting Mw-to-Er teleportation trial 1412 at 84660000019999500.
84,720,000,019,999,500 WARNING main_het_teleport_mw_rb_yb_rb_er Mw-to-Er teleportation trial 1412 succeeded (completed=True, direct match=True, latency=12.57135225 seconds).
84,720,000,019,999,500 WARNING main_het_teleport_mw_rb_yb_rb_er Starting Mw-to-Er teleportation trial 1413 at 84720000019999500.
84,780,000,019,999,500 WARNING main_het_teleport_mw_rb_yb_rb_er Mw-to-Er teleportation trial 1413 succeeded (completed=True, direct match=True, latency=5.6446750625 seconds).
84,780,000,019,999,500 WARNING main_het_teleport_mw_rb_yb_rb_er Starting Mw-to-Er teleportation trial 1414 at 84780000019999500.
84,840,000,019,999,500 WARNING main_het_teleport_mw_rb_yb_rb_er Mw-to-Er teleportation trial 1414 succeeded (completed=True, direct match=True, latency=5.6477951875 seconds).
84,840,000,019,999,500 WARNING main_het_teleport_mw_rb_yb_rb_er Starting Mw-to-Er teleportation trial 1415 at 84840000019999500.
84,900,000,019,999,500 WARNING main_het_teleport_mw_rb_yb_rb_er Mw-to-Er teleportation trial 1415 succeeded (completed=True, direct match=True, latency=8.4153459375 seconds).
84,900,000,019,999,500 WARNING main_het_teleport_mw_rb_yb_rb_er Starting Mw-to-Er teleportation trial 1416 at 84900000019999500.
84,960,000,019,999,500 WARNING main_het_teleport_mw_rb_yb_rb_er Mw-to-Er teleportation trial 1416 failed (completed=True, direct match=False, latency=2.8552834375 seconds).
84,960,000,019,999,500 WARNING main_het_teleport_mw_rb_yb_rb_er Starting Mw-to-Er teleportation trial 1417 at 84960000019999500.
85,020,000,019,999,500 WARNING main_het_teleport_mw_rb_yb_rb_er Mw-to-Er teleportation trial 1417 succeeded (completed=True, direct match=True, latency=2.8272023125 seconds).
85,020,000,019,999,500 WARNING main_het_teleport_mw_rb_yb_rb_er Starting Mw-to-Er teleportation trial 1418 at 85020000019999500.
85,080,000,019,999,500 WARNING main_het_teleport_mw_rb_yb_rb_er Mw-to-Er teleportation trial 1418 succeeded (completed=True, direct match=True, latency=10.394285125 seconds).
85,080,000,019,999,500 WARNING main_het_teleport_mw_rb_yb_rb_er Starting Mw-to-Er teleportation trial 1419 at 85080000019999500.
85,140,000,019,999,500 WARNING main_het_teleport_mw_rb_yb_rb_er Mw-to-Er teleportation trial 1419 succeeded (completed=True, direct match=True, latency=4.215657875 seconds).
85,140,000,019,999,500 WARNING main_het_teleport_mw_rb_yb_rb_er Starting Mw-to-Er teleportation trial 1420 at 85140000019999500.
85,200,000,019,999,500 WARNING main_het_teleport_mw_rb_yb_rb_er Mw-to-Er teleportation trial 1420 succeeded (completed=True, direct match=True, latency=6.34904325 seconds).
85,200,000,019,999,500 WARNING main_het_teleport_mw_rb_yb_rb_er Starting Mw-to-Er teleportation trial 1421 at 85200000019999500.
85,260,000,019,999,500 WARNING main_het_teleport_mw_rb_yb_rb_er Mw-to-Er teleportation trial 1421 succeeded (completed=True, direct match=True, latency=4.26245975 seconds).
85,260,000,019,999,500 WARNING main_het_teleport_mw_rb_yb_rb_er Starting Mw-to-Er teleportation trial 1422 at 85260000019999500.
85,320,000,019,999,500 WARNING main_het_teleport_mw_rb_yb_rb_er Mw-to-Er teleportation trial 1422 succeeded (completed=True, direct match=True, latency=1.440332525 seconds).
85,320,000,019,999,500 WARNING main_het_teleport_mw_rb_yb_rb_er Starting Mw-to-Er teleportation trial 1423 at 85320000019999500.
85,380,000,019,999,500 WARNING main_het_teleport_mw_rb_yb_rb_er Mw-to-Er teleportation trial 1423 succeeded (completed=True, direct match=True, latency=2.00114925 seconds).
85,380,000,019,999,500 WARNING main_het_teleport_mw_rb_yb_rb_er Starting Mw-to-Er teleportation trial 1424 at 85380000019999500.
85,440,000,019,999,500 WARNING main_het_teleport_mw_rb_yb_rb_er Mw-to-Er teleportation trial 1424 succeeded (completed=True, direct match=True, latency=1.3326625 seconds).
85,440,000,019,999,500 WARNING main_het_teleport_mw_rb_yb_rb_er Starting Mw-to-Er teleportation trial 1425 at 85440000019999500.
85,500,000,019,999,500 WARNING main_het_teleport_mw_rb_yb_rb_er Mw-to-Er teleportation trial 1425 succeeded (completed=True, direct match=True, latency=6.3537234375 seconds).
85,500,000,019,999,500 WARNING main_het_teleport_mw_rb_yb_rb_er Starting Mw-to-Er teleportation trial 1426 at 85500000019999500.
85,560,000,019,999,500 WARNING main_het_teleport_mw_rb_yb_rb_er Mw-to-Er teleportation trial 1426 succeeded (completed=True, direct match=True, latency=2.1243941875 seconds).
85,560,000,019,999,500 WARNING main_het_teleport_mw_rb_yb_rb_er Starting Mw-to-Er teleportation trial 1427 at 85560000019999500.
85,620,000,019,999,500 WARNING main_het_teleport_mw_rb_yb_rb_er Mw-to-Er teleportation trial 1427 succeeded (completed=True, direct match=True, latency=11.2047375625 seconds).
85,620,000,019,999,500 WARNING main_het_teleport_mw_rb_yb_rb_er Starting Mw-to-Er teleportation trial 1428 at 85620000019999500.
85,680,000,019,999,500 WARNING main_het_teleport_mw_rb_yb_rb_er Mw-to-Er teleportation trial 1428 succeeded (completed=True, direct match=True, latency=5.5666719375 seconds).
85,680,000,019,999,500 WARNING main_het_teleport_mw_rb_yb_rb_er Starting Mw-to-Er teleportation trial 1429 at 85680000019999500.
85,740,000,019,999,500 WARNING main_het_teleport_mw_rb_yb_rb_er Mw-to-Er teleportation trial 1429 succeeded (completed=True, direct match=True, latency=1.43874675 seconds).
85,740,000,019,999,500 WARNING main_het_teleport_mw_rb_yb_rb_er Starting Mw-to-Er teleportation trial 1430 at 85740000019999500.
85,800,000,019,999,500 WARNING main_het_teleport_mw_rb_yb_rb_er Mw-to-Er teleportation trial 1430 succeeded (completed=True, direct match=True, latency=3.5580915625 seconds).
85,800,000,019,999,500 WARNING main_het_teleport_mw_rb_yb_rb_er Starting Mw-to-Er teleportation trial 1431 at 85800000019999500.
85,860,000,019,999,500 WARNING main_het_teleport_mw_rb_yb_rb_er Mw-to-Er teleportation trial 1431 succeeded (completed=True, direct match=True, latency=10.469168125 seconds).
85,860,000,019,999,500 WARNING main_het_teleport_mw_rb_yb_rb_er Starting Mw-to-Er teleportation trial 1432 at 85860000019999500.
85,920,000,019,999,500 WARNING main_het_teleport_mw_rb_yb_rb_er Mw-to-Er teleportation trial 1432 succeeded (completed=True, direct match=True, latency=2.8617851125 seconds).
85,920,000,019,999,500 WARNING main_het_teleport_mw_rb_yb_rb_er Starting Mw-to-Er teleportation trial 1433 at 85920000019999500.
85,980,000,019,999,500 WARNING main_het_teleport_mw_rb_yb_rb_er Mw-to-Er teleportation trial 1433 failed (completed=True, direct match=False, latency=2.2354644125 seconds).
85,980,000,019,999,500 WARNING main_het_teleport_mw_rb_yb_rb_er Starting Mw-to-Er teleportation trial 1434 at 85980000019999500.
86,040,000,019,999,500 WARNING main_het_teleport_mw_rb_yb_rb_er Mw-to-Er teleportation trial 1434 succeeded (completed=True, direct match=True, latency=2.803801375 seconds).
86,040,000,019,999,500 WARNING main_het_teleport_mw_rb_yb_rb_er Starting Mw-to-Er teleportation trial 1435 at 86040000019999500.
86,100,000,019,999,500 WARNING main_het_teleport_mw_rb_yb_rb_er Mw-to-Er teleportation trial 1435 succeeded (completed=True, direct match=True, latency=9.1243943125 seconds).
86,100,000,019,999,500 WARNING main_het_teleport_mw_rb_yb_rb_er Starting Mw-to-Er teleportation trial 1436 at 86100000019999500.
86,160,000,019,999,500 WARNING main_het_teleport_mw_rb_yb_rb_er Mw-to-Er teleportation trial 1436 succeeded (completed=True, direct match=True, latency=4.84982325 seconds).
86,160,000,019,999,500 WARNING main_het_teleport_mw_rb_yb_rb_er Starting Mw-to-Er teleportation trial 1437 at 86160000019999500.
86,220,000,019,999,500 WARNING main_het_teleport_mw_rb_yb_rb_er Mw-to-Er teleportation trial 1437 succeeded (completed=True, direct match=True, latency=8.3467031875 seconds).
86,220,000,019,999,500 WARNING main_het_teleport_mw_rb_yb_rb_er Starting Mw-to-Er teleportation trial 1438 at 86220000019999500.
86,280,000,019,999,500 WARNING main_het_teleport_mw_rb_yb_rb_er Mw-to-Er teleportation trial 1438 failed (completed=True, direct match=False, latency=8.4184660625 seconds).
86,280,000,019,999,500 WARNING main_het_teleport_mw_rb_yb_rb_er Starting Mw-to-Er teleportation trial 1439 at 86280000019999500.
86,340,000,019,999,500 WARNING main_het_teleport_mw_rb_yb_rb_er Mw-to-Er teleportation trial 1439 succeeded (completed=True, direct match=True, latency=4.9231461875 seconds).
86,340,000,019,999,500 WARNING main_het_teleport_mw_rb_yb_rb_er Starting Mw-to-Er teleportation trial 1440 at 86340000019999500.
86,400,000,019,999,500 WARNING main_het_teleport_mw_rb_yb_rb_er Mw-to-Er teleportation trial 1440 succeeded (completed=True, direct match=True, latency=1.395065 seconds).
86,400,000,019,999,500 WARNING main_het_teleport_mw_rb_yb_rb_er Starting Mw-to-Er teleportation trial 1441 at 86400000019999500.
86,460,000,019,999,500 WARNING main_het_teleport_mw_rb_yb_rb_er Mw-to-Er teleportation trial 1441 failed (completed=True, direct match=False, latency=2.810041625 seconds).
86,460,000,019,999,500 WARNING main_het_teleport_mw_rb_yb_rb_er Starting Mw-to-Er teleportation trial 1442 at 86460000019999500.
86,520,000,019,999,500 WARNING main_het_teleport_mw_rb_yb_rb_er Mw-to-Er teleportation trial 1442 succeeded (completed=True, direct match=True, latency=4.2796204375 seconds).
86,520,000,019,999,500 WARNING main_het_teleport_mw_rb_yb_rb_er Starting Mw-to-Er teleportation trial 1443 at 86520000019999500.
86,580,000,019,999,500 WARNING main_het_teleport_mw_rb_yb_rb_er Mw-to-Er teleportation trial 1443 succeeded (completed=True, direct match=True, latency=2.9347660625 seconds).
86,580,000,019,999,500 WARNING main_het_teleport_mw_rb_yb_rb_er Starting Mw-to-Er teleportation trial 1444 at 86580000019999500.
86,640,000,019,999,500 WARNING main_het_teleport_mw_rb_yb_rb_er Mw-to-Er teleportation trial 1444 succeeded (completed=True, direct match=True, latency=19.611914 seconds).
86,640,000,019,999,500 WARNING main_het_teleport_mw_rb_yb_rb_er Starting Mw-to-Er teleportation trial 1445 at 86640000019999500.
86,700,000,019,999,500 WARNING main_het_teleport_mw_rb_yb_rb_er Mw-to-Er teleportation trial 1445 succeeded (completed=True, direct match=True, latency=5.590072875 seconds).
86,700,000,019,999,500 WARNING main_het_teleport_mw_rb_yb_rb_er Starting Mw-to-Er teleportation trial 1446 at 86700000019999500.
86,760,000,019,999,500 WARNING main_het_teleport_mw_rb_yb_rb_er Mw-to-Er teleportation trial 1446 succeeded (completed=True, direct match=True, latency=2.1571555 seconds).
86,760,000,019,999,500 WARNING main_het_teleport_mw_rb_yb_rb_er Starting Mw-to-Er teleportation trial 1447 at 86760000019999500.
86,820,000,019,999,500 WARNING main_het_teleport_mw_rb_yb_rb_er Mw-to-Er teleportation trial 1447 succeeded (completed=True, direct match=True, latency=3.4894488125 seconds).
86,820,000,019,999,500 WARNING main_het_teleport_mw_rb_yb_rb_er Starting Mw-to-Er teleportation trial 1448 at 86820000019999500.
86,880,000,019,999,500 WARNING main_het_teleport_mw_rb_yb_rb_er Mw-to-Er teleportation trial 1448 succeeded (completed=True, direct match=True, latency=2.12595425 seconds).
86,880,000,019,999,500 WARNING main_het_teleport_mw_rb_yb_rb_er Starting Mw-to-Er teleportation trial 1449 at 86880000019999500.
86,940,000,019,999,500 WARNING main_het_teleport_mw_rb_yb_rb_er Mw-to-Er teleportation trial 1449 succeeded (completed=True, direct match=True, latency=1.435626625 seconds).
86,940,000,019,999,500 WARNING main_het_teleport_mw_rb_yb_rb_er Starting Mw-to-Er teleportation trial 1450 at 86940000019999500.
87,000,000,019,999,500 WARNING main_het_teleport_mw_rb_yb_rb_er Mw-to-Er teleportation trial 1450 failed (completed=True, direct match=False, latency=4.2562195 seconds).
87,000,000,019,999,500 WARNING main_het_teleport_mw_rb_yb_rb_er Starting Mw-to-Er teleportation trial 1451 at 87000000019999500.
87,060,000,019,999,500 WARNING main_het_teleport_mw_rb_yb_rb_er Mw-to-Er teleportation trial 1451 failed (completed=True, direct match=False, latency=9.756999625 seconds).
87,060,000,019,999,500 WARNING main_het_teleport_mw_rb_yb_rb_er Starting Mw-to-Er teleportation trial 1452 at 87060000019999500.
87,120,000,019,999,500 WARNING main_het_teleport_mw_rb_yb_rb_er Mw-to-Er teleportation trial 1452 failed (completed=True, direct match=False, latency=2.88694435 seconds).
87,120,000,019,999,500 WARNING main_het_teleport_mw_rb_yb_rb_er Starting Mw-to-Er teleportation trial 1453 at 87120000019999500.
87,180,000,019,999,500 WARNING main_het_teleport_mw_rb_yb_rb_er Mw-to-Er teleportation trial 1453 succeeded (completed=True, direct match=True, latency=5.627514375 seconds).
87,180,000,019,999,500 WARNING main_het_teleport_mw_rb_yb_rb_er Starting Mw-to-Er teleportation trial 1454 at 87180000019999500.
87,240,000,019,999,500 WARNING main_het_teleport_mw_rb_yb_rb_er Mw-to-Er teleportation trial 1454 succeeded (completed=True, direct match=True, latency=2.2211180625 seconds).
87,240,000,019,999,500 WARNING main_het_teleport_mw_rb_yb_rb_er Starting Mw-to-Er teleportation trial 1455 at 87240000019999500.
87,300,000,019,999,500 WARNING main_het_teleport_mw_rb_yb_rb_er Mw-to-Er teleportation trial 1455 succeeded (completed=True, direct match=True, latency=2.816281875 seconds).
87,300,000,019,999,500 WARNING main_het_teleport_mw_rb_yb_rb_er Starting Mw-to-Er teleportation trial 1456 at 87300000019999500.
87,360,000,019,999,500 WARNING main_het_teleport_mw_rb_yb_rb_er Mw-to-Er teleportation trial 1456 succeeded (completed=True, direct match=True, latency=3.5175299375 seconds).
87,360,000,019,999,500 WARNING main_het_teleport_mw_rb_yb_rb_er Starting Mw-to-Er teleportation trial 1457 at 87360000019999500.
87,420,000,019,999,500 WARNING main_het_teleport_mw_rb_yb_rb_er Mw-to-Er teleportation trial 1457 succeeded (completed=True, direct match=True, latency=4.1735361875 seconds).
87,420,000,019,999,500 WARNING main_het_teleport_mw_rb_yb_rb_er Starting Mw-to-Er teleportation trial 1458 at 87420000019999500.
87,480,000,019,999,500 WARNING main_het_teleport_mw_rb_yb_rb_er Mw-to-Er teleportation trial 1458 succeeded (completed=True, direct match=True, latency=6.320962125 seconds).
87,480,000,019,999,500 WARNING main_het_teleport_mw_rb_yb_rb_er Starting Mw-to-Er teleportation trial 1459 at 87480000019999500.
87,540,000,019,999,500 WARNING main_het_teleport_mw_rb_yb_rb_er Mw-to-Er teleportation trial 1459 succeeded (completed=True, direct match=True, latency=4.8045814375 seconds).
87,540,000,019,999,500 WARNING main_het_teleport_mw_rb_yb_rb_er Starting Mw-to-Er teleportation trial 1460 at 87540000019999500.
87,600,000,019,999,500 WARNING main_het_teleport_mw_rb_yb_rb_er Mw-to-Er teleportation trial 1460 succeeded (completed=True, direct match=True, latency=1.42626625 seconds).
87,600,000,019,999,500 WARNING main_het_teleport_mw_rb_yb_rb_er Starting Mw-to-Er teleportation trial 1461 at 87600000019999500.
87,660,000,019,999,500 WARNING main_het_teleport_mw_rb_yb_rb_er Mw-to-Er teleportation trial 1461 succeeded (completed=True, direct match=True, latency=4.940306875 seconds).
87,660,000,019,999,500 WARNING main_het_teleport_mw_rb_yb_rb_er Starting Mw-to-Er teleportation trial 1462 at 87660000019999500.
87,720,000,019,999,500 WARNING main_het_teleport_mw_rb_yb_rb_er Mw-to-Er teleportation trial 1462 succeeded (completed=True, direct match=True, latency=3.5144098125 seconds).
87,720,000,019,999,500 WARNING main_het_teleport_mw_rb_yb_rb_er Starting Mw-to-Er teleportation trial 1463 at 87720000019999500.
87,780,000,019,999,500 WARNING main_het_teleport_mw_rb_yb_rb_er Mw-to-Er teleportation trial 1463 succeeded (completed=True, direct match=True, latency=4.2312585 seconds).
87,780,000,019,999,500 WARNING main_het_teleport_mw_rb_yb_rb_er Starting Mw-to-Er teleportation trial 1464 at 87780000019999500.
87,840,000,019,999,500 WARNING main_het_teleport_mw_rb_yb_rb_er Mw-to-Er teleportation trial 1464 succeeded (completed=True, direct match=True, latency=2.77176275 seconds).
87,840,000,019,999,500 WARNING main_het_teleport_mw_rb_yb_rb_er Starting Mw-to-Er teleportation trial 1465 at 87840000019999500.
87,900,000,019,999,500 WARNING main_het_teleport_mw_rb_yb_rb_er Mw-to-Er teleportation trial 1465 succeeded (completed=True, direct match=True, latency=8.4278264375 seconds).
87,900,000,019,999,500 WARNING main_het_teleport_mw_rb_yb_rb_er Starting Mw-to-Er teleportation trial 1466 at 87900000019999500.
87,960,000,019,999,500 WARNING main_het_teleport_mw_rb_yb_rb_er Mw-to-Er teleportation trial 1466 failed (completed=True, direct match=False, latency=2.8116016875 seconds).
87,960,000,019,999,500 WARNING main_het_teleport_mw_rb_yb_rb_er Starting Mw-to-Er teleportation trial 1467 at 87960000019999500.
88,020,000,019,999,500 WARNING main_het_teleport_mw_rb_yb_rb_er Mw-to-Er teleportation trial 1467 succeeded (completed=True, direct match=True, latency=4.934066625 seconds).
88,020,000,019,999,500 WARNING main_het_teleport_mw_rb_yb_rb_er Starting Mw-to-Er teleportation trial 1468 at 88020000019999500.
88,080,000,019,999,500 WARNING main_het_teleport_mw_rb_yb_rb_er Mw-to-Er teleportation trial 1468 succeeded (completed=True, direct match=True, latency=3.5424909375 seconds).
88,080,000,019,999,500 WARNING main_het_teleport_mw_rb_yb_rb_er Starting Mw-to-Er teleportation trial 1469 at 88080000019999500.
88,140,000,019,999,500 WARNING main_het_teleport_mw_rb_yb_rb_er Mw-to-Er teleportation trial 1469 succeeded (completed=True, direct match=True, latency=2.81316175 seconds).
88,140,000,019,999,500 WARNING main_het_teleport_mw_rb_yb_rb_er Starting Mw-to-Er teleportation trial 1470 at 88140000019999500.
88,200,000,019,999,500 WARNING main_het_teleport_mw_rb_yb_rb_er Mw-to-Er teleportation trial 1470 failed (completed=True, direct match=False, latency=7.6657359375 seconds).
88,200,000,019,999,500 WARNING main_het_teleport_mw_rb_yb_rb_er Starting Mw-to-Er teleportation trial 1471 at 88200000019999500.
88,260,000,019,999,500 WARNING main_het_teleport_mw_rb_yb_rb_er Mw-to-Er teleportation trial 1471 succeeded (completed=True, direct match=True, latency=7.033130625 seconds).
88,260,000,019,999,500 WARNING main_het_teleport_mw_rb_yb_rb_er Starting Mw-to-Er teleportation trial 1472 at 88260000019999500.
88,320,000,019,999,500 WARNING main_het_teleport_mw_rb_yb_rb_er Mw-to-Er teleportation trial 1472 failed (completed=True, direct match=False, latency=5.6306345 seconds).
88,320,000,019,999,500 WARNING main_het_teleport_mw_rb_yb_rb_er Starting Mw-to-Er teleportation trial 1473 at 88320000019999500.
88,380,000,019,999,500 WARNING main_het_teleport_mw_rb_yb_rb_er Mw-to-Er teleportation trial 1473 succeeded (completed=True, direct match=True, latency=3.5393708125 seconds).
88,380,000,019,999,500 WARNING main_het_teleport_mw_rb_yb_rb_er Starting Mw-to-Er teleportation trial 1474 at 88380000019999500.
88,440,000,019,999,500 WARNING main_het_teleport_mw_rb_yb_rb_er Mw-to-Er teleportation trial 1474 succeeded (completed=True, direct match=True, latency=3.5315705 seconds).
88,440,000,019,999,500 WARNING main_het_teleport_mw_rb_yb_rb_er Starting Mw-to-Er teleportation trial 1475 at 88440000019999500.
88,500,000,019,999,500 WARNING main_het_teleport_mw_rb_yb_rb_er Mw-to-Er teleportation trial 1475 succeeded (completed=True, direct match=True, latency=7.0034894375 seconds).
88,500,000,019,999,500 WARNING main_het_teleport_mw_rb_yb_rb_er Starting Mw-to-Er teleportation trial 1476 at 88500000019999500.
88,560,000,019,999,500 WARNING main_het_teleport_mw_rb_yb_rb_er Mw-to-Er teleportation trial 1476 succeeded (completed=True, direct match=True, latency=5.6056735 seconds).
88,560,000,019,999,500 WARNING main_het_teleport_mw_rb_yb_rb_er Starting Mw-to-Er teleportation trial 1477 at 88560000019999500.
88,620,000,019,999,500 WARNING main_het_teleport_mw_rb_yb_rb_er Mw-to-Er teleportation trial 1477 succeeded (completed=True, direct match=True, latency=4.2234581875 seconds).
88,620,000,019,999,500 WARNING main_het_teleport_mw_rb_yb_rb_er Starting Mw-to-Er teleportation trial 1478 at 88620000019999500.
88,680,000,019,999,500 WARNING main_het_teleport_mw_rb_yb_rb_er Mw-to-Er teleportation trial 1478 succeeded (completed=True, direct match=True, latency=2.828762375 seconds).
88,680,000,019,999,500 WARNING main_het_teleport_mw_rb_yb_rb_er Starting Mw-to-Er teleportation trial 1479 at 88680000019999500.
88,740,000,019,999,500 WARNING main_het_teleport_mw_rb_yb_rb_er Mw-to-Er teleportation trial 1479 succeeded (completed=True, direct match=True, latency=7.71097775 seconds).
88,740,000,019,999,500 WARNING main_het_teleport_mw_rb_yb_rb_er Starting Mw-to-Er teleportation trial 1480 at 88740000019999500.
88,800,000,019,999,500 WARNING main_het_teleport_mw_rb_yb_rb_er Mw-to-Er teleportation trial 1480 succeeded (completed=True, direct match=True, latency=3.441086875 seconds).
88,800,000,019,999,500 WARNING main_het_teleport_mw_rb_yb_rb_er Starting Mw-to-Er teleportation trial 1481 at 88800000019999500.
88,860,000,019,999,500 WARNING main_het_teleport_mw_rb_yb_rb_er Mw-to-Er teleportation trial 1481 succeeded (completed=True, direct match=True, latency=1.4642706125 seconds).
88,860,000,019,999,500 WARNING main_het_teleport_mw_rb_yb_rb_er Starting Mw-to-Er teleportation trial 1482 at 88860000019999500.
88,920,000,019,999,500 WARNING main_het_teleport_mw_rb_yb_rb_er Mw-to-Er teleportation trial 1482 succeeded (completed=True, direct match=True, latency=7.0034894375 seconds).
88,920,000,019,999,500 WARNING main_het_teleport_mw_rb_yb_rb_er Starting Mw-to-Er teleportation trial 1483 at 88920000019999500.
88,980,000,019,999,500 WARNING main_het_teleport_mw_rb_yb_rb_er Mw-to-Er teleportation trial 1483 succeeded (completed=True, direct match=True, latency=7.0596516875 seconds).
88,980,000,019,999,500 WARNING main_het_teleport_mw_rb_yb_rb_er Starting Mw-to-Er teleportation trial 1484 at 88980000019999500.
89,040,000,019,999,500 WARNING main_het_teleport_mw_rb_yb_rb_er Mw-to-Er teleportation trial 1484 failed (completed=True, direct match=False, latency=4.868544 seconds).
89,040,000,019,999,500 WARNING main_het_teleport_mw_rb_yb_rb_er Starting Mw-to-Er teleportation trial 1485 at 89040000019999500.
89,100,000,019,999,500 WARNING main_het_teleport_mw_rb_yb_rb_er Mw-to-Er teleportation trial 1485 succeeded (completed=True, direct match=True, latency=2.1556597 seconds).
89,100,000,019,999,500 WARNING main_het_teleport_mw_rb_yb_rb_er Starting Mw-to-Er teleportation trial 1486 at 89100000019999500.
89,160,000,019,999,500 WARNING main_het_teleport_mw_rb_yb_rb_er Mw-to-Er teleportation trial 1486 succeeded (completed=True, direct match=True, latency=6.9910089375 seconds).
89,160,000,019,999,500 WARNING main_het_teleport_mw_rb_yb_rb_er Starting Mw-to-Er teleportation trial 1487 at 89160000019999500.
89,220,000,019,999,500 WARNING main_het_teleport_mw_rb_yb_rb_er Mw-to-Er teleportation trial 1487 succeeded (completed=True, direct match=True, latency=4.1563755 seconds).
89,220,000,019,999,500 WARNING main_het_teleport_mw_rb_yb_rb_er Starting Mw-to-Er teleportation trial 1488 at 89220000019999500.
89,280,000,019,999,500 WARNING main_het_teleport_mw_rb_yb_rb_er Mw-to-Er teleportation trial 1488 succeeded (completed=True, direct match=True, latency=5.61191375 seconds).
89,280,000,019,999,500 WARNING main_het_teleport_mw_rb_yb_rb_er Starting Mw-to-Er teleportation trial 1489 at 89280000019999500.
89,340,000,019,999,500 WARNING main_het_teleport_mw_rb_yb_rb_er Mw-to-Er teleportation trial 1489 failed (completed=True, direct match=False, latency=7.01128975 seconds).
89,340,000,019,999,500 WARNING main_het_teleport_mw_rb_yb_rb_er Starting Mw-to-Er teleportation trial 1490 at 89340000019999500.
89,400,000,019,999,500 WARNING main_het_teleport_mw_rb_yb_rb_er Mw-to-Er teleportation trial 1490 failed (completed=True, direct match=False, latency=2.1212740625 seconds).
89,400,000,019,999,500 WARNING main_het_teleport_mw_rb_yb_rb_er Starting Mw-to-Er teleportation trial 1491 at 89400000019999500.
89,460,000,019,999,500 WARNING main_het_teleport_mw_rb_yb_rb_er Mw-to-Er teleportation trial 1491 succeeded (completed=True, direct match=True, latency=2.810041625 seconds).
89,460,000,019,999,500 WARNING main_het_teleport_mw_rb_yb_rb_er Starting Mw-to-Er teleportation trial 1492 at 89460000019999500.
89,520,000,019,999,500 WARNING main_het_teleport_mw_rb_yb_rb_er Mw-to-Er teleportation trial 1492 succeeded (completed=True, direct match=True, latency=3.5456110625 seconds).
89,520,000,019,999,500 WARNING main_het_teleport_mw_rb_yb_rb_er Starting Mw-to-Er teleportation trial 1493 at 89520000019999500.
89,580,000,019,999,500 WARNING main_het_teleport_mw_rb_yb_rb_er Mw-to-Er teleportation trial 1493 succeeded (completed=True, direct match=True, latency=3.4769683125 seconds).
89,580,000,019,999,500 WARNING main_het_teleport_mw_rb_yb_rb_er Starting Mw-to-Er teleportation trial 1494 at 89580000019999500.
89,640,000,019,999,500 WARNING main_het_teleport_mw_rb_yb_rb_er Mw-to-Er teleportation trial 1494 failed (completed=True, direct match=False, latency=9.0463911875 seconds).
89,640,000,019,999,500 WARNING main_het_teleport_mw_rb_yb_rb_er Starting Mw-to-Er teleportation trial 1495 at 89640000019999500.
89,700,000,019,999,500 WARNING main_het_teleport_mw_rb_yb_rb_er Mw-to-Er teleportation trial 1495 succeeded (completed=True, direct match=True, latency=9.1119138125 seconds).
89,700,000,019,999,500 WARNING main_het_teleport_mw_rb_yb_rb_er Starting Mw-to-Er teleportation trial 1496 at 89700000019999500.
89,760,000,019,999,500 WARNING main_het_teleport_mw_rb_yb_rb_er Mw-to-Er teleportation trial 1496 succeeded (completed=True, direct match=True, latency=4.215657875 seconds).
89,760,000,019,999,500 WARNING main_het_teleport_mw_rb_yb_rb_er Starting Mw-to-Er teleportation trial 1497 at 89760000019999500.
89,820,000,019,999,500 WARNING main_het_teleport_mw_rb_yb_rb_er Mw-to-Er teleportation trial 1497 succeeded (completed=True, direct match=True, latency=6.34904325 seconds).
89,820,000,019,999,500 WARNING main_het_teleport_mw_rb_yb_rb_er Starting Mw-to-Er teleportation trial 1498 at 89820000019999500.
89,880,000,019,999,500 WARNING main_het_teleport_mw_rb_yb_rb_er Mw-to-Er teleportation trial 1498 succeeded (completed=True, direct match=True, latency=0.7499791875 seconds).
89,880,000,019,999,500 WARNING main_het_teleport_mw_rb_yb_rb_er Starting Mw-to-Er teleportation trial 1499 at 89880000019999500.
89,940,000,019,999,500 WARNING main_het_teleport_mw_rb_yb_rb_er Mw-to-Er teleportation trial 1499 succeeded (completed=True, direct match=True, latency=6.2788404375 seconds).
89,940,000,019,999,500 WARNING main_het_teleport_mw_rb_yb_rb_er Starting Mw-to-Er teleportation trial 1500 at 89940000019999500.
90,000,000,019,999,500 WARNING main_het_teleport_mw_rb_yb_rb_er Mw-to-Er teleportation trial 1500 succeeded (completed=True, direct match=True, latency=11.19693725 seconds).
90,000,000,019,999,500 WARNING main_het_teleport_mw_rb_yb_rb_er Starting Mw-to-Er teleportation trial 1501 at 90000000019999500.
90,060,000,019,999,500 WARNING main_het_teleport_mw_rb_yb_rb_er Mw-to-Er teleportation trial 1501 succeeded (completed=True, direct match=True, latency=7.776500375 seconds).
90,060,000,019,999,500 WARNING main_het_teleport_mw_rb_yb_rb_er Starting Mw-to-Er teleportation trial 1502 at 90060000019999500.
90,120,000,019,999,500 WARNING main_het_teleport_mw_rb_yb_rb_er Mw-to-Er teleportation trial 1502 succeeded (completed=True, direct match=True, latency=7.6563755625 seconds).
90,120,000,019,999,500 WARNING main_het_teleport_mw_rb_yb_rb_er Starting Mw-to-Er teleportation trial 1503 at 90120000019999500.
90,180,000,019,999,500 WARNING main_het_teleport_mw_rb_yb_rb_er Mw-to-Er teleportation trial 1503 failed (completed=True, direct match=False, latency=0.7250181875 seconds).
90,180,000,019,999,500 WARNING main_het_teleport_mw_rb_yb_rb_er Starting Mw-to-Er teleportation trial 1504 at 90180000019999500.
90,240,000,019,999,500 WARNING main_het_teleport_mw_rb_yb_rb_er Mw-to-Er teleportation trial 1504 succeeded (completed=True, direct match=True, latency=3.5144098125 seconds).
90,240,000,019,999,500 WARNING main_het_teleport_mw_rb_yb_rb_er Starting Mw-to-Er teleportation trial 1505 at 90240000019999500.
90,300,000,019,999,500 WARNING main_het_teleport_mw_rb_yb_rb_er Mw-to-Er teleportation trial 1505 failed (completed=True, direct match=False, latency=3.5331305625 seconds).
90,300,000,019,999,500 WARNING main_het_teleport_mw_rb_yb_rb_er Starting Mw-to-Er teleportation trial 1506 at 90300000019999500.
90,360,000,019,999,500 WARNING main_het_teleport_mw_rb_yb_rb_er Mw-to-Er teleportation trial 1506 succeeded (completed=True, direct match=True, latency=2.8459230625 seconds).
90,360,000,019,999,500 WARNING main_het_teleport_mw_rb_yb_rb_er Starting Mw-to-Er teleportation trial 1507 at 90360000019999500.
90,420,000,019,999,500 WARNING main_het_teleport_mw_rb_yb_rb_er Mw-to-Er teleportation trial 1507 succeeded (completed=True, direct match=True, latency=1.360743625 seconds).
90,420,000,019,999,500 WARNING main_het_teleport_mw_rb_yb_rb_er Starting Mw-to-Er teleportation trial 1508 at 90420000019999500.
90,480,000,019,999,500 WARNING main_het_teleport_mw_rb_yb_rb_er Mw-to-Er teleportation trial 1508 failed (completed=True, direct match=False, latency=6.2788404375 seconds).
90,480,000,019,999,500 WARNING main_het_teleport_mw_rb_yb_rb_er Starting Mw-to-Er teleportation trial 1509 at 90480000019999500.
90,540,000,019,999,500 WARNING main_het_teleport_mw_rb_yb_rb_er Mw-to-Er teleportation trial 1509 succeeded (completed=True, direct match=True, latency=1.5019918625 seconds).
90,540,000,019,999,500 WARNING main_het_teleport_mw_rb_yb_rb_er Starting Mw-to-Er teleportation trial 1510 at 90540000019999500.
90,600,000,019,999,500 WARNING main_het_teleport_mw_rb_yb_rb_er Mw-to-Er teleportation trial 1510 succeeded (completed=True, direct match=True, latency=4.8451430625 seconds).
90,600,000,019,999,500 WARNING main_het_teleport_mw_rb_yb_rb_er Starting Mw-to-Er teleportation trial 1511 at 90600000019999500.
90,660,000,019,999,500 WARNING main_het_teleport_mw_rb_yb_rb_er Mw-to-Er teleportation trial 1511 succeeded (completed=True, direct match=True, latency=2.8864846875 seconds).
90,660,000,019,999,500 WARNING main_het_teleport_mw_rb_yb_rb_er Starting Mw-to-Er teleportation trial 1512 at 90660000019999500.
90,720,000,019,999,500 WARNING main_het_teleport_mw_rb_yb_rb_er Mw-to-Er teleportation trial 1512 succeeded (completed=True, direct match=True, latency=2.904442975 seconds).
90,720,000,019,999,500 WARNING main_het_teleport_mw_rb_yb_rb_er Starting Mw-to-Er teleportation trial 1513 at 90720000019999500.
90,780,000,019,999,500 WARNING main_het_teleport_mw_rb_yb_rb_er Mw-to-Er teleportation trial 1513 succeeded (completed=True, direct match=True, latency=2.1025533125 seconds).
90,780,000,019,999,500 WARNING main_het_teleport_mw_rb_yb_rb_er Starting Mw-to-Er teleportation trial 1514 at 90780000019999500.
90,840,000,019,999,500 WARNING main_het_teleport_mw_rb_yb_rb_er Mw-to-Er teleportation trial 1514 succeeded (completed=True, direct match=True, latency=5.615033875 seconds).
90,840,000,019,999,500 WARNING main_het_teleport_mw_rb_yb_rb_er Starting Mw-to-Er teleportation trial 1515 at 90840000019999500.
90,900,000,019,999,500 WARNING main_het_teleport_mw_rb_yb_rb_er Mw-to-Er teleportation trial 1515 succeeded (completed=True, direct match=True, latency=4.9262663125 seconds).
90,900,000,019,999,500 WARNING main_het_teleport_mw_rb_yb_rb_er Starting Mw-to-Er teleportation trial 1516 at 90900000019999500.
90,960,000,019,999,500 WARNING main_het_teleport_mw_rb_yb_rb_er Mw-to-Er teleportation trial 1516 succeeded (completed=True, direct match=True, latency=5.590072875 seconds).
90,960,000,019,999,500 WARNING main_het_teleport_mw_rb_yb_rb_er Starting Mw-to-Er teleportation trial 1517 at 90960000019999500.
91,020,000,019,999,500 WARNING main_het_teleport_mw_rb_yb_rb_er Mw-to-Er teleportation trial 1517 succeeded (completed=True, direct match=True, latency=8.4184660625 seconds).
91,020,000,019,999,500 WARNING main_het_teleport_mw_rb_yb_rb_er Starting Mw-to-Er teleportation trial 1518 at 91020000019999500.
91,080,000,019,999,500 WARNING main_het_teleport_mw_rb_yb_rb_er Mw-to-Er teleportation trial 1518 succeeded (completed=True, direct match=True, latency=2.13277155 seconds).
91,080,000,019,999,500 WARNING main_het_teleport_mw_rb_yb_rb_er Starting Mw-to-Er teleportation trial 1519 at 91080000019999500.
91,140,000,019,999,500 WARNING main_het_teleport_mw_rb_yb_rb_er Mw-to-Er teleportation trial 1519 succeeded (completed=True, direct match=True, latency=6.3303225 seconds).
91,140,000,019,999,500 WARNING main_het_teleport_mw_rb_yb_rb_er Starting Mw-to-Er teleportation trial 1520 at 91140000019999500.
91,200,000,019,999,500 WARNING main_het_teleport_mw_rb_yb_rb_er Mw-to-Er teleportation trial 1520 succeeded (completed=True, direct match=True, latency=4.9309465 seconds).
91,200,000,019,999,500 WARNING main_het_teleport_mw_rb_yb_rb_er Starting Mw-to-Er teleportation trial 1521 at 91200000019999500.
91,260,000,019,999,500 WARNING main_het_teleport_mw_rb_yb_rb_er Mw-to-Er teleportation trial 1521 succeeded (completed=True, direct match=True, latency=2.1627096375 seconds).
91,260,000,019,999,500 WARNING main_het_teleport_mw_rb_yb_rb_er Starting Mw-to-Er teleportation trial 1522 at 91260000019999500.
91,320,000,019,999,500 WARNING main_het_teleport_mw_rb_yb_rb_er Mw-to-Er teleportation trial 1522 succeeded (completed=True, direct match=True, latency=3.5144098125 seconds).
91,320,000,019,999,500 WARNING main_het_teleport_mw_rb_yb_rb_er Starting Mw-to-Er teleportation trial 1523 at 91320000019999500.
91,380,000,019,999,500 WARNING main_het_teleport_mw_rb_yb_rb_er Mw-to-Er teleportation trial 1523 succeeded (completed=True, direct match=True, latency=7.6797765 seconds).
91,380,000,019,999,500 WARNING main_het_teleport_mw_rb_yb_rb_er Starting Mw-to-Er teleportation trial 1524 at 91380000019999500.
91,440,000,019,999,500 WARNING main_het_teleport_mw_rb_yb_rb_er Mw-to-Er teleportation trial 1524 succeeded (completed=True, direct match=True, latency=7.0003693125 seconds).
91,440,000,019,999,500 WARNING main_het_teleport_mw_rb_yb_rb_er Starting Mw-to-Er teleportation trial 1525 at 91440000019999500.
91,500,000,019,999,500 WARNING main_het_teleport_mw_rb_yb_rb_er Mw-to-Er teleportation trial 1525 succeeded (completed=True, direct match=True, latency=3.51284975 seconds).
91,500,000,019,999,500 WARNING main_het_teleport_mw_rb_yb_rb_er Starting Mw-to-Er teleportation trial 1526 at 91500000019999500.
91,560,000,019,999,500 WARNING main_het_teleport_mw_rb_yb_rb_er Mw-to-Er teleportation trial 1526 succeeded (completed=True, direct match=True, latency=7.714097875 seconds).
91,560,000,019,999,500 WARNING main_het_teleport_mw_rb_yb_rb_er Starting Mw-to-Er teleportation trial 1527 at 91560000019999500.
91,620,000,019,999,500 WARNING main_het_teleport_mw_rb_yb_rb_er Mw-to-Er teleportation trial 1527 failed (completed=True, direct match=False, latency=1.509907175 seconds).
91,620,000,019,999,500 WARNING main_het_teleport_mw_rb_yb_rb_er Starting Mw-to-Er teleportation trial 1528 at 91620000019999500.
91,680,000,019,999,500 WARNING main_het_teleport_mw_rb_yb_rb_er Mw-to-Er teleportation trial 1528 succeeded (completed=True, direct match=True, latency=3.4520073125 seconds).
91,680,000,019,999,500 WARNING main_het_teleport_mw_rb_yb_rb_er Starting Mw-to-Er teleportation trial 1529 at 91680000019999500.
91,740,000,019,999,500 WARNING main_het_teleport_mw_rb_yb_rb_er Mw-to-Er teleportation trial 1529 succeeded (completed=True, direct match=True, latency=0.79179095 seconds).
91,740,000,019,999,500 WARNING main_het_teleport_mw_rb_yb_rb_er Starting Mw-to-Er teleportation trial 1530 at 91740000019999500.
91,800,000,019,999,500 WARNING main_het_teleport_mw_rb_yb_rb_er Mw-to-Er teleportation trial 1530 succeeded (completed=True, direct match=True, latency=4.1204940625 seconds).
91,800,000,019,999,500 WARNING main_het_teleport_mw_rb_yb_rb_er Starting Mw-to-Er teleportation trial 1531 at 91800000019999500.
91,860,000,019,999,500 WARNING main_het_teleport_mw_rb_yb_rb_er Mw-to-Er teleportation trial 1531 succeeded (completed=True, direct match=True, latency=3.5050494375 seconds).
91,860,000,019,999,500 WARNING main_het_teleport_mw_rb_yb_rb_er Starting Mw-to-Er teleportation trial 1532 at 91860000019999500.
91,920,000,019,999,500 WARNING main_het_teleport_mw_rb_yb_rb_er Mw-to-Er teleportation trial 1532 succeeded (completed=True, direct match=True, latency=5.6321945625 seconds).
91,920,000,019,999,500 WARNING main_het_teleport_mw_rb_yb_rb_er Starting Mw-to-Er teleportation trial 1533 at 91920000019999500.
91,980,000,019,999,500 WARNING main_het_teleport_mw_rb_yb_rb_er Mw-to-Er teleportation trial 1533 succeeded (completed=True, direct match=True, latency=2.7991211875 seconds).
91,980,000,019,999,500 WARNING main_het_teleport_mw_rb_yb_rb_er Starting Mw-to-Er teleportation trial 1534 at 91980000019999500.
92,040,000,019,999,500 WARNING main_het_teleport_mw_rb_yb_rb_er Mw-to-Er teleportation trial 1534 failed (completed=True, direct match=False, latency=2.8272023125 seconds).
92,040,000,019,999,500 WARNING main_het_teleport_mw_rb_yb_rb_er Starting Mw-to-Er teleportation trial 1535 at 92040000019999500.
92,100,000,019,999,500 WARNING main_het_teleport_mw_rb_yb_rb_er Mw-to-Er teleportation trial 1535 failed (completed=True, direct match=False, latency=1.4527873125 seconds).
92,100,000,019,999,500 WARNING main_het_teleport_mw_rb_yb_rb_er Starting Mw-to-Er teleportation trial 1536 at 92100000019999500.
92,160,000,019,999,500 WARNING main_het_teleport_mw_rb_yb_rb_er Mw-to-Er teleportation trial 1536 failed (completed=True, direct match=False, latency=4.877904375 seconds).
92,160,000,019,999,500 WARNING main_het_teleport_mw_rb_yb_rb_er Starting Mw-to-Er teleportation trial 1537 at 92160000019999500.
92,220,000,019,999,500 WARNING main_het_teleport_mw_rb_yb_rb_er Mw-to-Er teleportation trial 1537 succeeded (completed=True, direct match=True, latency=2.097873125 seconds).
92,220,000,019,999,500 WARNING main_het_teleport_mw_rb_yb_rb_er Starting Mw-to-Er teleportation trial 1538 at 92220000019999500.
92,280,000,019,999,500 WARNING main_het_teleport_mw_rb_yb_rb_er Mw-to-Er teleportation trial 1538 succeeded (completed=True, direct match=True, latency=4.1922569375 seconds).
92,280,000,019,999,500 WARNING main_het_teleport_mw_rb_yb_rb_er Starting Mw-to-Er teleportation trial 1539 at 92280000019999500.
92,340,000,019,999,500 WARNING main_het_teleport_mw_rb_yb_rb_er Mw-to-Er teleportation trial 1539 succeeded (completed=True, direct match=True, latency=1.354503375 seconds).
92,340,000,019,999,500 WARNING main_het_teleport_mw_rb_yb_rb_er Starting Mw-to-Er teleportation trial 1540 at 92340000019999500.
92,400,000,019,999,500 WARNING main_het_teleport_mw_rb_yb_rb_er Mw-to-Er teleportation trial 1540 succeeded (completed=True, direct match=True, latency=7.7062975625 seconds).
92,400,000,019,999,500 WARNING main_het_teleport_mw_rb_yb_rb_er Starting Mw-to-Er teleportation trial 1541 at 92400000019999500.
92,460,000,019,999,500 WARNING main_het_teleport_mw_rb_yb_rb_er Mw-to-Er teleportation trial 1541 succeeded (completed=True, direct match=True, latency=11.215658 seconds).
92,460,000,019,999,500 WARNING main_het_teleport_mw_rb_yb_rb_er Starting Mw-to-Er teleportation trial 1542 at 92460000019999500.
92,520,000,019,999,500 WARNING main_het_teleport_mw_rb_yb_rb_er Mw-to-Er teleportation trial 1542 succeeded (completed=True, direct match=True, latency=3.494129 seconds).
92,520,000,019,999,500 WARNING main_het_teleport_mw_rb_yb_rb_er Starting Mw-to-Er teleportation trial 1543 at 92520000019999500.
92,580,000,019,999,500 WARNING main_het_teleport_mw_rb_yb_rb_er Mw-to-Er teleportation trial 1543 succeeded (completed=True, direct match=True, latency=2.7991211875 seconds).
92,580,000,019,999,500 WARNING main_het_teleport_mw_rb_yb_rb_er Starting Mw-to-Er teleportation trial 1544 at 92580000019999500.
92,640,000,019,999,500 WARNING main_het_teleport_mw_rb_yb_rb_er Mw-to-Er teleportation trial 1544 succeeded (completed=True, direct match=True, latency=3.5268903125 seconds).
92,640,000,019,999,500 WARNING main_het_teleport_mw_rb_yb_rb_er Starting Mw-to-Er teleportation trial 1545 at 92640000019999500.
92,700,000,019,999,500 WARNING main_het_teleport_mw_rb_yb_rb_er Mw-to-Er teleportation trial 1545 failed (completed=True, direct match=False, latency=2.1243941875 seconds).
92,700,000,019,999,500 WARNING main_het_teleport_mw_rb_yb_rb_er Starting Mw-to-Er teleportation trial 1546 at 92700000019999500.
92,760,000,019,999,500 WARNING main_het_teleport_mw_rb_yb_rb_er Mw-to-Er teleportation trial 1546 succeeded (completed=True, direct match=True, latency=2.1431149375 seconds).
92,760,000,019,999,500 WARNING main_het_teleport_mw_rb_yb_rb_er Starting Mw-to-Er teleportation trial 1547 at 92760000019999500.
92,820,000,019,999,500 WARNING main_het_teleport_mw_rb_yb_rb_er Mw-to-Er teleportation trial 1547 succeeded (completed=True, direct match=True, latency=10.5331306875 seconds).
92,820,000,019,999,500 WARNING main_het_teleport_mw_rb_yb_rb_er Starting Mw-to-Er teleportation trial 1548 at 92820000019999500.
92,880,000,019,999,500 WARNING main_het_teleport_mw_rb_yb_rb_er Mw-to-Er teleportation trial 1548 succeeded (completed=True, direct match=True, latency=2.8022413125 seconds).
92,880,000,019,999,500 WARNING main_het_teleport_mw_rb_yb_rb_er Starting Mw-to-Er teleportation trial 1549 at 92880000019999500.
92,940,000,019,999,500 WARNING main_het_teleport_mw_rb_yb_rb_er Mw-to-Er teleportation trial 1549 failed (completed=True, direct match=False, latency=6.2788404375 seconds).
92,940,000,019,999,500 WARNING main_het_teleport_mw_rb_yb_rb_er Starting Mw-to-Er teleportation trial 1550 at 92940000019999500.
93,000,000,019,999,500 WARNING main_het_teleport_mw_rb_yb_rb_er Mw-to-Er teleportation trial 1550 succeeded (completed=True, direct match=True, latency=8.4371868125 seconds).
93,000,000,019,999,500 WARNING main_het_teleport_mw_rb_yb_rb_er Starting Mw-to-Er teleportation trial 1551 at 93000000019999500.
93,060,000,019,999,500 WARNING main_het_teleport_mw_rb_yb_rb_er Mw-to-Er teleportation trial 1551 succeeded (completed=True, direct match=True, latency=5.6056735 seconds).
93,060,000,019,999,500 WARNING main_het_teleport_mw_rb_yb_rb_er Starting Mw-to-Er teleportation trial 1552 at 93060000019999500.
93,120,000,019,999,500 WARNING main_het_teleport_mw_rb_yb_rb_er Mw-to-Er teleportation trial 1552 succeeded (completed=True, direct match=True, latency=2.1072335 seconds).
93,120,000,019,999,500 WARNING main_het_teleport_mw_rb_yb_rb_er Starting Mw-to-Er teleportation trial 1553 at 93120000019999500.
93,180,000,019,999,500 WARNING main_het_teleport_mw_rb_yb_rb_er Mw-to-Er teleportation trial 1553 succeeded (completed=True, direct match=True, latency=3.494129 seconds).
93,180,000,019,999,500 WARNING main_het_teleport_mw_rb_yb_rb_er Starting Mw-to-Er teleportation trial 1554 at 93180000019999500.
93,240,000,019,999,500 WARNING main_het_teleport_mw_rb_yb_rb_er Mw-to-Er teleportation trial 1554 succeeded (completed=True, direct match=True, latency=1.485548625 seconds).
93,240,000,019,999,500 WARNING main_het_teleport_mw_rb_yb_rb_er Starting Mw-to-Er teleportation trial 1555 at 93240000019999500.
93,300,000,019,999,500 WARNING main_het_teleport_mw_rb_yb_rb_er Mw-to-Er teleportation trial 1555 succeeded (completed=True, direct match=True, latency=2.135314625 seconds).
93,300,000,019,999,500 WARNING main_het_teleport_mw_rb_yb_rb_er Starting Mw-to-Er teleportation trial 1556 at 93300000019999500.
93,360,000,019,999,500 WARNING main_het_teleport_mw_rb_yb_rb_er Mw-to-Er teleportation trial 1556 succeeded (completed=True, direct match=True, latency=1.3872646875 seconds).
93,360,000,019,999,500 WARNING main_het_teleport_mw_rb_yb_rb_er Starting Mw-to-Er teleportation trial 1557 at 93360000019999500.
93,420,000,019,999,500 WARNING main_het_teleport_mw_rb_yb_rb_er Mw-to-Er teleportation trial 1557 succeeded (completed=True, direct match=True, latency=3.553411375 seconds).
93,420,000,019,999,500 WARNING main_het_teleport_mw_rb_yb_rb_er Starting Mw-to-Er teleportation trial 1558 at 93420000019999500.
93,480,000,019,999,500 WARNING main_het_teleport_mw_rb_yb_rb_er Mw-to-Er teleportation trial 1558 succeeded (completed=True, direct match=True, latency=9.837995475 seconds).
93,480,000,019,999,500 WARNING main_het_teleport_mw_rb_yb_rb_er Starting Mw-to-Er teleportation trial 1559 at 93480000019999500.
93,540,000,019,999,500 WARNING main_het_teleport_mw_rb_yb_rb_er Mw-to-Er teleportation trial 1559 succeeded (completed=True, direct match=True, latency=4.2577795625 seconds).
93,540,000,019,999,500 WARNING main_het_teleport_mw_rb_yb_rb_er Starting Mw-to-Er teleportation trial 1560 at 93540000019999500.
93,600,000,019,999,500 WARNING main_het_teleport_mw_rb_yb_rb_er Mw-to-Er teleportation trial 1560 succeeded (completed=True, direct match=True, latency=3.553411375 seconds).
93,600,000,019,999,500 WARNING main_het_teleport_mw_rb_yb_rb_er Starting Mw-to-Er teleportation trial 1561 at 93600000019999500.
93,660,000,019,999,500 WARNING main_het_teleport_mw_rb_yb_rb_er Mw-to-Er teleportation trial 1561 failed (completed=True, direct match=False, latency=10.4488873125 seconds).
93,660,000,019,999,500 WARNING main_het_teleport_mw_rb_yb_rb_er Starting Mw-to-Er teleportation trial 1562 at 93660000019999500.
93,720,000,019,999,500 WARNING main_het_teleport_mw_rb_yb_rb_er Mw-to-Er teleportation trial 1562 succeeded (completed=True, direct match=True, latency=2.81316175 seconds).
93,720,000,019,999,500 WARNING main_het_teleport_mw_rb_yb_rb_er Starting Mw-to-Er teleportation trial 1563 at 93720000019999500.
93,780,000,019,999,500 WARNING main_het_teleport_mw_rb_yb_rb_er Mw-to-Er teleportation trial 1563 succeeded (completed=True, direct match=True, latency=7.726578375 seconds).
93,780,000,019,999,500 WARNING main_het_teleport_mw_rb_yb_rb_er Starting Mw-to-Er teleportation trial 1564 at 93780000019999500.
93,840,000,019,999,500 WARNING main_het_teleport_mw_rb_yb_rb_er Mw-to-Er teleportation trial 1564 succeeded (completed=True, direct match=True, latency=4.2172179375 seconds).
93,840,000,019,999,500 WARNING main_het_teleport_mw_rb_yb_rb_er Starting Mw-to-Er teleportation trial 1565 at 93840000019999500.
93,900,000,019,999,500 WARNING main_het_teleport_mw_rb_yb_rb_er Mw-to-Er teleportation trial 1565 succeeded (completed=True, direct match=True, latency=4.8981851875 seconds).
93,900,000,019,999,500 WARNING main_het_teleport_mw_rb_yb_rb_er Starting Mw-to-Er teleportation trial 1566 at 93900000019999500.
93,960,000,019,999,500 WARNING main_het_teleport_mw_rb_yb_rb_er Mw-to-Er teleportation trial 1566 succeeded (completed=True, direct match=True, latency=7.039370875 seconds).
93,960,000,019,999,500 WARNING main_het_teleport_mw_rb_yb_rb_er Starting Mw-to-Er teleportation trial 1567 at 93960000019999500.
94,020,000,019,999,500 WARNING main_het_teleport_mw_rb_yb_rb_er Mw-to-Er teleportation trial 1567 succeeded (completed=True, direct match=True, latency=4.159495625 seconds).
94,020,000,019,999,500 WARNING main_het_teleport_mw_rb_yb_rb_er Starting Mw-to-Er teleportation trial 1568 at 94020000019999500.
94,080,000,019,999,500 WARNING main_het_teleport_mw_rb_yb_rb_er Mw-to-Er teleportation trial 1568 succeeded (completed=True, direct match=True, latency=4.918466 seconds).
94,080,000,019,999,500 WARNING main_het_teleport_mw_rb_yb_rb_er Starting Mw-to-Er teleportation trial 1569 at 94080000019999500.
94,140,000,019,999,500 WARNING main_het_teleport_mw_rb_yb_rb_er Mw-to-Er teleportation trial 1569 failed (completed=True, direct match=False, latency=3.5175299375 seconds).
94,140,000,019,999,500 WARNING main_het_teleport_mw_rb_yb_rb_er Starting Mw-to-Er teleportation trial 1570 at 94140000019999500.
94,200,000,019,999,500 WARNING main_het_teleport_mw_rb_yb_rb_er Mw-to-Er teleportation trial 1570 succeeded (completed=True, direct match=True, latency=0.7094175625 seconds).
94,200,000,019,999,500 WARNING main_het_teleport_mw_rb_yb_rb_er Starting Mw-to-Er teleportation trial 1571 at 94200000019999500.
94,260,000,019,999,500 WARNING main_het_teleport_mw_rb_yb_rb_er Mw-to-Er teleportation trial 1571 succeeded (completed=True, direct match=True, latency=5.6306345 seconds).
94,260,000,019,999,500 WARNING main_het_teleport_mw_rb_yb_rb_er Starting Mw-to-Er teleportation trial 1572 at 94260000019999500.
94,320,000,019,999,500 WARNING main_het_teleport_mw_rb_yb_rb_er Mw-to-Er teleportation trial 1572 succeeded (completed=True, direct match=True, latency=3.5175299375 seconds).
94,320,000,019,999,500 WARNING main_het_teleport_mw_rb_yb_rb_er Starting Mw-to-Er teleportation trial 1573 at 94320000019999500.
94,380,000,019,999,500 WARNING main_het_teleport_mw_rb_yb_rb_er Mw-to-Er teleportation trial 1573 succeeded (completed=True, direct match=True, latency=2.8069215 seconds).
94,380,000,019,999,500 WARNING main_het_teleport_mw_rb_yb_rb_er Starting Mw-to-Er teleportation trial 1574 at 94380000019999500.
94,440,000,019,999,500 WARNING main_het_teleport_mw_rb_yb_rb_er Mw-to-Er teleportation trial 1574 succeeded (completed=True, direct match=True, latency=3.4816485 seconds).
94,440,000,019,999,500 WARNING main_het_teleport_mw_rb_yb_rb_er Starting Mw-to-Er teleportation trial 1575 at 94440000019999500.
94,500,000,019,999,500 WARNING main_het_teleport_mw_rb_yb_rb_er Mw-to-Er teleportation trial 1575 succeeded (completed=True, direct match=True, latency=6.333442625 seconds).
94,500,000,019,999,500 WARNING main_het_teleport_mw_rb_yb_rb_er Starting Mw-to-Er teleportation trial 1576 at 94500000019999500.
94,560,000,019,999,500 WARNING main_het_teleport_mw_rb_yb_rb_er Mw-to-Er teleportation trial 1576 succeeded (completed=True, direct match=True, latency=4.877904375 seconds).
94,560,000,019,999,500 WARNING main_het_teleport_mw_rb_yb_rb_er Starting Mw-to-Er teleportation trial 1577 at 94560000019999500.
94,620,000,019,999,500 WARNING main_het_teleport_mw_rb_yb_rb_er Mw-to-Er teleportation trial 1577 failed (completed=True, direct match=False, latency=3.515969875 seconds).
94,620,000,019,999,500 WARNING main_het_teleport_mw_rb_yb_rb_er Starting Mw-to-Er teleportation trial 1578 at 94620000019999500.
94,680,000,019,999,500 WARNING main_het_teleport_mw_rb_yb_rb_er Mw-to-Er teleportation trial 1578 succeeded (completed=True, direct match=True, latency=2.8428029375 seconds).
94,680,000,019,999,500 WARNING main_het_teleport_mw_rb_yb_rb_er Starting Mw-to-Er teleportation trial 1579 at 94680000019999500.
94,740,000,019,999,500 WARNING main_het_teleport_mw_rb_yb_rb_er Mw-to-Er teleportation trial 1579 failed (completed=True, direct match=False, latency=6.2913209375 seconds).
94,740,000,019,999,500 WARNING main_het_teleport_mw_rb_yb_rb_er Starting Mw-to-Er teleportation trial 1580 at 94740000019999500.
94,800,000,019,999,500 WARNING main_het_teleport_mw_rb_yb_rb_er Mw-to-Er teleportation trial 1580 succeeded (completed=True, direct match=True, latency=2.139358825 seconds).
94,800,000,019,999,500 WARNING main_het_teleport_mw_rb_yb_rb_er Starting Mw-to-Er teleportation trial 1581 at 94800000019999500.
94,860,000,019,999,500 WARNING main_het_teleport_mw_rb_yb_rb_er Mw-to-Er teleportation trial 1581 succeeded (completed=True, direct match=True, latency=9.1087936875 seconds).
94,860,000,019,999,500 WARNING main_het_teleport_mw_rb_yb_rb_er Starting Mw-to-Er teleportation trial 1582 at 94860000019999500.
94,920,000,019,999,500 WARNING main_het_teleport_mw_rb_yb_rb_er Mw-to-Er teleportation trial 1582 succeeded (completed=True, direct match=True, latency=3.540136675 seconds).
94,920,000,019,999,500 WARNING main_het_teleport_mw_rb_yb_rb_er Starting Mw-to-Er teleportation trial 1583 at 94920000019999500.
94,980,000,019,999,500 WARNING main_het_teleport_mw_rb_yb_rb_er Mw-to-Er teleportation trial 1583 succeeded (completed=True, direct match=True, latency=3.528450375 seconds).
94,980,000,019,999,500 WARNING main_het_teleport_mw_rb_yb_rb_er Starting Mw-to-Er teleportation trial 1584 at 94980000019999500.
95,040,000,019,999,500 WARNING main_het_teleport_mw_rb_yb_rb_er Mw-to-Er teleportation trial 1584 succeeded (completed=True, direct match=True, latency=9.1243943125 seconds).
95,040,000,019,999,500 WARNING main_het_teleport_mw_rb_yb_rb_er Starting Mw-to-Er teleportation trial 1585 at 95040000019999500.
95,100,000,019,999,500 WARNING main_het_teleport_mw_rb_yb_rb_er Mw-to-Er teleportation trial 1585 failed (completed=True, direct match=False, latency=6.3100416875 seconds).
95,100,000,019,999,500 WARNING main_het_teleport_mw_rb_yb_rb_er Starting Mw-to-Er teleportation trial 1586 at 95100000019999500.
95,160,000,019,999,500 WARNING main_het_teleport_mw_rb_yb_rb_er Mw-to-Er teleportation trial 1586 succeeded (completed=True, direct match=True, latency=2.8022413125 seconds).
95,160,000,019,999,500 WARNING main_het_teleport_mw_rb_yb_rb_er Starting Mw-to-Er teleportation trial 1587 at 95160000019999500.
95,220,000,019,999,500 WARNING main_het_teleport_mw_rb_yb_rb_er Mw-to-Er teleportation trial 1587 succeeded (completed=True, direct match=True, latency=3.51284975 seconds).
95,220,000,019,999,500 WARNING main_het_teleport_mw_rb_yb_rb_er Starting Mw-to-Er teleportation trial 1588 at 95220000019999500.
95,280,000,019,999,500 WARNING main_het_teleport_mw_rb_yb_rb_er Mw-to-Er teleportation trial 1588 succeeded (completed=True, direct match=True, latency=4.2515393125 seconds).
95,280,000,019,999,500 WARNING main_het_teleport_mw_rb_yb_rb_er Starting Mw-to-Er teleportation trial 1589 at 95280000019999500.
95,340,000,019,999,500 WARNING main_het_teleport_mw_rb_yb_rb_er Mw-to-Er teleportation trial 1589 succeeded (completed=True, direct match=True, latency=4.21253775 seconds).
95,340,000,019,999,500 WARNING main_het_teleport_mw_rb_yb_rb_er Starting Mw-to-Er teleportation trial 1590 at 95340000019999500.
95,400,000,019,999,500 WARNING main_het_teleport_mw_rb_yb_rb_er Mw-to-Er teleportation trial 1590 succeeded (completed=True, direct match=True, latency=8.413785875 seconds).
95,400,000,019,999,500 WARNING main_het_teleport_mw_rb_yb_rb_er Starting Mw-to-Er teleportation trial 1591 at 95400000019999500.
95,460,000,019,999,500 WARNING main_het_teleport_mw_rb_yb_rb_er Mw-to-Er teleportation trial 1591 failed (completed=True, direct match=False, latency=5.0799995625 seconds).
95,460,000,019,999,500 WARNING main_het_teleport_mw_rb_yb_rb_er Starting Mw-to-Er teleportation trial 1592 at 95460000019999500.
95,520,000,019,999,500 WARNING main_het_teleport_mw_rb_yb_rb_er Mw-to-Er teleportation trial 1592 succeeded (completed=True, direct match=True, latency=0.7845911375 seconds).
95,520,000,019,999,500 WARNING main_het_teleport_mw_rb_yb_rb_er Starting Mw-to-Er teleportation trial 1593 at 95520000019999500.
95,580,000,019,999,500 WARNING main_het_teleport_mw_rb_yb_rb_er Mw-to-Er teleportation trial 1593 succeeded (completed=True, direct match=True, latency=2.92332635 seconds).
95,580,000,019,999,500 WARNING main_het_teleport_mw_rb_yb_rb_er Starting Mw-to-Er teleportation trial 1594 at 95580000019999500.
95,640,000,019,999,500 WARNING main_het_teleport_mw_rb_yb_rb_er Mw-to-Er teleportation trial 1594 succeeded (completed=True, direct match=True, latency=2.819402 seconds).
95,640,000,019,999,500 WARNING main_het_teleport_mw_rb_yb_rb_er Starting Mw-to-Er teleportation trial 1595 at 95640000019999500.
95,700,000,019,999,500 WARNING main_het_teleport_mw_rb_yb_rb_er Mw-to-Er teleportation trial 1595 succeeded (completed=True, direct match=True, latency=3.53781075 seconds).
95,700,000,019,999,500 WARNING main_het_teleport_mw_rb_yb_rb_er Starting Mw-to-Er teleportation trial 1596 at 95700000019999500.
95,760,000,019,999,500 WARNING main_het_teleport_mw_rb_yb_rb_er Mw-to-Er teleportation trial 1596 succeeded (completed=True, direct match=True, latency=2.2069674125 seconds).
95,760,000,019,999,500 WARNING main_het_teleport_mw_rb_yb_rb_er Starting Mw-to-Er teleportation trial 1597 at 95760000019999500.
95,820,000,019,999,500 WARNING main_het_teleport_mw_rb_yb_rb_er Mw-to-Er teleportation trial 1597 succeeded (completed=True, direct match=True, latency=11.215658 seconds).
95,820,000,019,999,500 WARNING main_het_teleport_mw_rb_yb_rb_er Starting Mw-to-Er teleportation trial 1598 at 95820000019999500.
95,880,000,019,999,500 WARNING main_het_teleport_mw_rb_yb_rb_er Mw-to-Er teleportation trial 1598 succeeded (completed=True, direct match=True, latency=8.4496673125 seconds).
95,880,000,019,999,500 WARNING main_het_teleport_mw_rb_yb_rb_er Starting Mw-to-Er teleportation trial 1599 at 95880000019999500.
95,940,000,019,999,500 WARNING main_het_teleport_mw_rb_yb_rb_er Mw-to-Er teleportation trial 1599 succeeded (completed=True, direct match=True, latency=4.2016173125 seconds).
95,940,000,019,999,500 WARNING main_het_teleport_mw_rb_yb_rb_er Starting Mw-to-Er teleportation trial 1600 at 95940000019999500.
96,000,000,019,999,500 WARNING main_het_teleport_mw_rb_yb_rb_er Mw-to-Er teleportation trial 1600 succeeded (completed=True, direct match=True, latency=1.4059854375 seconds).
96,000,000,019,999,500 WARNING main_het_teleport_mw_rb_yb_rb_er Starting Mw-to-Er teleportation trial 1601 at 96000000019999500.
96,060,000,019,999,500 WARNING main_het_teleport_mw_rb_yb_rb_er Mw-to-Er teleportation trial 1601 succeeded (completed=True, direct match=True, latency=3.52533025 seconds).
96,060,000,019,999,500 WARNING main_het_teleport_mw_rb_yb_rb_er Starting Mw-to-Er teleportation trial 1602 at 96060000019999500.
96,120,000,019,999,500 WARNING main_het_teleport_mw_rb_yb_rb_er Mw-to-Er teleportation trial 1602 succeeded (completed=True, direct match=True, latency=2.797561125 seconds).
96,120,000,019,999,500 WARNING main_het_teleport_mw_rb_yb_rb_er Starting Mw-to-Er teleportation trial 1603 at 96120000019999500.
96,180,000,019,999,500 WARNING main_het_teleport_mw_rb_yb_rb_er Mw-to-Er teleportation trial 1603 succeeded (completed=True, direct match=True, latency=4.218778 seconds).
96,180,000,019,999,500 WARNING main_het_teleport_mw_rb_yb_rb_er Starting Mw-to-Er teleportation trial 1604 at 96180000019999500.
96,240,000,019,999,500 WARNING main_het_teleport_mw_rb_yb_rb_er Mw-to-Er teleportation trial 1604 succeeded (completed=True, direct match=True, latency=9.719558125 seconds).
96,240,000,019,999,500 WARNING main_het_teleport_mw_rb_yb_rb_er Starting Mw-to-Er teleportation trial 1605 at 96240000019999500.
96,300,000,019,999,500 WARNING main_het_teleport_mw_rb_yb_rb_er Mw-to-Er teleportation trial 1605 succeeded (completed=True, direct match=True, latency=6.3568435625 seconds).
96,300,000,019,999,500 WARNING main_het_teleport_mw_rb_yb_rb_er Starting Mw-to-Er teleportation trial 1606 at 96300000019999500.
96,360,000,019,999,500 WARNING main_het_teleport_mw_rb_yb_rb_er Mw-to-Er teleportation trial 1606 succeeded (completed=True, direct match=True, latency=8.416906 seconds).
96,360,000,019,999,500 WARNING main_het_teleport_mw_rb_yb_rb_er Starting Mw-to-Er teleportation trial 1607 at 96360000019999500.
96,420,000,019,999,500 WARNING main_het_teleport_mw_rb_yb_rb_er Mw-to-Er teleportation trial 1607 succeeded (completed=True, direct match=True, latency=2.803801375 seconds).
96,420,000,019,999,500 WARNING main_het_teleport_mw_rb_yb_rb_er Starting Mw-to-Er teleportation trial 1608 at 96420000019999500.
96,480,000,019,999,500 WARNING main_het_teleport_mw_rb_yb_rb_er Mw-to-Er teleportation trial 1608 succeeded (completed=True, direct match=True, latency=10.52221025 seconds).
96,480,000,019,999,500 WARNING main_het_teleport_mw_rb_yb_rb_er Starting Mw-to-Er teleportation trial 1609 at 96480000019999500.
96,540,000,019,999,500 WARNING main_het_teleport_mw_rb_yb_rb_er Mw-to-Er teleportation trial 1609 succeeded (completed=True, direct match=True, latency=1.40130525 seconds).
96,540,000,019,999,500 WARNING main_het_teleport_mw_rb_yb_rb_er Starting Mw-to-Er teleportation trial 1610 at 96540000019999500.
96,600,000,019,999,500 WARNING main_het_teleport_mw_rb_yb_rb_er Mw-to-Er teleportation trial 1610 succeeded (completed=True, direct match=True, latency=2.80068125 seconds).
96,600,000,019,999,500 WARNING main_het_teleport_mw_rb_yb_rb_er Starting Mw-to-Er teleportation trial 1611 at 96600000019999500.
96,660,000,019,999,500 WARNING main_het_teleport_mw_rb_yb_rb_er Mw-to-Er teleportation trial 1611 succeeded (completed=True, direct match=True, latency=4.1641758125 seconds).
96,660,000,019,999,500 WARNING main_het_teleport_mw_rb_yb_rb_er Starting Mw-to-Er teleportation trial 1612 at 96660000019999500.
96,720,000,019,999,500 WARNING main_het_teleport_mw_rb_yb_rb_er Mw-to-Er teleportation trial 1612 succeeded (completed=True, direct match=True, latency=4.147015125 seconds).
96,720,000,019,999,500 WARNING main_het_teleport_mw_rb_yb_rb_er Starting Mw-to-Er teleportation trial 1613 at 96720000019999500.
96,780,000,019,999,500 WARNING main_het_teleport_mw_rb_yb_rb_er Mw-to-Er teleportation trial 1613 succeeded (completed=True, direct match=True, latency=9.082272625 seconds).
96,780,000,019,999,500 WARNING main_het_teleport_mw_rb_yb_rb_er Starting Mw-to-Er teleportation trial 1614 at 96780000019999500.
96,840,000,019,999,500 WARNING main_het_teleport_mw_rb_yb_rb_er Mw-to-Er teleportation trial 1614 succeeded (completed=True, direct match=True, latency=11.918466125 seconds).
96,840,000,019,999,500 WARNING main_het_teleport_mw_rb_yb_rb_er Starting Mw-to-Er teleportation trial 1615 at 96840000019999500.
96,900,000,019,999,500 WARNING main_het_teleport_mw_rb_yb_rb_er Mw-to-Er teleportation trial 1615 succeeded (completed=True, direct match=True, latency=4.91222575 seconds).
96,900,000,019,999,500 WARNING main_het_teleport_mw_rb_yb_rb_er Starting Mw-to-Er teleportation trial 1616 at 96900000019999500.
96,960,000,019,999,500 WARNING main_het_teleport_mw_rb_yb_rb_er Mw-to-Er teleportation trial 1616 succeeded (completed=True, direct match=True, latency=8.4059855625 seconds).
96,960,000,019,999,500 WARNING main_het_teleport_mw_rb_yb_rb_er Starting Mw-to-Er teleportation trial 1617 at 96960000019999500.
97,020,000,019,999,500 WARNING main_het_teleport_mw_rb_yb_rb_er Mw-to-Er teleportation trial 1617 succeeded (completed=True, direct match=True, latency=5.6165939375 seconds).
97,020,000,019,999,500 WARNING main_het_teleport_mw_rb_yb_rb_er Starting Mw-to-Er teleportation trial 1618 at 97020000019999500.
97,080,000,019,999,500 WARNING main_het_teleport_mw_rb_yb_rb_er Mw-to-Er teleportation trial 1618 succeeded (completed=True, direct match=True, latency=4.9231461875 seconds).
97,080,000,019,999,500 WARNING main_het_teleport_mw_rb_yb_rb_er Starting Mw-to-Er teleportation trial 1619 at 97080000019999500.
97,140,000,019,999,500 WARNING main_het_teleport_mw_rb_yb_rb_er Mw-to-Er teleportation trial 1619 succeeded (completed=True, direct match=True, latency=1.4559074375 seconds).
97,140,000,019,999,500 WARNING main_het_teleport_mw_rb_yb_rb_er Starting Mw-to-Er teleportation trial 1620 at 97140000019999500.
97,200,000,019,999,500 WARNING main_het_teleport_mw_rb_yb_rb_er Mw-to-Er teleportation trial 1620 succeeded (completed=True, direct match=True, latency=2.0931929375 seconds).
97,200,000,019,999,500 WARNING main_het_teleport_mw_rb_yb_rb_er Starting Mw-to-Er teleportation trial 1621 at 97200000019999500.
97,260,000,019,999,500 WARNING main_het_teleport_mw_rb_yb_rb_er Mw-to-Er teleportation trial 1621 succeeded (completed=True, direct match=True, latency=5.165153725 seconds).
97,260,000,019,999,500 WARNING main_het_teleport_mw_rb_yb_rb_er Starting Mw-to-Er teleportation trial 1622 at 97260000019999500.
97,320,000,019,999,500 WARNING main_het_teleport_mw_rb_yb_rb_er Mw-to-Er teleportation trial 1622 succeeded (completed=True, direct match=True, latency=2.828762375 seconds).
97,320,000,019,999,500 WARNING main_het_teleport_mw_rb_yb_rb_er Starting Mw-to-Er teleportation trial 1623 at 97320000019999500.
97,380,000,019,999,500 WARNING main_het_teleport_mw_rb_yb_rb_er Mw-to-Er teleportation trial 1623 succeeded (completed=True, direct match=True, latency=4.1813365 seconds).
97,380,000,019,999,500 WARNING main_het_teleport_mw_rb_yb_rb_er Starting Mw-to-Er teleportation trial 1624 at 97380000019999500.
97,440,000,019,999,500 WARNING main_het_teleport_mw_rb_yb_rb_er Mw-to-Er teleportation trial 1624 succeeded (completed=True, direct match=True, latency=6.9941290625 seconds).
97,440,000,019,999,500 WARNING main_het_teleport_mw_rb_yb_rb_er Starting Mw-to-Er teleportation trial 1625 at 97440000019999500.
97,500,000,019,999,500 WARNING main_het_teleport_mw_rb_yb_rb_er Mw-to-Er teleportation trial 1625 succeeded (completed=True, direct match=True, latency=6.317842 seconds).
97,500,000,019,999,500 WARNING main_het_teleport_mw_rb_yb_rb_er Starting Mw-to-Er teleportation trial 1626 at 97500000019999500.
97,560,000,019,999,500 WARNING main_het_teleport_mw_rb_yb_rb_er Mw-to-Er teleportation trial 1626 succeeded (completed=True, direct match=True, latency=1.5058294375 seconds).
97,560,000,019,999,500 WARNING main_het_teleport_mw_rb_yb_rb_er Starting Mw-to-Er teleportation trial 1627 at 97560000019999500.
97,620,000,019,999,500 WARNING main_het_teleport_mw_rb_yb_rb_er Mw-to-Er teleportation trial 1627 succeeded (completed=True, direct match=True, latency=3.5206500625 seconds).
97,620,000,019,999,500 WARNING main_het_teleport_mw_rb_yb_rb_er Starting Mw-to-Er teleportation trial 1628 at 97620000019999500.
97,680,000,019,999,500 WARNING main_het_teleport_mw_rb_yb_rb_er Mw-to-Er teleportation trial 1628 succeeded (completed=True, direct match=True, latency=5.6509153125 seconds).
97,680,000,019,999,500 WARNING main_het_teleport_mw_rb_yb_rb_er Starting Mw-to-Er teleportation trial 1629 at 97680000019999500.
97,740,000,019,999,500 WARNING main_het_teleport_mw_rb_yb_rb_er Mw-to-Er teleportation trial 1629 succeeded (completed=True, direct match=True, latency=11.893505125 seconds).
97,740,000,019,999,500 WARNING main_het_teleport_mw_rb_yb_rb_er Starting Mw-to-Er teleportation trial 1630 at 97740000019999500.
97,800,000,019,999,500 WARNING main_het_teleport_mw_rb_yb_rb_er Mw-to-Er teleportation trial 1630 failed (completed=True, direct match=False, latency=6.3942850625 seconds).
97,800,000,019,999,500 WARNING main_het_teleport_mw_rb_yb_rb_er Starting Mw-to-Er teleportation trial 1631 at 97800000019999500.
97,860,000,019,999,500 WARNING main_het_teleport_mw_rb_yb_rb_er Mw-to-Er teleportation trial 1631 succeeded (completed=True, direct match=True, latency=1.335782625 seconds).
97,860,000,019,999,500 WARNING main_het_teleport_mw_rb_yb_rb_er Starting Mw-to-Er teleportation trial 1632 at 97860000019999500.
97,920,000,019,999,500 WARNING main_het_teleport_mw_rb_yb_rb_er Mw-to-Er teleportation trial 1632 failed (completed=True, direct match=False, latency=13.9847688125 seconds).
97,920,000,019,999,500 WARNING main_het_teleport_mw_rb_yb_rb_er Starting Mw-to-Er teleportation trial 1633 at 97920000019999500.
97,980,000,019,999,500 WARNING main_het_teleport_mw_rb_yb_rb_er Mw-to-Er teleportation trial 1633 succeeded (completed=True, direct match=True, latency=6.9598076875 seconds).
97,980,000,019,999,500 WARNING main_het_teleport_mw_rb_yb_rb_er Starting Mw-to-Er teleportation trial 1634 at 97980000019999500.
98,040,000,019,999,500 WARNING main_het_teleport_mw_rb_yb_rb_er Mw-to-Er teleportation trial 1634 succeeded (completed=True, direct match=True, latency=11.206297625 seconds).
98,040,000,019,999,500 WARNING main_het_teleport_mw_rb_yb_rb_er Starting Mw-to-Er teleportation trial 1635 at 98040000019999500.
98,100,000,019,999,500 WARNING main_het_teleport_mw_rb_yb_rb_er Mw-to-Er teleportation trial 1635 succeeded (completed=True, direct match=True, latency=10.53469075 seconds).
98,100,000,019,999,500 WARNING main_het_teleport_mw_rb_yb_rb_er Starting Mw-to-Er teleportation trial 1636 at 98100000019999500.
98,160,000,019,999,500 WARNING main_het_teleport_mw_rb_yb_rb_er Mw-to-Er teleportation trial 1636 succeeded (completed=True, direct match=True, latency=9.7538795 seconds).
98,160,000,019,999,500 WARNING main_het_teleport_mw_rb_yb_rb_er Starting Mw-to-Er teleportation trial 1637 at 98160000019999500.
98,220,000,019,999,500 WARNING main_het_teleport_mw_rb_yb_rb_er Mw-to-Er teleportation trial 1637 succeeded (completed=True, direct match=True, latency=8.38570475 seconds).
98,220,000,019,999,500 WARNING main_het_teleport_mw_rb_yb_rb_er Starting Mw-to-Er teleportation trial 1638 at 98220000019999500.
98,280,000,019,999,500 WARNING main_het_teleport_mw_rb_yb_rb_er Mw-to-Er teleportation trial 1638 succeeded (completed=True, direct match=True, latency=4.240618875 seconds).
98,280,000,019,999,500 WARNING main_het_teleport_mw_rb_yb_rb_er Starting Mw-to-Er teleportation trial 1639 at 98280000019999500.
98,340,000,019,999,500 WARNING main_het_teleport_mw_rb_yb_rb_er Mw-to-Er teleportation trial 1639 succeeded (completed=True, direct match=True, latency=2.8116016875 seconds).
98,340,000,019,999,500 WARNING main_het_teleport_mw_rb_yb_rb_er Starting Mw-to-Er teleportation trial 1640 at 98340000019999500.
98,400,000,019,999,500 WARNING main_het_teleport_mw_rb_yb_rb_er Mw-to-Er teleportation trial 1640 succeeded (completed=True, direct match=True, latency=2.9261056375 seconds).
98,400,000,019,999,500 WARNING main_het_teleport_mw_rb_yb_rb_er Starting Mw-to-Er teleportation trial 1641 at 98400000019999500.
98,460,000,019,999,500 WARNING main_het_teleport_mw_rb_yb_rb_er Mw-to-Er teleportation trial 1641 succeeded (completed=True, direct match=True, latency=5.6259543125 seconds).
98,460,000,019,999,500 WARNING main_het_teleport_mw_rb_yb_rb_er Starting Mw-to-Er teleportation trial 1642 at 98460000019999500.
98,520,000,019,999,500 WARNING main_het_teleport_mw_rb_yb_rb_er Mw-to-Er teleportation trial 1642 succeeded (completed=True, direct match=True, latency=13.3506034375 seconds).
98,520,000,019,999,500 WARNING main_het_teleport_mw_rb_yb_rb_er Starting Mw-to-Er teleportation trial 1643 at 98520000019999500.
98,580,000,019,999,500 WARNING main_het_teleport_mw_rb_yb_rb_er Mw-to-Er teleportation trial 1643 failed (completed=True, direct match=False, latency=6.3630838125 seconds).
98,580,000,019,999,500 WARNING main_het_teleport_mw_rb_yb_rb_er Starting Mw-to-Er teleportation trial 1644 at 98580000019999500.
98,640,000,019,999,500 WARNING main_het_teleport_mw_rb_yb_rb_er Mw-to-Er teleportation trial 1644 failed (completed=True, direct match=False, latency=0.84235485 seconds).
98,640,000,019,999,500 WARNING main_het_teleport_mw_rb_yb_rb_er Starting Mw-to-Er teleportation trial 1645 at 98640000019999500.
98,700,000,019,999,500 WARNING main_het_teleport_mw_rb_yb_rb_er Mw-to-Er teleportation trial 1645 succeeded (completed=True, direct match=True, latency=6.3194020625 seconds).
98,700,000,019,999,500 WARNING main_het_teleport_mw_rb_yb_rb_er Starting Mw-to-Er teleportation trial 1646 at 98700000019999500.
98,760,000,019,999,500 WARNING main_het_teleport_mw_rb_yb_rb_er Mw-to-Er teleportation trial 1646 succeeded (completed=True, direct match=True, latency=2.7741601875 seconds).
98,760,000,019,999,500 WARNING main_het_teleport_mw_rb_yb_rb_er Starting Mw-to-Er teleportation trial 1647 at 98760000019999500.
98,820,000,019,999,500 WARNING main_het_teleport_mw_rb_yb_rb_er Mw-to-Er teleportation trial 1647 succeeded (completed=True, direct match=True, latency=6.967608 seconds).
98,820,000,019,999,500 WARNING main_het_teleport_mw_rb_yb_rb_er Starting Mw-to-Er teleportation trial 1648 at 98820000019999500.
98,880,000,019,999,500 WARNING main_het_teleport_mw_rb_yb_rb_er Mw-to-Er teleportation trial 1648 succeeded (completed=True, direct match=True, latency=2.8677639375 seconds).
98,880,000,019,999,500 WARNING main_het_teleport_mw_rb_yb_rb_er Starting Mw-to-Er teleportation trial 1649 at 98880000019999500.
98,940,000,019,999,500 WARNING main_het_teleport_mw_rb_yb_rb_er Mw-to-Er teleportation trial 1649 succeeded (completed=True, direct match=True, latency=3.441086875 seconds).
98,940,000,019,999,500 WARNING main_het_teleport_mw_rb_yb_rb_er Starting Mw-to-Er teleportation trial 1650 at 98940000019999500.
99,000,000,019,999,500 WARNING main_het_teleport_mw_rb_yb_rb_er Mw-to-Er teleportation trial 1650 failed (completed=True, direct match=False, latency=2.8240821875 seconds).
99,000,000,019,999,500 WARNING main_het_teleport_mw_rb_yb_rb_er Starting Mw-to-Er teleportation trial 1651 at 99000000019999500.
99,060,000,019,999,500 WARNING main_het_teleport_mw_rb_yb_rb_er Mw-to-Er teleportation trial 1651 succeeded (completed=True, direct match=True, latency=4.2016173125 seconds).
99,060,000,019,999,500 WARNING main_het_teleport_mw_rb_yb_rb_er Starting Mw-to-Er teleportation trial 1652 at 99060000019999500.
99,120,000,019,999,500 WARNING main_het_teleport_mw_rb_yb_rb_er Mw-to-Er teleportation trial 1652 succeeded (completed=True, direct match=True, latency=7.0409309375 seconds).
99,120,000,019,999,500 WARNING main_het_teleport_mw_rb_yb_rb_er Starting Mw-to-Er teleportation trial 1653 at 99120000019999500.
99,180,000,019,999,500 WARNING main_het_teleport_mw_rb_yb_rb_er Mw-to-Er teleportation trial 1653 failed (completed=True, direct match=False, latency=5.6353146875 seconds).
99,180,000,019,999,500 WARNING main_het_teleport_mw_rb_yb_rb_er Starting Mw-to-Er teleportation trial 1654 at 99180000019999500.
99,240,000,019,999,500 WARNING main_het_teleport_mw_rb_yb_rb_er Mw-to-Er teleportation trial 1654 succeeded (completed=True, direct match=True, latency=2.0176643875 seconds).
99,240,000,019,999,500 WARNING main_het_teleport_mw_rb_yb_rb_er Starting Mw-to-Er teleportation trial 1655 at 99240000019999500.
99,300,000,019,999,500 WARNING main_het_teleport_mw_rb_yb_rb_er Mw-to-Er teleportation trial 1655 succeeded (completed=True, direct match=True, latency=2.259806625 seconds).
99,300,000,019,999,500 WARNING main_het_teleport_mw_rb_yb_rb_er Starting Mw-to-Er teleportation trial 1656 at 99300000019999500.
99,360,000,019,999,500 WARNING main_het_teleport_mw_rb_yb_rb_er Mw-to-Er teleportation trial 1656 succeeded (completed=True, direct match=True, latency=1.423146125 seconds).
99,360,000,019,999,500 WARNING main_het_teleport_mw_rb_yb_rb_er Starting Mw-to-Er teleportation trial 1657 at 99360000019999500.
99,420,000,019,999,500 WARNING main_het_teleport_mw_rb_yb_rb_er Mw-to-Er teleportation trial 1657 succeeded (completed=True, direct match=True, latency=1.4028653125 seconds).
99,420,000,019,999,500 WARNING main_het_teleport_mw_rb_yb_rb_er Starting Mw-to-Er teleportation trial 1658 at 99420000019999500.
99,480,000,019,999,500 WARNING main_het_teleport_mw_rb_yb_rb_er Mw-to-Er teleportation trial 1658 succeeded (completed=True, direct match=True, latency=2.11347375 seconds).
99,480,000,019,999,500 WARNING main_het_teleport_mw_rb_yb_rb_er Starting Mw-to-Er teleportation trial 1659 at 99480000019999500.
99,540,000,019,999,500 WARNING main_het_teleport_mw_rb_yb_rb_er Mw-to-Er teleportation trial 1659 succeeded (completed=True, direct match=True, latency=2.079152375 seconds).
99,540,000,019,999,500 WARNING main_het_teleport_mw_rb_yb_rb_er Starting Mw-to-Er teleportation trial 1660 at 99540000019999500.
99,600,000,019,999,500 WARNING main_het_teleport_mw_rb_yb_rb_er Mw-to-Er teleportation trial 1660 succeeded (completed=True, direct match=True, latency=2.1056734375 seconds).
99,600,000,019,999,500 WARNING main_het_teleport_mw_rb_yb_rb_er Starting Mw-to-Er teleportation trial 1661 at 99600000019999500.
99,660,000,019,999,500 WARNING main_het_teleport_mw_rb_yb_rb_er Mw-to-Er teleportation trial 1661 succeeded (completed=True, direct match=True, latency=3.5799324375 seconds).
99,660,000,019,999,500 WARNING main_het_teleport_mw_rb_yb_rb_er Starting Mw-to-Er teleportation trial 1662 at 99660000019999500.
99,720,000,019,999,500 WARNING main_het_teleport_mw_rb_yb_rb_er Mw-to-Er teleportation trial 1662 succeeded (completed=True, direct match=True, latency=0.7805987375 seconds).
99,720,000,019,999,500 WARNING main_het_teleport_mw_rb_yb_rb_er Starting Mw-to-Er teleportation trial 1663 at 99720000019999500.
99,780,000,019,999,500 WARNING main_het_teleport_mw_rb_yb_rb_er Mw-to-Er teleportation trial 1663 succeeded (completed=True, direct match=True, latency=3.419246 seconds).
99,780,000,019,999,500 WARNING main_het_teleport_mw_rb_yb_rb_er Starting Mw-to-Er teleportation trial 1664 at 99780000019999500.
99,840,000,019,999,500 WARNING main_het_teleport_mw_rb_yb_rb_er Mw-to-Er teleportation trial 1664 succeeded (completed=True, direct match=True, latency=2.794441 seconds).
99,840,000,019,999,500 WARNING main_het_teleport_mw_rb_yb_rb_er Starting Mw-to-Er teleportation trial 1665 at 99840000019999500.
99,900,000,019,999,500 WARNING main_het_teleport_mw_rb_yb_rb_er Mw-to-Er teleportation trial 1665 failed (completed=True, direct match=False, latency=4.8763443125 seconds).
99,900,000,019,999,500 WARNING main_het_teleport_mw_rb_yb_rb_er Starting Mw-to-Er teleportation trial 1666 at 99900000019999500.
99,960,000,019,999,500 WARNING main_het_teleport_mw_rb_yb_rb_er Mw-to-Er teleportation trial 1666 succeeded (completed=True, direct match=True, latency=11.9169060625 seconds).
99,960,000,019,999,500 WARNING main_het_teleport_mw_rb_yb_rb_er Starting Mw-to-Er teleportation trial 1667 at 99960000019999500.
100,020,000,019,999,500 WARNING main_het_teleport_mw_rb_yb_rb_er Mw-to-Er teleportation trial 1667 succeeded (completed=True, direct match=True, latency=5.618154 seconds).
100,020,000,019,999,500 WARNING main_het_teleport_mw_rb_yb_rb_er Starting Mw-to-Er teleportation trial 1668 at 100020000019999500.
100,080,000,019,999,500 WARNING main_het_teleport_mw_rb_yb_rb_er Mw-to-Er teleportation trial 1668 succeeded (completed=True, direct match=True, latency=2.1524753125 seconds).
100,080,000,019,999,500 WARNING main_het_teleport_mw_rb_yb_rb_er Starting Mw-to-Er teleportation trial 1669 at 100080000019999500.
100,140,000,019,999,500 WARNING main_het_teleport_mw_rb_yb_rb_er Mw-to-Er teleportation trial 1669 succeeded (completed=True, direct match=True, latency=4.9200260625 seconds).
100,140,000,019,999,500 WARNING main_het_teleport_mw_rb_yb_rb_er Starting Mw-to-Er teleportation trial 1670 at 100140000019999500.
100,200,000,019,999,500 WARNING main_het_teleport_mw_rb_yb_rb_er Mw-to-Er teleportation trial 1670 succeeded (completed=True, direct match=True, latency=2.1150338125 seconds).
100,200,000,019,999,500 WARNING main_het_teleport_mw_rb_yb_rb_er Starting Mw-to-Er teleportation trial 1671 at 100200000019999500.
100,260,000,019,999,500 WARNING main_het_teleport_mw_rb_yb_rb_er Mw-to-Er teleportation trial 1671 failed (completed=True, direct match=False, latency=3.51909 seconds).
100,260,000,019,999,500 WARNING main_het_teleport_mw_rb_yb_rb_er Starting Mw-to-Er teleportation trial 1672 at 100260000019999500.
100,320,000,019,999,500 WARNING main_het_teleport_mw_rb_yb_rb_er Mw-to-Er teleportation trial 1672 succeeded (completed=True, direct match=True, latency=1.4330693625 seconds).
100,320,000,019,999,500 WARNING main_het_teleport_mw_rb_yb_rb_er Starting Mw-to-Er teleportation trial 1673 at 100320000019999500.
100,380,000,019,999,500 WARNING main_het_teleport_mw_rb_yb_rb_er Mw-to-Er teleportation trial 1673 succeeded (completed=True, direct match=True, latency=1.4824285 seconds).
100,380,000,019,999,500 WARNING main_het_teleport_mw_rb_yb_rb_er Starting Mw-to-Er teleportation trial 1674 at 100380000019999500.
100,440,000,019,999,500 WARNING main_het_teleport_mw_rb_yb_rb_er Mw-to-Er teleportation trial 1674 succeeded (completed=True, direct match=True, latency=4.122054125 seconds).
100,440,000,019,999,500 WARNING main_het_teleport_mw_rb_yb_rb_er Starting Mw-to-Er teleportation trial 1675 at 100440000019999500.
100,500,000,019,999,500 WARNING main_het_teleport_mw_rb_yb_rb_er Mw-to-Er teleportation trial 1675 succeeded (completed=True, direct match=True, latency=4.8919449375 seconds).
100,500,000,019,999,500 WARNING main_het_teleport_mw_rb_yb_rb_er Starting Mw-to-Er teleportation trial 1676 at 100500000019999500.
100,560,000,019,999,500 WARNING main_het_teleport_mw_rb_yb_rb_er Mw-to-Er teleportation trial 1676 failed (completed=True, direct match=False, latency=3.5206500625 seconds).
100,560,000,019,999,500 WARNING main_het_teleport_mw_rb_yb_rb_er Starting Mw-to-Er teleportation trial 1677 at 100560000019999500.
100,620,000,019,999,500 WARNING main_het_teleport_mw_rb_yb_rb_er Mw-to-Er teleportation trial 1677 succeeded (completed=True, direct match=True, latency=10.53469075 seconds).
100,620,000,019,999,500 WARNING main_het_teleport_mw_rb_yb_rb_er Starting Mw-to-Er teleportation trial 1678 at 100620000019999500.
100,680,000,019,999,500 WARNING main_het_teleport_mw_rb_yb_rb_er Mw-to-Er teleportation trial 1678 succeeded (completed=True, direct match=True, latency=4.3247124 seconds).
100,680,000,019,999,500 WARNING main_het_teleport_mw_rb_yb_rb_er Starting Mw-to-Er teleportation trial 1679 at 100680000019999500.
100,740,000,019,999,500 WARNING main_het_teleport_mw_rb_yb_rb_er Mw-to-Er teleportation trial 1679 succeeded (completed=True, direct match=True, latency=2.744519 seconds).
100,740,000,019,999,500 WARNING main_het_teleport_mw_rb_yb_rb_er Starting Mw-to-Er teleportation trial 1680 at 100740000019999500.
100,800,000,019,999,500 WARNING main_het_teleport_mw_rb_yb_rb_er Mw-to-Er teleportation trial 1680 succeeded (completed=True, direct match=True, latency=4.2203380625 seconds).
100,800,000,019,999,500 WARNING main_het_teleport_mw_rb_yb_rb_er Starting Mw-to-Er teleportation trial 1681 at 100800000019999500.
100,860,000,019,999,500 WARNING main_het_teleport_mw_rb_yb_rb_er Mw-to-Er teleportation trial 1681 succeeded (completed=True, direct match=True, latency=4.2421789375 seconds).
100,860,000,019,999,500 WARNING main_het_teleport_mw_rb_yb_rb_er Starting Mw-to-Er teleportation trial 1682 at 100860000019999500.
100,920,000,019,999,500 WARNING main_het_teleport_mw_rb_yb_rb_er Mw-to-Er teleportation trial 1682 failed (completed=True, direct match=False, latency=4.2234581875 seconds).
100,920,000,019,999,500 WARNING main_het_teleport_mw_rb_yb_rb_er Starting Mw-to-Er teleportation trial 1683 at 100920000019999500.
100,980,000,019,999,500 WARNING main_het_teleport_mw_rb_yb_rb_er Mw-to-Er teleportation trial 1683 succeeded (completed=True, direct match=True, latency=7.7296985 seconds).
100,980,000,019,999,500 WARNING main_het_teleport_mw_rb_yb_rb_er Starting Mw-to-Er teleportation trial 1684 at 100980000019999500.
101,040,000,019,999,500 WARNING main_het_teleport_mw_rb_yb_rb_er Mw-to-Er teleportation trial 1684 failed (completed=True, direct match=False, latency=9.8786845 seconds).
101,040,000,019,999,500 WARNING main_het_teleport_mw_rb_yb_rb_er Starting Mw-to-Er teleportation trial 1685 at 101040000019999500.
101,100,000,019,999,500 WARNING main_het_teleport_mw_rb_yb_rb_er Mw-to-Er teleportation trial 1685 succeeded (completed=True, direct match=True, latency=2.1072335 seconds).
101,100,000,019,999,500 WARNING main_het_teleport_mw_rb_yb_rb_er Starting Mw-to-Er teleportation trial 1686 at 101100000019999500.
101,160,000,019,999,500 WARNING main_het_teleport_mw_rb_yb_rb_er Mw-to-Er teleportation trial 1686 succeeded (completed=True, direct match=True, latency=3.47540825 seconds).
101,160,000,019,999,500 WARNING main_het_teleport_mw_rb_yb_rb_er Starting Mw-to-Er teleportation trial 1687 at 101160000019999500.
101,220,000,019,999,500 WARNING main_het_teleport_mw_rb_yb_rb_er Mw-to-Er teleportation trial 1687 failed (completed=True, direct match=False, latency=6.3069215625 seconds).
101,220,000,019,999,500 WARNING main_het_teleport_mw_rb_yb_rb_er Starting Mw-to-Er teleportation trial 1688 at 101220000019999500.
101,280,000,019,999,500 WARNING main_het_teleport_mw_rb_yb_rb_er Mw-to-Er teleportation trial 1688 failed (completed=True, direct match=False, latency=4.21253775 seconds).
101,280,000,019,999,500 WARNING main_het_teleport_mw_rb_yb_rb_er Starting Mw-to-Er teleportation trial 1689 at 101280000019999500.
101,340,000,019,999,500 WARNING main_het_teleport_mw_rb_yb_rb_er Mw-to-Er teleportation trial 1689 succeeded (completed=True, direct match=True, latency=2.895493825 seconds).
101,340,000,019,999,500 WARNING main_het_teleport_mw_rb_yb_rb_er Starting Mw-to-Er teleportation trial 1690 at 101340000019999500.
101,400,000,019,999,500 WARNING main_het_teleport_mw_rb_yb_rb_er Mw-to-Er teleportation trial 1690 failed (completed=True, direct match=False, latency=3.4894488125 seconds).
101,400,000,019,999,500 WARNING main_het_teleport_mw_rb_yb_rb_er Starting Mw-to-Er teleportation trial 1691 at 101400000019999500.
101,460,000,019,999,500 WARNING main_het_teleport_mw_rb_yb_rb_er Mw-to-Er teleportation trial 1691 succeeded (completed=True, direct match=True, latency=6.333442625 seconds).
101,460,000,019,999,500 WARNING main_het_teleport_mw_rb_yb_rb_er Starting Mw-to-Er teleportation trial 1692 at 101460000019999500.
101,520,000,019,999,500 WARNING main_het_teleport_mw_rb_yb_rb_er Mw-to-Er teleportation trial 1692 succeeded (completed=True, direct match=True, latency=1.4639303625 seconds).
101,520,000,019,999,500 WARNING main_het_teleport_mw_rb_yb_rb_er Starting Mw-to-Er teleportation trial 1693 at 101520000019999500.
101,580,000,019,999,500 WARNING main_het_teleport_mw_rb_yb_rb_er Mw-to-Er teleportation trial 1693 succeeded (completed=True, direct match=True, latency=5.5557515 seconds).
101,580,000,019,999,500 WARNING main_het_teleport_mw_rb_yb_rb_er Starting Mw-to-Er teleportation trial 1694 at 101580000019999500.
101,640,000,019,999,500 WARNING main_het_teleport_mw_rb_yb_rb_er Mw-to-Er teleportation trial 1694 succeeded (completed=True, direct match=True, latency=2.2121264875 seconds).
101,640,000,019,999,500 WARNING main_het_teleport_mw_rb_yb_rb_er Starting Mw-to-Er teleportation trial 1695 at 101640000019999500.
101,700,000,019,999,500 WARNING main_het_teleport_mw_rb_yb_rb_er Mw-to-Er teleportation trial 1695 succeeded (completed=True, direct match=True, latency=3.5081695625 seconds).
101,700,000,019,999,500 WARNING main_het_teleport_mw_rb_yb_rb_er Starting Mw-to-Er teleportation trial 1696 at 101700000019999500.
101,760,000,019,999,500 WARNING main_het_teleport_mw_rb_yb_rb_er Mw-to-Er teleportation trial 1696 succeeded (completed=True, direct match=True, latency=4.2671399375 seconds).
101,760,000,019,999,500 WARNING main_het_teleport_mw_rb_yb_rb_er Starting Mw-to-Er teleportation trial 1697 at 101760000019999500.
101,820,000,019,999,500 WARNING main_het_teleport_mw_rb_yb_rb_er Mw-to-Er teleportation trial 1697 succeeded (completed=True, direct match=True, latency=6.314721875 seconds).
101,820,000,019,999,500 WARNING main_het_teleport_mw_rb_yb_rb_er Starting Mw-to-Er teleportation trial 1698 at 101820000019999500.
101,880,000,019,999,500 WARNING main_het_teleport_mw_rb_yb_rb_er Mw-to-Er teleportation trial 1698 succeeded (completed=True, direct match=True, latency=4.21253775 seconds).
101,880,000,019,999,500 WARNING main_het_teleport_mw_rb_yb_rb_er Starting Mw-to-Er teleportation trial 1699 at 101880000019999500.
101,940,000,019,999,500 WARNING main_het_teleport_mw_rb_yb_rb_er Mw-to-Er teleportation trial 1699 succeeded (completed=True, direct match=True, latency=2.08851275 seconds).
101,940,000,019,999,500 WARNING main_het_teleport_mw_rb_yb_rb_er Starting Mw-to-Er teleportation trial 1700 at 101940000019999500.
102,000,000,019,999,500 WARNING main_het_teleport_mw_rb_yb_rb_er Mw-to-Er teleportation trial 1700 succeeded (completed=True, direct match=True, latency=1.4590275625 seconds).
102,000,000,019,999,500 WARNING main_het_teleport_mw_rb_yb_rb_er Starting Mw-to-Er teleportation trial 1701 at 102000000019999500.
102,060,000,019,999,500 WARNING main_het_teleport_mw_rb_yb_rb_er Mw-to-Er teleportation trial 1701 succeeded (completed=True, direct match=True, latency=4.1984971875 seconds).
102,060,000,019,999,500 WARNING main_het_teleport_mw_rb_yb_rb_er Starting Mw-to-Er teleportation trial 1702 at 102060000019999500.
102,120,000,019,999,500 WARNING main_het_teleport_mw_rb_yb_rb_er Mw-to-Er teleportation trial 1702 succeeded (completed=True, direct match=True, latency=2.9779816375 seconds).
102,120,000,019,999,500 WARNING main_het_teleport_mw_rb_yb_rb_er Starting Mw-to-Er teleportation trial 1703 at 102120000019999500.
102,180,000,019,999,500 WARNING main_het_teleport_mw_rb_yb_rb_er Mw-to-Er teleportation trial 1703 succeeded (completed=True, direct match=True, latency=2.1942427875 seconds).
102,180,000,019,999,500 WARNING main_het_teleport_mw_rb_yb_rb_er Starting Mw-to-Er teleportation trial 1704 at 102180000019999500.
102,240,000,019,999,500 WARNING main_het_teleport_mw_rb_yb_rb_er Mw-to-Er teleportation trial 1704 succeeded (completed=True, direct match=True, latency=3.5487311875 seconds).
102,240,000,019,999,500 WARNING main_het_teleport_mw_rb_yb_rb_er Starting Mw-to-Er teleportation trial 1705 at 102240000019999500.
102,300,000,019,999,500 WARNING main_het_teleport_mw_rb_yb_rb_er Mw-to-Er teleportation trial 1705 succeeded (completed=True, direct match=True, latency=15.30770175 seconds).
102,300,000,019,999,500 WARNING main_het_teleport_mw_rb_yb_rb_er Starting Mw-to-Er teleportation trial 1706 at 102300000019999500.
102,360,000,019,999,500 WARNING main_het_teleport_mw_rb_yb_rb_er Mw-to-Er teleportation trial 1706 succeeded (completed=True, direct match=True, latency=4.228138375 seconds).
102,360,000,019,999,500 WARNING main_het_teleport_mw_rb_yb_rb_er Starting Mw-to-Er teleportation trial 1707 at 102360000019999500.
102,420,000,019,999,500 WARNING main_het_teleport_mw_rb_yb_rb_er Mw-to-Er teleportation trial 1707 succeeded (completed=True, direct match=True, latency=4.9169059375 seconds).
102,420,000,019,999,500 WARNING main_het_teleport_mw_rb_yb_rb_er Starting Mw-to-Er teleportation trial 1708 at 102420000019999500.
102,480,000,019,999,500 WARNING main_het_teleport_mw_rb_yb_rb_er Mw-to-Er teleportation trial 1708 succeeded (completed=True, direct match=True, latency=1.4403068125 seconds).
102,480,000,019,999,500 WARNING main_het_teleport_mw_rb_yb_rb_er Starting Mw-to-Er teleportation trial 1709 at 102480000019999500.
102,540,000,019,999,500 WARNING main_het_teleport_mw_rb_yb_rb_er Mw-to-Er teleportation trial 1709 succeeded (completed=True, direct match=True, latency=5.5853926875 seconds).
102,540,000,019,999,500 WARNING main_het_teleport_mw_rb_yb_rb_er Starting Mw-to-Er teleportation trial 1710 at 102540000019999500.
102,600,000,019,999,500 WARNING main_het_teleport_mw_rb_yb_rb_er Mw-to-Er teleportation trial 1710 succeeded (completed=True, direct match=True, latency=4.93718675 seconds).
102,600,000,019,999,500 WARNING main_het_teleport_mw_rb_yb_rb_er Starting Mw-to-Er teleportation trial 1711 at 102600000019999500.
102,660,000,019,999,500 WARNING main_het_teleport_mw_rb_yb_rb_er Mw-to-Er teleportation trial 1711 succeeded (completed=True, direct match=True, latency=6.3225221875 seconds).
102,660,000,019,999,500 WARNING main_het_teleport_mw_rb_yb_rb_er Starting Mw-to-Er teleportation trial 1712 at 102660000019999500.
102,720,000,019,999,500 WARNING main_het_teleport_mw_rb_yb_rb_er Mw-to-Er teleportation trial 1712 failed (completed=True, direct match=False, latency=4.1641758125 seconds).
102,720,000,019,999,500 WARNING main_het_teleport_mw_rb_yb_rb_er Starting Mw-to-Er teleportation trial 1713 at 102720000019999500.
102,780,000,019,999,500 WARNING main_het_teleport_mw_rb_yb_rb_er Mw-to-Er teleportation trial 1713 succeeded (completed=True, direct match=True, latency=1.5050038875 seconds).
102,780,000,019,999,500 WARNING main_het_teleport_mw_rb_yb_rb_er Starting Mw-to-Er teleportation trial 1714 at 102780000019999500.
102,840,000,019,999,500 WARNING main_het_teleport_mw_rb_yb_rb_er Mw-to-Er teleportation trial 1714 failed (completed=True, direct match=False, latency=6.221118125 seconds).
102,840,000,019,999,500 WARNING main_het_teleport_mw_rb_yb_rb_er Starting Mw-to-Er teleportation trial 1715 at 102840000019999500.
102,900,000,019,999,500 WARNING main_het_teleport_mw_rb_yb_rb_er Mw-to-Er teleportation trial 1715 succeeded (completed=True, direct match=True, latency=7.72345825 seconds).
102,900,000,019,999,500 WARNING main_het_teleport_mw_rb_yb_rb_er Starting Mw-to-Er teleportation trial 1716 at 102900000019999500.
102,960,000,019,999,500 WARNING main_het_teleport_mw_rb_yb_rb_er Mw-to-Er teleportation trial 1716 succeeded (completed=True, direct match=True, latency=4.9231461875 seconds).
102,960,000,019,999,500 WARNING main_het_teleport_mw_rb_yb_rb_er Starting Mw-to-Er teleportation trial 1717 at 102960000019999500.
103,020,000,019,999,500 WARNING main_het_teleport_mw_rb_yb_rb_er Mw-to-Er teleportation trial 1717 succeeded (completed=True, direct match=True, latency=5.552631375 seconds).
103,020,000,019,999,500 WARNING main_het_teleport_mw_rb_yb_rb_er Starting Mw-to-Er teleportation trial 1718 at 103020000019999500.
103,080,000,019,999,500 WARNING main_het_teleport_mw_rb_yb_rb_er Mw-to-Er teleportation trial 1718 failed (completed=True, direct match=False, latency=11.9033134125 seconds).
103,080,000,019,999,500 WARNING main_het_teleport_mw_rb_yb_rb_er Starting Mw-to-Er teleportation trial 1719 at 103080000019999500.
103,140,000,019,999,500 WARNING main_het_teleport_mw_rb_yb_rb_er Mw-to-Er teleportation trial 1719 succeeded (completed=True, direct match=True, latency=4.2172179375 seconds).
103,140,000,019,999,500 WARNING main_het_teleport_mw_rb_yb_rb_er Starting Mw-to-Er teleportation trial 1720 at 103140000019999500.
103,200,000,019,999,500 WARNING main_het_teleport_mw_rb_yb_rb_er Mw-to-Er teleportation trial 1720 succeeded (completed=True, direct match=True, latency=3.5315705 seconds).
103,200,000,019,999,500 WARNING main_het_teleport_mw_rb_yb_rb_er Starting Mw-to-Er teleportation trial 1721 at 103200000019999500.
103,260,000,019,999,500 WARNING main_het_teleport_mw_rb_yb_rb_er Mw-to-Er teleportation trial 1721 failed (completed=True, direct match=False, latency=4.2062975 seconds).
103,260,000,019,999,500 WARNING main_het_teleport_mw_rb_yb_rb_er Starting Mw-to-Er teleportation trial 1722 at 103260000019999500.
103,320,000,019,999,500 WARNING main_het_teleport_mw_rb_yb_rb_er Mw-to-Er teleportation trial 1722 failed (completed=True, direct match=False, latency=0.75153925 seconds).
103,320,000,019,999,500 WARNING main_het_teleport_mw_rb_yb_rb_er Starting Mw-to-Er teleportation trial 1723 at 103320000019999500.
103,380,000,019,999,500 WARNING main_het_teleport_mw_rb_yb_rb_er Mw-to-Er teleportation trial 1723 succeeded (completed=True, direct match=True, latency=5.6056735 seconds).
103,380,000,019,999,500 WARNING main_het_teleport_mw_rb_yb_rb_er Starting Mw-to-Er teleportation trial 1724 at 103380000019999500.
103,440,000,019,999,500 WARNING main_het_teleport_mw_rb_yb_rb_er Mw-to-Er teleportation trial 1724 succeeded (completed=True, direct match=True, latency=5.615033875 seconds).
103,440,000,019,999,500 WARNING main_het_teleport_mw_rb_yb_rb_er Starting Mw-to-Er teleportation trial 1725 at 103440000019999500.
103,500,000,019,999,500 WARNING main_het_teleport_mw_rb_yb_rb_er Mw-to-Er teleportation trial 1725 succeeded (completed=True, direct match=True, latency=1.43874675 seconds).
103,500,000,019,999,500 WARNING main_het_teleport_mw_rb_yb_rb_er Starting Mw-to-Er teleportation trial 1726 at 103500000019999500.
103,560,000,019,999,500 WARNING main_het_teleport_mw_rb_yb_rb_er Mw-to-Er teleportation trial 1726 succeeded (completed=True, direct match=True, latency=6.2694800625 seconds).
103,560,000,019,999,500 WARNING main_het_teleport_mw_rb_yb_rb_er Starting Mw-to-Er teleportation trial 1727 at 103560000019999500.
103,620,000,019,999,500 WARNING main_het_teleport_mw_rb_yb_rb_er Mw-to-Er teleportation trial 1727 succeeded (completed=True, direct match=True, latency=2.8116016875 seconds).
103,620,000,019,999,500 WARNING main_het_teleport_mw_rb_yb_rb_er Starting Mw-to-Er teleportation trial 1728 at 103620000019999500.
103,680,000,019,999,500 WARNING main_het_teleport_mw_rb_yb_rb_er Mw-to-Er teleportation trial 1728 succeeded (completed=True, direct match=True, latency=4.952787375 seconds).
103,680,000,019,999,500 WARNING main_het_teleport_mw_rb_yb_rb_er Starting Mw-to-Er teleportation trial 1729 at 103680000019999500.
103,740,000,019,999,500 WARNING main_het_teleport_mw_rb_yb_rb_er Mw-to-Er teleportation trial 1729 succeeded (completed=True, direct match=True, latency=5.5635518125 seconds).
103,740,000,019,999,500 WARNING main_het_teleport_mw_rb_yb_rb_er Starting Mw-to-Er teleportation trial 1730 at 103740000019999500.
103,800,000,019,999,500 WARNING main_het_teleport_mw_rb_yb_rb_er Mw-to-Er teleportation trial 1730 succeeded (completed=True, direct match=True, latency=14.68289675 seconds).
103,800,000,019,999,500 WARNING main_het_teleport_mw_rb_yb_rb_er Starting Mw-to-Er teleportation trial 1731 at 103800000019999500.
103,860,000,019,999,500 WARNING main_het_teleport_mw_rb_yb_rb_er Mw-to-Er teleportation trial 1731 succeeded (completed=True, direct match=True, latency=2.119714 seconds).
103,860,000,019,999,500 WARNING main_het_teleport_mw_rb_yb_rb_er Starting Mw-to-Er teleportation trial 1732 at 103860000019999500.
103,920,000,019,999,500 WARNING main_het_teleport_mw_rb_yb_rb_er Mw-to-Er teleportation trial 1732 succeeded (completed=True, direct match=True, latency=3.5268903125 seconds).
103,920,000,019,999,500 WARNING main_het_teleport_mw_rb_yb_rb_er Starting Mw-to-Er teleportation trial 1733 at 103920000019999500.
103,980,000,019,999,500 WARNING main_het_teleport_mw_rb_yb_rb_er Mw-to-Er teleportation trial 1733 succeeded (completed=True, direct match=True, latency=2.1150338125 seconds).
103,980,000,019,999,500 WARNING main_het_teleport_mw_rb_yb_rb_er Starting Mw-to-Er teleportation trial 1734 at 103980000019999500.
104,040,000,019,999,500 WARNING main_het_teleport_mw_rb_yb_rb_er Mw-to-Er teleportation trial 1734 succeeded (completed=True, direct match=True, latency=4.915345875 seconds).
104,040,000,019,999,500 WARNING main_het_teleport_mw_rb_yb_rb_er Starting Mw-to-Er teleportation trial 1735 at 104040000019999500.
104,100,000,019,999,500 WARNING main_het_teleport_mw_rb_yb_rb_er Mw-to-Er teleportation trial 1735 succeeded (completed=True, direct match=True, latency=6.3194020625 seconds).
104,100,000,019,999,500 WARNING main_het_teleport_mw_rb_yb_rb_er Starting Mw-to-Er teleportation trial 1736 at 104100000019999500.
104,160,000,019,999,500 WARNING main_het_teleport_mw_rb_yb_rb_er Mw-to-Er teleportation trial 1736 succeeded (completed=True, direct match=True, latency=3.4956890625 seconds).
104,160,000,019,999,500 WARNING main_het_teleport_mw_rb_yb_rb_er Starting Mw-to-Er teleportation trial 1737 at 104160000019999500.
104,220,000,019,999,500 WARNING main_het_teleport_mw_rb_yb_rb_er Mw-to-Er teleportation trial 1737 succeeded (completed=True, direct match=True, latency=4.23749875 seconds).
104,220,000,019,999,500 WARNING main_het_teleport_mw_rb_yb_rb_er Starting Mw-to-Er teleportation trial 1738 at 104220000019999500.
104,280,000,019,999,500 WARNING main_het_teleport_mw_rb_yb_rb_er Mw-to-Er teleportation trial 1738 failed (completed=True, direct match=False, latency=7.67353625 seconds).
104,280,000,019,999,500 WARNING main_het_teleport_mw_rb_yb_rb_er Starting Mw-to-Er teleportation trial 1739 at 104280000019999500.
104,340,000,019,999,500 WARNING main_het_teleport_mw_rb_yb_rb_er Mw-to-Er teleportation trial 1739 succeeded (completed=True, direct match=True, latency=1.429386375 seconds).
104,340,000,019,999,500 WARNING main_het_teleport_mw_rb_yb_rb_er Starting Mw-to-Er teleportation trial 1740 at 104340000019999500.
104,400,000,019,999,500 WARNING main_het_teleport_mw_rb_yb_rb_er Mw-to-Er teleportation trial 1740 succeeded (completed=True, direct match=True, latency=3.5268903125 seconds).
104,400,000,019,999,500 WARNING main_het_teleport_mw_rb_yb_rb_er Starting Mw-to-Er teleportation trial 1741 at 104400000019999500.
104,460,000,019,999,500 WARNING main_het_teleport_mw_rb_yb_rb_er Mw-to-Er teleportation trial 1741 failed (completed=True, direct match=False, latency=3.5112896875 seconds).
104,460,000,019,999,500 WARNING main_het_teleport_mw_rb_yb_rb_er Starting Mw-to-Er teleportation trial 1742 at 104460000019999500.
104,520,000,019,999,500 WARNING main_het_teleport_mw_rb_yb_rb_er Mw-to-Er teleportation trial 1742 succeeded (completed=True, direct match=True, latency=12.6103538125 seconds).
104,520,000,019,999,500 WARNING main_het_teleport_mw_rb_yb_rb_er Starting Mw-to-Er teleportation trial 1743 at 104520000019999500.
104,580,000,019,999,500 WARNING main_het_teleport_mw_rb_yb_rb_er Mw-to-Er teleportation trial 1743 succeeded (completed=True, direct match=True, latency=2.8240821875 seconds).
104,580,000,019,999,500 WARNING main_het_teleport_mw_rb_yb_rb_er Starting Mw-to-Er teleportation trial 1744 at 104580000019999500.
104,640,000,019,999,500 WARNING main_het_teleport_mw_rb_yb_rb_er Mw-to-Er teleportation trial 1744 succeeded (completed=True, direct match=True, latency=2.841242875 seconds).
104,640,000,019,999,500 WARNING main_het_teleport_mw_rb_yb_rb_er Starting Mw-to-Er teleportation trial 1745 at 104640000019999500.
104,700,000,019,999,500 WARNING main_het_teleport_mw_rb_yb_rb_er Mw-to-Er teleportation trial 1745 failed (completed=True, direct match=False, latency=4.896625125 seconds).
104,700,000,019,999,500 WARNING main_het_teleport_mw_rb_yb_rb_er Starting Mw-to-Er teleportation trial 1746 at 104700000019999500.
104,760,000,019,999,500 WARNING main_het_teleport_mw_rb_yb_rb_er Mw-to-Er teleportation trial 1746 succeeded (completed=True, direct match=True, latency=2.104113375 seconds).
104,760,000,019,999,500 WARNING main_het_teleport_mw_rb_yb_rb_er Starting Mw-to-Er teleportation trial 1747 at 104760000019999500.
104,820,000,019,999,500 WARNING main_het_teleport_mw_rb_yb_rb_er Mw-to-Er teleportation trial 1747 succeeded (completed=True, direct match=True, latency=4.97462825 seconds).
104,820,000,019,999,500 WARNING main_het_teleport_mw_rb_yb_rb_er Starting Mw-to-Er teleportation trial 1748 at 104820000019999500.
104,880,000,019,999,500 WARNING main_het_teleport_mw_rb_yb_rb_er Mw-to-Er teleportation trial 1748 succeeded (completed=True, direct match=True, latency=6.308481625 seconds).
104,880,000,019,999,500 WARNING main_het_teleport_mw_rb_yb_rb_er Starting Mw-to-Er teleportation trial 1749 at 104880000019999500.
104,940,000,019,999,500 WARNING main_het_teleport_mw_rb_yb_rb_er Mw-to-Er teleportation trial 1749 succeeded (completed=True, direct match=True, latency=1.3498231875 seconds).
104,940,000,019,999,500 WARNING main_het_teleport_mw_rb_yb_rb_er Starting Mw-to-Er teleportation trial 1750 at 104940000019999500.
105,000,000,019,999,500 WARNING main_het_teleport_mw_rb_yb_rb_er Mw-to-Er teleportation trial 1750 succeeded (completed=True, direct match=True, latency=7.7374988125 seconds).
105,000,000,019,999,500 WARNING main_het_teleport_mw_rb_yb_rb_er Starting Mw-to-Er teleportation trial 1751 at 105000000019999500.
105,060,000,019,999,500 WARNING main_het_teleport_mw_rb_yb_rb_er Mw-to-Er teleportation trial 1751 succeeded (completed=True, direct match=True, latency=3.623182675 seconds).
105,060,000,019,999,500 WARNING main_het_teleport_mw_rb_yb_rb_er Starting Mw-to-Er teleportation trial 1752 at 105060000019999500.
105,120,000,019,999,500 WARNING main_het_teleport_mw_rb_yb_rb_er Mw-to-Er teleportation trial 1752 succeeded (completed=True, direct match=True, latency=2.8069215 seconds).
105,120,000,019,999,500 WARNING main_het_teleport_mw_rb_yb_rb_er Starting Mw-to-Er teleportation trial 1753 at 105120000019999500.
105,180,000,019,999,500 WARNING main_het_teleport_mw_rb_yb_rb_er Mw-to-Er teleportation trial 1753 succeeded (completed=True, direct match=True, latency=4.93718675 seconds).
105,180,000,019,999,500 WARNING main_het_teleport_mw_rb_yb_rb_er Starting Mw-to-Er teleportation trial 1754 at 105180000019999500.
105,240,000,019,999,500 WARNING main_het_teleport_mw_rb_yb_rb_er Mw-to-Er teleportation trial 1754 succeeded (completed=True, direct match=True, latency=4.893505 seconds).
105,240,000,019,999,500 WARNING main_het_teleport_mw_rb_yb_rb_er Starting Mw-to-Er teleportation trial 1755 at 105240000019999500.
105,300,000,019,999,500 WARNING main_het_teleport_mw_rb_yb_rb_er Mw-to-Er teleportation trial 1755 succeeded (completed=True, direct match=True, latency=9.094753125 seconds).
105,300,000,019,999,500 WARNING main_het_teleport_mw_rb_yb_rb_er Starting Mw-to-Er teleportation trial 1756 at 105300000019999500.
105,360,000,019,999,500 WARNING main_het_teleport_mw_rb_yb_rb_er Mw-to-Er teleportation trial 1756 failed (completed=True, direct match=False, latency=4.96214775 seconds).
105,360,000,019,999,500 WARNING main_het_teleport_mw_rb_yb_rb_er Starting Mw-to-Er teleportation trial 1757 at 105360000019999500.
105,420,000,019,999,500 WARNING main_het_teleport_mw_rb_yb_rb_er Mw-to-Er teleportation trial 1757 failed (completed=True, direct match=False, latency=2.1565798875 seconds).
105,420,000,019,999,500 WARNING main_het_teleport_mw_rb_yb_rb_er Starting Mw-to-Er teleportation trial 1758 at 105420000019999500.
105,480,000,019,999,500 WARNING main_het_teleport_mw_rb_yb_rb_er Mw-to-Er teleportation trial 1758 failed (completed=True, direct match=False, latency=2.7991211875 seconds).
105,480,000,019,999,500 WARNING main_het_teleport_mw_rb_yb_rb_er Starting Mw-to-Er teleportation trial 1759 at 105480000019999500.
105,540,000,019,999,500 WARNING main_het_teleport_mw_rb_yb_rb_er Mw-to-Er teleportation trial 1759 succeeded (completed=True, direct match=True, latency=4.890384875 seconds).
105,540,000,019,999,500 WARNING main_het_teleport_mw_rb_yb_rb_er Starting Mw-to-Er teleportation trial 1760 at 105540000019999500.
105,600,000,019,999,500 WARNING main_het_teleport_mw_rb_yb_rb_er Mw-to-Er teleportation trial 1760 succeeded (completed=True, direct match=True, latency=4.9200260625 seconds).
105,600,000,019,999,500 WARNING main_het_teleport_mw_rb_yb_rb_er Starting Mw-to-Er teleportation trial 1761 at 105600000019999500.
105,660,000,019,999,500 WARNING main_het_teleport_mw_rb_yb_rb_er Mw-to-Er teleportation trial 1761 succeeded (completed=True, direct match=True, latency=5.590072875 seconds).
105,660,000,019,999,500 WARNING main_het_teleport_mw_rb_yb_rb_er Starting Mw-to-Er teleportation trial 1762 at 105660000019999500.
105,720,000,019,999,500 WARNING main_het_teleport_mw_rb_yb_rb_er Mw-to-Er teleportation trial 1762 succeeded (completed=True, direct match=True, latency=5.6009933125 seconds).
105,720,000,019,999,500 WARNING main_het_teleport_mw_rb_yb_rb_er Starting Mw-to-Er teleportation trial 1763 at 105720000019999500.
105,780,000,019,999,500 WARNING main_het_teleport_mw_rb_yb_rb_er Mw-to-Er teleportation trial 1763 succeeded (completed=True, direct match=True, latency=0.735938625 seconds).
105,780,000,019,999,500 WARNING main_het_teleport_mw_rb_yb_rb_er Starting Mw-to-Er teleportation trial 1764 at 105780000019999500.
105,840,000,019,999,500 WARNING main_het_teleport_mw_rb_yb_rb_er Mw-to-Er teleportation trial 1764 succeeded (completed=True, direct match=True, latency=4.9169059375 seconds).
105,840,000,019,999,500 WARNING main_het_teleport_mw_rb_yb_rb_er Starting Mw-to-Er teleportation trial 1765 at 105840000019999500.
105,900,000,019,999,500 WARNING main_het_teleport_mw_rb_yb_rb_er Mw-to-Er teleportation trial 1765 failed (completed=True, direct match=False, latency=1.45602505 seconds).
105,900,000,019,999,500 WARNING main_het_teleport_mw_rb_yb_rb_er Starting Mw-to-Er teleportation trial 1766 at 105900000019999500.
105,960,000,019,999,500 WARNING main_het_teleport_mw_rb_yb_rb_er Mw-to-Er teleportation trial 1766 succeeded (completed=True, direct match=True, latency=4.1204940625 seconds).
105,960,000,019,999,500 WARNING main_het_teleport_mw_rb_yb_rb_er Starting Mw-to-Er teleportation trial 1767 at 105960000019999500.
106,020,000,019,999,500 WARNING main_het_teleport_mw_rb_yb_rb_er Mw-to-Er teleportation trial 1767 succeeded (completed=True, direct match=True, latency=10.5175300625 seconds).
106,020,000,019,999,500 WARNING main_het_teleport_mw_rb_yb_rb_er Starting Mw-to-Er teleportation trial 1768 at 106020000019999500.
106,080,000,019,999,500 WARNING main_het_teleport_mw_rb_yb_rb_er Mw-to-Er teleportation trial 1768 succeeded (completed=True, direct match=True, latency=1.4683879375 seconds).
106,080,000,019,999,500 WARNING main_het_teleport_mw_rb_yb_rb_er Starting Mw-to-Er teleportation trial 1769 at 106080000019999500.
106,140,000,019,999,500 WARNING main_het_teleport_mw_rb_yb_rb_er Mw-to-Er teleportation trial 1769 succeeded (completed=True, direct match=True, latency=12.605673625 seconds).
106,140,000,019,999,500 WARNING main_het_teleport_mw_rb_yb_rb_er Starting Mw-to-Er teleportation trial 1770 at 106140000019999500.
106,200,000,019,999,500 WARNING main_het_teleport_mw_rb_yb_rb_er Mw-to-Er teleportation trial 1770 failed (completed=True, direct match=False, latency=3.4644878125 seconds).
106,200,000,019,999,500 WARNING main_het_teleport_mw_rb_yb_rb_er Starting Mw-to-Er teleportation trial 1771 at 106200000019999500.
106,260,000,019,999,500 WARNING main_het_teleport_mw_rb_yb_rb_er Mw-to-Er teleportation trial 1771 succeeded (completed=True, direct match=True, latency=2.7804004375 seconds).
106,260,000,019,999,500 WARNING main_het_teleport_mw_rb_yb_rb_er Starting Mw-to-Er teleportation trial 1772 at 106260000019999500.
106,320,000,019,999,500 WARNING main_het_teleport_mw_rb_yb_rb_er Mw-to-Er teleportation trial 1772 succeeded (completed=True, direct match=True, latency=3.4988091875 seconds).
106,320,000,019,999,500 WARNING main_het_teleport_mw_rb_yb_rb_er Starting Mw-to-Er teleportation trial 1773 at 106320000019999500.
106,380,000,019,999,500 WARNING main_het_teleport_mw_rb_yb_rb_er Mw-to-Er teleportation trial 1773 succeeded (completed=True, direct match=True, latency=4.890384875 seconds).
106,380,000,019,999,500 WARNING main_het_teleport_mw_rb_yb_rb_er Starting Mw-to-Er teleportation trial 1774 at 106380000019999500.
106,440,000,019,999,500 WARNING main_het_teleport_mw_rb_yb_rb_er Mw-to-Er teleportation trial 1774 succeeded (completed=True, direct match=True, latency=3.5393708125 seconds).
106,440,000,019,999,500 WARNING main_het_teleport_mw_rb_yb_rb_er Starting Mw-to-Er teleportation trial 1775 at 106440000019999500.
106,500,000,019,999,500 WARNING main_het_teleport_mw_rb_yb_rb_er Mw-to-Er teleportation trial 1775 succeeded (completed=True, direct match=True, latency=4.1735361875 seconds).
106,500,000,019,999,500 WARNING main_het_teleport_mw_rb_yb_rb_er Starting Mw-to-Er teleportation trial 1776 at 106500000019999500.
106,560,000,019,999,500 WARNING main_het_teleport_mw_rb_yb_rb_er Mw-to-Er teleportation trial 1776 succeeded (completed=True, direct match=True, latency=3.494129 seconds).
106,560,000,019,999,500 WARNING main_het_teleport_mw_rb_yb_rb_er Starting Mw-to-Er teleportation trial 1777 at 106560000019999500.
106,620,000,019,999,500 WARNING main_het_teleport_mw_rb_yb_rb_er Mw-to-Er teleportation trial 1777 failed (completed=True, direct match=False, latency=6.3053615 seconds).
106,620,000,019,999,500 WARNING main_het_teleport_mw_rb_yb_rb_er Starting Mw-to-Er teleportation trial 1778 at 106620000019999500.
106,680,000,019,999,500 WARNING main_het_teleport_mw_rb_yb_rb_er Mw-to-Er teleportation trial 1778 succeeded (completed=True, direct match=True, latency=1.48137605 seconds).
106,680,000,019,999,500 WARNING main_het_teleport_mw_rb_yb_rb_er Starting Mw-to-Er teleportation trial 1779 at 106680000019999500.
106,740,000,019,999,500 WARNING main_het_teleport_mw_rb_yb_rb_er Mw-to-Er teleportation trial 1779 succeeded (completed=True, direct match=True, latency=2.75075925 seconds).
106,740,000,019,999,500 WARNING main_het_teleport_mw_rb_yb_rb_er Starting Mw-to-Er teleportation trial 1780 at 106740000019999500.
106,800,000,019,999,500 WARNING main_het_teleport_mw_rb_yb_rb_er Mw-to-Er teleportation trial 1780 succeeded (completed=True, direct match=True, latency=8.401305375 seconds).
106,800,000,019,999,500 WARNING main_het_teleport_mw_rb_yb_rb_er Starting Mw-to-Er teleportation trial 1781 at 106800000019999500.
106,860,000,019,999,500 WARNING main_het_teleport_mw_rb_yb_rb_er Mw-to-Er teleportation trial 1781 succeeded (completed=True, direct match=True, latency=1.416905875 seconds).
106,860,000,019,999,500 WARNING main_het_teleport_mw_rb_yb_rb_er Starting Mw-to-Er teleportation trial 1782 at 106860000019999500.
106,920,000,019,999,500 WARNING main_het_teleport_mw_rb_yb_rb_er Mw-to-Er teleportation trial 1782 succeeded (completed=True, direct match=True, latency=3.48788875 seconds).
106,920,000,019,999,500 WARNING main_het_teleport_mw_rb_yb_rb_er Starting Mw-to-Er teleportation trial 1783 at 106920000019999500.
106,980,000,019,999,500 WARNING main_het_teleport_mw_rb_yb_rb_er Mw-to-Er teleportation trial 1783 succeeded (completed=True, direct match=True, latency=4.209417625 seconds).
106,980,000,019,999,500 WARNING main_het_teleport_mw_rb_yb_rb_er Starting Mw-to-Er teleportation trial 1784 at 106980000019999500.
107,040,000,019,999,500 WARNING main_het_teleport_mw_rb_yb_rb_er Mw-to-Er teleportation trial 1784 succeeded (completed=True, direct match=True, latency=3.5144098125 seconds).
107,040,000,019,999,500 WARNING main_het_teleport_mw_rb_yb_rb_er Starting Mw-to-Er teleportation trial 1785 at 107040000019999500.
107,100,000,019,999,500 WARNING main_het_teleport_mw_rb_yb_rb_er Mw-to-Er teleportation trial 1785 succeeded (completed=True, direct match=True, latency=1.985548625 seconds).
107,100,000,019,999,500 WARNING main_het_teleport_mw_rb_yb_rb_er Starting Mw-to-Er teleportation trial 1786 at 107100000019999500.
107,160,000,019,999,500 WARNING main_het_teleport_mw_rb_yb_rb_er Mw-to-Er teleportation trial 1786 succeeded (completed=True, direct match=True, latency=12.5760324375 seconds).
107,160,000,019,999,500 WARNING main_het_teleport_mw_rb_yb_rb_er Starting Mw-to-Er teleportation trial 1787 at 107160000019999500.
107,220,000,019,999,500 WARNING main_het_teleport_mw_rb_yb_rb_er Mw-to-Er teleportation trial 1787 succeeded (completed=True, direct match=True, latency=2.160275625 seconds).
107,220,000,019,999,500 WARNING main_het_teleport_mw_rb_yb_rb_er Starting Mw-to-Er teleportation trial 1788 at 107220000019999500.
107,280,000,019,999,500 WARNING main_het_teleport_mw_rb_yb_rb_er Mw-to-Er teleportation trial 1788 succeeded (completed=True, direct match=True, latency=2.1150338125 seconds).
107,280,000,019,999,500 WARNING main_het_teleport_mw_rb_yb_rb_er Starting Mw-to-Er teleportation trial 1789 at 107280000019999500.
107,340,000,019,999,500 WARNING main_het_teleport_mw_rb_yb_rb_er Mw-to-Er teleportation trial 1789 succeeded (completed=True, direct match=True, latency=2.094753 seconds).
107,340,000,019,999,500 WARNING main_het_teleport_mw_rb_yb_rb_er Starting Mw-to-Er teleportation trial 1790 at 107340000019999500.
107,400,000,019,999,500 WARNING main_het_teleport_mw_rb_yb_rb_er Mw-to-Er teleportation trial 1790 succeeded (completed=True, direct match=True, latency=4.9137858125 seconds).
107,400,000,019,999,500 WARNING main_het_teleport_mw_rb_yb_rb_er Starting Mw-to-Er teleportation trial 1791 at 107400000019999500.
107,460,000,019,999,500 WARNING main_het_teleport_mw_rb_yb_rb_er Mw-to-Er teleportation trial 1791 succeeded (completed=True, direct match=True, latency=4.2062975 seconds).
107,460,000,019,999,500 WARNING main_het_teleport_mw_rb_yb_rb_er Starting Mw-to-Er teleportation trial 1792 at 107460000019999500.
107,520,000,019,999,500 WARNING main_het_teleport_mw_rb_yb_rb_er Mw-to-Er teleportation trial 1792 succeeded (completed=True, direct match=True, latency=3.647456625 seconds).
107,520,000,019,999,500 WARNING main_het_teleport_mw_rb_yb_rb_er Starting Mw-to-Er teleportation trial 1793 at 107520000019999500.
107,580,000,019,999,500 WARNING main_het_teleport_mw_rb_yb_rb_er Mw-to-Er teleportation trial 1793 failed (completed=True, direct match=False, latency=2.7023973125 seconds).
107,580,000,019,999,500 WARNING main_het_teleport_mw_rb_yb_rb_er Starting Mw-to-Er teleportation trial 1794 at 107580000019999500.
107,640,000,019,999,500 WARNING main_het_teleport_mw_rb_yb_rb_er Mw-to-Er teleportation trial 1794 succeeded (completed=True, direct match=True, latency=2.7960010625 seconds).
107,640,000,019,999,500 WARNING main_het_teleport_mw_rb_yb_rb_er Starting Mw-to-Er teleportation trial 1795 at 107640000019999500.
107,700,000,019,999,500 WARNING main_het_teleport_mw_rb_yb_rb_er Mw-to-Er teleportation trial 1795 succeeded (completed=True, direct match=True, latency=9.7741603125 seconds).
107,700,000,019,999,500 WARNING main_het_teleport_mw_rb_yb_rb_er Starting Mw-to-Er teleportation trial 1796 at 107700000019999500.
107,760,000,019,999,500 WARNING main_het_teleport_mw_rb_yb_rb_er Mw-to-Er teleportation trial 1796 succeeded (completed=True, direct match=True, latency=11.200057375 seconds).
107,760,000,019,999,500 WARNING main_het_teleport_mw_rb_yb_rb_er Starting Mw-to-Er teleportation trial 1797 at 107760000019999500.
107,820,000,019,999,500 WARNING main_het_teleport_mw_rb_yb_rb_er Mw-to-Er teleportation trial 1797 succeeded (completed=True, direct match=True, latency=2.8428029375 seconds).
107,820,000,019,999,500 WARNING main_het_teleport_mw_rb_yb_rb_er Starting Mw-to-Er teleportation trial 1798 at 107820000019999500.
107,880,000,019,999,500 WARNING main_het_teleport_mw_rb_yb_rb_er Mw-to-Er teleportation trial 1798 succeeded (completed=True, direct match=True, latency=7.7156579375 seconds).
107,880,000,019,999,500 WARNING main_het_teleport_mw_rb_yb_rb_er Starting Mw-to-Er teleportation trial 1799 at 107880000019999500.
107,940,000,019,999,500 WARNING main_het_teleport_mw_rb_yb_rb_er Mw-to-Er teleportation trial 1799 failed (completed=True, direct match=False, latency=2.819402 seconds).
107,940,000,019,999,500 WARNING main_het_teleport_mw_rb_yb_rb_er Starting Mw-to-Er teleportation trial 1800 at 107940000019999500.
108,000,000,019,999,500 WARNING main_het_teleport_mw_rb_yb_rb_er Mw-to-Er teleportation trial 1800 succeeded (completed=True, direct match=True, latency=4.184456625 seconds).
108,000,000,019,999,500 WARNING main_het_teleport_mw_rb_yb_rb_er Starting Mw-to-Er teleportation trial 1801 at 108000000019999500.
108,060,000,019,999,500 WARNING main_het_teleport_mw_rb_yb_rb_er Mw-to-Er teleportation trial 1801 succeeded (completed=True, direct match=True, latency=7.020650125 seconds).
108,060,000,019,999,500 WARNING main_het_teleport_mw_rb_yb_rb_er Starting Mw-to-Er teleportation trial 1802 at 108060000019999500.
108,120,000,019,999,500 WARNING main_het_teleport_mw_rb_yb_rb_er Mw-to-Er teleportation trial 1802 succeeded (completed=True, direct match=True, latency=7.0222101875 seconds).
108,120,000,019,999,500 WARNING main_het_teleport_mw_rb_yb_rb_er Starting Mw-to-Er teleportation trial 1803 at 108120000019999500.
108,180,000,019,999,500 WARNING main_het_teleport_mw_rb_yb_rb_er Mw-to-Er teleportation trial 1803 failed (completed=True, direct match=False, latency=3.51909 seconds).
108,180,000,019,999,500 WARNING main_het_teleport_mw_rb_yb_rb_er Starting Mw-to-Er teleportation trial 1804 at 108180000019999500.
108,240,000,019,999,500 WARNING main_het_teleport_mw_rb_yb_rb_er Mw-to-Er teleportation trial 1804 succeeded (completed=True, direct match=True, latency=7.0300105 seconds).
108,240,000,019,999,500 WARNING main_het_teleport_mw_rb_yb_rb_er Starting Mw-to-Er teleportation trial 1805 at 108240000019999500.
108,300,000,019,999,500 WARNING main_het_teleport_mw_rb_yb_rb_er Mw-to-Er teleportation trial 1805 succeeded (completed=True, direct match=True, latency=4.23749875 seconds).
108,300,000,019,999,500 WARNING main_het_teleport_mw_rb_yb_rb_er Starting Mw-to-Er teleportation trial 1806 at 108300000019999500.
108,360,000,019,999,500 WARNING main_het_teleport_mw_rb_yb_rb_er Mw-to-Er teleportation trial 1806 succeeded (completed=True, direct match=True, latency=3.578372375 seconds).
108,360,000,019,999,500 WARNING main_het_teleport_mw_rb_yb_rb_er Starting Mw-to-Er teleportation trial 1807 at 108360000019999500.
108,420,000,019,999,500 WARNING main_het_teleport_mw_rb_yb_rb_er Mw-to-Er teleportation trial 1807 succeeded (completed=True, direct match=True, latency=5.4855486875 seconds).
108,420,000,019,999,500 WARNING main_het_teleport_mw_rb_yb_rb_er Starting Mw-to-Er teleportation trial 1808 at 108420000019999500.
108,480,000,019,999,500 WARNING main_het_teleport_mw_rb_yb_rb_er Mw-to-Er teleportation trial 1808 failed (completed=True, direct match=False, latency=2.22121885 seconds).
108,480,000,019,999,500 WARNING main_het_teleport_mw_rb_yb_rb_er Starting Mw-to-Er teleportation trial 1809 at 108480000019999500.
108,540,000,019,999,500 WARNING main_het_teleport_mw_rb_yb_rb_er Mw-to-Er teleportation trial 1809 succeeded (completed=True, direct match=True, latency=3.5206500625 seconds).
108,540,000,019,999,500 WARNING main_het_teleport_mw_rb_yb_rb_er Starting Mw-to-Er teleportation trial 1810 at 108540000019999500.
108,600,000,019,999,500 WARNING main_het_teleport_mw_rb_yb_rb_er Mw-to-Er teleportation trial 1810 failed (completed=True, direct match=False, latency=4.8108216875 seconds).
108,600,000,019,999,500 WARNING main_het_teleport_mw_rb_yb_rb_er Starting Mw-to-Er teleportation trial 1811 at 108600000019999500.
108,660,000,019,999,500 WARNING main_het_teleport_mw_rb_yb_rb_er Mw-to-Er teleportation trial 1811 succeeded (completed=True, direct match=True, latency=2.10099325 seconds).
108,660,000,019,999,500 WARNING main_het_teleport_mw_rb_yb_rb_er Starting Mw-to-Er teleportation trial 1812 at 108660000019999500.
108,720,000,019,999,500 WARNING main_het_teleport_mw_rb_yb_rb_er Mw-to-Er teleportation trial 1812 succeeded (completed=True, direct match=True, latency=1.49388845 seconds).
108,720,000,019,999,500 WARNING main_het_teleport_mw_rb_yb_rb_er Starting Mw-to-Er teleportation trial 1813 at 108720000019999500.
108,780,000,019,999,500 WARNING main_het_teleport_mw_rb_yb_rb_er Mw-to-Er teleportation trial 1813 succeeded (completed=True, direct match=True, latency=4.8794644375 seconds).
108,780,000,019,999,500 WARNING main_het_teleport_mw_rb_yb_rb_er Starting Mw-to-Er teleportation trial 1814 at 108780000019999500.
108,840,000,019,999,500 WARNING main_het_teleport_mw_rb_yb_rb_er Mw-to-Er teleportation trial 1814 failed (completed=True, direct match=False, latency=6.3038014375 seconds).
108,840,000,019,999,500 WARNING main_het_teleport_mw_rb_yb_rb_er Starting Mw-to-Er teleportation trial 1815 at 108840000019999500.
108,900,000,019,999,500 WARNING main_het_teleport_mw_rb_yb_rb_er Mw-to-Er teleportation trial 1815 succeeded (completed=True, direct match=True, latency=1.4247061875 seconds).
108,900,000,019,999,500 WARNING main_het_teleport_mw_rb_yb_rb_er Starting Mw-to-Er teleportation trial 1816 at 108900000019999500.
108,960,000,019,999,500 WARNING main_het_teleport_mw_rb_yb_rb_er Mw-to-Er teleportation trial 1816 succeeded (completed=True, direct match=True, latency=4.2359386875 seconds).
108,960,000,019,999,500 WARNING main_het_teleport_mw_rb_yb_rb_er Starting Mw-to-Er teleportation trial 1817 at 108960000019999500.
109,020,000,019,999,500 WARNING main_het_teleport_mw_rb_yb_rb_er Mw-to-Er teleportation trial 1817 succeeded (completed=True, direct match=True, latency=2.8147218125 seconds).
109,020,000,019,999,500 WARNING main_het_teleport_mw_rb_yb_rb_er Starting Mw-to-Er teleportation trial 1818 at 109020000019999500.
109,080,000,019,999,500 WARNING main_het_teleport_mw_rb_yb_rb_er Mw-to-Er teleportation trial 1818 failed (completed=True, direct match=False, latency=0.670416 seconds).
109,080,000,019,999,500 WARNING main_het_teleport_mw_rb_yb_rb_er Starting Mw-to-Er teleportation trial 1819 at 109080000019999500.
109,140,000,019,999,500 WARNING main_het_teleport_mw_rb_yb_rb_er Mw-to-Er teleportation trial 1819 succeeded (completed=True, direct match=True, latency=4.2328185625 seconds).
109,140,000,019,999,500 WARNING main_het_teleport_mw_rb_yb_rb_er Starting Mw-to-Er teleportation trial 1820 at 109140000019999500.
109,200,000,019,999,500 WARNING main_het_teleport_mw_rb_yb_rb_er Mw-to-Er teleportation trial 1820 failed (completed=True, direct match=False, latency=3.4894488125 seconds).
109,200,000,019,999,500 WARNING main_het_teleport_mw_rb_yb_rb_er Starting Mw-to-Er teleportation trial 1821 at 109200000019999500.
109,260,000,019,999,500 WARNING main_het_teleport_mw_rb_yb_rb_er Mw-to-Er teleportation trial 1821 succeeded (completed=True, direct match=True, latency=3.51284975 seconds).
109,260,000,019,999,500 WARNING main_het_teleport_mw_rb_yb_rb_er Starting Mw-to-Er teleportation trial 1822 at 109260000019999500.
109,320,000,019,999,500 WARNING main_het_teleport_mw_rb_yb_rb_er Mw-to-Er teleportation trial 1822 succeeded (completed=True, direct match=True, latency=3.4644878125 seconds).
109,320,000,019,999,500 WARNING main_het_teleport_mw_rb_yb_rb_er Starting Mw-to-Er teleportation trial 1823 at 109320000019999500.
109,380,000,019,999,500 WARNING main_het_teleport_mw_rb_yb_rb_er Mw-to-Er teleportation trial 1823 succeeded (completed=True, direct match=True, latency=1.3997451875 seconds).
109,380,000,019,999,500 WARNING main_het_teleport_mw_rb_yb_rb_er Starting Mw-to-Er teleportation trial 1824 at 109380000019999500.
109,440,000,019,999,500 WARNING main_het_teleport_mw_rb_yb_rb_er Mw-to-Er teleportation trial 1824 succeeded (completed=True, direct match=True, latency=6.989448875 seconds).
109,440,000,019,999,500 WARNING main_het_teleport_mw_rb_yb_rb_er Starting Mw-to-Er teleportation trial 1825 at 109440000019999500.
109,500,000,019,999,500 WARNING main_het_teleport_mw_rb_yb_rb_er Mw-to-Er teleportation trial 1825 succeeded (completed=True, direct match=True, latency=2.8209620625 seconds).
109,500,000,019,999,500 WARNING main_het_teleport_mw_rb_yb_rb_er Starting Mw-to-Er teleportation trial 1826 at 109500000019999500.
109,560,000,019,999,500 WARNING main_het_teleport_mw_rb_yb_rb_er Mw-to-Er teleportation trial 1826 succeeded (completed=True, direct match=True, latency=1.4122256875 seconds).
109,560,000,019,999,500 WARNING main_het_teleport_mw_rb_yb_rb_er Starting Mw-to-Er teleportation trial 1827 at 109560000019999500.
109,620,000,019,999,500 WARNING main_het_teleport_mw_rb_yb_rb_er Mw-to-Er teleportation trial 1827 succeeded (completed=True, direct match=True, latency=13.3194021875 seconds).
109,620,000,019,999,500 WARNING main_het_teleport_mw_rb_yb_rb_er Starting Mw-to-Er teleportation trial 1828 at 109620000019999500.
109,680,000,019,999,500 WARNING main_het_teleport_mw_rb_yb_rb_er Mw-to-Er teleportation trial 1828 failed (completed=True, direct match=False, latency=17.50660975 seconds).
109,680,000,019,999,500 WARNING main_het_teleport_mw_rb_yb_rb_er Starting Mw-to-Er teleportation trial 1829 at 109680000019999500.
109,740,000,019,999,500 WARNING main_het_teleport_mw_rb_yb_rb_er Mw-to-Er teleportation trial 1829 succeeded (completed=True, direct match=True, latency=9.125954375 seconds).
109,740,000,019,999,500 WARNING main_het_teleport_mw_rb_yb_rb_er Starting Mw-to-Er teleportation trial 1830 at 109740000019999500.
109,800,000,019,999,500 WARNING main_het_teleport_mw_rb_yb_rb_er Mw-to-Er teleportation trial 1830 succeeded (completed=True, direct match=True, latency=11.20941775 seconds).
109,800,000,019,999,500 WARNING main_het_teleport_mw_rb_yb_rb_er Starting Mw-to-Er teleportation trial 1831 at 109800000019999500.
109,860,000,019,999,500 WARNING main_het_teleport_mw_rb_yb_rb_er Mw-to-Er teleportation trial 1831 succeeded (completed=True, direct match=True, latency=11.90910575 seconds).
109,860,000,019,999,500 WARNING main_het_teleport_mw_rb_yb_rb_er Starting Mw-to-Er teleportation trial 1832 at 109860000019999500.
109,920,000,019,999,500 WARNING main_het_teleport_mw_rb_yb_rb_er Mw-to-Er teleportation trial 1832 succeeded (completed=True, direct match=True, latency=6.9800885 seconds).
109,920,000,019,999,500 WARNING main_het_teleport_mw_rb_yb_rb_er Starting Mw-to-Er teleportation trial 1833 at 109920000019999500.
109,980,000,019,999,500 WARNING main_het_teleport_mw_rb_yb_rb_er Mw-to-Er teleportation trial 1833 succeeded (completed=True, direct match=True, latency=3.5081695625 seconds).
109,980,000,019,999,500 WARNING main_het_teleport_mw_rb_yb_rb_er Starting Mw-to-Er teleportation trial 1834 at 109980000019999500.
110,040,000,019,999,500 WARNING main_het_teleport_mw_rb_yb_rb_er Mw-to-Er teleportation trial 1834 succeeded (completed=True, direct match=True, latency=4.24997925 seconds).
110,040,000,019,999,500 WARNING main_het_teleport_mw_rb_yb_rb_er Starting Mw-to-Er teleportation trial 1835 at 110040000019999500.
110,100,000,019,999,500 WARNING main_het_teleport_mw_rb_yb_rb_er Mw-to-Er teleportation trial 1835 succeeded (completed=True, direct match=True, latency=4.8950650625 seconds).
110,100,000,019,999,500 WARNING main_het_teleport_mw_rb_yb_rb_er Starting Mw-to-Er teleportation trial 1836 at 110100000019999500.
110,160,000,019,999,500 WARNING main_het_teleport_mw_rb_yb_rb_er Mw-to-Er teleportation trial 1836 succeeded (completed=True, direct match=True, latency=11.9137859375 seconds).
110,160,000,019,999,500 WARNING main_het_teleport_mw_rb_yb_rb_er Starting Mw-to-Er teleportation trial 1837 at 110160000019999500.
110,220,000,019,999,500 WARNING main_het_teleport_mw_rb_yb_rb_er Mw-to-Er teleportation trial 1837 succeeded (completed=True, direct match=True, latency=4.2312585 seconds).
110,220,000,019,999,500 WARNING main_het_teleport_mw_rb_yb_rb_er Starting Mw-to-Er teleportation trial 1838 at 110220000019999500.
110,280,000,019,999,500 WARNING main_het_teleport_mw_rb_yb_rb_er Mw-to-Er teleportation trial 1838 succeeded (completed=True, direct match=True, latency=8.3903849375 seconds).
110,280,000,019,999,500 WARNING main_het_teleport_mw_rb_yb_rb_er Starting Mw-to-Er teleportation trial 1839 at 110280000019999500.
110,340,000,019,999,500 WARNING main_het_teleport_mw_rb_yb_rb_er Mw-to-Er teleportation trial 1839 succeeded (completed=True, direct match=True, latency=0.7374986875 seconds).
110,340,000,019,999,500 WARNING main_het_teleport_mw_rb_yb_rb_er Starting Mw-to-Er teleportation trial 1840 at 110340000019999500.
110,400,000,019,999,500 WARNING main_het_teleport_mw_rb_yb_rb_er Mw-to-Er teleportation trial 1840 succeeded (completed=True, direct match=True, latency=0.0709889 seconds).
110,400,000,019,999,500 WARNING main_het_teleport_mw_rb_yb_rb_er Starting Mw-to-Er teleportation trial 1841 at 110400000019999500.
110,460,000,019,999,500 WARNING main_het_teleport_mw_rb_yb_rb_er Mw-to-Er teleportation trial 1841 succeeded (completed=True, direct match=True, latency=3.48788875 seconds).
110,460,000,019,999,500 WARNING main_het_teleport_mw_rb_yb_rb_er Starting Mw-to-Er teleportation trial 1842 at 110460000019999500.
110,520,000,019,999,500 WARNING main_het_teleport_mw_rb_yb_rb_er Mw-to-Er teleportation trial 1842 succeeded (completed=True, direct match=True, latency=4.2515393125 seconds).
110,520,000,019,999,500 WARNING main_het_teleport_mw_rb_yb_rb_er Starting Mw-to-Er teleportation trial 1843 at 110520000019999500.
110,580,000,019,999,500 WARNING main_het_teleport_mw_rb_yb_rb_er Mw-to-Er teleportation trial 1843 succeeded (completed=True, direct match=True, latency=2.116593875 seconds).
110,580,000,019,999,500 WARNING main_het_teleport_mw_rb_yb_rb_er Starting Mw-to-Er teleportation trial 1844 at 110580000019999500.
110,640,000,019,999,500 WARNING main_het_teleport_mw_rb_yb_rb_er Mw-to-Er teleportation trial 1844 succeeded (completed=True, direct match=True, latency=4.915345875 seconds).
110,640,000,019,999,500 WARNING main_het_teleport_mw_rb_yb_rb_er Starting Mw-to-Er teleportation trial 1845 at 110640000019999500.
110,700,000,019,999,500 WARNING main_het_teleport_mw_rb_yb_rb_er Mw-to-Er teleportation trial 1845 succeeded (completed=True, direct match=True, latency=4.21253775 seconds).
110,700,000,019,999,500 WARNING main_het_teleport_mw_rb_yb_rb_er Starting Mw-to-Er teleportation trial 1846 at 110700000019999500.
110,760,000,019,999,500 WARNING main_het_teleport_mw_rb_yb_rb_er Mw-to-Er teleportation trial 1846 succeeded (completed=True, direct match=True, latency=9.7398389375 seconds).
110,760,000,019,999,500 WARNING main_het_teleport_mw_rb_yb_rb_er Starting Mw-to-Er teleportation trial 1847 at 110760000019999500.
110,820,000,019,999,500 WARNING main_het_teleport_mw_rb_yb_rb_er Mw-to-Er teleportation trial 1847 succeeded (completed=True, direct match=True, latency=0.7250181875 seconds).
110,820,000,019,999,500 WARNING main_het_teleport_mw_rb_yb_rb_er Starting Mw-to-Er teleportation trial 1848 at 110820000019999500.
110,880,000,019,999,500 WARNING main_het_teleport_mw_rb_yb_rb_er Mw-to-Er teleportation trial 1848 succeeded (completed=True, direct match=True, latency=2.205496325 seconds).
110,880,000,019,999,500 WARNING main_het_teleport_mw_rb_yb_rb_er Starting Mw-to-Er teleportation trial 1849 at 110880000019999500.
110,940,000,019,999,500 WARNING main_het_teleport_mw_rb_yb_rb_er Mw-to-Er teleportation trial 1849 succeeded (completed=True, direct match=True, latency=2.934846625 seconds).
110,940,000,019,999,500 WARNING main_het_teleport_mw_rb_yb_rb_er Starting Mw-to-Er teleportation trial 1850 at 110940000019999500.
111,000,000,019,999,500 WARNING main_het_teleport_mw_rb_yb_rb_er Mw-to-Er teleportation trial 1850 failed (completed=True, direct match=False, latency=10.4301665625 seconds).
111,000,000,019,999,500 WARNING main_het_teleport_mw_rb_yb_rb_er Starting Mw-to-Er teleportation trial 1851 at 111000000019999500.
111,060,000,019,999,500 WARNING main_het_teleport_mw_rb_yb_rb_er Mw-to-Er teleportation trial 1851 succeeded (completed=True, direct match=True, latency=2.816281875 seconds).
111,060,000,019,999,500 WARNING main_het_teleport_mw_rb_yb_rb_er Starting Mw-to-Er teleportation trial 1852 at 111060000019999500.
111,120,000,019,999,500 WARNING main_het_teleport_mw_rb_yb_rb_er Mw-to-Er teleportation trial 1852 succeeded (completed=True, direct match=True, latency=12.6041135625 seconds).
111,120,000,019,999,500 WARNING main_het_teleport_mw_rb_yb_rb_er Starting Mw-to-Er teleportation trial 1853 at 111120000019999500.
111,180,000,019,999,500 WARNING main_het_teleport_mw_rb_yb_rb_er Mw-to-Er teleportation trial 1853 failed (completed=True, direct match=False, latency=2.1212740625 seconds).
111,180,000,019,999,500 WARNING main_het_teleport_mw_rb_yb_rb_er Starting Mw-to-Er teleportation trial 1854 at 111180000019999500.
111,240,000,019,999,500 WARNING main_het_teleport_mw_rb_yb_rb_er Mw-to-Er teleportation trial 1854 failed (completed=True, direct match=False, latency=3.55029125 seconds).
111,240,000,019,999,500 WARNING main_het_teleport_mw_rb_yb_rb_er Starting Mw-to-Er teleportation trial 1855 at 111240000019999500.
111,300,000,019,999,500 WARNING main_het_teleport_mw_rb_yb_rb_er Mw-to-Er teleportation trial 1855 succeeded (completed=True, direct match=True, latency=4.2312585 seconds).
111,300,000,019,999,500 WARNING main_het_teleport_mw_rb_yb_rb_er Starting Mw-to-Er teleportation trial 1856 at 111300000019999500.
111,360,000,019,999,500 WARNING main_het_teleport_mw_rb_yb_rb_er Mw-to-Er teleportation trial 1856 failed (completed=True, direct match=False, latency=3.45044725 seconds).
111,360,000,019,999,500 WARNING main_het_teleport_mw_rb_yb_rb_er Starting Mw-to-Er teleportation trial 1857 at 111360000019999500.
111,420,000,019,999,500 WARNING main_het_teleport_mw_rb_yb_rb_er Mw-to-Er teleportation trial 1857 succeeded (completed=True, direct match=True, latency=2.92330635 seconds).
111,420,000,019,999,500 WARNING main_het_teleport_mw_rb_yb_rb_er Starting Mw-to-Er teleportation trial 1858 at 111420000019999500.
111,480,000,019,999,500 WARNING main_het_teleport_mw_rb_yb_rb_er Mw-to-Er teleportation trial 1858 succeeded (completed=True, direct match=True, latency=7.6189340625 seconds).
111,480,000,019,999,500 WARNING main_het_teleport_mw_rb_yb_rb_er Starting Mw-to-Er teleportation trial 1859 at 111480000019999500.
111,540,000,019,999,500 WARNING main_het_teleport_mw_rb_yb_rb_er Mw-to-Er teleportation trial 1859 succeeded (completed=True, direct match=True, latency=4.240618875 seconds).
111,540,000,019,999,500 WARNING main_het_teleport_mw_rb_yb_rb_er Starting Mw-to-Er teleportation trial 1860 at 111540000019999500.
111,600,000,019,999,500 WARNING main_het_teleport_mw_rb_yb_rb_er Mw-to-Er teleportation trial 1860 succeeded (completed=True, direct match=True, latency=3.5643318125 seconds).
111,600,000,019,999,500 WARNING main_het_teleport_mw_rb_yb_rb_er Starting Mw-to-Er teleportation trial 1861 at 111600000019999500.
111,660,000,019,999,500 WARNING main_het_teleport_mw_rb_yb_rb_er Mw-to-Er teleportation trial 1861 succeeded (completed=True, direct match=True, latency=2.1119136875 seconds).
111,660,000,019,999,500 WARNING main_het_teleport_mw_rb_yb_rb_er Starting Mw-to-Er teleportation trial 1862 at 111660000019999500.
111,720,000,019,999,500 WARNING main_het_teleport_mw_rb_yb_rb_er Mw-to-Er teleportation trial 1862 succeeded (completed=True, direct match=True, latency=2.875912575 seconds).
111,720,000,019,999,500 WARNING main_het_teleport_mw_rb_yb_rb_er Starting Mw-to-Er teleportation trial 1863 at 111720000019999500.
111,780,000,019,999,500 WARNING main_het_teleport_mw_rb_yb_rb_er Mw-to-Er teleportation trial 1863 failed (completed=True, direct match=False, latency=4.2078575625 seconds).
111,780,000,019,999,500 WARNING main_het_teleport_mw_rb_yb_rb_er Starting Mw-to-Er teleportation trial 1864 at 111780000019999500.
111,840,000,019,999,500 WARNING main_het_teleport_mw_rb_yb_rb_er Mw-to-Er teleportation trial 1864 succeeded (completed=True, direct match=True, latency=2.83812275 seconds).
111,840,000,019,999,500 WARNING main_het_teleport_mw_rb_yb_rb_er Starting Mw-to-Er teleportation trial 1865 at 111840000019999500.
111,900,000,019,999,500 WARNING main_het_teleport_mw_rb_yb_rb_er Mw-to-Er teleportation trial 1865 succeeded (completed=True, direct match=True, latency=4.9059855 seconds).
111,900,000,019,999,500 WARNING main_het_teleport_mw_rb_yb_rb_er Starting Mw-to-Er teleportation trial 1866 at 111900000019999500.
111,960,000,019,999,500 WARNING main_het_teleport_mw_rb_yb_rb_er Mw-to-Er teleportation trial 1866 succeeded (completed=True, direct match=True, latency=7.6548155 seconds).
111,960,000,019,999,500 WARNING main_het_teleport_mw_rb_yb_rb_er Starting Mw-to-Er teleportation trial 1867 at 111960000019999500.
112,020,000,019,999,500 WARNING main_het_teleport_mw_rb_yb_rb_er Mw-to-Er teleportation trial 1867 succeeded (completed=True, direct match=True, latency=4.9699480625 seconds).
112,020,000,019,999,500 WARNING main_het_teleport_mw_rb_yb_rb_er Starting Mw-to-Er teleportation trial 1868 at 112020000019999500.
112,080,000,019,999,500 WARNING main_het_teleport_mw_rb_yb_rb_er Mw-to-Er teleportation trial 1868 succeeded (completed=True, direct match=True, latency=7.0066095625 seconds).
112,080,000,019,999,500 WARNING main_het_teleport_mw_rb_yb_rb_er Starting Mw-to-Er teleportation trial 1869 at 112080000019999500.
112,140,000,019,999,500 WARNING main_het_teleport_mw_rb_yb_rb_er Mw-to-Er teleportation trial 1869 failed (completed=True, direct match=False, latency=4.2140978125 seconds).
112,140,000,019,999,500 WARNING main_het_teleport_mw_rb_yb_rb_er Starting Mw-to-Er teleportation trial 1870 at 112140000019999500.
112,200,000,019,999,500 WARNING main_het_teleport_mw_rb_yb_rb_er Mw-to-Er teleportation trial 1870 succeeded (completed=True, direct match=True, latency=6.317842 seconds).
112,200,000,019,999,500 WARNING main_het_teleport_mw_rb_yb_rb_er Starting Mw-to-Er teleportation trial 1871 at 112200000019999500.
112,260,000,019,999,500 WARNING main_het_teleport_mw_rb_yb_rb_er Mw-to-Er teleportation trial 1871 succeeded (completed=True, direct match=True, latency=2.85060325 seconds).
112,260,000,019,999,500 WARNING main_het_teleport_mw_rb_yb_rb_er Starting Mw-to-Er teleportation trial 1872 at 112260000019999500.
112,320,000,019,999,500 WARNING main_het_teleport_mw_rb_yb_rb_er Mw-to-Er teleportation trial 1872 succeeded (completed=True, direct match=True, latency=1.4293751875 seconds).
112,320,000,019,999,500 WARNING main_het_teleport_mw_rb_yb_rb_er Starting Mw-to-Er teleportation trial 1873 at 112320000019999500.
112,380,000,019,999,500 WARNING main_het_teleport_mw_rb_yb_rb_er Mw-to-Er teleportation trial 1873 succeeded (completed=True, direct match=True, latency=8.37322425 seconds).
112,380,000,019,999,500 WARNING main_het_teleport_mw_rb_yb_rb_er Starting Mw-to-Er teleportation trial 1874 at 112380000019999500.
112,440,000,019,999,500 WARNING main_het_teleport_mw_rb_yb_rb_er Mw-to-Er teleportation trial 1874 succeeded (completed=True, direct match=True, latency=4.2234581875 seconds).
112,440,000,019,999,500 WARNING main_het_teleport_mw_rb_yb_rb_er Starting Mw-to-Er teleportation trial 1875 at 112440000019999500.
112,500,000,019,999,500 WARNING main_het_teleport_mw_rb_yb_rb_er Mw-to-Er teleportation trial 1875 failed (completed=True, direct match=False, latency=11.165736 seconds).
112,500,000,019,999,500 WARNING main_het_teleport_mw_rb_yb_rb_er Starting Mw-to-Er teleportation trial 1876 at 112500000019999500.
112,560,000,019,999,500 WARNING main_het_teleport_mw_rb_yb_rb_er Mw-to-Er teleportation trial 1876 succeeded (completed=True, direct match=True, latency=4.2515393125 seconds).
112,560,000,019,999,500 WARNING main_het_teleport_mw_rb_yb_rb_er Starting Mw-to-Er teleportation trial 1877 at 112560000019999500.
112,620,000,019,999,500 WARNING main_het_teleport_mw_rb_yb_rb_er Mw-to-Er teleportation trial 1877 succeeded (completed=True, direct match=True, latency=4.9293864375 seconds).
112,620,000,019,999,500 WARNING main_het_teleport_mw_rb_yb_rb_er Starting Mw-to-Er teleportation trial 1878 at 112620000019999500.
112,680,000,019,999,500 WARNING main_het_teleport_mw_rb_yb_rb_er Mw-to-Er teleportation trial 1878 succeeded (completed=True, direct match=True, latency=4.918466 seconds).
112,680,000,019,999,500 WARNING main_het_teleport_mw_rb_yb_rb_er Starting Mw-to-Er teleportation trial 1879 at 112680000019999500.
112,740,000,019,999,500 WARNING main_het_teleport_mw_rb_yb_rb_er Mw-to-Er teleportation trial 1879 succeeded (completed=True, direct match=True, latency=2.7819605 seconds).
112,740,000,019,999,500 WARNING main_het_teleport_mw_rb_yb_rb_er Starting Mw-to-Er teleportation trial 1880 at 112740000019999500.
112,800,000,019,999,500 WARNING main_het_teleport_mw_rb_yb_rb_er Mw-to-Er teleportation trial 1880 succeeded (completed=True, direct match=True, latency=5.6446750625 seconds).
112,800,000,019,999,500 WARNING main_het_teleport_mw_rb_yb_rb_er Starting Mw-to-Er teleportation trial 1881 at 112800000019999500.
112,860,000,019,999,500 WARNING main_het_teleport_mw_rb_yb_rb_er Mw-to-Er teleportation trial 1881 failed (completed=True, direct match=False, latency=0.7856388 seconds).
112,860,000,019,999,500 WARNING main_het_teleport_mw_rb_yb_rb_er Starting Mw-to-Er teleportation trial 1882 at 112860000019999500.
112,920,000,019,999,500 WARNING main_het_teleport_mw_rb_yb_rb_er Mw-to-Er teleportation trial 1882 failed (completed=True, direct match=False, latency=4.7765003125 seconds).
112,920,000,019,999,500 WARNING main_het_teleport_mw_rb_yb_rb_er Starting Mw-to-Er teleportation trial 1883 at 112920000019999500.
112,980,000,019,999,500 WARNING main_het_teleport_mw_rb_yb_rb_er Mw-to-Er teleportation trial 1883 succeeded (completed=True, direct match=True, latency=2.8116016875 seconds).
112,980,000,019,999,500 WARNING main_het_teleport_mw_rb_yb_rb_er Starting Mw-to-Er teleportation trial 1884 at 112980000019999500.
113,040,000,019,999,500 WARNING main_het_teleport_mw_rb_yb_rb_er Mw-to-Er teleportation trial 1884 succeeded (completed=True, direct match=True, latency=3.503489375 seconds).
113,040,000,019,999,500 WARNING main_het_teleport_mw_rb_yb_rb_er Starting Mw-to-Er teleportation trial 1885 at 113040000019999500.
113,100,000,019,999,500 WARNING main_het_teleport_mw_rb_yb_rb_er Mw-to-Er teleportation trial 1885 succeeded (completed=True, direct match=True, latency=1.41378575 seconds).
113,100,000,019,999,500 WARNING main_het_teleport_mw_rb_yb_rb_er Starting Mw-to-Er teleportation trial 1886 at 113100000019999500.
113,160,000,019,999,500 WARNING main_het_teleport_mw_rb_yb_rb_er Mw-to-Er teleportation trial 1886 succeeded (completed=True, direct match=True, latency=6.327202375 seconds).
113,160,000,019,999,500 WARNING main_het_teleport_mw_rb_yb_rb_er Starting Mw-to-Er teleportation trial 1887 at 113160000019999500.
113,220,000,019,999,500 WARNING main_het_teleport_mw_rb_yb_rb_er Mw-to-Er teleportation trial 1887 succeeded (completed=True, direct match=True, latency=8.4153459375 seconds).
113,220,000,019,999,500 WARNING main_het_teleport_mw_rb_yb_rb_er Starting Mw-to-Er teleportation trial 1888 at 113220000019999500.
113,280,000,019,999,500 WARNING main_het_teleport_mw_rb_yb_rb_er Mw-to-Er teleportation trial 1888 succeeded (completed=True, direct match=True, latency=3.5144098125 seconds).
113,280,000,019,999,500 WARNING main_het_teleport_mw_rb_yb_rb_er Starting Mw-to-Er teleportation trial 1889 at 113280000019999500.
113,340,000,019,999,500 WARNING main_het_teleport_mw_rb_yb_rb_er Mw-to-Er teleportation trial 1889 failed (completed=True, direct match=False, latency=3.52533025 seconds).
113,340,000,019,999,500 WARNING main_het_teleport_mw_rb_yb_rb_er Starting Mw-to-Er teleportation trial 1890 at 113340000019999500.
113,400,000,019,999,500 WARNING main_het_teleport_mw_rb_yb_rb_er Mw-to-Er teleportation trial 1890 succeeded (completed=True, direct match=True, latency=14.72033825 seconds).
113,400,000,019,999,500 WARNING main_het_teleport_mw_rb_yb_rb_er Starting Mw-to-Er teleportation trial 1891 at 113400000019999500.
113,460,000,019,999,500 WARNING main_het_teleport_mw_rb_yb_rb_er Mw-to-Er teleportation trial 1891 failed (completed=True, direct match=False, latency=6.3100416875 seconds).
113,460,000,019,999,500 WARNING main_het_teleport_mw_rb_yb_rb_er Starting Mw-to-Er teleportation trial 1892 at 113460000019999500.
113,520,000,019,999,500 WARNING main_het_teleport_mw_rb_yb_rb_er Mw-to-Er teleportation trial 1892 succeeded (completed=True, direct match=True, latency=7.7437390625 seconds).
113,520,000,019,999,500 WARNING main_het_teleport_mw_rb_yb_rb_er Starting Mw-to-Er teleportation trial 1893 at 113520000019999500.
113,580,000,019,999,500 WARNING main_het_teleport_mw_rb_yb_rb_er Mw-to-Er teleportation trial 1893 failed (completed=True, direct match=False, latency=3.4551274375 seconds).
113,580,000,019,999,500 WARNING main_het_teleport_mw_rb_yb_rb_er Starting Mw-to-Er teleportation trial 1894 at 113580000019999500.
113,640,000,019,999,500 WARNING main_het_teleport_mw_rb_yb_rb_er Mw-to-Er teleportation trial 1894 succeeded (completed=True, direct match=True, latency=2.1368746875 seconds).
113,640,000,019,999,500 WARNING main_het_teleport_mw_rb_yb_rb_er Starting Mw-to-Er teleportation trial 1895 at 113640000019999500.
113,700,000,019,999,500 WARNING main_het_teleport_mw_rb_yb_rb_er Mw-to-Er teleportation trial 1895 succeeded (completed=True, direct match=True, latency=15.4122259375 seconds).
113,700,000,019,999,500 WARNING main_het_teleport_mw_rb_yb_rb_er Starting Mw-to-Er teleportation trial 1896 at 113700000019999500.
113,760,000,019,999,500 WARNING main_het_teleport_mw_rb_yb_rb_er Mw-to-Er teleportation trial 1896 failed (completed=True, direct match=False, latency=8.4309465625 seconds).
113,760,000,019,999,500 WARNING main_het_teleport_mw_rb_yb_rb_er Starting Mw-to-Er teleportation trial 1897 at 113760000019999500.
113,820,000,019,999,500 WARNING main_het_teleport_mw_rb_yb_rb_er Mw-to-Er teleportation trial 1897 succeeded (completed=True, direct match=True, latency=2.747639125 seconds).
113,820,000,019,999,500 WARNING main_het_teleport_mw_rb_yb_rb_er Starting Mw-to-Er teleportation trial 1898 at 113820000019999500.
113,880,000,019,999,500 WARNING main_het_teleport_mw_rb_yb_rb_er Mw-to-Er teleportation trial 1898 succeeded (completed=True, direct match=True, latency=9.8334426875 seconds).
113,880,000,019,999,500 WARNING main_het_teleport_mw_rb_yb_rb_er Starting Mw-to-Er teleportation trial 1899 at 113880000019999500.
113,940,000,019,999,500 WARNING main_het_teleport_mw_rb_yb_rb_er Mw-to-Er teleportation trial 1899 succeeded (completed=True, direct match=True, latency=11.83422275 seconds).
113,940,000,019,999,500 WARNING main_het_teleport_mw_rb_yb_rb_er Starting Mw-to-Er teleportation trial 1900 at 113940000019999500.
114,000,000,019,999,500 WARNING main_het_teleport_mw_rb_yb_rb_er Mw-to-Er teleportation trial 1900 succeeded (completed=True, direct match=True, latency=2.8740041875 seconds).
114,000,000,019,999,500 WARNING main_het_teleport_mw_rb_yb_rb_er Starting Mw-to-Er teleportation trial 1901 at 114000000019999500.
114,060,000,019,999,500 WARNING main_het_teleport_mw_rb_yb_rb_er Mw-to-Er teleportation trial 1901 failed (completed=True, direct match=False, latency=9.1119138125 seconds).
114,060,000,019,999,500 WARNING main_het_teleport_mw_rb_yb_rb_er Starting Mw-to-Er teleportation trial 1902 at 114060000019999500.
114,120,000,019,999,500 WARNING main_het_teleport_mw_rb_yb_rb_er Mw-to-Er teleportation trial 1902 succeeded (completed=True, direct match=True, latency=8.401305375 seconds).
114,120,000,019,999,500 WARNING main_het_teleport_mw_rb_yb_rb_er Starting Mw-to-Er teleportation trial 1903 at 114120000019999500.
114,180,000,019,999,500 WARNING main_het_teleport_mw_rb_yb_rb_er Mw-to-Er teleportation trial 1903 succeeded (completed=True, direct match=True, latency=9.8178420625 seconds).
114,180,000,019,999,500 WARNING main_het_teleport_mw_rb_yb_rb_er Starting Mw-to-Er teleportation trial 1904 at 114180000019999500.
114,240,000,019,999,500 WARNING main_het_teleport_mw_rb_yb_rb_er Mw-to-Er teleportation trial 1904 succeeded (completed=True, direct match=True, latency=2.7554394375 seconds).
114,240,000,019,999,500 WARNING main_het_teleport_mw_rb_yb_rb_er Starting Mw-to-Er teleportation trial 1905 at 114240000019999500.
114,300,000,019,999,500 WARNING main_het_teleport_mw_rb_yb_rb_er Mw-to-Er teleportation trial 1905 failed (completed=True, direct match=False, latency=2.110353625 seconds).
114,300,000,019,999,500 WARNING main_het_teleport_mw_rb_yb_rb_er Starting Mw-to-Er teleportation trial 1906 at 114300000019999500.
114,360,000,019,999,500 WARNING main_het_teleport_mw_rb_yb_rb_er Mw-to-Er teleportation trial 1906 succeeded (completed=True, direct match=True, latency=9.1087936875 seconds).
114,360,000,019,999,500 WARNING main_het_teleport_mw_rb_yb_rb_er Starting Mw-to-Er teleportation trial 1907 at 114360000019999500.
114,420,000,019,999,500 WARNING main_het_teleport_mw_rb_yb_rb_er Mw-to-Er teleportation trial 1907 succeeded (completed=True, direct match=True, latency=2.129074375 seconds).
114,420,000,019,999,500 WARNING main_het_teleport_mw_rb_yb_rb_er Starting Mw-to-Er teleportation trial 1908 at 114420000019999500.
114,480,000,019,999,500 WARNING main_het_teleport_mw_rb_yb_rb_er Mw-to-Er teleportation trial 1908 succeeded (completed=True, direct match=True, latency=12.5978733125 seconds).
114,480,000,019,999,500 WARNING main_het_teleport_mw_rb_yb_rb_er Starting Mw-to-Er teleportation trial 1909 at 114480000019999500.
114,540,000,019,999,500 WARNING main_het_teleport_mw_rb_yb_rb_er Mw-to-Er teleportation trial 1909 failed (completed=True, direct match=False, latency=16.1275145625 seconds).
114,540,000,019,999,500 WARNING main_het_teleport_mw_rb_yb_rb_er Starting Mw-to-Er teleportation trial 1910 at 114540000019999500.
114,600,000,019,999,500 WARNING main_het_teleport_mw_rb_yb_rb_er Mw-to-Er teleportation trial 1910 failed (completed=True, direct match=False, latency=2.691476875 seconds).
114,600,000,019,999,500 WARNING main_het_teleport_mw_rb_yb_rb_er Starting Mw-to-Er teleportation trial 1911 at 114600000019999500.
114,660,000,019,999,500 WARNING main_het_teleport_mw_rb_yb_rb_er Mw-to-Er teleportation trial 1911 failed (completed=True, direct match=False, latency=10.519090125 seconds).
114,660,000,019,999,500 WARNING main_het_teleport_mw_rb_yb_rb_er Starting Mw-to-Er teleportation trial 1912 at 114660000019999500.
114,720,000,019,999,500 WARNING main_het_teleport_mw_rb_yb_rb_er Mw-to-Er teleportation trial 1912 succeeded (completed=True, direct match=True, latency=2.869324 seconds).
114,720,000,019,999,500 WARNING main_het_teleport_mw_rb_yb_rb_er Starting Mw-to-Er teleportation trial 1913 at 114720000019999500.
114,780,000,019,999,500 WARNING main_het_teleport_mw_rb_yb_rb_er Mw-to-Er teleportation trial 1913 succeeded (completed=True, direct match=True, latency=11.9075456875 seconds).
114,780,000,019,999,500 WARNING main_het_teleport_mw_rb_yb_rb_er Starting Mw-to-Er teleportation trial 1914 at 114780000019999500.
114,840,000,019,999,500 WARNING main_het_teleport_mw_rb_yb_rb_er Mw-to-Er teleportation trial 1914 succeeded (completed=True, direct match=True, latency=7.78586075 seconds).
114,840,000,019,999,500 WARNING main_het_teleport_mw_rb_yb_rb_er Starting Mw-to-Er teleportation trial 1915 at 114840000019999500.
114,900,000,019,999,500 WARNING main_het_teleport_mw_rb_yb_rb_er Mw-to-Er teleportation trial 1915 succeeded (completed=True, direct match=True, latency=8.338902875 seconds).
114,900,000,019,999,500 WARNING main_het_teleport_mw_rb_yb_rb_er Starting Mw-to-Er teleportation trial 1916 at 114900000019999500.
114,960,000,019,999,500 WARNING main_het_teleport_mw_rb_yb_rb_er Mw-to-Er teleportation trial 1916 succeeded (completed=True, direct match=True, latency=4.927826375 seconds).
114,960,000,019,999,500 WARNING main_het_teleport_mw_rb_yb_rb_er Starting Mw-to-Er teleportation trial 1917 at 114960000019999500.
115,020,000,019,999,500 WARNING main_het_teleport_mw_rb_yb_rb_er Mw-to-Er teleportation trial 1917 succeeded (completed=True, direct match=True, latency=4.1813365 seconds).
115,020,000,019,999,500 WARNING main_het_teleport_mw_rb_yb_rb_er Starting Mw-to-Er teleportation trial 1918 at 115020000019999500.
115,080,000,019,999,500 WARNING main_het_teleport_mw_rb_yb_rb_er Mw-to-Er teleportation trial 1918 succeeded (completed=True, direct match=True, latency=4.92470625 seconds).
115,080,000,019,999,500 WARNING main_het_teleport_mw_rb_yb_rb_er Starting Mw-to-Er teleportation trial 1919 at 115080000019999500.
115,140,000,019,999,500 WARNING main_het_teleport_mw_rb_yb_rb_er Mw-to-Er teleportation trial 1919 succeeded (completed=True, direct match=True, latency=2.110353625 seconds).
115,140,000,019,999,500 WARNING main_het_teleport_mw_rb_yb_rb_er Starting Mw-to-Er teleportation trial 1920 at 115140000019999500.
115,200,000,019,999,500 WARNING main_het_teleport_mw_rb_yb_rb_er Mw-to-Er teleportation trial 1920 succeeded (completed=True, direct match=True, latency=7.645455125 seconds).
115,200,000,019,999,500 WARNING main_het_teleport_mw_rb_yb_rb_er Starting Mw-to-Er teleportation trial 1921 at 115200000019999500.
115,260,000,019,999,500 WARNING main_het_teleport_mw_rb_yb_rb_er Mw-to-Er teleportation trial 1921 succeeded (completed=True, direct match=True, latency=5.6446750625 seconds).
115,260,000,019,999,500 WARNING main_het_teleport_mw_rb_yb_rb_er Starting Mw-to-Er teleportation trial 1922 at 115260000019999500.
115,320,000,019,999,500 WARNING main_het_teleport_mw_rb_yb_rb_er Mw-to-Er teleportation trial 1922 succeeded (completed=True, direct match=True, latency=4.921586125 seconds).
115,320,000,019,999,500 WARNING main_het_teleport_mw_rb_yb_rb_er Starting Mw-to-Er teleportation trial 1923 at 115320000019999500.
115,380,000,019,999,500 WARNING main_het_teleport_mw_rb_yb_rb_er Mw-to-Er teleportation trial 1923 succeeded (completed=True, direct match=True, latency=4.91222575 seconds).
115,380,000,019,999,500 WARNING main_het_teleport_mw_rb_yb_rb_er Starting Mw-to-Er teleportation trial 1924 at 115380000019999500.
115,440,000,019,999,500 WARNING main_het_teleport_mw_rb_yb_rb_er Mw-to-Er teleportation trial 1924 failed (completed=True, direct match=False, latency=4.1984971875 seconds).
115,440,000,019,999,500 WARNING main_het_teleport_mw_rb_yb_rb_er Starting Mw-to-Er teleportation trial 1925 at 115440000019999500.
115,500,000,019,999,500 WARNING main_het_teleport_mw_rb_yb_rb_er Mw-to-Er teleportation trial 1925 succeeded (completed=True, direct match=True, latency=3.5019293125 seconds).
115,500,000,019,999,500 WARNING main_het_teleport_mw_rb_yb_rb_er Starting Mw-to-Er teleportation trial 1926 at 115500000019999500.
115,560,000,019,999,500 WARNING main_het_teleport_mw_rb_yb_rb_er Mw-to-Er teleportation trial 1926 failed (completed=True, direct match=False, latency=5.6197140625 seconds).
115,560,000,019,999,500 WARNING main_het_teleport_mw_rb_yb_rb_er Starting Mw-to-Er teleportation trial 1927 at 115560000019999500.
115,620,000,019,999,500 WARNING main_het_teleport_mw_rb_yb_rb_er Mw-to-Er teleportation trial 1927 succeeded (completed=True, direct match=True, latency=5.59943325 seconds).
115,620,000,019,999,500 WARNING main_het_teleport_mw_rb_yb_rb_er Starting Mw-to-Er teleportation trial 1928 at 115620000019999500.
115,680,000,019,999,500 WARNING main_het_teleport_mw_rb_yb_rb_er Mw-to-Er teleportation trial 1928 succeeded (completed=True, direct match=True, latency=4.2203380625 seconds).
115,680,000,019,999,500 WARNING main_het_teleport_mw_rb_yb_rb_er Starting Mw-to-Er teleportation trial 1929 at 115680000019999500.
115,740,000,019,999,500 WARNING main_het_teleport_mw_rb_yb_rb_er Mw-to-Er teleportation trial 1929 failed (completed=True, direct match=False, latency=2.8303224375 seconds).
115,740,000,019,999,500 WARNING main_het_teleport_mw_rb_yb_rb_er Starting Mw-to-Er teleportation trial 1930 at 115740000019999500.
115,800,000,019,999,500 WARNING main_het_teleport_mw_rb_yb_rb_er Mw-to-Er teleportation trial 1930 succeeded (completed=True, direct match=True, latency=3.5580915625 seconds).
115,800,000,019,999,500 WARNING main_het_teleport_mw_rb_yb_rb_er Starting Mw-to-Er teleportation trial 1931 at 115800000019999500.
115,860,000,019,999,500 WARNING main_het_teleport_mw_rb_yb_rb_er Mw-to-Er teleportation trial 1931 succeeded (completed=True, direct match=True, latency=3.4114456875 seconds).
115,860,000,019,999,500 WARNING main_het_teleport_mw_rb_yb_rb_er Starting Mw-to-Er teleportation trial 1932 at 115860000019999500.
115,920,000,019,999,500 WARNING main_het_teleport_mw_rb_yb_rb_er Mw-to-Er teleportation trial 1932 succeeded (completed=True, direct match=True, latency=7.676656375 seconds).
115,920,000,019,999,500 WARNING main_het_teleport_mw_rb_yb_rb_er Starting Mw-to-Er teleportation trial 1933 at 115920000019999500.
115,980,000,019,999,500 WARNING main_het_teleport_mw_rb_yb_rb_er Mw-to-Er teleportation trial 1933 failed (completed=True, direct match=False, latency=3.5050494375 seconds).
115,980,000,019,999,500 WARNING main_het_teleport_mw_rb_yb_rb_er Starting Mw-to-Er teleportation trial 1934 at 115980000019999500.
116,040,000,019,999,500 WARNING main_het_teleport_mw_rb_yb_rb_er Mw-to-Er teleportation trial 1934 succeeded (completed=True, direct match=True, latency=9.775720375 seconds).
116,040,000,019,999,500 WARNING main_het_teleport_mw_rb_yb_rb_er Starting Mw-to-Er teleportation trial 1935 at 116040000019999500.
116,100,000,019,999,500 WARNING main_het_teleport_mw_rb_yb_rb_er Mw-to-Er teleportation trial 1935 succeeded (completed=True, direct match=True, latency=4.9559075 seconds).
116,100,000,019,999,500 WARNING main_het_teleport_mw_rb_yb_rb_er Starting Mw-to-Er teleportation trial 1936 at 116100000019999500.
116,160,000,019,999,500 WARNING main_het_teleport_mw_rb_yb_rb_er Mw-to-Er teleportation trial 1936 succeeded (completed=True, direct match=True, latency=7.7218981875 seconds).
116,160,000,019,999,500 WARNING main_het_teleport_mw_rb_yb_rb_er Starting Mw-to-Er teleportation trial 1937 at 116160000019999500.
116,220,000,019,999,500 WARNING main_het_teleport_mw_rb_yb_rb_er Mw-to-Er teleportation trial 1937 succeeded (completed=True, direct match=True, latency=9.107233625 seconds).
116,220,000,019,999,500 WARNING main_het_teleport_mw_rb_yb_rb_er Starting Mw-to-Er teleportation trial 1938 at 116220000019999500.
116,280,000,019,999,500 WARNING main_het_teleport_mw_rb_yb_rb_er Mw-to-Er teleportation trial 1938 failed (completed=True, direct match=False, latency=4.2515393125 seconds).
116,280,000,019,999,500 WARNING main_het_teleport_mw_rb_yb_rb_er Starting Mw-to-Er teleportation trial 1939 at 116280000019999500.
116,340,000,019,999,500 WARNING main_het_teleport_mw_rb_yb_rb_er Mw-to-Er teleportation trial 1939 succeeded (completed=True, direct match=True, latency=4.759339625 seconds).
116,340,000,019,999,500 WARNING main_het_teleport_mw_rb_yb_rb_er Starting Mw-to-Er teleportation trial 1940 at 116340000019999500.
116,400,000,019,999,500 WARNING main_het_teleport_mw_rb_yb_rb_er Mw-to-Er teleportation trial 1940 succeeded (completed=True, direct match=True, latency=4.9418669375 seconds).
116,400,000,019,999,500 WARNING main_het_teleport_mw_rb_yb_rb_er Starting Mw-to-Er teleportation trial 1941 at 116400000019999500.
116,460,000,019,999,500 WARNING main_het_teleport_mw_rb_yb_rb_er Mw-to-Er teleportation trial 1941 succeeded (completed=True, direct match=True, latency=4.1860166875 seconds).
116,460,000,019,999,500 WARNING main_het_teleport_mw_rb_yb_rb_er Starting Mw-to-Er teleportation trial 1942 at 116460000019999500.
116,520,000,019,999,500 WARNING main_het_teleport_mw_rb_yb_rb_er Mw-to-Er teleportation trial 1942 succeeded (completed=True, direct match=True, latency=13.3100418125 seconds).
116,520,000,019,999,500 WARNING main_het_teleport_mw_rb_yb_rb_er Starting Mw-to-Er teleportation trial 1943 at 116520000019999500.
116,580,000,019,999,500 WARNING main_het_teleport_mw_rb_yb_rb_er Mw-to-Er teleportation trial 1943 succeeded (completed=True, direct match=True, latency=1.4215860625 seconds).
116,580,000,019,999,500 WARNING main_het_teleport_mw_rb_yb_rb_er Starting Mw-to-Er teleportation trial 1944 at 116580000019999500.
116,640,000,019,999,500 WARNING main_het_teleport_mw_rb_yb_rb_er Mw-to-Er teleportation trial 1944 succeeded (completed=True, direct match=True, latency=6.992569 seconds).
116,640,000,019,999,500 WARNING main_het_teleport_mw_rb_yb_rb_er Starting Mw-to-Er teleportation trial 1945 at 116640000019999500.
116,700,000,019,999,500 WARNING main_het_teleport_mw_rb_yb_rb_er Mw-to-Er teleportation trial 1945 succeeded (completed=True, direct match=True, latency=2.8552834375 seconds).
116,700,000,019,999,500 WARNING main_het_teleport_mw_rb_yb_rb_er Starting Mw-to-Er teleportation trial 1946 at 116700000019999500.
116,760,000,019,999,500 WARNING main_het_teleport_mw_rb_yb_rb_er Mw-to-Er teleportation trial 1946 succeeded (completed=True, direct match=True, latency=7.020650125 seconds).
116,760,000,019,999,500 WARNING main_het_teleport_mw_rb_yb_rb_er Starting Mw-to-Er teleportation trial 1947 at 116760000019999500.
116,820,000,019,999,500 WARNING main_het_teleport_mw_rb_yb_rb_er Mw-to-Er teleportation trial 1947 succeeded (completed=True, direct match=True, latency=0.7343785625 seconds).
116,820,000,019,999,500 WARNING main_het_teleport_mw_rb_yb_rb_er Starting Mw-to-Er teleportation trial 1948 at 116820000019999500.
116,880,000,019,999,500 WARNING main_het_teleport_mw_rb_yb_rb_er Mw-to-Er teleportation trial 1948 succeeded (completed=True, direct match=True, latency=5.6805565 seconds).
116,880,000,019,999,500 WARNING main_het_teleport_mw_rb_yb_rb_er Starting Mw-to-Er teleportation trial 1949 at 116880000019999500.
116,940,000,019,999,500 WARNING main_het_teleport_mw_rb_yb_rb_er Mw-to-Er teleportation trial 1949 succeeded (completed=True, direct match=True, latency=3.4925689375 seconds).
116,940,000,019,999,500 WARNING main_het_teleport_mw_rb_yb_rb_er Starting Mw-to-Er teleportation trial 1950 at 116940000019999500.
117,000,000,019,999,500 WARNING main_het_teleport_mw_rb_yb_rb_er Mw-to-Er teleportation trial 1950 succeeded (completed=True, direct match=True, latency=6.9629278125 seconds).
117,000,000,019,999,500 WARNING main_het_teleport_mw_rb_yb_rb_er Starting Mw-to-Er teleportation trial 1951 at 117000000019999500.
117,060,000,019,999,500 WARNING main_het_teleport_mw_rb_yb_rb_er Mw-to-Er teleportation trial 1951 succeeded (completed=True, direct match=True, latency=9.82252225 seconds).
117,060,000,019,999,500 WARNING main_het_teleport_mw_rb_yb_rb_er Starting Mw-to-Er teleportation trial 1952 at 117060000019999500.
117,120,000,019,999,500 WARNING main_het_teleport_mw_rb_yb_rb_er Mw-to-Er teleportation trial 1952 succeeded (completed=True, direct match=True, latency=0.7303153875 seconds).
117,120,000,019,999,500 WARNING main_het_teleport_mw_rb_yb_rb_er Starting Mw-to-Er teleportation trial 1953 at 117120000019999500.
117,180,000,019,999,500 WARNING main_het_teleport_mw_rb_yb_rb_er Mw-to-Er teleportation trial 1953 succeeded (completed=True, direct match=True, latency=14.7765005 seconds).
117,180,000,019,999,500 WARNING main_het_teleport_mw_rb_yb_rb_er Starting Mw-to-Er teleportation trial 1954 at 117180000019999500.
117,240,000,019,999,500 WARNING main_het_teleport_mw_rb_yb_rb_er Mw-to-Er teleportation trial 1954 succeeded (completed=True, direct match=True, latency=3.4364066875 seconds).
117,240,000,019,999,500 WARNING main_het_teleport_mw_rb_yb_rb_er Starting Mw-to-Er teleportation trial 1955 at 117240000019999500.
117,300,000,019,999,500 WARNING main_het_teleport_mw_rb_yb_rb_er Mw-to-Er teleportation trial 1955 succeeded (completed=True, direct match=True, latency=5.5666719375 seconds).
117,300,000,019,999,500 WARNING main_het_teleport_mw_rb_yb_rb_er Starting Mw-to-Er teleportation trial 1956 at 117300000019999500.
117,360,000,019,999,500 WARNING main_het_teleport_mw_rb_yb_rb_er Mw-to-Er teleportation trial 1956 succeeded (completed=True, direct match=True, latency=7.7218981875 seconds).
117,360,000,019,999,500 WARNING main_het_teleport_mw_rb_yb_rb_er Starting Mw-to-Er teleportation trial 1957 at 117360000019999500.
117,420,000,019,999,500 WARNING main_het_teleport_mw_rb_yb_rb_er Mw-to-Er teleportation trial 1957 succeeded (completed=True, direct match=True, latency=10.494129125 seconds).
117,420,000,019,999,500 WARNING main_het_teleport_mw_rb_yb_rb_er Starting Mw-to-Er teleportation trial 1958 at 117420000019999500.
117,480,000,019,999,500 WARNING main_het_teleport_mw_rb_yb_rb_er Mw-to-Er teleportation trial 1958 succeeded (completed=True, direct match=True, latency=3.6458715625 seconds).
117,480,000,019,999,500 WARNING main_het_teleport_mw_rb_yb_rb_er Starting Mw-to-Er teleportation trial 1959 at 117480000019999500.
117,540,000,019,999,500 WARNING main_het_teleport_mw_rb_yb_rb_er Mw-to-Er teleportation trial 1959 succeeded (completed=True, direct match=True, latency=4.218778 seconds).
117,540,000,019,999,500 WARNING main_het_teleport_mw_rb_yb_rb_er Starting Mw-to-Er teleportation trial 1960 at 117540000019999500.
117,600,000,019,999,500 WARNING main_het_teleport_mw_rb_yb_rb_er Mw-to-Er teleportation trial 1960 failed (completed=True, direct match=False, latency=3.58773275 seconds).
117,600,000,019,999,500 WARNING main_het_teleport_mw_rb_yb_rb_er Starting Mw-to-Er teleportation trial 1961 at 117600000019999500.
117,660,000,019,999,500 WARNING main_het_teleport_mw_rb_yb_rb_er Mw-to-Er teleportation trial 1961 succeeded (completed=True, direct match=True, latency=2.8771243125 seconds).
117,660,000,019,999,500 WARNING main_het_teleport_mw_rb_yb_rb_er Starting Mw-to-Er teleportation trial 1962 at 117660000019999500.
117,720,000,019,999,500 WARNING main_het_teleport_mw_rb_yb_rb_er Mw-to-Er teleportation trial 1962 succeeded (completed=True, direct match=True, latency=6.264799875 seconds).
117,720,000,019,999,500 WARNING main_het_teleport_mw_rb_yb_rb_er Starting Mw-to-Er teleportation trial 1963 at 117720000019999500.
117,780,000,019,999,500 WARNING main_het_teleport_mw_rb_yb_rb_er Mw-to-Er teleportation trial 1963 succeeded (completed=True, direct match=True, latency=1.4122256875 seconds).
117,780,000,019,999,500 WARNING main_het_teleport_mw_rb_yb_rb_er Starting Mw-to-Er teleportation trial 1964 at 117780000019999500.
117,840,000,019,999,500 WARNING main_het_teleport_mw_rb_yb_rb_er Mw-to-Er teleportation trial 1964 failed (completed=True, direct match=False, latency=3.559651625 seconds).
117,840,000,019,999,500 WARNING main_het_teleport_mw_rb_yb_rb_er Starting Mw-to-Er teleportation trial 1965 at 117840000019999500.
117,900,000,019,999,500 WARNING main_het_teleport_mw_rb_yb_rb_er Mw-to-Er teleportation trial 1965 succeeded (completed=True, direct match=True, latency=4.26245975 seconds).
117,900,000,019,999,500 WARNING main_het_teleport_mw_rb_yb_rb_er Starting Mw-to-Er teleportation trial 1966 at 117900000019999500.
117,960,000,019,999,500 WARNING main_het_teleport_mw_rb_yb_rb_er Mw-to-Er teleportation trial 1966 succeeded (completed=True, direct match=True, latency=7.7000573125 seconds).
117,960,000,019,999,500 WARNING main_het_teleport_mw_rb_yb_rb_er Starting Mw-to-Er teleportation trial 1967 at 117960000019999500.
118,020,000,019,999,500 WARNING main_het_teleport_mw_rb_yb_rb_er Mw-to-Er teleportation trial 1967 succeeded (completed=True, direct match=True, latency=4.40427285 seconds).
118,020,000,019,999,500 WARNING main_het_teleport_mw_rb_yb_rb_er Starting Mw-to-Er teleportation trial 1968 at 118020000019999500.
118,080,000,019,999,500 WARNING main_het_teleport_mw_rb_yb_rb_er Mw-to-Er teleportation trial 1968 succeeded (completed=True, direct match=True, latency=2.8116016875 seconds).
118,080,000,019,999,500 WARNING main_het_teleport_mw_rb_yb_rb_er Starting Mw-to-Er teleportation trial 1969 at 118080000019999500.
118,140,000,019,999,500 WARNING main_het_teleport_mw_rb_yb_rb_er Mw-to-Er teleportation trial 1969 succeeded (completed=True, direct match=True, latency=1.410665625 seconds).
118,140,000,019,999,500 WARNING main_het_teleport_mw_rb_yb_rb_er Starting Mw-to-Er teleportation trial 1970 at 118140000019999500.
118,200,000,019,999,500 WARNING main_het_teleport_mw_rb_yb_rb_er Mw-to-Er teleportation trial 1970 succeeded (completed=True, direct match=True, latency=1.441866875 seconds).
118,200,000,019,999,500 WARNING main_het_teleport_mw_rb_yb_rb_er Starting Mw-to-Er teleportation trial 1971 at 118200000019999500.
118,260,000,019,999,500 WARNING main_het_teleport_mw_rb_yb_rb_er Mw-to-Er teleportation trial 1971 succeeded (completed=True, direct match=True, latency=1.985548625 seconds).
118,260,000,019,999,500 WARNING main_het_teleport_mw_rb_yb_rb_er Starting Mw-to-Er teleportation trial 1972 at 118260000019999500.
118,320,000,019,999,500 WARNING main_het_teleport_mw_rb_yb_rb_er Mw-to-Er teleportation trial 1972 succeeded (completed=True, direct match=True, latency=5.5635518125 seconds).
118,320,000,019,999,500 WARNING main_het_teleport_mw_rb_yb_rb_er Starting Mw-to-Er teleportation trial 1973 at 118320000019999500.
118,380,000,019,999,500 WARNING main_het_teleport_mw_rb_yb_rb_er Mw-to-Er teleportation trial 1973 succeeded (completed=True, direct match=True, latency=2.8240821875 seconds).
118,380,000,019,999,500 WARNING main_het_teleport_mw_rb_yb_rb_er Starting Mw-to-Er teleportation trial 1974 at 118380000019999500.
118,440,000,019,999,500 WARNING main_het_teleport_mw_rb_yb_rb_er Mw-to-Er teleportation trial 1974 succeeded (completed=True, direct match=True, latency=4.2312585 seconds).
118,440,000,019,999,500 WARNING main_het_teleport_mw_rb_yb_rb_er Starting Mw-to-Er teleportation trial 1975 at 118440000019999500.
118,500,000,019,999,500 WARNING main_het_teleport_mw_rb_yb_rb_er Mw-to-Er teleportation trial 1975 failed (completed=True, direct match=False, latency=7.0190900625 seconds).
118,500,000,019,999,500 WARNING main_het_teleport_mw_rb_yb_rb_er Starting Mw-to-Er teleportation trial 1976 at 118500000019999500.
118,560,000,019,999,500 WARNING main_het_teleport_mw_rb_yb_rb_er Mw-to-Er teleportation trial 1976 succeeded (completed=True, direct match=True, latency=1.51362975 seconds).
118,560,000,019,999,500 WARNING main_het_teleport_mw_rb_yb_rb_er Starting Mw-to-Er teleportation trial 1977 at 118560000019999500.
118,620,000,019,999,500 WARNING main_het_teleport_mw_rb_yb_rb_er Mw-to-Er teleportation trial 1977 succeeded (completed=True, direct match=True, latency=4.9449870625 seconds).
118,620,000,019,999,500 WARNING main_het_teleport_mw_rb_yb_rb_er Starting Mw-to-Er teleportation trial 1978 at 118620000019999500.
118,680,000,019,999,500 WARNING main_het_teleport_mw_rb_yb_rb_er Mw-to-Er teleportation trial 1978 succeeded (completed=True, direct match=True, latency=5.61191375 seconds).
118,680,000,019,999,500 WARNING main_het_teleport_mw_rb_yb_rb_er Starting Mw-to-Er teleportation trial 1979 at 118680000019999500.
118,740,000,019,999,500 WARNING main_het_teleport_mw_rb_yb_rb_er Mw-to-Er teleportation trial 1979 succeeded (completed=True, direct match=True, latency=2.147795125 seconds).
118,740,000,019,999,500 WARNING main_het_teleport_mw_rb_yb_rb_er Starting Mw-to-Er teleportation trial 1980 at 118740000019999500.
118,800,000,019,999,500 WARNING main_het_teleport_mw_rb_yb_rb_er Mw-to-Er teleportation trial 1980 failed (completed=True, direct match=False, latency=2.0713520625 seconds).
118,800,000,019,999,500 WARNING main_het_teleport_mw_rb_yb_rb_er Starting Mw-to-Er teleportation trial 1981 at 118800000019999500.
118,860,000,019,999,500 WARNING main_het_teleport_mw_rb_yb_rb_er Mw-to-Er teleportation trial 1981 succeeded (completed=True, direct match=True, latency=5.8767616 seconds).
118,860,000,019,999,500 WARNING main_het_teleport_mw_rb_yb_rb_er Starting Mw-to-Er teleportation trial 1982 at 118860000019999500.
118,920,000,019,999,500 WARNING main_het_teleport_mw_rb_yb_rb_er Mw-to-Er teleportation trial 1982 succeeded (completed=True, direct match=True, latency=8.382584625 seconds).
118,920,000,019,999,500 WARNING main_het_teleport_mw_rb_yb_rb_er Starting Mw-to-Er teleportation trial 1983 at 118920000019999500.
118,980,000,019,999,500 WARNING main_het_teleport_mw_rb_yb_rb_er Mw-to-Er teleportation trial 1983 failed (completed=True, direct match=False, latency=3.5331305625 seconds).
118,980,000,019,999,500 WARNING main_het_teleport_mw_rb_yb_rb_er Starting Mw-to-Er teleportation trial 1984 at 118980000019999500.
119,040,000,019,999,500 WARNING main_het_teleport_mw_rb_yb_rb_er Mw-to-Er teleportation trial 1984 failed (completed=True, direct match=False, latency=2.841242875 seconds).
119,040,000,019,999,500 WARNING main_het_teleport_mw_rb_yb_rb_er Starting Mw-to-Er teleportation trial 1985 at 119040000019999500.
119,100,000,019,999,500 WARNING main_het_teleport_mw_rb_yb_rb_er Mw-to-Er teleportation trial 1985 succeeded (completed=True, direct match=True, latency=2.78820075 seconds).
119,100,000,019,999,500 WARNING main_het_teleport_mw_rb_yb_rb_er Starting Mw-to-Er teleportation trial 1986 at 119100000019999500.
119,160,000,019,999,500 WARNING main_het_teleport_mw_rb_yb_rb_er Mw-to-Er teleportation trial 1986 succeeded (completed=True, direct match=True, latency=2.810041625 seconds).
119,160,000,019,999,500 WARNING main_het_teleport_mw_rb_yb_rb_er Starting Mw-to-Er teleportation trial 1987 at 119160000019999500.
119,220,000,019,999,500 WARNING main_het_teleport_mw_rb_yb_rb_er Mw-to-Er teleportation trial 1987 succeeded (completed=True, direct match=True, latency=2.091632875 seconds).
119,220,000,019,999,500 WARNING main_het_teleport_mw_rb_yb_rb_er Starting Mw-to-Er teleportation trial 1988 at 119220000019999500.
119,280,000,019,999,500 WARNING main_het_teleport_mw_rb_yb_rb_er Mw-to-Er teleportation trial 1988 succeeded (completed=True, direct match=True, latency=4.215657875 seconds).
119,280,000,019,999,500 WARNING main_het_teleport_mw_rb_yb_rb_er Starting Mw-to-Er teleportation trial 1989 at 119280000019999500.
119,340,000,019,999,500 WARNING main_het_teleport_mw_rb_yb_rb_er Mw-to-Er teleportation trial 1989 failed (completed=True, direct match=False, latency=3.5424909375 seconds).
119,340,000,019,999,500 WARNING main_het_teleport_mw_rb_yb_rb_er Starting Mw-to-Er teleportation trial 1990 at 119340000019999500.
119,400,000,019,999,500 WARNING main_het_teleport_mw_rb_yb_rb_er Mw-to-Er teleportation trial 1990 failed (completed=True, direct match=False, latency=2.747639125 seconds).
119,400,000,019,999,500 WARNING main_het_teleport_mw_rb_yb_rb_er Starting Mw-to-Er teleportation trial 1991 at 119400000019999500.
119,460,000,019,999,500 WARNING main_het_teleport_mw_rb_yb_rb_er Mw-to-Er teleportation trial 1991 succeeded (completed=True, direct match=True, latency=0.7312584375 seconds).
119,460,000,019,999,500 WARNING main_het_teleport_mw_rb_yb_rb_er Starting Mw-to-Er teleportation trial 1992 at 119460000019999500.
119,520,000,019,999,500 WARNING main_het_teleport_mw_rb_yb_rb_er Mw-to-Er teleportation trial 1992 succeeded (completed=True, direct match=True, latency=6.3412429375 seconds).
119,520,000,019,999,500 WARNING main_het_teleport_mw_rb_yb_rb_er Starting Mw-to-Er teleportation trial 1993 at 119520000019999500.
119,580,000,019,999,500 WARNING main_het_teleport_mw_rb_yb_rb_er Mw-to-Er teleportation trial 1993 succeeded (completed=True, direct match=True, latency=2.094753 seconds).
119,580,000,019,999,500 WARNING main_het_teleport_mw_rb_yb_rb_er Starting Mw-to-Er teleportation trial 1994 at 119580000019999500.
119,640,000,019,999,500 WARNING main_het_teleport_mw_rb_yb_rb_er Mw-to-Er teleportation trial 1994 succeeded (completed=True, direct match=True, latency=7.033130625 seconds).
119,640,000,019,999,500 WARNING main_het_teleport_mw_rb_yb_rb_er Starting Mw-to-Er teleportation trial 1995 at 119640000019999500.
119,700,000,019,999,500 WARNING main_het_teleport_mw_rb_yb_rb_er Mw-to-Er teleportation trial 1995 succeeded (completed=True, direct match=True, latency=4.8919449375 seconds).
119,700,000,019,999,500 WARNING main_het_teleport_mw_rb_yb_rb_er Starting Mw-to-Er teleportation trial 1996 at 119700000019999500.
119,760,000,019,999,500 WARNING main_het_teleport_mw_rb_yb_rb_er Mw-to-Er teleportation trial 1996 succeeded (completed=True, direct match=True, latency=8.41066575 seconds).
119,760,000,019,999,500 WARNING main_het_teleport_mw_rb_yb_rb_er Starting Mw-to-Er teleportation trial 1997 at 119760000019999500.
119,820,000,019,999,500 WARNING main_het_teleport_mw_rb_yb_rb_er Mw-to-Er teleportation trial 1997 succeeded (completed=True, direct match=True, latency=2.791320875 seconds).
119,820,000,019,999,500 WARNING main_het_teleport_mw_rb_yb_rb_er Starting Mw-to-Er teleportation trial 1998 at 119820000019999500.
119,880,000,019,999,500 WARNING main_het_teleport_mw_rb_yb_rb_er Mw-to-Er teleportation trial 1998 failed (completed=True, direct match=False, latency=5.6072335625 seconds).
119,880,000,019,999,500 WARNING main_het_teleport_mw_rb_yb_rb_er Starting Mw-to-Er teleportation trial 1999 at 119880000019999500.
119,940,000,019,999,500 WARNING main_het_teleport_mw_rb_yb_rb_er Mw-to-Er teleportation trial 1999 failed (completed=True, direct match=False, latency=4.218778 seconds).
119,940,000,019,999,500 WARNING main_het_teleport_mw_rb_yb_rb_er Starting Mw-to-Er teleportation trial 2000 at 119940000019999500.
120,000,000,019,999,500 WARNING main_het_teleport_mw_rb_yb_rb_er Mw-to-Er teleportation trial 2000 succeeded (completed=True, direct match=True, latency=4.9949090625 seconds).
120,000,000,019,999,500 WARNING main_het_teleport_mw_rb_yb_rb_er Starting Mw-to-Er teleportation trial 2001 at 120000000019999500.
120,060,000,019,999,500 WARNING main_het_teleport_mw_rb_yb_rb_er Mw-to-Er teleportation trial 2001 succeeded (completed=True, direct match=True, latency=7.626734375 seconds).
120,060,000,019,999,500 WARNING main_het_teleport_mw_rb_yb_rb_er Starting Mw-to-Er teleportation trial 2002 at 120060000019999500.
120,120,000,019,999,500 WARNING main_het_teleport_mw_rb_yb_rb_er Mw-to-Er teleportation trial 2002 succeeded (completed=True, direct match=True, latency=4.9637078125 seconds).
120,120,000,019,999,500 WARNING main_het_teleport_mw_rb_yb_rb_er Starting Mw-to-Er teleportation trial 2003 at 120120000019999500.
120,180,000,019,999,500 WARNING main_het_teleport_mw_rb_yb_rb_er Mw-to-Er teleportation trial 2003 succeeded (completed=True, direct match=True, latency=4.915345875 seconds).
120,180,000,019,999,500 WARNING main_het_teleport_mw_rb_yb_rb_er Starting Mw-to-Er teleportation trial 2004 at 120180000019999500.
120,240,000,019,999,500 WARNING main_het_teleport_mw_rb_yb_rb_er Mw-to-Er teleportation trial 2004 failed (completed=True, direct match=False, latency=4.2047374375 seconds).
120,240,000,019,999,500 WARNING main_het_teleport_mw_rb_yb_rb_er Starting Mw-to-Er teleportation trial 2005 at 120240000019999500.
120,300,000,019,999,500 WARNING main_het_teleport_mw_rb_yb_rb_er Mw-to-Er teleportation trial 2005 succeeded (completed=True, direct match=True, latency=2.1321945 seconds).
120,300,000,019,999,500 WARNING main_het_teleport_mw_rb_yb_rb_er Starting Mw-to-Er teleportation trial 2006 at 120300000019999500.
120,360,000,019,999,500 WARNING main_het_teleport_mw_rb_yb_rb_er Mw-to-Er teleportation trial 2006 succeeded (completed=True, direct match=True, latency=9.1150339375 seconds).
120,360,000,019,999,500 WARNING main_het_teleport_mw_rb_yb_rb_er Starting Mw-to-Er teleportation trial 2007 at 120360000019999500.
120,420,000,019,999,500 WARNING main_het_teleport_mw_rb_yb_rb_er Mw-to-Er teleportation trial 2007 succeeded (completed=True, direct match=True, latency=2.7491991875 seconds).
120,420,000,019,999,500 WARNING main_het_teleport_mw_rb_yb_rb_er Starting Mw-to-Er teleportation trial 2008 at 120420000019999500.
120,480,000,019,999,500 WARNING main_het_teleport_mw_rb_yb_rb_er Mw-to-Er teleportation trial 2008 succeeded (completed=True, direct match=True, latency=12.0229903125 seconds).
120,480,000,019,999,500 WARNING main_het_teleport_mw_rb_yb_rb_er Starting Mw-to-Er teleportation trial 2009 at 120480000019999500.
120,540,000,019,999,500 WARNING main_het_teleport_mw_rb_yb_rb_er Mw-to-Er teleportation trial 2009 succeeded (completed=True, direct match=True, latency=2.7928809375 seconds).
120,540,000,019,999,500 WARNING main_het_teleport_mw_rb_yb_rb_er Starting Mw-to-Er teleportation trial 2010 at 120540000019999500.
120,600,000,019,999,500 WARNING main_het_teleport_mw_rb_yb_rb_er Mw-to-Er teleportation trial 2010 succeeded (completed=True, direct match=True, latency=6.2257983125 seconds).
120,600,000,019,999,500 WARNING main_het_teleport_mw_rb_yb_rb_er Starting Mw-to-Er teleportation trial 2011 at 120600000019999500.
120,660,000,019,999,500 WARNING main_het_teleport_mw_rb_yb_rb_er Mw-to-Er teleportation trial 2011 succeeded (completed=True, direct match=True, latency=2.1087935625 seconds).
120,660,000,019,999,500 WARNING main_het_teleport_mw_rb_yb_rb_er Starting Mw-to-Er teleportation trial 2012 at 120660000019999500.
120,720,000,019,999,500 WARNING main_het_teleport_mw_rb_yb_rb_er Mw-to-Er teleportation trial 2012 succeeded (completed=True, direct match=True, latency=2.782839875 seconds).
120,720,000,019,999,500 WARNING main_het_teleport_mw_rb_yb_rb_er Starting Mw-to-Er teleportation trial 2013 at 120720000019999500.
120,780,000,019,999,500 WARNING main_het_teleport_mw_rb_yb_rb_er Mw-to-Er teleportation trial 2013 succeeded (completed=True, direct match=True, latency=4.9512273125 seconds).
120,780,000,019,999,500 WARNING main_het_teleport_mw_rb_yb_rb_er Starting Mw-to-Er teleportation trial 2014 at 120780000019999500.
120,840,000,019,999,500 WARNING main_het_teleport_mw_rb_yb_rb_er Mw-to-Er teleportation trial 2014 failed (completed=True, direct match=False, latency=6.3318825625 seconds).
120,840,000,019,999,500 WARNING main_het_teleport_mw_rb_yb_rb_er Starting Mw-to-Er teleportation trial 2015 at 120840000019999500.
120,900,000,019,999,500 WARNING main_het_teleport_mw_rb_yb_rb_er Mw-to-Er teleportation trial 2015 succeeded (completed=True, direct match=True, latency=2.104113375 seconds).
120,900,000,019,999,500 WARNING main_het_teleport_mw_rb_yb_rb_er Starting Mw-to-Er teleportation trial 2016 at 120900000019999500.
120,960,000,019,999,500 WARNING main_het_teleport_mw_rb_yb_rb_er Mw-to-Er teleportation trial 2016 succeeded (completed=True, direct match=True, latency=3.5549714375 seconds).
120,960,000,019,999,500 WARNING main_het_teleport_mw_rb_yb_rb_er Starting Mw-to-Er teleportation trial 2017 at 120960000019999500.
121,020,000,019,999,500 WARNING main_het_teleport_mw_rb_yb_rb_er Mw-to-Er teleportation trial 2017 succeeded (completed=True, direct match=True, latency=6.296001125 seconds).
121,020,000,019,999,500 WARNING main_het_teleport_mw_rb_yb_rb_er Starting Mw-to-Er teleportation trial 2018 at 121020000019999500.
121,080,000,019,999,500 WARNING main_het_teleport_mw_rb_yb_rb_er Mw-to-Er teleportation trial 2018 succeeded (completed=True, direct match=True, latency=3.5175299375 seconds).
121,080,000,019,999,500 WARNING main_het_teleport_mw_rb_yb_rb_er Starting Mw-to-Er teleportation trial 2019 at 121080000019999500.
121,140,000,019,999,500 WARNING main_het_teleport_mw_rb_yb_rb_er Mw-to-Er teleportation trial 2019 succeeded (completed=True, direct match=True, latency=1.4371866875 seconds).
121,140,000,019,999,500 WARNING main_het_teleport_mw_rb_yb_rb_er Starting Mw-to-Er teleportation trial 2020 at 121140000019999500.
121,200,000,019,999,500 WARNING main_het_teleport_mw_rb_yb_rb_er Mw-to-Er teleportation trial 2020 succeeded (completed=True, direct match=True, latency=2.193773625 seconds).
121,200,000,019,999,500 WARNING main_het_teleport_mw_rb_yb_rb_er Starting Mw-to-Er teleportation trial 2021 at 121200000019999500.
121,260,000,019,999,500 WARNING main_het_teleport_mw_rb_yb_rb_er Mw-to-Er teleportation trial 2021 succeeded (completed=True, direct match=True, latency=2.9312516625 seconds).
121,260,000,019,999,500 WARNING main_het_teleport_mw_rb_yb_rb_er Starting Mw-to-Er teleportation trial 2022 at 121260000019999500.
121,320,000,019,999,500 WARNING main_het_teleport_mw_rb_yb_rb_er Mw-to-Er teleportation trial 2022 succeeded (completed=True, direct match=True, latency=8.345143125 seconds).
121,320,000,019,999,500 WARNING main_het_teleport_mw_rb_yb_rb_er Starting Mw-to-Er teleportation trial 2023 at 121320000019999500.
121,380,000,019,999,500 WARNING main_het_teleport_mw_rb_yb_rb_er Mw-to-Er teleportation trial 2023 succeeded (completed=True, direct match=True, latency=3.48788875 seconds).
121,380,000,019,999,500 WARNING main_het_teleport_mw_rb_yb_rb_er Starting Mw-to-Er teleportation trial 2024 at 121380000019999500.
121,440,000,019,999,500 WARNING main_het_teleport_mw_rb_yb_rb_er Mw-to-Er teleportation trial 2024 succeeded (completed=True, direct match=True, latency=2.119714 seconds).
121,440,000,019,999,500 WARNING main_het_teleport_mw_rb_yb_rb_er Starting Mw-to-Er teleportation trial 2025 at 121440000019999500.
121,500,000,019,999,500 WARNING main_het_teleport_mw_rb_yb_rb_er Mw-to-Er teleportation trial 2025 failed (completed=True, direct match=False, latency=4.92470625 seconds).
121,500,000,019,999,500 WARNING main_het_teleport_mw_rb_yb_rb_er Starting Mw-to-Er teleportation trial 2026 at 121500000019999500.
121,560,000,019,999,500 WARNING main_het_teleport_mw_rb_yb_rb_er Mw-to-Er teleportation trial 2026 succeeded (completed=True, direct match=True, latency=1.479308375 seconds).
121,560,000,019,999,500 WARNING main_het_teleport_mw_rb_yb_rb_er Starting Mw-to-Er teleportation trial 2027 at 121560000019999500.
121,620,000,019,999,500 WARNING main_het_teleport_mw_rb_yb_rb_er Mw-to-Er teleportation trial 2027 succeeded (completed=True, direct match=True, latency=4.2047374375 seconds).
121,620,000,019,999,500 WARNING main_het_teleport_mw_rb_yb_rb_er Starting Mw-to-Er teleportation trial 2028 at 121620000019999500.
121,680,000,019,999,500 WARNING main_het_teleport_mw_rb_yb_rb_er Mw-to-Er teleportation trial 2028 succeeded (completed=True, direct match=True, latency=4.2078575625 seconds).
121,680,000,019,999,500 WARNING main_het_teleport_mw_rb_yb_rb_er Starting Mw-to-Er teleportation trial 2029 at 121680000019999500.
121,740,000,019,999,500 WARNING main_het_teleport_mw_rb_yb_rb_er Mw-to-Er teleportation trial 2029 failed (completed=True, direct match=False, latency=2.80068125 seconds).
121,740,000,019,999,500 WARNING main_het_teleport_mw_rb_yb_rb_er Starting Mw-to-Er teleportation trial 2030 at 121740000019999500.
121,800,000,019,999,500 WARNING main_het_teleport_mw_rb_yb_rb_er Mw-to-Er teleportation trial 2030 succeeded (completed=True, direct match=True, latency=2.1212740625 seconds).
121,800,000,019,999,500 WARNING main_het_teleport_mw_rb_yb_rb_er Starting Mw-to-Er teleportation trial 2031 at 121800000019999500.
121,860,000,019,999,500 WARNING main_het_teleport_mw_rb_yb_rb_er Mw-to-Er teleportation trial 2031 succeeded (completed=True, direct match=True, latency=9.107233625 seconds).
121,860,000,019,999,500 WARNING main_het_teleport_mw_rb_yb_rb_er Starting Mw-to-Er teleportation trial 2032 at 121860000019999500.
121,920,000,019,999,500 WARNING main_het_teleport_mw_rb_yb_rb_er Mw-to-Er teleportation trial 2032 succeeded (completed=True, direct match=True, latency=2.147795125 seconds).
121,920,000,019,999,500 WARNING main_het_teleport_mw_rb_yb_rb_er Starting Mw-to-Er teleportation trial 2033 at 121920000019999500.
121,980,000,019,999,500 WARNING main_het_teleport_mw_rb_yb_rb_er Mw-to-Er teleportation trial 2033 succeeded (completed=True, direct match=True, latency=3.650617525 seconds).
121,980,000,019,999,500 WARNING main_het_teleport_mw_rb_yb_rb_er Starting Mw-to-Er teleportation trial 2034 at 121980000019999500.
122,040,000,019,999,500 WARNING main_het_teleport_mw_rb_yb_rb_er Mw-to-Er teleportation trial 2034 failed (completed=True, direct match=False, latency=2.8568435 seconds).
122,040,000,019,999,500 WARNING main_het_teleport_mw_rb_yb_rb_er Starting Mw-to-Er teleportation trial 2035 at 122040000019999500.
122,100,000,019,999,500 WARNING main_het_teleport_mw_rb_yb_rb_er Mw-to-Er teleportation trial 2035 failed (completed=True, direct match=False, latency=1.555850025 seconds).
122,100,000,019,999,500 WARNING main_het_teleport_mw_rb_yb_rb_er Starting Mw-to-Er teleportation trial 2036 at 122100000019999500.
122,160,000,019,999,500 WARNING main_het_teleport_mw_rb_yb_rb_er Mw-to-Er teleportation trial 2036 succeeded (completed=True, direct match=True, latency=3.5050494375 seconds).
122,160,000,019,999,500 WARNING main_het_teleport_mw_rb_yb_rb_er Starting Mw-to-Er teleportation trial 2037 at 122160000019999500.
122,220,000,019,999,500 WARNING main_het_teleport_mw_rb_yb_rb_er Mw-to-Er teleportation trial 2037 succeeded (completed=True, direct match=True, latency=6.28664075 seconds).
122,220,000,019,999,500 WARNING main_het_teleport_mw_rb_yb_rb_er Starting Mw-to-Er teleportation trial 2038 at 122220000019999500.
122,280,000,019,999,500 WARNING main_het_teleport_mw_rb_yb_rb_er Mw-to-Er teleportation trial 2038 succeeded (completed=True, direct match=True, latency=0.1080135 seconds).
122,280,000,019,999,500 WARNING main_het_teleport_mw_rb_yb_rb_er Starting Mw-to-Er teleportation trial 2039 at 122280000019999500.
122,340,000,019,999,500 WARNING main_het_teleport_mw_rb_yb_rb_er Mw-to-Er teleportation trial 2039 succeeded (completed=True, direct match=True, latency=1.33890275 seconds).
122,340,000,019,999,500 WARNING main_het_teleport_mw_rb_yb_rb_er Starting Mw-to-Er teleportation trial 2040 at 122340000019999500.
122,400,000,019,999,500 WARNING main_het_teleport_mw_rb_yb_rb_er Mw-to-Er teleportation trial 2040 failed (completed=True, direct match=False, latency=4.0955330625 seconds).
122,400,000,019,999,500 WARNING main_het_teleport_mw_rb_yb_rb_er Starting Mw-to-Er teleportation trial 2041 at 122400000019999500.
122,460,000,019,999,500 WARNING main_het_teleport_mw_rb_yb_rb_er Mw-to-Er teleportation trial 2041 succeeded (completed=True, direct match=True, latency=2.262252375 seconds).
122,460,000,019,999,500 WARNING main_het_teleport_mw_rb_yb_rb_er Starting Mw-to-Er teleportation trial 2042 at 122460000019999500.
122,520,000,019,999,500 WARNING main_het_teleport_mw_rb_yb_rb_er Mw-to-Er teleportation trial 2042 succeeded (completed=True, direct match=True, latency=6.317842 seconds).
122,520,000,019,999,500 WARNING main_het_teleport_mw_rb_yb_rb_er Starting Mw-to-Er teleportation trial 2043 at 122520000019999500.
122,580,000,019,999,500 WARNING main_het_teleport_mw_rb_yb_rb_er Mw-to-Er teleportation trial 2043 succeeded (completed=True, direct match=True, latency=2.8240821875 seconds).
122,580,000,019,999,500 WARNING main_het_teleport_mw_rb_yb_rb_er Starting Mw-to-Er teleportation trial 2044 at 122580000019999500.
122,640,000,019,999,500 WARNING main_het_teleport_mw_rb_yb_rb_er Mw-to-Er teleportation trial 2044 succeeded (completed=True, direct match=True, latency=7.7156579375 seconds).
122,640,000,019,999,500 WARNING main_het_teleport_mw_rb_yb_rb_er Starting Mw-to-Er teleportation trial 2045 at 122640000019999500.
122,700,000,019,999,500 WARNING main_het_teleport_mw_rb_yb_rb_er Mw-to-Er teleportation trial 2045 succeeded (completed=True, direct match=True, latency=2.7491991875 seconds).
122,700,000,019,999,500 WARNING main_het_teleport_mw_rb_yb_rb_er Starting Mw-to-Er teleportation trial 2046 at 122700000019999500.
122,760,000,019,999,500 WARNING main_het_teleport_mw_rb_yb_rb_er Mw-to-Er teleportation trial 2046 succeeded (completed=True, direct match=True, latency=7.1033334375 seconds).
122,760,000,019,999,500 WARNING main_het_teleport_mw_rb_yb_rb_er Starting Mw-to-Er teleportation trial 2047 at 122760000019999500.
122,820,000,019,999,500 WARNING main_het_teleport_mw_rb_yb_rb_er Mw-to-Er teleportation trial 2047 succeeded (completed=True, direct match=True, latency=4.1735361875 seconds).
122,820,000,019,999,500 WARNING main_het_teleport_mw_rb_yb_rb_er Starting Mw-to-Er teleportation trial 2048 at 122820000019999500.
122,880,000,019,999,500 WARNING main_het_teleport_mw_rb_yb_rb_er Mw-to-Er teleportation trial 2048 succeeded (completed=True, direct match=True, latency=3.4925689375 seconds).
122,880,000,019,999,500 WARNING main_het_teleport_mw_rb_yb_rb_er Starting Mw-to-Er teleportation trial 2049 at 122880000019999500.
122,940,000,019,999,500 WARNING main_het_teleport_mw_rb_yb_rb_er Mw-to-Er teleportation trial 2049 succeeded (completed=True, direct match=True, latency=3.5066095 seconds).
122,940,000,019,999,500 WARNING main_het_teleport_mw_rb_yb_rb_er Starting Mw-to-Er teleportation trial 2050 at 122940000019999500.
123,000,000,019,999,500 WARNING main_het_teleport_mw_rb_yb_rb_er Mw-to-Er teleportation trial 2050 succeeded (completed=True, direct match=True, latency=12.6165940625 seconds).
123,000,000,019,999,500 WARNING main_het_teleport_mw_rb_yb_rb_er Starting Mw-to-Er teleportation trial 2051 at 123000000019999500.
123,060,000,019,999,500 WARNING main_het_teleport_mw_rb_yb_rb_er Mw-to-Er teleportation trial 2051 failed (completed=True, direct match=False, latency=2.4194302875 seconds).
123,060,000,019,999,500 WARNING main_het_teleport_mw_rb_yb_rb_er Starting Mw-to-Er teleportation trial 2052 at 123060000019999500.
123,120,000,019,999,500 WARNING main_het_teleport_mw_rb_yb_rb_er Mw-to-Er teleportation trial 2052 succeeded (completed=True, direct match=True, latency=3.46292775 seconds).
123,120,000,019,999,500 WARNING main_het_teleport_mw_rb_yb_rb_er Starting Mw-to-Er teleportation trial 2053 at 123120000019999500.
123,180,000,019,999,500 WARNING main_het_teleport_mw_rb_yb_rb_er Mw-to-Er teleportation trial 2053 succeeded (completed=True, direct match=True, latency=6.3318825625 seconds).
123,180,000,019,999,500 WARNING main_het_teleport_mw_rb_yb_rb_er Starting Mw-to-Er teleportation trial 2054 at 123180000019999500.
123,240,000,019,999,500 WARNING main_het_teleport_mw_rb_yb_rb_er Mw-to-Er teleportation trial 2054 succeeded (completed=True, direct match=True, latency=3.3802444375 seconds).
123,240,000,019,999,500 WARNING main_het_teleport_mw_rb_yb_rb_er Starting Mw-to-Er teleportation trial 2055 at 123240000019999500.
123,300,000,019,999,500 WARNING main_het_teleport_mw_rb_yb_rb_er Mw-to-Er teleportation trial 2055 succeeded (completed=True, direct match=True, latency=2.8147218125 seconds).
123,300,000,019,999,500 WARNING main_het_teleport_mw_rb_yb_rb_er Starting Mw-to-Er teleportation trial 2056 at 123300000019999500.
123,360,000,019,999,500 WARNING main_het_teleport_mw_rb_yb_rb_er Mw-to-Er teleportation trial 2056 failed (completed=True, direct match=False, latency=5.16263255 seconds).
123,360,000,019,999,500 WARNING main_het_teleport_mw_rb_yb_rb_er Starting Mw-to-Er teleportation trial 2057 at 123360000019999500.
123,420,000,019,999,500 WARNING main_het_teleport_mw_rb_yb_rb_er Mw-to-Er teleportation trial 2057 succeeded (completed=True, direct match=True, latency=2.158883625 seconds).
123,420,000,019,999,500 WARNING main_het_teleport_mw_rb_yb_rb_er Starting Mw-to-Er teleportation trial 2058 at 123420000019999500.
123,480,000,019,999,500 WARNING main_het_teleport_mw_rb_yb_rb_er Mw-to-Er teleportation trial 2058 succeeded (completed=True, direct match=True, latency=11.85918375 seconds).
123,480,000,019,999,500 WARNING main_het_teleport_mw_rb_yb_rb_er Starting Mw-to-Er teleportation trial 2059 at 123480000019999500.
123,540,000,019,999,500 WARNING main_het_teleport_mw_rb_yb_rb_er Mw-to-Er teleportation trial 2059 succeeded (completed=True, direct match=True, latency=4.2296984375 seconds).
123,540,000,019,999,500 WARNING main_het_teleport_mw_rb_yb_rb_er Starting Mw-to-Er teleportation trial 2060 at 123540000019999500.
123,600,000,019,999,500 WARNING main_het_teleport_mw_rb_yb_rb_er Mw-to-Er teleportation trial 2060 succeeded (completed=True, direct match=True, latency=4.234378625 seconds).
123,600,000,019,999,500 WARNING main_het_teleport_mw_rb_yb_rb_er Starting Mw-to-Er teleportation trial 2061 at 123600000019999500.
123,660,000,019,999,500 WARNING main_het_teleport_mw_rb_yb_rb_er Mw-to-Er teleportation trial 2061 succeeded (completed=True, direct match=True, latency=2.8365626875 seconds).
123,660,000,019,999,500 WARNING main_het_teleport_mw_rb_yb_rb_er Starting Mw-to-Er teleportation trial 2062 at 123660000019999500.
123,720,000,019,999,500 WARNING main_het_teleport_mw_rb_yb_rb_er Mw-to-Er teleportation trial 2062 succeeded (completed=True, direct match=True, latency=2.1337545625 seconds).
123,720,000,019,999,500 WARNING main_het_teleport_mw_rb_yb_rb_er Starting Mw-to-Er teleportation trial 2063 at 123720000019999500.
123,780,000,019,999,500 WARNING main_het_teleport_mw_rb_yb_rb_er Mw-to-Er teleportation trial 2063 succeeded (completed=True, direct match=True, latency=4.1953770625 seconds).
123,780,000,019,999,500 WARNING main_het_teleport_mw_rb_yb_rb_er Starting Mw-to-Er teleportation trial 2064 at 123780000019999500.
123,840,000,019,999,500 WARNING main_het_teleport_mw_rb_yb_rb_er Mw-to-Er teleportation trial 2064 succeeded (completed=True, direct match=True, latency=4.92470625 seconds).
123,840,000,019,999,500 WARNING main_het_teleport_mw_rb_yb_rb_er Starting Mw-to-Er teleportation trial 2065 at 123840000019999500.
123,900,000,019,999,500 WARNING main_het_teleport_mw_rb_yb_rb_er Mw-to-Er teleportation trial 2065 failed (completed=True, direct match=False, latency=4.927826375 seconds).
123,900,000,019,999,500 WARNING main_het_teleport_mw_rb_yb_rb_er Starting Mw-to-Er teleportation trial 2066 at 123900000019999500.
123,960,000,019,999,500 WARNING main_het_teleport_mw_rb_yb_rb_er Mw-to-Er teleportation trial 2066 succeeded (completed=True, direct match=True, latency=5.602553375 seconds).
123,960,000,019,999,500 WARNING main_het_teleport_mw_rb_yb_rb_er Starting Mw-to-Er teleportation trial 2067 at 123960000019999500.
124,020,000,019,999,500 WARNING main_het_teleport_mw_rb_yb_rb_er Mw-to-Er teleportation trial 2067 succeeded (completed=True, direct match=True, latency=6.97384825 seconds).
124,020,000,019,999,500 WARNING main_het_teleport_mw_rb_yb_rb_er Starting Mw-to-Er teleportation trial 2068 at 124020000019999500.
124,080,000,019,999,500 WARNING main_het_teleport_mw_rb_yb_rb_er Mw-to-Er teleportation trial 2068 succeeded (completed=True, direct match=True, latency=3.540930875 seconds).
124,080,000,019,999,500 WARNING main_het_teleport_mw_rb_yb_rb_er Starting Mw-to-Er teleportation trial 2069 at 124080000019999500.
124,140,000,019,999,500 WARNING main_het_teleport_mw_rb_yb_rb_er Mw-to-Er teleportation trial 2069 succeeded (completed=True, direct match=True, latency=7.71097775 seconds).
124,140,000,019,999,500 WARNING main_het_teleport_mw_rb_yb_rb_er Starting Mw-to-Er teleportation trial 2070 at 124140000019999500.
124,200,000,019,999,500 WARNING main_het_teleport_mw_rb_yb_rb_er Mw-to-Er teleportation trial 2070 succeeded (completed=True, direct match=True, latency=8.401305375 seconds).
124,200,000,019,999,500 WARNING main_het_teleport_mw_rb_yb_rb_er Starting Mw-to-Er teleportation trial 2071 at 124200000019999500.
124,260,000,019,999,500 WARNING main_het_teleport_mw_rb_yb_rb_er Mw-to-Er teleportation trial 2071 failed (completed=True, direct match=False, latency=5.621274125 seconds).
124,260,000,019,999,500 WARNING main_het_teleport_mw_rb_yb_rb_er Starting Mw-to-Er teleportation trial 2072 at 124260000019999500.
124,320,000,019,999,500 WARNING main_het_teleport_mw_rb_yb_rb_er Mw-to-Er teleportation trial 2072 failed (completed=True, direct match=False, latency=4.9356266875 seconds).
124,320,000,019,999,500 WARNING main_het_teleport_mw_rb_yb_rb_er Starting Mw-to-Er teleportation trial 2073 at 124320000019999500.
124,380,000,019,999,500 WARNING main_het_teleport_mw_rb_yb_rb_er Mw-to-Er teleportation trial 2073 succeeded (completed=True, direct match=True, latency=7.7156579375 seconds).
124,380,000,019,999,500 WARNING main_het_teleport_mw_rb_yb_rb_er Starting Mw-to-Er teleportation trial 2074 at 124380000019999500.
124,440,000,019,999,500 WARNING main_het_teleport_mw_rb_yb_rb_er Mw-to-Er teleportation trial 2074 failed (completed=True, direct match=False, latency=2.810041625 seconds).
124,440,000,019,999,500 WARNING main_het_teleport_mw_rb_yb_rb_er Starting Mw-to-Er teleportation trial 2075 at 124440000019999500.
124,500,000,019,999,500 WARNING main_het_teleport_mw_rb_yb_rb_er Mw-to-Er teleportation trial 2075 succeeded (completed=True, direct match=True, latency=7.7546595 seconds).
124,500,000,019,999,500 WARNING main_het_teleport_mw_rb_yb_rb_er Starting Mw-to-Er teleportation trial 2076 at 124500000019999500.
124,560,000,019,999,500 WARNING main_het_teleport_mw_rb_yb_rb_er Mw-to-Er teleportation trial 2076 succeeded (completed=True, direct match=True, latency=4.9309465 seconds).
124,560,000,019,999,500 WARNING main_het_teleport_mw_rb_yb_rb_er Starting Mw-to-Er teleportation trial 2077 at 124560000019999500.
124,620,000,019,999,500 WARNING main_het_teleport_mw_rb_yb_rb_er Mw-to-Er teleportation trial 2077 failed (completed=True, direct match=False, latency=4.2640198125 seconds).
124,620,000,019,999,500 WARNING main_het_teleport_mw_rb_yb_rb_er Starting Mw-to-Er teleportation trial 2078 at 124620000019999500.
124,680,000,019,999,500 WARNING main_het_teleport_mw_rb_yb_rb_er Mw-to-Er teleportation trial 2078 succeeded (completed=True, direct match=True, latency=2.2529001 seconds).
124,680,000,019,999,500 WARNING main_het_teleport_mw_rb_yb_rb_er Starting Mw-to-Er teleportation trial 2079 at 124680000019999500.
124,740,000,019,999,500 WARNING main_het_teleport_mw_rb_yb_rb_er Mw-to-Er teleportation trial 2079 succeeded (completed=True, direct match=True, latency=8.270260125 seconds).
124,740,000,019,999,500 WARNING main_het_teleport_mw_rb_yb_rb_er Starting Mw-to-Er teleportation trial 2080 at 124740000019999500.
124,800,000,019,999,500 WARNING main_het_teleport_mw_rb_yb_rb_er Mw-to-Er teleportation trial 2080 succeeded (completed=True, direct match=True, latency=8.4184660625 seconds).
124,800,000,019,999,500 WARNING main_het_teleport_mw_rb_yb_rb_er Starting Mw-to-Er teleportation trial 2081 at 124800000019999500.
124,860,000,019,999,500 WARNING main_het_teleport_mw_rb_yb_rb_er Mw-to-Er teleportation trial 2081 succeeded (completed=True, direct match=True, latency=3.5066095 seconds).
124,860,000,019,999,500 WARNING main_het_teleport_mw_rb_yb_rb_er Starting Mw-to-Er teleportation trial 2082 at 124860000019999500.
124,920,000,019,999,500 WARNING main_het_teleport_mw_rb_yb_rb_er Mw-to-Er teleportation trial 2082 succeeded (completed=True, direct match=True, latency=9.1462351875 seconds).
124,920,000,019,999,500 WARNING main_het_teleport_mw_rb_yb_rb_er Starting Mw-to-Er teleportation trial 2083 at 124920000019999500.
124,980,000,019,999,500 WARNING main_het_teleport_mw_rb_yb_rb_er Mw-to-Er teleportation trial 2083 succeeded (completed=True, direct match=True, latency=13.964488 seconds).
124,980,000,019,999,500 WARNING main_het_teleport_mw_rb_yb_rb_er Starting Mw-to-Er teleportation trial 2084 at 124980000019999500.
125,040,000,019,999,500 WARNING main_het_teleport_mw_rb_yb_rb_er Mw-to-Er teleportation trial 2084 succeeded (completed=True, direct match=True, latency=2.199156075 seconds).
125,040,000,019,999,500 WARNING main_het_teleport_mw_rb_yb_rb_er Starting Mw-to-Er teleportation trial 2085 at 125040000019999500.
125,100,000,019,999,500 WARNING main_het_teleport_mw_rb_yb_rb_er Mw-to-Er teleportation trial 2085 succeeded (completed=True, direct match=True, latency=4.7921009375 seconds).
125,100,000,019,999,500 WARNING main_het_teleport_mw_rb_yb_rb_er Starting Mw-to-Er teleportation trial 2086 at 125100000019999500.
125,160,000,019,999,500 WARNING main_het_teleport_mw_rb_yb_rb_er Mw-to-Er teleportation trial 2086 succeeded (completed=True, direct match=True, latency=4.22501825 seconds).
125,160,000,019,999,500 WARNING main_het_teleport_mw_rb_yb_rb_er Starting Mw-to-Er teleportation trial 2087 at 125160000019999500.
125,220,000,019,999,500 WARNING main_het_teleport_mw_rb_yb_rb_er Mw-to-Er teleportation trial 2087 succeeded (completed=True, direct match=True, latency=6.317842 seconds).
125,220,000,019,999,500 WARNING main_het_teleport_mw_rb_yb_rb_er Starting Mw-to-Er teleportation trial 2088 at 125220000019999500.
125,280,000,019,999,500 WARNING main_het_teleport_mw_rb_yb_rb_er Mw-to-Er teleportation trial 2088 succeeded (completed=True, direct match=True, latency=0.729698375 seconds).
125,280,000,019,999,500 WARNING main_het_teleport_mw_rb_yb_rb_er Starting Mw-to-Er teleportation trial 2089 at 125280000019999500.
125,340,000,019,999,500 WARNING main_het_teleport_mw_rb_yb_rb_er Mw-to-Er teleportation trial 2089 succeeded (completed=True, direct match=True, latency=7.0003693125 seconds).
125,340,000,019,999,500 WARNING main_het_teleport_mw_rb_yb_rb_er Starting Mw-to-Er teleportation trial 2090 at 125340000019999500.
125,400,000,019,999,500 WARNING main_het_teleport_mw_rb_yb_rb_er Mw-to-Er teleportation trial 2090 succeeded (completed=True, direct match=True, latency=12.5666720625 seconds).
125,400,000,019,999,500 WARNING main_het_teleport_mw_rb_yb_rb_er Starting Mw-to-Er teleportation trial 2091 at 125400000019999500.
125,460,000,019,999,500 WARNING main_het_teleport_mw_rb_yb_rb_er Mw-to-Er teleportation trial 2091 succeeded (completed=True, direct match=True, latency=0.68913675 seconds).
125,460,000,019,999,500 WARNING main_het_teleport_mw_rb_yb_rb_er Starting Mw-to-Er teleportation trial 2092 at 125460000019999500.
125,520,000,019,999,500 WARNING main_het_teleport_mw_rb_yb_rb_er Mw-to-Er teleportation trial 2092 succeeded (completed=True, direct match=True, latency=2.1555954375 seconds).
125,520,000,019,999,500 WARNING main_het_teleport_mw_rb_yb_rb_er Starting Mw-to-Er teleportation trial 2093 at 125520000019999500.
125,580,000,019,999,500 WARNING main_het_teleport_mw_rb_yb_rb_er Mw-to-Er teleportation trial 2093 failed (completed=True, direct match=False, latency=2.7960010625 seconds).
125,580,000,019,999,500 WARNING main_het_teleport_mw_rb_yb_rb_er Starting Mw-to-Er teleportation trial 2094 at 125580000019999500.
125,640,000,019,999,500 WARNING main_het_teleport_mw_rb_yb_rb_er Mw-to-Er teleportation trial 2094 failed (completed=True, direct match=False, latency=2.872444125 seconds).
125,640,000,019,999,500 WARNING main_het_teleport_mw_rb_yb_rb_er Starting Mw-to-Er teleportation trial 2095 at 125640000019999500.
125,700,000,019,999,500 WARNING main_het_teleport_mw_rb_yb_rb_er Mw-to-Er teleportation trial 2095 succeeded (completed=True, direct match=True, latency=5.5791524375 seconds).
125,700,000,019,999,500 WARNING main_het_teleport_mw_rb_yb_rb_er Starting Mw-to-Er teleportation trial 2096 at 125700000019999500.
125,760,000,019,999,500 WARNING main_het_teleport_mw_rb_yb_rb_er Mw-to-Er teleportation trial 2096 succeeded (completed=True, direct match=True, latency=3.5268903125 seconds).
125,760,000,019,999,500 WARNING main_het_teleport_mw_rb_yb_rb_er Starting Mw-to-Er teleportation trial 2097 at 125760000019999500.
125,820,000,019,999,500 WARNING main_het_teleport_mw_rb_yb_rb_er Mw-to-Er teleportation trial 2097 succeeded (completed=True, direct match=True, latency=2.7991211875 seconds).
125,820,000,019,999,500 WARNING main_het_teleport_mw_rb_yb_rb_er Starting Mw-to-Er teleportation trial 2098 at 125820000019999500.
125,880,000,019,999,500 WARNING main_het_teleport_mw_rb_yb_rb_er Mw-to-Er teleportation trial 2098 succeeded (completed=True, direct match=True, latency=11.2047375625 seconds).
125,880,000,019,999,500 WARNING main_het_teleport_mw_rb_yb_rb_er Starting Mw-to-Er teleportation trial 2099 at 125880000019999500.
125,940,000,019,999,500 WARNING main_het_teleport_mw_rb_yb_rb_er Mw-to-Er teleportation trial 2099 succeeded (completed=True, direct match=True, latency=6.989448875 seconds).
125,940,000,019,999,500 WARNING main_het_teleport_mw_rb_yb_rb_er Starting Mw-to-Er teleportation trial 2100 at 125940000019999500.
126,000,000,019,999,500 WARNING main_het_teleport_mw_rb_yb_rb_er Mw-to-Er teleportation trial 2100 succeeded (completed=True, direct match=True, latency=2.8069215 seconds).
126,000,000,019,999,500 WARNING main_het_teleport_mw_rb_yb_rb_er Starting Mw-to-Er teleportation trial 2101 at 126000000019999500.
126,060,000,019,999,500 WARNING main_het_teleport_mw_rb_yb_rb_er Mw-to-Er teleportation trial 2101 succeeded (completed=True, direct match=True, latency=4.971508125 seconds).
126,060,000,019,999,500 WARNING main_het_teleport_mw_rb_yb_rb_er Starting Mw-to-Er teleportation trial 2102 at 126060000019999500.
126,120,000,019,999,500 WARNING main_het_teleport_mw_rb_yb_rb_er Mw-to-Er teleportation trial 2102 succeeded (completed=True, direct match=True, latency=11.1704161875 seconds).
126,120,000,019,999,500 WARNING main_het_teleport_mw_rb_yb_rb_er Starting Mw-to-Er teleportation trial 2103 at 126120000019999500.
126,180,000,019,999,500 WARNING main_het_teleport_mw_rb_yb_rb_er Mw-to-Er teleportation trial 2103 succeeded (completed=True, direct match=True, latency=2.8178419375 seconds).
126,180,000,019,999,500 WARNING main_het_teleport_mw_rb_yb_rb_er Starting Mw-to-Er teleportation trial 2104 at 126180000019999500.
126,240,000,019,999,500 WARNING main_het_teleport_mw_rb_yb_rb_er Mw-to-Er teleportation trial 2104 succeeded (completed=True, direct match=True, latency=3.6260481375 seconds).
126,240,000,019,999,500 WARNING main_het_teleport_mw_rb_yb_rb_er Starting Mw-to-Er teleportation trial 2105 at 126240000019999500.
126,300,000,019,999,500 WARNING main_het_teleport_mw_rb_yb_rb_er Mw-to-Er teleportation trial 2105 succeeded (completed=True, direct match=True, latency=4.877904375 seconds).
126,300,000,019,999,500 WARNING main_het_teleport_mw_rb_yb_rb_er Starting Mw-to-Er teleportation trial 2106 at 126300000019999500.
126,360,000,019,999,500 WARNING main_het_teleport_mw_rb_yb_rb_er Mw-to-Er teleportation trial 2106 failed (completed=True, direct match=False, latency=8.36074375 seconds).
126,360,000,019,999,500 WARNING main_het_teleport_mw_rb_yb_rb_er Starting Mw-to-Er teleportation trial 2107 at 126360000019999500.
126,420,000,019,999,500 WARNING main_het_teleport_mw_rb_yb_rb_er Mw-to-Er teleportation trial 2107 succeeded (completed=True, direct match=True, latency=3.6563906625 seconds).
126,420,000,019,999,500 WARNING main_het_teleport_mw_rb_yb_rb_er Starting Mw-to-Er teleportation trial 2108 at 126420000019999500.
126,480,000,019,999,500 WARNING main_het_teleport_mw_rb_yb_rb_er Mw-to-Er teleportation trial 2108 succeeded (completed=True, direct match=True, latency=2.178996375 seconds).
126,480,000,019,999,500 WARNING main_het_teleport_mw_rb_yb_rb_er Starting Mw-to-Er teleportation trial 2109 at 126480000019999500.
126,540,000,019,999,500 WARNING main_het_teleport_mw_rb_yb_rb_er Mw-to-Er teleportation trial 2109 succeeded (completed=True, direct match=True, latency=4.834222625 seconds).
126,540,000,019,999,500 WARNING main_het_teleport_mw_rb_yb_rb_er Starting Mw-to-Er teleportation trial 2110 at 126540000019999500.
126,600,000,019,999,500 WARNING main_het_teleport_mw_rb_yb_rb_er Mw-to-Er teleportation trial 2110 succeeded (completed=True, direct match=True, latency=5.6290744375 seconds).
126,600,000,019,999,500 WARNING main_het_teleport_mw_rb_yb_rb_er Starting Mw-to-Er teleportation trial 2111 at 126600000019999500.
126,660,000,019,999,500 WARNING main_het_teleport_mw_rb_yb_rb_er Mw-to-Er teleportation trial 2111 succeeded (completed=True, direct match=True, latency=1.5018237625 seconds).
126,660,000,019,999,500 WARNING main_het_teleport_mw_rb_yb_rb_er Starting Mw-to-Er teleportation trial 2112 at 126660000019999500.
126,720,000,019,999,500 WARNING main_het_teleport_mw_rb_yb_rb_er Mw-to-Er teleportation trial 2112 succeeded (completed=True, direct match=True, latency=13.9317266875 seconds).
126,720,000,019,999,500 WARNING main_het_teleport_mw_rb_yb_rb_er Starting Mw-to-Er teleportation trial 2113 at 126720000019999500.
126,780,000,019,999,500 WARNING main_het_teleport_mw_rb_yb_rb_er Mw-to-Er teleportation trial 2113 succeeded (completed=True, direct match=True, latency=3.544051 seconds).
126,780,000,019,999,500 WARNING main_het_teleport_mw_rb_yb_rb_er Starting Mw-to-Er teleportation trial 2114 at 126780000019999500.
126,840,000,019,999,500 WARNING main_het_teleport_mw_rb_yb_rb_er Mw-to-Er teleportation trial 2114 succeeded (completed=True, direct match=True, latency=2.797561125 seconds).
126,840,000,019,999,500 WARNING main_het_teleport_mw_rb_yb_rb_er Starting Mw-to-Er teleportation trial 2115 at 126840000019999500.
126,900,000,019,999,500 WARNING main_het_teleport_mw_rb_yb_rb_er Mw-to-Er teleportation trial 2115 succeeded (completed=True, direct match=True, latency=4.2359386875 seconds).
126,900,000,019,999,500 WARNING main_het_teleport_mw_rb_yb_rb_er Starting Mw-to-Er teleportation trial 2116 at 126900000019999500.
126,960,000,019,999,500 WARNING main_het_teleport_mw_rb_yb_rb_er Mw-to-Er teleportation trial 2116 failed (completed=True, direct match=False, latency=3.515969875 seconds).
126,960,000,019,999,500 WARNING main_het_teleport_mw_rb_yb_rb_er Starting Mw-to-Er teleportation trial 2117 at 126960000019999500.
127,020,000,019,999,500 WARNING main_het_teleport_mw_rb_yb_rb_er Mw-to-Er teleportation trial 2117 succeeded (completed=True, direct match=True, latency=4.3510210875 seconds).
127,020,000,019,999,500 WARNING main_het_teleport_mw_rb_yb_rb_er Starting Mw-to-Er teleportation trial 2118 at 127020000019999500.
127,080,000,019,999,500 WARNING main_het_teleport_mw_rb_yb_rb_er Mw-to-Er teleportation trial 2118 succeeded (completed=True, direct match=True, latency=5.602553375 seconds).
127,080,000,019,999,500 WARNING main_het_teleport_mw_rb_yb_rb_er Starting Mw-to-Er teleportation trial 2119 at 127080000019999500.
127,140,000,019,999,500 WARNING main_het_teleport_mw_rb_yb_rb_er Mw-to-Er teleportation trial 2119 succeeded (completed=True, direct match=True, latency=9.069792125 seconds).
127,140,000,019,999,500 WARNING main_het_teleport_mw_rb_yb_rb_er Starting Mw-to-Er teleportation trial 2120 at 127140000019999500.
127,200,000,019,999,500 WARNING main_het_teleport_mw_rb_yb_rb_er Mw-to-Er teleportation trial 2120 failed (completed=True, direct match=False, latency=3.5175299375 seconds).
127,200,000,019,999,500 WARNING main_het_teleport_mw_rb_yb_rb_er Starting Mw-to-Er teleportation trial 2121 at 127200000019999500.
127,260,000,019,999,500 WARNING main_het_teleport_mw_rb_yb_rb_er Mw-to-Er teleportation trial 2121 failed (completed=True, direct match=False, latency=3.509729625 seconds).
127,260,000,019,999,500 WARNING main_het_teleport_mw_rb_yb_rb_er Starting Mw-to-Er teleportation trial 2122 at 127260000019999500.
127,320,000,019,999,500 WARNING main_het_teleport_mw_rb_yb_rb_er Mw-to-Er teleportation trial 2122 succeeded (completed=True, direct match=True, latency=6.314721875 seconds).
127,320,000,019,999,500 WARNING main_het_teleport_mw_rb_yb_rb_er Starting Mw-to-Er teleportation trial 2123 at 127320000019999500.
127,380,000,019,999,500 WARNING main_het_teleport_mw_rb_yb_rb_er Mw-to-Er teleportation trial 2123 succeeded (completed=True, direct match=True, latency=3.53781075 seconds).
127,380,000,019,999,500 WARNING main_het_teleport_mw_rb_yb_rb_er Starting Mw-to-Er teleportation trial 2124 at 127380000019999500.
127,440,000,019,999,500 WARNING main_het_teleport_mw_rb_yb_rb_er Mw-to-Er teleportation trial 2124 succeeded (completed=True, direct match=True, latency=8.416906 seconds).
127,440,000,019,999,500 WARNING main_het_teleport_mw_rb_yb_rb_er Starting Mw-to-Er teleportation trial 2125 at 127440000019999500.
127,500,000,019,999,500 WARNING main_het_teleport_mw_rb_yb_rb_er Mw-to-Er teleportation trial 2125 succeeded (completed=True, direct match=True, latency=3.5315705 seconds).
127,500,000,019,999,500 WARNING main_het_teleport_mw_rb_yb_rb_er Starting Mw-to-Er teleportation trial 2126 at 127500000019999500.
127,560,000,019,999,500 WARNING main_het_teleport_mw_rb_yb_rb_er Mw-to-Er teleportation trial 2126 succeeded (completed=True, direct match=True, latency=2.2258692875 seconds).
127,560,000,019,999,500 WARNING main_het_teleport_mw_rb_yb_rb_er Starting Mw-to-Er teleportation trial 2127 at 127560000019999500.
127,620,000,019,999,500 WARNING main_het_teleport_mw_rb_yb_rb_er Mw-to-Er teleportation trial 2127 succeeded (completed=True, direct match=True, latency=3.494129 seconds).
127,620,000,019,999,500 WARNING main_het_teleport_mw_rb_yb_rb_er Starting Mw-to-Er teleportation trial 2128 at 127620000019999500.
127,680,000,019,999,500 WARNING main_het_teleport_mw_rb_yb_rb_er Mw-to-Er teleportation trial 2128 succeeded (completed=True, direct match=True, latency=5.608793625 seconds).
127,680,000,019,999,500 WARNING main_het_teleport_mw_rb_yb_rb_er Starting Mw-to-Er teleportation trial 2129 at 127680000019999500.
127,740,000,019,999,500 WARNING main_het_teleport_mw_rb_yb_rb_er Mw-to-Er teleportation trial 2129 succeeded (completed=True, direct match=True, latency=4.9169059375 seconds).
127,740,000,019,999,500 WARNING main_het_teleport_mw_rb_yb_rb_er Starting Mw-to-Er teleportation trial 2130 at 127740000019999500.
127,800,000,019,999,500 WARNING main_het_teleport_mw_rb_yb_rb_er Mw-to-Er teleportation trial 2130 succeeded (completed=True, direct match=True, latency=1.6017534875 seconds).
127,800,000,019,999,500 WARNING main_het_teleport_mw_rb_yb_rb_er Starting Mw-to-Er teleportation trial 2131 at 127800000019999500.
127,860,000,019,999,500 WARNING main_het_teleport_mw_rb_yb_rb_er Mw-to-Er teleportation trial 2131 succeeded (completed=True, direct match=True, latency=4.243739 seconds).
127,860,000,019,999,500 WARNING main_het_teleport_mw_rb_yb_rb_er Starting Mw-to-Er teleportation trial 2132 at 127860000019999500.
127,920,000,019,999,500 WARNING main_het_teleport_mw_rb_yb_rb_er Mw-to-Er teleportation trial 2132 succeeded (completed=True, direct match=True, latency=7.720338125 seconds).
127,920,000,019,999,500 WARNING main_het_teleport_mw_rb_yb_rb_er Starting Mw-to-Er teleportation trial 2133 at 127920000019999500.
127,980,000,019,999,500 WARNING main_het_teleport_mw_rb_yb_rb_er Mw-to-Er teleportation trial 2133 succeeded (completed=True, direct match=True, latency=3.5175299375 seconds).
127,980,000,019,999,500 WARNING main_het_teleport_mw_rb_yb_rb_er Starting Mw-to-Er teleportation trial 2134 at 127980000019999500.
128,040,000,019,999,500 WARNING main_het_teleport_mw_rb_yb_rb_er Mw-to-Er teleportation trial 2134 succeeded (completed=True, direct match=True, latency=5.608793625 seconds).
128,040,000,019,999,500 WARNING main_het_teleport_mw_rb_yb_rb_er Starting Mw-to-Er teleportation trial 2135 at 128040000019999500.
128,100,000,019,999,500 WARNING main_het_teleport_mw_rb_yb_rb_er Mw-to-Er teleportation trial 2135 failed (completed=True, direct match=False, latency=3.515969875 seconds).
128,100,000,019,999,500 WARNING main_het_teleport_mw_rb_yb_rb_er Starting Mw-to-Er teleportation trial 2136 at 128100000019999500.
128,160,000,019,999,500 WARNING main_het_teleport_mw_rb_yb_rb_er Mw-to-Er teleportation trial 2136 succeeded (completed=True, direct match=True, latency=1.3917899625 seconds).
128,160,000,019,999,500 WARNING main_het_teleport_mw_rb_yb_rb_er Starting Mw-to-Er teleportation trial 2137 at 128160000019999500.
128,220,000,019,999,500 WARNING main_het_teleport_mw_rb_yb_rb_er Mw-to-Er teleportation trial 2137 succeeded (completed=True, direct match=True, latency=2.1087935625 seconds).
128,220,000,019,999,500 WARNING main_het_teleport_mw_rb_yb_rb_er Starting Mw-to-Er teleportation trial 2138 at 128220000019999500.
128,280,000,019,999,500 WARNING main_het_teleport_mw_rb_yb_rb_er Mw-to-Er teleportation trial 2138 succeeded (completed=True, direct match=True, latency=4.8638638125 seconds).
128,280,000,019,999,500 WARNING main_het_teleport_mw_rb_yb_rb_er Starting Mw-to-Er teleportation trial 2139 at 128280000019999500.
128,340,000,019,999,500 WARNING main_het_teleport_mw_rb_yb_rb_er Mw-to-Er teleportation trial 2139 succeeded (completed=True, direct match=True, latency=8.43562675 seconds).
128,340,000,019,999,500 WARNING main_het_teleport_mw_rb_yb_rb_er Starting Mw-to-Er teleportation trial 2140 at 128340000019999500.
128,400,000,019,999,500 WARNING main_het_teleport_mw_rb_yb_rb_er Mw-to-Er teleportation trial 2140 failed (completed=True, direct match=False, latency=1.398185125 seconds).
128,400,000,019,999,500 WARNING main_het_teleport_mw_rb_yb_rb_er Starting Mw-to-Er teleportation trial 2141 at 128400000019999500.
128,460,000,019,999,500 WARNING main_het_teleport_mw_rb_yb_rb_er Mw-to-Er teleportation trial 2141 succeeded (completed=True, direct match=True, latency=2.1219623125 seconds).
128,460,000,019,999,500 WARNING main_het_teleport_mw_rb_yb_rb_er Starting Mw-to-Er teleportation trial 2142 at 128460000019999500.
128,520,000,019,999,500 WARNING main_het_teleport_mw_rb_yb_rb_er Mw-to-Er teleportation trial 2142 failed (completed=True, direct match=False, latency=4.2078575625 seconds).
128,520,000,019,999,500 WARNING main_het_teleport_mw_rb_yb_rb_er Starting Mw-to-Er teleportation trial 2143 at 128520000019999500.
128,580,000,019,999,500 WARNING main_het_teleport_mw_rb_yb_rb_er Mw-to-Er teleportation trial 2143 succeeded (completed=True, direct match=True, latency=2.0869526875 seconds).
128,580,000,019,999,500 WARNING main_het_teleport_mw_rb_yb_rb_er Starting Mw-to-Er teleportation trial 2144 at 128580000019999500.
128,640,000,019,999,500 WARNING main_het_teleport_mw_rb_yb_rb_er Mw-to-Er teleportation trial 2144 succeeded (completed=True, direct match=True, latency=4.9325065625 seconds).
128,640,000,019,999,500 WARNING main_het_teleport_mw_rb_yb_rb_er Starting Mw-to-Er teleportation trial 2145 at 128640000019999500.
128,700,000,019,999,500 WARNING main_het_teleport_mw_rb_yb_rb_er Mw-to-Er teleportation trial 2145 failed (completed=True, direct match=False, latency=4.9075455625 seconds).
128,700,000,019,999,500 WARNING main_het_teleport_mw_rb_yb_rb_er Starting Mw-to-Er teleportation trial 2146 at 128700000019999500.
128,760,000,019,999,500 WARNING main_het_teleport_mw_rb_yb_rb_er Mw-to-Er teleportation trial 2146 failed (completed=True, direct match=False, latency=7.701617375 seconds).
128,760,000,019,999,500 WARNING main_het_teleport_mw_rb_yb_rb_er Starting Mw-to-Er teleportation trial 2147 at 128760000019999500.
128,820,000,019,999,500 WARNING main_het_teleport_mw_rb_yb_rb_er Mw-to-Er teleportation trial 2147 failed (completed=True, direct match=False, latency=4.9169059375 seconds).
128,820,000,019,999,500 WARNING main_het_teleport_mw_rb_yb_rb_er Starting Mw-to-Er teleportation trial 2148 at 128820000019999500.
128,880,000,019,999,500 WARNING main_het_teleport_mw_rb_yb_rb_er Mw-to-Er teleportation trial 2148 succeeded (completed=True, direct match=True, latency=4.9886688125 seconds).
128,880,000,019,999,500 WARNING main_het_teleport_mw_rb_yb_rb_er Starting Mw-to-Er teleportation trial 2149 at 128880000019999500.
128,940,000,019,999,500 WARNING main_het_teleport_mw_rb_yb_rb_er Mw-to-Er teleportation trial 2149 succeeded (completed=True, direct match=True, latency=6.945767125 seconds).
128,940,000,019,999,500 WARNING main_het_teleport_mw_rb_yb_rb_er Starting Mw-to-Er teleportation trial 2150 at 128940000019999500.
129,000,000,019,999,500 WARNING main_het_teleport_mw_rb_yb_rb_er Mw-to-Er teleportation trial 2150 failed (completed=True, direct match=False, latency=14.0627719375 seconds).
129,000,000,019,999,500 WARNING main_het_teleport_mw_rb_yb_rb_er Starting Mw-to-Er teleportation trial 2151 at 129000000019999500.
129,060,000,019,999,500 WARNING main_het_teleport_mw_rb_yb_rb_er Mw-to-Er teleportation trial 2151 succeeded (completed=True, direct match=True, latency=12.5479513125 seconds).
129,060,000,019,999,500 WARNING main_het_teleport_mw_rb_yb_rb_er Starting Mw-to-Er teleportation trial 2152 at 129060000019999500.
129,120,000,019,999,500 WARNING main_het_teleport_mw_rb_yb_rb_er Mw-to-Er teleportation trial 2152 succeeded (completed=True, direct match=True, latency=5.552631375 seconds).
129,120,000,019,999,500 WARNING main_het_teleport_mw_rb_yb_rb_er Starting Mw-to-Er teleportation trial 2153 at 129120000019999500.
129,180,000,019,999,500 WARNING main_het_teleport_mw_rb_yb_rb_er Mw-to-Er teleportation trial 2153 failed (completed=True, direct match=False, latency=5.582162625 seconds).
129,180,000,019,999,500 WARNING main_het_teleport_mw_rb_yb_rb_er Starting Mw-to-Er teleportation trial 2154 at 129180000019999500.
129,240,000,019,999,500 WARNING main_het_teleport_mw_rb_yb_rb_er Mw-to-Er teleportation trial 2154 succeeded (completed=True, direct match=True, latency=1.4309464375 seconds).
129,240,000,019,999,500 WARNING main_het_teleport_mw_rb_yb_rb_er Starting Mw-to-Er teleportation trial 2155 at 129240000019999500.
129,300,000,019,999,500 WARNING main_het_teleport_mw_rb_yb_rb_er Mw-to-Er teleportation trial 2155 succeeded (completed=True, direct match=True, latency=4.9200260625 seconds).
129,300,000,019,999,500 WARNING main_het_teleport_mw_rb_yb_rb_er Starting Mw-to-Er teleportation trial 2156 at 129300000019999500.
129,360,000,019,999,500 WARNING main_het_teleport_mw_rb_yb_rb_er Mw-to-Er teleportation trial 2156 succeeded (completed=True, direct match=True, latency=0.6938169375 seconds).
129,360,000,019,999,500 WARNING main_het_teleport_mw_rb_yb_rb_er Starting Mw-to-Er teleportation trial 2157 at 129360000019999500.
129,420,000,019,999,500 WARNING main_het_teleport_mw_rb_yb_rb_er Mw-to-Er teleportation trial 2157 succeeded (completed=True, direct match=True, latency=1.2655798125 seconds).
129,420,000,019,999,500 WARNING main_het_teleport_mw_rb_yb_rb_er Starting Mw-to-Er teleportation trial 2158 at 129420000019999500.
129,480,000,019,999,500 WARNING main_het_teleport_mw_rb_yb_rb_er Mw-to-Er teleportation trial 2158 succeeded (completed=True, direct match=True, latency=2.7772803125 seconds).
129,480,000,019,999,500 WARNING main_het_teleport_mw_rb_yb_rb_er Starting Mw-to-Er teleportation trial 2159 at 129480000019999500.
129,540,000,019,999,500 WARNING main_het_teleport_mw_rb_yb_rb_er Mw-to-Er teleportation trial 2159 succeeded (completed=True, direct match=True, latency=3.5144098125 seconds).
129,540,000,019,999,500 WARNING main_het_teleport_mw_rb_yb_rb_er Starting Mw-to-Er teleportation trial 2160 at 129540000019999500.
129,600,000,019,999,500 WARNING main_het_teleport_mw_rb_yb_rb_er Mw-to-Er teleportation trial 2160 failed (completed=True, direct match=False, latency=4.91222575 seconds).
129,600,000,019,999,500 WARNING main_het_teleport_mw_rb_yb_rb_er Starting Mw-to-Er teleportation trial 2161 at 129600000019999500.
129,660,000,019,999,500 WARNING main_het_teleport_mw_rb_yb_rb_er Mw-to-Er teleportation trial 2161 succeeded (completed=True, direct match=True, latency=6.958247625 seconds).
129,660,000,019,999,500 WARNING main_het_teleport_mw_rb_yb_rb_er Starting Mw-to-Er teleportation trial 2162 at 129660000019999500.
129,720,000,019,999,500 WARNING main_het_teleport_mw_rb_yb_rb_er Mw-to-Er teleportation trial 2162 succeeded (completed=True, direct match=True, latency=17.5050496875 seconds).
129,720,000,019,999,500 WARNING main_het_teleport_mw_rb_yb_rb_er Starting Mw-to-Er teleportation trial 2163 at 129720000019999500.
129,780,000,019,999,500 WARNING main_het_teleport_mw_rb_yb_rb_er Mw-to-Er teleportation trial 2163 succeeded (completed=True, direct match=True, latency=6.3225221875 seconds).
129,780,000,019,999,500 WARNING main_het_teleport_mw_rb_yb_rb_er Starting Mw-to-Er teleportation trial 2164 at 129780000019999500.
129,840,000,019,999,500 WARNING main_het_teleport_mw_rb_yb_rb_er Mw-to-Er teleportation trial 2164 succeeded (completed=True, direct match=True, latency=3.51909 seconds).
129,840,000,019,999,500 WARNING main_het_teleport_mw_rb_yb_rb_er Starting Mw-to-Er teleportation trial 2165 at 129840000019999500.
129,900,000,019,999,500 WARNING main_het_teleport_mw_rb_yb_rb_er Mw-to-Er teleportation trial 2165 succeeded (completed=True, direct match=True, latency=6.258559625 seconds).
129,900,000,019,999,500 WARNING main_het_teleport_mw_rb_yb_rb_er Starting Mw-to-Er teleportation trial 2166 at 129900000019999500.
129,960,000,019,999,500 WARNING main_het_teleport_mw_rb_yb_rb_er Mw-to-Er teleportation trial 2166 succeeded (completed=True, direct match=True, latency=2.1493551875 seconds).
129,960,000,019,999,500 WARNING main_het_teleport_mw_rb_yb_rb_er Starting Mw-to-Er teleportation trial 2167 at 129960000019999500.
130,020,000,019,999,500 WARNING main_het_teleport_mw_rb_yb_rb_er Mw-to-Er teleportation trial 2167 succeeded (completed=True, direct match=True, latency=6.342803 seconds).
130,020,000,019,999,500 WARNING main_het_teleport_mw_rb_yb_rb_er Starting Mw-to-Er teleportation trial 2168 at 130020000019999500.
130,080,000,019,999,500 WARNING main_het_teleport_mw_rb_yb_rb_er Mw-to-Er teleportation trial 2168 succeeded (completed=True, direct match=True, latency=5.6197140625 seconds).
130,080,000,019,999,500 WARNING main_het_teleport_mw_rb_yb_rb_er Starting Mw-to-Er teleportation trial 2169 at 130080000019999500.
130,140,000,019,999,500 WARNING main_het_teleport_mw_rb_yb_rb_er Mw-to-Er teleportation trial 2169 succeeded (completed=True, direct match=True, latency=5.596313125 seconds).
130,140,000,019,999,500 WARNING main_het_teleport_mw_rb_yb_rb_er Starting Mw-to-Er teleportation trial 2170 at 130140000019999500.
130,200,000,019,999,500 WARNING main_het_teleport_mw_rb_yb_rb_er Mw-to-Er teleportation trial 2170 succeeded (completed=True, direct match=True, latency=9.8022414375 seconds).
130,200,000,019,999,500 WARNING main_het_teleport_mw_rb_yb_rb_er Starting Mw-to-Er teleportation trial 2171 at 130200000019999500.
130,260,000,019,999,500 WARNING main_het_teleport_mw_rb_yb_rb_er Mw-to-Er teleportation trial 2171 succeeded (completed=True, direct match=True, latency=6.9910089375 seconds).
130,260,000,019,999,500 WARNING main_het_teleport_mw_rb_yb_rb_er Starting Mw-to-Er teleportation trial 2172 at 130260000019999500.
130,320,000,019,999,500 WARNING main_het_teleport_mw_rb_yb_rb_er Mw-to-Er teleportation trial 2172 succeeded (completed=True, direct match=True, latency=4.218778 seconds).
130,320,000,019,999,500 WARNING main_het_teleport_mw_rb_yb_rb_er Starting Mw-to-Er teleportation trial 2173 at 130320000019999500.
130,380,000,019,999,500 WARNING main_het_teleport_mw_rb_yb_rb_er Mw-to-Er teleportation trial 2173 succeeded (completed=True, direct match=True, latency=6.3162819375 seconds).
130,380,000,019,999,500 WARNING main_het_teleport_mw_rb_yb_rb_er Starting Mw-to-Er teleportation trial 2174 at 130380000019999500.
130,440,000,019,999,500 WARNING main_het_teleport_mw_rb_yb_rb_er Mw-to-Er teleportation trial 2174 succeeded (completed=True, direct match=True, latency=2.859963625 seconds).
130,440,000,019,999,500 WARNING main_het_teleport_mw_rb_yb_rb_er Starting Mw-to-Er teleportation trial 2175 at 130440000019999500.
130,500,000,019,999,500 WARNING main_het_teleport_mw_rb_yb_rb_er Mw-to-Er teleportation trial 2175 succeeded (completed=True, direct match=True, latency=4.9169059375 seconds).
130,500,000,019,999,500 WARNING main_het_teleport_mw_rb_yb_rb_er Starting Mw-to-Er teleportation trial 2176 at 130500000019999500.
130,560,000,019,999,500 WARNING main_het_teleport_mw_rb_yb_rb_er Mw-to-Er teleportation trial 2176 succeeded (completed=True, direct match=True, latency=5.6165939375 seconds).
130,560,000,019,999,500 WARNING main_het_teleport_mw_rb_yb_rb_er Starting Mw-to-Er teleportation trial 2177 at 130560000019999500.
130,620,000,019,999,500 WARNING main_het_teleport_mw_rb_yb_rb_er Mw-to-Er teleportation trial 2177 failed (completed=True, direct match=False, latency=9.816282 seconds).
130,620,000,019,999,500 WARNING main_het_teleport_mw_rb_yb_rb_er Starting Mw-to-Er teleportation trial 2178 at 130620000019999500.
130,680,000,019,999,500 WARNING main_het_teleport_mw_rb_yb_rb_er Mw-to-Er teleportation trial 2178 succeeded (completed=True, direct match=True, latency=4.9200260625 seconds).
130,680,000,019,999,500 WARNING main_het_teleport_mw_rb_yb_rb_er Starting Mw-to-Er teleportation trial 2179 at 130680000019999500.
130,740,000,019,999,500 WARNING main_het_teleport_mw_rb_yb_rb_er Mw-to-Er teleportation trial 2179 succeeded (completed=True, direct match=True, latency=16.129074625 seconds).
130,740,000,019,999,500 WARNING main_het_teleport_mw_rb_yb_rb_er Starting Mw-to-Er teleportation trial 2180 at 130740000019999500.
130,800,000,019,999,500 WARNING main_het_teleport_mw_rb_yb_rb_er Mw-to-Er teleportation trial 2180 succeeded (completed=True, direct match=True, latency=2.8178419375 seconds).
130,800,000,019,999,500 WARNING main_het_teleport_mw_rb_yb_rb_er Starting Mw-to-Er teleportation trial 2181 at 130800000019999500.
130,860,000,019,999,500 WARNING main_het_teleport_mw_rb_yb_rb_er Mw-to-Er teleportation trial 2181 failed (completed=True, direct match=False, latency=4.8981851875 seconds).
130,860,000,019,999,500 WARNING main_het_teleport_mw_rb_yb_rb_er Starting Mw-to-Er teleportation trial 2182 at 130860000019999500.
130,920,000,019,999,500 WARNING main_het_teleport_mw_rb_yb_rb_er Mw-to-Er teleportation trial 2182 succeeded (completed=True, direct match=True, latency=2.92548625 seconds).
130,920,000,019,999,500 WARNING main_het_teleport_mw_rb_yb_rb_er Starting Mw-to-Er teleportation trial 2183 at 130920000019999500.
130,980,000,019,999,500 WARNING main_het_teleport_mw_rb_yb_rb_er Mw-to-Er teleportation trial 2183 failed (completed=True, direct match=False, latency=2.766359875 seconds).
130,980,000,019,999,500 WARNING main_het_teleport_mw_rb_yb_rb_er Starting Mw-to-Er teleportation trial 2184 at 130980000019999500.
131,040,000,019,999,500 WARNING main_het_teleport_mw_rb_yb_rb_er Mw-to-Er teleportation trial 2184 failed (completed=True, direct match=False, latency=8.3654239375 seconds).
131,040,000,019,999,500 WARNING main_het_teleport_mw_rb_yb_rb_er Starting Mw-to-Er teleportation trial 2185 at 131040000019999500.
131,100,000,019,999,500 WARNING main_het_teleport_mw_rb_yb_rb_er Mw-to-Er teleportation trial 2185 failed (completed=True, direct match=False, latency=3.5066095 seconds).
131,100,000,019,999,500 WARNING main_het_teleport_mw_rb_yb_rb_er Starting Mw-to-Er teleportation trial 2186 at 131100000019999500.
131,160,000,019,999,500 WARNING main_het_teleport_mw_rb_yb_rb_er Mw-to-Er teleportation trial 2186 succeeded (completed=True, direct match=True, latency=8.3903849375 seconds).
131,160,000,019,999,500 WARNING main_het_teleport_mw_rb_yb_rb_er Starting Mw-to-Er teleportation trial 2187 at 131160000019999500.
131,220,000,019,999,500 WARNING main_het_teleport_mw_rb_yb_rb_er Mw-to-Er teleportation trial 2187 succeeded (completed=True, direct match=True, latency=12.6321946875 seconds).
131,220,000,019,999,500 WARNING main_het_teleport_mw_rb_yb_rb_er Starting Mw-to-Er teleportation trial 2188 at 131220000019999500.
131,280,000,019,999,500 WARNING main_het_teleport_mw_rb_yb_rb_er Mw-to-Er teleportation trial 2188 succeeded (completed=True, direct match=True, latency=7.0003693125 seconds).
131,280,000,019,999,500 WARNING main_het_teleport_mw_rb_yb_rb_er Starting Mw-to-Er teleportation trial 2189 at 131280000019999500.
131,340,000,019,999,500 WARNING main_het_teleport_mw_rb_yb_rb_er Mw-to-Er teleportation trial 2189 succeeded (completed=True, direct match=True, latency=4.8794644375 seconds).
131,340,000,019,999,500 WARNING main_het_teleport_mw_rb_yb_rb_er Starting Mw-to-Er teleportation trial 2190 at 131340000019999500.
131,400,000,019,999,500 WARNING main_het_teleport_mw_rb_yb_rb_er Mw-to-Er teleportation trial 2190 succeeded (completed=True, direct match=True, latency=7.0315705625 seconds).
131,400,000,019,999,500 WARNING main_het_teleport_mw_rb_yb_rb_er Starting Mw-to-Er teleportation trial 2191 at 131400000019999500.
131,460,000,019,999,500 WARNING main_het_teleport_mw_rb_yb_rb_er Mw-to-Er teleportation trial 2191 succeeded (completed=True, direct match=True, latency=3.5237701875 seconds).
131,460,000,019,999,500 WARNING main_het_teleport_mw_rb_yb_rb_er Starting Mw-to-Er teleportation trial 2192 at 131460000019999500.
131,520,000,019,999,500 WARNING main_het_teleport_mw_rb_yb_rb_er Mw-to-Er teleportation trial 2192 succeeded (completed=True, direct match=True, latency=3.51284975 seconds).
131,520,000,019,999,500 WARNING main_het_teleport_mw_rb_yb_rb_er Starting Mw-to-Er teleportation trial 2193 at 131520000019999500.
131,580,000,019,999,500 WARNING main_het_teleport_mw_rb_yb_rb_er Mw-to-Er teleportation trial 2193 succeeded (completed=True, direct match=True, latency=5.6197140625 seconds).
131,580,000,019,999,500 WARNING main_het_teleport_mw_rb_yb_rb_er Starting Mw-to-Er teleportation trial 2194 at 131580000019999500.
131,640,000,019,999,500 WARNING main_het_teleport_mw_rb_yb_rb_er Mw-to-Er teleportation trial 2194 succeeded (completed=True, direct match=True, latency=2.7866406875 seconds).
131,640,000,019,999,500 WARNING main_het_teleport_mw_rb_yb_rb_er Starting Mw-to-Er teleportation trial 2195 at 131640000019999500.
131,700,000,019,999,500 WARNING main_het_teleport_mw_rb_yb_rb_er Mw-to-Er teleportation trial 2195 succeeded (completed=True, direct match=True, latency=2.13843475 seconds).
131,700,000,019,999,500 WARNING main_het_teleport_mw_rb_yb_rb_er Starting Mw-to-Er teleportation trial 2196 at 131700000019999500.
131,760,000,019,999,500 WARNING main_het_teleport_mw_rb_yb_rb_er Mw-to-Er teleportation trial 2196 succeeded (completed=True, direct match=True, latency=2.1150338125 seconds).
131,760,000,019,999,500 WARNING main_het_teleport_mw_rb_yb_rb_er Starting Mw-to-Er teleportation trial 2197 at 131760000019999500.
131,820,000,019,999,500 WARNING main_het_teleport_mw_rb_yb_rb_er Mw-to-Er teleportation trial 2197 failed (completed=True, direct match=False, latency=2.2416565625 seconds).
131,820,000,019,999,500 WARNING main_het_teleport_mw_rb_yb_rb_er Starting Mw-to-Er teleportation trial 2198 at 131820000019999500.
131,880,000,019,999,500 WARNING main_het_teleport_mw_rb_yb_rb_er Mw-to-Er teleportation trial 2198 failed (completed=True, direct match=False, latency=5.4855486875 seconds).
131,880,000,019,999,500 WARNING main_het_teleport_mw_rb_yb_rb_er Starting Mw-to-Er teleportation trial 2199 at 131880000019999500.
131,940,000,019,999,500 WARNING main_het_teleport_mw_rb_yb_rb_er Mw-to-Er teleportation trial 2199 succeeded (completed=True, direct match=True, latency=10.5034895 seconds).
131,940,000,019,999,500 WARNING main_het_teleport_mw_rb_yb_rb_er Starting Mw-to-Er teleportation trial 2200 at 131940000019999500.
132,000,000,019,999,500 WARNING main_het_teleport_mw_rb_yb_rb_er Mw-to-Er teleportation trial 2200 failed (completed=True, direct match=False, latency=4.221898125 seconds).
132,000,000,019,999,500 WARNING main_het_teleport_mw_rb_yb_rb_er Starting Mw-to-Er teleportation trial 2201 at 132000000019999500.
132,060,000,019,999,500 WARNING main_het_teleport_mw_rb_yb_rb_er Mw-to-Er teleportation trial 2201 succeeded (completed=True, direct match=True, latency=7.020650125 seconds).
132,060,000,019,999,500 WARNING main_het_teleport_mw_rb_yb_rb_er Starting Mw-to-Er teleportation trial 2202 at 132060000019999500.
132,120,000,019,999,500 WARNING main_het_teleport_mw_rb_yb_rb_er Mw-to-Er teleportation trial 2202 succeeded (completed=True, direct match=True, latency=2.1150338125 seconds).
132,120,000,019,999,500 WARNING main_het_teleport_mw_rb_yb_rb_er Starting Mw-to-Er teleportation trial 2203 at 132120000019999500.
132,180,000,019,999,500 WARNING main_het_teleport_mw_rb_yb_rb_er Mw-to-Er teleportation trial 2203 succeeded (completed=True, direct match=True, latency=6.320962125 seconds).
132,180,000,019,999,500 WARNING main_het_teleport_mw_rb_yb_rb_er Starting Mw-to-Er teleportation trial 2204 at 132180000019999500.
132,240,000,019,999,500 WARNING main_het_teleport_mw_rb_yb_rb_er Mw-to-Er teleportation trial 2204 succeeded (completed=True, direct match=True, latency=2.866203875 seconds).
132,240,000,019,999,500 WARNING main_het_teleport_mw_rb_yb_rb_er Starting Mw-to-Er teleportation trial 2205 at 132240000019999500.
132,300,000,019,999,500 WARNING main_het_teleport_mw_rb_yb_rb_er Mw-to-Er teleportation trial 2205 succeeded (completed=True, direct match=True, latency=2.097873125 seconds).
132,300,000,019,999,500 WARNING main_het_teleport_mw_rb_yb_rb_er Starting Mw-to-Er teleportation trial 2206 at 132300000019999500.
132,360,000,019,999,500 WARNING main_het_teleport_mw_rb_yb_rb_er Mw-to-Er teleportation trial 2206 failed (completed=True, direct match=False, latency=7.6407749375 seconds).
132,360,000,019,999,500 WARNING main_het_teleport_mw_rb_yb_rb_er Starting Mw-to-Er teleportation trial 2207 at 132360000019999500.
132,420,000,019,999,500 WARNING main_het_teleport_mw_rb_yb_rb_er Mw-to-Er teleportation trial 2207 succeeded (completed=True, direct match=True, latency=5.61191375 seconds).
132,420,000,019,999,500 WARNING main_het_teleport_mw_rb_yb_rb_er Starting Mw-to-Er teleportation trial 2208 at 132420000019999500.
132,480,000,019,999,500 WARNING main_het_teleport_mw_rb_yb_rb_er Mw-to-Er teleportation trial 2208 succeeded (completed=True, direct match=True, latency=10.52221025 seconds).
132,480,000,019,999,500 WARNING main_het_teleport_mw_rb_yb_rb_er Starting Mw-to-Er teleportation trial 2209 at 132480000019999500.
132,540,000,019,999,500 WARNING main_het_teleport_mw_rb_yb_rb_er Mw-to-Er teleportation trial 2209 succeeded (completed=True, direct match=True, latency=5.59943325 seconds).
132,540,000,019,999,500 WARNING main_het_teleport_mw_rb_yb_rb_er Starting Mw-to-Er teleportation trial 2210 at 132540000019999500.
132,600,000,019,999,500 WARNING main_het_teleport_mw_rb_yb_rb_er Mw-to-Er teleportation trial 2210 succeeded (completed=True, direct match=True, latency=2.8084815625 seconds).
132,600,000,019,999,500 WARNING main_het_teleport_mw_rb_yb_rb_er Starting Mw-to-Er teleportation trial 2211 at 132600000019999500.
132,660,000,019,999,500 WARNING main_het_teleport_mw_rb_yb_rb_er Mw-to-Er teleportation trial 2211 failed (completed=True, direct match=False, latency=3.522210125 seconds).
132,660,000,019,999,500 WARNING main_het_teleport_mw_rb_yb_rb_er Starting Mw-to-Er teleportation trial 2212 at 132660000019999500.
132,720,000,019,999,500 WARNING main_het_teleport_mw_rb_yb_rb_er Mw-to-Er teleportation trial 2212 failed (completed=True, direct match=False, latency=2.8318825 seconds).
132,720,000,019,999,500 WARNING main_het_teleport_mw_rb_yb_rb_er Starting Mw-to-Er teleportation trial 2213 at 132720000019999500.
132,780,000,019,999,500 WARNING main_het_teleport_mw_rb_yb_rb_er Mw-to-Er teleportation trial 2213 succeeded (completed=True, direct match=True, latency=11.762459875 seconds).
132,780,000,019,999,500 WARNING main_het_teleport_mw_rb_yb_rb_er Starting Mw-to-Er teleportation trial 2214 at 132780000019999500.
132,840,000,019,999,500 WARNING main_het_teleport_mw_rb_yb_rb_er Mw-to-Er teleportation trial 2214 failed (completed=True, direct match=False, latency=7.7250183125 seconds).
132,840,000,019,999,500 WARNING main_het_teleport_mw_rb_yb_rb_er Starting Mw-to-Er teleportation trial 2215 at 132840000019999500.
132,900,000,019,999,500 WARNING main_het_teleport_mw_rb_yb_rb_er Mw-to-Er teleportation trial 2215 succeeded (completed=True, direct match=True, latency=5.6103536875 seconds).
132,900,000,019,999,500 WARNING main_het_teleport_mw_rb_yb_rb_er Starting Mw-to-Er teleportation trial 2216 at 132900000019999500.
132,960,000,019,999,500 WARNING main_het_teleport_mw_rb_yb_rb_er Mw-to-Er teleportation trial 2216 succeeded (completed=True, direct match=True, latency=3.5050494375 seconds).
132,960,000,019,999,500 WARNING main_het_teleport_mw_rb_yb_rb_er Starting Mw-to-Er teleportation trial 2217 at 132960000019999500.
133,020,000,019,999,500 WARNING main_het_teleport_mw_rb_yb_rb_er Mw-to-Er teleportation trial 2217 succeeded (completed=True, direct match=True, latency=10.48476875 seconds).
133,020,000,019,999,500 WARNING main_het_teleport_mw_rb_yb_rb_er Starting Mw-to-Er teleportation trial 2218 at 133020000019999500.
133,080,000,019,999,500 WARNING main_het_teleport_mw_rb_yb_rb_er Mw-to-Er teleportation trial 2218 failed (completed=True, direct match=False, latency=10.519090125 seconds).
133,080,000,019,999,500 WARNING main_het_teleport_mw_rb_yb_rb_er Starting Mw-to-Er teleportation trial 2219 at 133080000019999500.
133,140,000,019,999,500 WARNING main_het_teleport_mw_rb_yb_rb_er Mw-to-Er teleportation trial 2219 succeeded (completed=True, direct match=True, latency=1.4091055625 seconds).
133,140,000,019,999,500 WARNING main_het_teleport_mw_rb_yb_rb_er Starting Mw-to-Er teleportation trial 2220 at 133140000019999500.
133,200,000,019,999,500 WARNING main_het_teleport_mw_rb_yb_rb_er Mw-to-Er teleportation trial 2220 failed (completed=True, direct match=False, latency=7.639214875 seconds).
133,200,000,019,999,500 WARNING main_het_teleport_mw_rb_yb_rb_er Starting Mw-to-Er teleportation trial 2221 at 133200000019999500.
133,260,000,019,999,500 WARNING main_het_teleport_mw_rb_yb_rb_er Mw-to-Er teleportation trial 2221 succeeded (completed=True, direct match=True, latency=7.69849725 seconds).
133,260,000,019,999,500 WARNING main_het_teleport_mw_rb_yb_rb_er Starting Mw-to-Er teleportation trial 2222 at 133260000019999500.
133,320,000,019,999,500 WARNING main_het_teleport_mw_rb_yb_rb_er Mw-to-Er teleportation trial 2222 succeeded (completed=True, direct match=True, latency=5.608793625 seconds).
133,320,000,019,999,500 WARNING main_het_teleport_mw_rb_yb_rb_er Starting Mw-to-Er teleportation trial 2223 at 133320000019999500.
133,380,000,019,999,500 WARNING main_het_teleport_mw_rb_yb_rb_er Mw-to-Er teleportation trial 2223 succeeded (completed=True, direct match=True, latency=4.196937125 seconds).
133,380,000,019,999,500 WARNING main_het_teleport_mw_rb_yb_rb_er Starting Mw-to-Er teleportation trial 2224 at 133380000019999500.
133,440,000,019,999,500 WARNING main_het_teleport_mw_rb_yb_rb_er Mw-to-Er teleportation trial 2224 succeeded (completed=True, direct match=True, latency=2.884924625 seconds).
133,440,000,019,999,500 WARNING main_het_teleport_mw_rb_yb_rb_er Starting Mw-to-Er teleportation trial 2225 at 133440000019999500.
133,500,000,019,999,500 WARNING main_het_teleport_mw_rb_yb_rb_er Mw-to-Er teleportation trial 2225 failed (completed=True, direct match=False, latency=0.7468590625 seconds).
133,500,000,019,999,500 WARNING main_het_teleport_mw_rb_yb_rb_er Starting Mw-to-Er teleportation trial 2226 at 133500000019999500.
133,560,000,019,999,500 WARNING main_het_teleport_mw_rb_yb_rb_er Mw-to-Er teleportation trial 2226 succeeded (completed=True, direct match=True, latency=6.9052055 seconds).
133,560,000,019,999,500 WARNING main_het_teleport_mw_rb_yb_rb_er Starting Mw-to-Er teleportation trial 2227 at 133560000019999500.
133,620,000,019,999,500 WARNING main_het_teleport_mw_rb_yb_rb_er Mw-to-Er teleportation trial 2227 succeeded (completed=True, direct match=True, latency=6.3194020625 seconds).
133,620,000,019,999,500 WARNING main_het_teleport_mw_rb_yb_rb_er Starting Mw-to-Er teleportation trial 2228 at 133620000019999500.
133,680,000,019,999,500 WARNING main_het_teleport_mw_rb_yb_rb_er Mw-to-Er teleportation trial 2228 succeeded (completed=True, direct match=True, latency=4.2359386875 seconds).
133,680,000,019,999,500 WARNING main_het_teleport_mw_rb_yb_rb_er Starting Mw-to-Er teleportation trial 2229 at 133680000019999500.
133,740,000,019,999,500 WARNING main_het_teleport_mw_rb_yb_rb_er Mw-to-Er teleportation trial 2229 succeeded (completed=True, direct match=True, latency=4.9075455625 seconds).
133,740,000,019,999,500 WARNING main_het_teleport_mw_rb_yb_rb_er Starting Mw-to-Er teleportation trial 2230 at 133740000019999500.
133,800,000,019,999,500 WARNING main_het_teleport_mw_rb_yb_rb_er Mw-to-Er teleportation trial 2230 succeeded (completed=True, direct match=True, latency=8.4715081875 seconds).
133,800,000,019,999,500 WARNING main_het_teleport_mw_rb_yb_rb_er Starting Mw-to-Er teleportation trial 2231 at 133800000019999500.
133,860,000,019,999,500 WARNING main_het_teleport_mw_rb_yb_rb_er Mw-to-Er teleportation trial 2231 failed (completed=True, direct match=False, latency=9.116594 seconds).
133,860,000,019,999,500 WARNING main_het_teleport_mw_rb_yb_rb_er Starting Mw-to-Er teleportation trial 2232 at 133860000019999500.
133,920,000,019,999,500 WARNING main_het_teleport_mw_rb_yb_rb_er Mw-to-Er teleportation trial 2232 succeeded (completed=True, direct match=True, latency=10.4988093125 seconds).
133,920,000,019,999,500 WARNING main_het_teleport_mw_rb_yb_rb_er Starting Mw-to-Er teleportation trial 2233 at 133920000019999500.
133,980,000,019,999,500 WARNING main_het_teleport_mw_rb_yb_rb_er Mw-to-Er teleportation trial 2233 succeeded (completed=True, direct match=True, latency=8.4293865 seconds).
133,980,000,019,999,500 WARNING main_het_teleport_mw_rb_yb_rb_er Starting Mw-to-Er teleportation trial 2234 at 133980000019999500.
134,040,000,019,999,500 WARNING main_het_teleport_mw_rb_yb_rb_er Mw-to-Er teleportation trial 2234 succeeded (completed=True, direct match=True, latency=4.9059855 seconds).
134,040,000,019,999,500 WARNING main_het_teleport_mw_rb_yb_rb_er Starting Mw-to-Er teleportation trial 2235 at 134040000019999500.
134,100,000,019,999,500 WARNING main_het_teleport_mw_rb_yb_rb_er Mw-to-Er teleportation trial 2235 failed (completed=True, direct match=False, latency=2.104113375 seconds).
134,100,000,019,999,500 WARNING main_het_teleport_mw_rb_yb_rb_er Starting Mw-to-Er teleportation trial 2236 at 134100000019999500.
134,160,000,019,999,500 WARNING main_het_teleport_mw_rb_yb_rb_er Mw-to-Er teleportation trial 2236 succeeded (completed=True, direct match=True, latency=3.522210125 seconds).
134,160,000,019,999,500 WARNING main_het_teleport_mw_rb_yb_rb_er Starting Mw-to-Er teleportation trial 2237 at 134160000019999500.
134,220,000,019,999,500 WARNING main_het_teleport_mw_rb_yb_rb_er Mw-to-Er teleportation trial 2237 succeeded (completed=True, direct match=True, latency=2.8084815625 seconds).
134,220,000,019,999,500 WARNING main_het_teleport_mw_rb_yb_rb_er Starting Mw-to-Er teleportation trial 2238 at 134220000019999500.
134,280,000,019,999,500 WARNING main_het_teleport_mw_rb_yb_rb_er Mw-to-Er teleportation trial 2238 succeeded (completed=True, direct match=True, latency=3.5315705 seconds).
134,280,000,019,999,500 WARNING main_het_teleport_mw_rb_yb_rb_er Starting Mw-to-Er teleportation trial 2239 at 134280000019999500.
134,340,000,019,999,500 WARNING main_het_teleport_mw_rb_yb_rb_er Mw-to-Er teleportation trial 2239 succeeded (completed=True, direct match=True, latency=5.6477951875 seconds).
134,340,000,019,999,500 WARNING main_het_teleport_mw_rb_yb_rb_er Starting Mw-to-Er teleportation trial 2240 at 134340000019999500.
134,400,000,019,999,500 WARNING main_het_teleport_mw_rb_yb_rb_er Mw-to-Er teleportation trial 2240 failed (completed=True, direct match=False, latency=4.2062975 seconds).
134,400,000,019,999,500 WARNING main_het_teleport_mw_rb_yb_rb_er Starting Mw-to-Er teleportation trial 2241 at 134400000019999500.
134,460,000,019,999,500 WARNING main_het_teleport_mw_rb_yb_rb_er Mw-to-Er teleportation trial 2241 succeeded (completed=True, direct match=True, latency=2.81316175 seconds).
134,460,000,019,999,500 WARNING main_het_teleport_mw_rb_yb_rb_er Starting Mw-to-Er teleportation trial 2242 at 134460000019999500.
134,520,000,019,999,500 WARNING main_het_teleport_mw_rb_yb_rb_er Mw-to-Er teleportation trial 2242 succeeded (completed=True, direct match=True, latency=9.8272024375 seconds).
134,520,000,019,999,500 WARNING main_het_teleport_mw_rb_yb_rb_er Starting Mw-to-Er teleportation trial 2243 at 134520000019999500.
134,580,000,019,999,500 WARNING main_het_teleport_mw_rb_yb_rb_er Mw-to-Er teleportation trial 2243 failed (completed=True, direct match=False, latency=2.819402 seconds).
134,580,000,019,999,500 WARNING main_het_teleport_mw_rb_yb_rb_er Starting Mw-to-Er teleportation trial 2244 at 134580000019999500.
134,640,000,019,999,500 WARNING main_het_teleport_mw_rb_yb_rb_er Mw-to-Er teleportation trial 2244 failed (completed=True, direct match=False, latency=3.4676079375 seconds).
134,640,000,019,999,500 WARNING main_het_teleport_mw_rb_yb_rb_er Starting Mw-to-Er teleportation trial 2245 at 134640000019999500.
134,700,000,019,999,500 WARNING main_het_teleport_mw_rb_yb_rb_er Mw-to-Er teleportation trial 2245 failed (completed=True, direct match=False, latency=7.0378108125 seconds).
134,700,000,019,999,500 WARNING main_het_teleport_mw_rb_yb_rb_er Starting Mw-to-Er teleportation trial 2246 at 134700000019999500.
134,760,000,019,999,500 WARNING main_het_teleport_mw_rb_yb_rb_er Mw-to-Er teleportation trial 2246 failed (completed=True, direct match=False, latency=12.60197175 seconds).
134,760,000,019,999,500 WARNING main_het_teleport_mw_rb_yb_rb_er Starting Mw-to-Er teleportation trial 2247 at 134760000019999500.
134,820,000,019,999,500 WARNING main_het_teleport_mw_rb_yb_rb_er Mw-to-Er teleportation trial 2247 succeeded (completed=True, direct match=True, latency=9.157155625 seconds).
134,820,000,019,999,500 WARNING main_het_teleport_mw_rb_yb_rb_er Starting Mw-to-Er teleportation trial 2248 at 134820000019999500.
134,880,000,019,999,500 WARNING main_het_teleport_mw_rb_yb_rb_er Mw-to-Er teleportation trial 2248 succeeded (completed=True, direct match=True, latency=3.5518513125 seconds).
134,880,000,019,999,500 WARNING main_het_teleport_mw_rb_yb_rb_er Starting Mw-to-Er teleportation trial 2249 at 134880000019999500.
134,940,000,019,999,500 WARNING main_het_teleport_mw_rb_yb_rb_er Mw-to-Er teleportation trial 2249 succeeded (completed=True, direct match=True, latency=3.4863286875 seconds).
134,940,000,019,999,500 WARNING main_het_teleport_mw_rb_yb_rb_er Starting Mw-to-Er teleportation trial 2250 at 134940000019999500.
135,000,000,019,999,500 WARNING main_het_teleport_mw_rb_yb_rb_er Mw-to-Er teleportation trial 2250 succeeded (completed=True, direct match=True, latency=5.6197140625 seconds).
135,000,000,019,999,500 WARNING main_het_teleport_mw_rb_yb_rb_er Starting Mw-to-Er teleportation trial 2251 at 135000000019999500.
135,060,000,019,999,500 WARNING main_het_teleport_mw_rb_yb_rb_er Mw-to-Er teleportation trial 2251 succeeded (completed=True, direct match=True, latency=5.5697920625 seconds).
135,060,000,019,999,500 WARNING main_het_teleport_mw_rb_yb_rb_er Starting Mw-to-Er teleportation trial 2252 at 135060000019999500.
135,120,000,019,999,500 WARNING main_het_teleport_mw_rb_yb_rb_er Mw-to-Er teleportation trial 2252 succeeded (completed=True, direct match=True, latency=3.5144098125 seconds).
135,120,000,019,999,500 WARNING main_het_teleport_mw_rb_yb_rb_er Starting Mw-to-Er teleportation trial 2253 at 135120000019999500.
135,180,000,019,999,500 WARNING main_het_teleport_mw_rb_yb_rb_er Mw-to-Er teleportation trial 2253 succeeded (completed=True, direct match=True, latency=3.559651625 seconds).
135,180,000,019,999,500 WARNING main_het_teleport_mw_rb_yb_rb_er Starting Mw-to-Er teleportation trial 2254 at 135180000019999500.
135,240,000,019,999,500 WARNING main_het_teleport_mw_rb_yb_rb_er Mw-to-Er teleportation trial 2254 succeeded (completed=True, direct match=True, latency=6.296001125 seconds).
135,240,000,019,999,500 WARNING main_het_teleport_mw_rb_yb_rb_er Starting Mw-to-Er teleportation trial 2255 at 135240000019999500.
135,300,000,019,999,500 WARNING main_het_teleport_mw_rb_yb_rb_er Mw-to-Er teleportation trial 2255 succeeded (completed=True, direct match=True, latency=0.720338 seconds).
135,300,000,019,999,500 WARNING main_het_teleport_mw_rb_yb_rb_er Starting Mw-to-Er teleportation trial 2256 at 135300000019999500.
135,360,000,019,999,500 WARNING main_het_teleport_mw_rb_yb_rb_er Mw-to-Er teleportation trial 2256 succeeded (completed=True, direct match=True, latency=1.4309464375 seconds).
135,360,000,019,999,500 WARNING main_het_teleport_mw_rb_yb_rb_er Starting Mw-to-Er teleportation trial 2257 at 135360000019999500.
135,420,000,019,999,500 WARNING main_het_teleport_mw_rb_yb_rb_er Mw-to-Er teleportation trial 2257 succeeded (completed=True, direct match=True, latency=13.311601875 seconds).
135,420,000,019,999,500 WARNING main_het_teleport_mw_rb_yb_rb_er Starting Mw-to-Er teleportation trial 2258 at 135420000019999500.
135,480,000,019,999,500 WARNING main_het_teleport_mw_rb_yb_rb_er Mw-to-Er teleportation trial 2258 succeeded (completed=True, direct match=True, latency=4.27678935 seconds).
135,480,000,019,999,500 WARNING main_het_teleport_mw_rb_yb_rb_er Starting Mw-to-Er teleportation trial 2259 at 135480000019999500.
135,540,000,019,999,500 WARNING main_het_teleport_mw_rb_yb_rb_er Mw-to-Er teleportation trial 2259 failed (completed=True, direct match=False, latency=2.8209620625 seconds).
135,540,000,019,999,500 WARNING main_het_teleport_mw_rb_yb_rb_er Starting Mw-to-Er teleportation trial 2260 at 135540000019999500.
135,600,000,019,999,500 WARNING main_het_teleport_mw_rb_yb_rb_er Mw-to-Er teleportation trial 2260 failed (completed=True, direct match=False, latency=4.9169059375 seconds).
135,600,000,019,999,500 WARNING main_het_teleport_mw_rb_yb_rb_er Starting Mw-to-Er teleportation trial 2261 at 135600000019999500.
135,660,000,019,999,500 WARNING main_het_teleport_mw_rb_yb_rb_er Mw-to-Er teleportation trial 2261 succeeded (completed=True, direct match=True, latency=5.6633958125 seconds).
135,660,000,019,999,500 WARNING main_het_teleport_mw_rb_yb_rb_er Starting Mw-to-Er teleportation trial 2262 at 135660000019999500.
135,720,000,019,999,500 WARNING main_het_teleport_mw_rb_yb_rb_er Mw-to-Er teleportation trial 2262 succeeded (completed=True, direct match=True, latency=4.877904375 seconds).
135,720,000,019,999,500 WARNING main_het_teleport_mw_rb_yb_rb_er Starting Mw-to-Er teleportation trial 2263 at 135720000019999500.
135,780,000,019,999,500 WARNING main_het_teleport_mw_rb_yb_rb_er Mw-to-Er teleportation trial 2263 succeeded (completed=True, direct match=True, latency=4.9917889375 seconds).
135,780,000,019,999,500 WARNING main_het_teleport_mw_rb_yb_rb_er Starting Mw-to-Er teleportation trial 2264 at 135780000019999500.
135,840,000,019,999,500 WARNING main_het_teleport_mw_rb_yb_rb_er Mw-to-Er teleportation trial 2264 succeeded (completed=True, direct match=True, latency=6.9910089375 seconds).
135,840,000,019,999,500 WARNING main_het_teleport_mw_rb_yb_rb_er Starting Mw-to-Er teleportation trial 2265 at 135840000019999500.
135,900,000,019,999,500 WARNING main_het_teleport_mw_rb_yb_rb_er Mw-to-Er teleportation trial 2265 failed (completed=True, direct match=False, latency=7.7250183125 seconds).
135,900,000,019,999,500 WARNING main_het_teleport_mw_rb_yb_rb_er Starting Mw-to-Er teleportation trial 2266 at 135900000019999500.
135,960,000,019,999,500 WARNING main_het_teleport_mw_rb_yb_rb_er Mw-to-Er teleportation trial 2266 succeeded (completed=True, direct match=True, latency=2.9404704625 seconds).
135,960,000,019,999,500 WARNING main_het_teleport_mw_rb_yb_rb_er Starting Mw-to-Er teleportation trial 2267 at 135960000019999500.
136,020,000,019,999,500 WARNING main_het_teleport_mw_rb_yb_rb_er Mw-to-Er teleportation trial 2267 succeeded (completed=True, direct match=True, latency=0.7462984375 seconds).
136,020,000,019,999,500 WARNING main_het_teleport_mw_rb_yb_rb_er Starting Mw-to-Er teleportation trial 2268 at 136020000019999500.
136,080,000,019,999,500 WARNING main_het_teleport_mw_rb_yb_rb_er Mw-to-Er teleportation trial 2268 succeeded (completed=True, direct match=True, latency=9.0807125625 seconds).
136,080,000,019,999,500 WARNING main_het_teleport_mw_rb_yb_rb_er Starting Mw-to-Er teleportation trial 2269 at 136080000019999500.
136,140,000,019,999,500 WARNING main_het_teleport_mw_rb_yb_rb_er Mw-to-Er teleportation trial 2269 succeeded (completed=True, direct match=True, latency=5.089258825 seconds).
136,140,000,019,999,500 WARNING main_het_teleport_mw_rb_yb_rb_er Starting Mw-to-Er teleportation trial 2270 at 136140000019999500.
136,200,000,019,999,500 WARNING main_het_teleport_mw_rb_yb_rb_er Mw-to-Er teleportation trial 2270 failed (completed=True, direct match=False, latency=11.812381875 seconds).
136,200,000,019,999,500 WARNING main_het_teleport_mw_rb_yb_rb_er Starting Mw-to-Er teleportation trial 2271 at 136200000019999500.
136,260,000,019,999,500 WARNING main_het_teleport_mw_rb_yb_rb_er Mw-to-Er teleportation trial 2271 failed (completed=True, direct match=False, latency=1.3872646875 seconds).
136,260,000,019,999,500 WARNING main_het_teleport_mw_rb_yb_rb_er Starting Mw-to-Er teleportation trial 2272 at 136260000019999500.
136,320,000,019,999,500 WARNING main_het_teleport_mw_rb_yb_rb_er Mw-to-Er teleportation trial 2272 failed (completed=True, direct match=False, latency=7.7250183125 seconds).
136,320,000,019,999,500 WARNING main_het_teleport_mw_rb_yb_rb_er Starting Mw-to-Er teleportation trial 2273 at 136320000019999500.
136,380,000,019,999,500 WARNING main_het_teleport_mw_rb_yb_rb_er Mw-to-Er teleportation trial 2273 succeeded (completed=True, direct match=True, latency=3.5066095 seconds).
136,380,000,019,999,500 WARNING main_het_teleport_mw_rb_yb_rb_er Starting Mw-to-Er teleportation trial 2274 at 136380000019999500.
136,440,000,019,999,500 WARNING main_het_teleport_mw_rb_yb_rb_er Mw-to-Er teleportation trial 2274 succeeded (completed=True, direct match=True, latency=4.9106656875 seconds).
136,440,000,019,999,500 WARNING main_het_teleport_mw_rb_yb_rb_er Starting Mw-to-Er teleportation trial 2275 at 136440000019999500.
136,500,000,019,999,500 WARNING main_het_teleport_mw_rb_yb_rb_er Mw-to-Er teleportation trial 2275 succeeded (completed=True, direct match=True, latency=4.927826375 seconds).
136,500,000,019,999,500 WARNING main_het_teleport_mw_rb_yb_rb_er Starting Mw-to-Er teleportation trial 2276 at 136500000019999500.
136,560,000,019,999,500 WARNING main_het_teleport_mw_rb_yb_rb_er Mw-to-Er teleportation trial 2276 succeeded (completed=True, direct match=True, latency=2.8334425625 seconds).
136,560,000,019,999,500 WARNING main_het_teleport_mw_rb_yb_rb_er Starting Mw-to-Er teleportation trial 2277 at 136560000019999500.
136,620,000,019,999,500 WARNING main_het_teleport_mw_rb_yb_rb_er Mw-to-Er teleportation trial 2277 succeeded (completed=True, direct match=True, latency=4.8950650625 seconds).
136,620,000,019,999,500 WARNING main_het_teleport_mw_rb_yb_rb_er Starting Mw-to-Er teleportation trial 2278 at 136620000019999500.
136,680,000,019,999,500 WARNING main_het_teleport_mw_rb_yb_rb_er Mw-to-Er teleportation trial 2278 succeeded (completed=True, direct match=True, latency=5.6103536875 seconds).
136,680,000,019,999,500 WARNING main_het_teleport_mw_rb_yb_rb_er Starting Mw-to-Er teleportation trial 2279 at 136680000019999500.
136,740,000,019,999,500 WARNING main_het_teleport_mw_rb_yb_rb_er Mw-to-Er teleportation trial 2279 succeeded (completed=True, direct match=True, latency=3.565891875 seconds).
136,740,000,019,999,500 WARNING main_het_teleport_mw_rb_yb_rb_er Starting Mw-to-Er teleportation trial 2280 at 136740000019999500.
136,800,000,019,999,500 WARNING main_het_teleport_mw_rb_yb_rb_er Mw-to-Er teleportation trial 2280 succeeded (completed=True, direct match=True, latency=3.51909 seconds).
136,800,000,019,999,500 WARNING main_het_teleport_mw_rb_yb_rb_er Starting Mw-to-Er teleportation trial 2281 at 136800000019999500.
136,860,000,019,999,500 WARNING main_het_teleport_mw_rb_yb_rb_er Mw-to-Er teleportation trial 2281 succeeded (completed=True, direct match=True, latency=1.420026 seconds).
136,860,000,019,999,500 WARNING main_het_teleport_mw_rb_yb_rb_er Starting Mw-to-Er teleportation trial 2282 at 136860000019999500.
136,920,000,019,999,500 WARNING main_het_teleport_mw_rb_yb_rb_er Mw-to-Er teleportation trial 2282 failed (completed=True, direct match=False, latency=9.113473875 seconds).
136,920,000,019,999,500 WARNING main_het_teleport_mw_rb_yb_rb_er Starting Mw-to-Er teleportation trial 2283 at 136920000019999500.
136,980,000,019,999,500 WARNING main_het_teleport_mw_rb_yb_rb_er Mw-to-Er teleportation trial 2283 succeeded (completed=True, direct match=True, latency=2.816281875 seconds).
136,980,000,019,999,500 WARNING main_het_teleport_mw_rb_yb_rb_er Starting Mw-to-Er teleportation trial 2284 at 136980000019999500.
137,040,000,019,999,500 WARNING main_het_teleport_mw_rb_yb_rb_er Mw-to-Er teleportation trial 2284 succeeded (completed=True, direct match=True, latency=7.0128498125 seconds).
137,040,000,019,999,500 WARNING main_het_teleport_mw_rb_yb_rb_er Starting Mw-to-Er teleportation trial 2285 at 137040000019999500.
137,100,000,019,999,500 WARNING main_het_teleport_mw_rb_yb_rb_er Mw-to-Er teleportation trial 2285 succeeded (completed=True, direct match=True, latency=9.169636125 seconds).
137,100,000,019,999,500 WARNING main_het_teleport_mw_rb_yb_rb_er Starting Mw-to-Er teleportation trial 2286 at 137100000019999500.
137,160,000,019,999,500 WARNING main_het_teleport_mw_rb_yb_rb_er Mw-to-Er teleportation trial 2286 succeeded (completed=True, direct match=True, latency=2.810041625 seconds).
137,160,000,019,999,500 WARNING main_het_teleport_mw_rb_yb_rb_er Starting Mw-to-Er teleportation trial 2287 at 137160000019999500.
137,220,000,019,999,500 WARNING main_het_teleport_mw_rb_yb_rb_er Mw-to-Er teleportation trial 2287 succeeded (completed=True, direct match=True, latency=2.0397126125 seconds).
137,220,000,019,999,500 WARNING main_het_teleport_mw_rb_yb_rb_er Starting Mw-to-Er teleportation trial 2288 at 137220000019999500.
137,280,000,019,999,500 WARNING main_het_teleport_mw_rb_yb_rb_er Mw-to-Er teleportation trial 2288 succeeded (completed=True, direct match=True, latency=4.9106656875 seconds).
137,280,000,019,999,500 WARNING main_het_teleport_mw_rb_yb_rb_er Starting Mw-to-Er teleportation trial 2289 at 137280000019999500.
137,340,000,019,999,500 WARNING main_het_teleport_mw_rb_yb_rb_er Mw-to-Er teleportation trial 2289 succeeded (completed=True, direct match=True, latency=4.89974525 seconds).
137,340,000,019,999,500 WARNING main_het_teleport_mw_rb_yb_rb_er Starting Mw-to-Er teleportation trial 2290 at 137340000019999500.
137,400,000,019,999,500 WARNING main_het_teleport_mw_rb_yb_rb_er Mw-to-Er teleportation trial 2290 failed (completed=True, direct match=False, latency=4.9356266875 seconds).
137,400,000,019,999,500 WARNING main_het_teleport_mw_rb_yb_rb_er Starting Mw-to-Er teleportation trial 2291 at 137400000019999500.
137,460,000,019,999,500 WARNING main_het_teleport_mw_rb_yb_rb_er Mw-to-Er teleportation trial 2291 succeeded (completed=True, direct match=True, latency=3.545621675 seconds).
137,460,000,019,999,500 WARNING main_het_teleport_mw_rb_yb_rb_er Starting Mw-to-Er teleportation trial 2292 at 137460000019999500.
137,520,000,019,999,500 WARNING main_het_teleport_mw_rb_yb_rb_er Mw-to-Er teleportation trial 2292 succeeded (completed=True, direct match=True, latency=3.6360946875 seconds).
137,520,000,019,999,500 WARNING main_het_teleport_mw_rb_yb_rb_er Starting Mw-to-Er teleportation trial 2293 at 137520000019999500.
137,580,000,019,999,500 WARNING main_het_teleport_mw_rb_yb_rb_er Mw-to-Er teleportation trial 2293 failed (completed=True, direct match=False, latency=2.9548695 seconds).
137,580,000,019,999,500 WARNING main_het_teleport_mw_rb_yb_rb_er Starting Mw-to-Er teleportation trial 2294 at 137580000019999500.
137,640,000,019,999,500 WARNING main_het_teleport_mw_rb_yb_rb_er Mw-to-Er teleportation trial 2294 succeeded (completed=True, direct match=True, latency=2.83812275 seconds).
137,640,000,019,999,500 WARNING main_het_teleport_mw_rb_yb_rb_er Starting Mw-to-Er teleportation trial 2295 at 137640000019999500.
137,700,000,019,999,500 WARNING main_het_teleport_mw_rb_yb_rb_er Mw-to-Er teleportation trial 2295 succeeded (completed=True, direct match=True, latency=11.905985625 seconds).
137,700,000,019,999,500 WARNING main_het_teleport_mw_rb_yb_rb_er Starting Mw-to-Er teleportation trial 2296 at 137700000019999500.
137,760,000,019,999,500 WARNING main_het_teleport_mw_rb_yb_rb_er Mw-to-Er teleportation trial 2296 succeeded (completed=True, direct match=True, latency=5.5978731875 seconds).
137,760,000,019,999,500 WARNING main_het_teleport_mw_rb_yb_rb_er Starting Mw-to-Er teleportation trial 2297 at 137760000019999500.
137,820,000,019,999,500 WARNING main_het_teleport_mw_rb_yb_rb_er Mw-to-Er teleportation trial 2297 succeeded (completed=True, direct match=True, latency=11.190697 seconds).
137,820,000,019,999,500 WARNING main_het_teleport_mw_rb_yb_rb_er Starting Mw-to-Er teleportation trial 2298 at 137820000019999500.
137,880,000,019,999,500 WARNING main_het_teleport_mw_rb_yb_rb_er Mw-to-Er teleportation trial 2298 succeeded (completed=True, direct match=True, latency=1.41378575 seconds).
137,880,000,019,999,500 WARNING main_het_teleport_mw_rb_yb_rb_er Starting Mw-to-Er teleportation trial 2299 at 137880000019999500.
137,940,000,019,999,500 WARNING main_het_teleport_mw_rb_yb_rb_er Mw-to-Er teleportation trial 2299 succeeded (completed=True, direct match=True, latency=4.1672959375 seconds).
137,940,000,019,999,500 WARNING main_het_teleport_mw_rb_yb_rb_er Starting Mw-to-Er teleportation trial 2300 at 137940000019999500.
138,000,000,019,999,500 WARNING main_het_teleport_mw_rb_yb_rb_er Mw-to-Er teleportation trial 2300 succeeded (completed=True, direct match=True, latency=8.420026125 seconds).
138,000,000,019,999,500 WARNING main_het_teleport_mw_rb_yb_rb_er Starting Mw-to-Er teleportation trial 2301 at 138000000019999500.
138,060,000,019,999,500 WARNING main_het_teleport_mw_rb_yb_rb_er Mw-to-Er teleportation trial 2301 succeeded (completed=True, direct match=True, latency=4.209417625 seconds).
138,060,000,019,999,500 WARNING main_het_teleport_mw_rb_yb_rb_er Starting Mw-to-Er teleportation trial 2302 at 138060000019999500.
138,120,000,019,999,500 WARNING main_het_teleport_mw_rb_yb_rb_er Mw-to-Er teleportation trial 2302 succeeded (completed=True, direct match=True, latency=9.107233625 seconds).
138,120,000,019,999,500 WARNING main_het_teleport_mw_rb_yb_rb_er Starting Mw-to-Er teleportation trial 2303 at 138120000019999500.
138,180,000,019,999,500 WARNING main_het_teleport_mw_rb_yb_rb_er Mw-to-Er teleportation trial 2303 succeeded (completed=True, direct match=True, latency=2.8185236125 seconds).
138,180,000,019,999,500 WARNING main_het_teleport_mw_rb_yb_rb_er Starting Mw-to-Er teleportation trial 2304 at 138180000019999500.
138,240,000,019,999,500 WARNING main_het_teleport_mw_rb_yb_rb_er Mw-to-Er teleportation trial 2304 succeeded (completed=True, direct match=True, latency=13.267920125 seconds).
138,240,000,019,999,500 WARNING main_het_teleport_mw_rb_yb_rb_er Starting Mw-to-Er teleportation trial 2305 at 138240000019999500.
138,300,000,019,999,500 WARNING main_het_teleport_mw_rb_yb_rb_er Mw-to-Er teleportation trial 2305 succeeded (completed=True, direct match=True, latency=9.113473875 seconds).
138,300,000,019,999,500 WARNING main_het_teleport_mw_rb_yb_rb_er Starting Mw-to-Er teleportation trial 2306 at 138300000019999500.
138,360,000,019,999,500 WARNING main_het_teleport_mw_rb_yb_rb_er Mw-to-Er teleportation trial 2306 succeeded (completed=True, direct match=True, latency=3.5565315 seconds).
138,360,000,019,999,500 WARNING main_het_teleport_mw_rb_yb_rb_er Starting Mw-to-Er teleportation trial 2307 at 138360000019999500.
138,420,000,019,999,500 WARNING main_het_teleport_mw_rb_yb_rb_er Mw-to-Er teleportation trial 2307 succeeded (completed=True, direct match=True, latency=1.47294535 seconds).
138,420,000,019,999,500 WARNING main_het_teleport_mw_rb_yb_rb_er Starting Mw-to-Er teleportation trial 2308 at 138420000019999500.
138,480,000,019,999,500 WARNING main_het_teleport_mw_rb_yb_rb_er Mw-to-Er teleportation trial 2308 succeeded (completed=True, direct match=True, latency=11.23437875 seconds).
138,480,000,019,999,500 WARNING main_het_teleport_mw_rb_yb_rb_er Starting Mw-to-Er teleportation trial 2309 at 138480000019999500.
138,540,000,019,999,500 WARNING main_het_teleport_mw_rb_yb_rb_er Mw-to-Er teleportation trial 2309 succeeded (completed=True, direct match=True, latency=2.803801375 seconds).
138,540,000,019,999,500 WARNING main_het_teleport_mw_rb_yb_rb_er Starting Mw-to-Er teleportation trial 2310 at 138540000019999500.
138,600,000,019,999,500 WARNING main_het_teleport_mw_rb_yb_rb_er Mw-to-Er teleportation trial 2310 succeeded (completed=True, direct match=True, latency=4.9106656875 seconds).
138,600,000,019,999,500 WARNING main_het_teleport_mw_rb_yb_rb_er Starting Mw-to-Er teleportation trial 2311 at 138600000019999500.
138,660,000,019,999,500 WARNING main_het_teleport_mw_rb_yb_rb_er Mw-to-Er teleportation trial 2311 succeeded (completed=True, direct match=True, latency=2.822522125 seconds).
138,660,000,019,999,500 WARNING main_het_teleport_mw_rb_yb_rb_er Starting Mw-to-Er teleportation trial 2312 at 138660000019999500.
138,720,000,019,999,500 WARNING main_het_teleport_mw_rb_yb_rb_er Mw-to-Er teleportation trial 2312 succeeded (completed=True, direct match=True, latency=2.1243941875 seconds).
138,720,000,019,999,500 WARNING main_het_teleport_mw_rb_yb_rb_er Starting Mw-to-Er teleportation trial 2313 at 138720000019999500.
138,780,000,019,999,500 WARNING main_het_teleport_mw_rb_yb_rb_er Mw-to-Er teleportation trial 2313 succeeded (completed=True, direct match=True, latency=1.4621476875 seconds).
138,780,000,019,999,500 WARNING main_het_teleport_mw_rb_yb_rb_er Starting Mw-to-Er teleportation trial 2314 at 138780000019999500.
138,840,000,019,999,500 WARNING main_het_teleport_mw_rb_yb_rb_er Mw-to-Er teleportation trial 2314 failed (completed=True, direct match=False, latency=9.08539275 seconds).
138,840,000,019,999,500 WARNING main_het_teleport_mw_rb_yb_rb_er Starting Mw-to-Er teleportation trial 2315 at 138840000019999500.
138,900,000,019,999,500 WARNING main_het_teleport_mw_rb_yb_rb_er Mw-to-Er teleportation trial 2315 succeeded (completed=True, direct match=True, latency=2.80068125 seconds).
138,900,000,019,999,500 WARNING main_het_teleport_mw_rb_yb_rb_er Starting Mw-to-Er teleportation trial 2316 at 138900000019999500.
138,960,000,019,999,500 WARNING main_het_teleport_mw_rb_yb_rb_er Mw-to-Er teleportation trial 2316 succeeded (completed=True, direct match=True, latency=4.9418669375 seconds).
138,960,000,019,999,500 WARNING main_het_teleport_mw_rb_yb_rb_er Starting Mw-to-Er teleportation trial 2317 at 138960000019999500.
139,020,000,019,999,500 WARNING main_het_teleport_mw_rb_yb_rb_er Mw-to-Er teleportation trial 2317 succeeded (completed=True, direct match=True, latency=12.6072336875 seconds).
139,020,000,019,999,500 WARNING main_het_teleport_mw_rb_yb_rb_er Starting Mw-to-Er teleportation trial 2318 at 139020000019999500.
139,080,000,019,999,500 WARNING main_het_teleport_mw_rb_yb_rb_er Mw-to-Er teleportation trial 2318 failed (completed=True, direct match=False, latency=2.8568435 seconds).
139,080,000,019,999,500 WARNING main_het_teleport_mw_rb_yb_rb_er Starting Mw-to-Er teleportation trial 2319 at 139080000019999500.
139,140,000,019,999,500 WARNING main_het_teleport_mw_rb_yb_rb_er Mw-to-Er teleportation trial 2319 failed (completed=True, direct match=False, latency=4.9106656875 seconds).
139,140,000,019,999,500 WARNING main_het_teleport_mw_rb_yb_rb_er Starting Mw-to-Er teleportation trial 2320 at 139140000019999500.
139,200,000,019,999,500 WARNING main_het_teleport_mw_rb_yb_rb_er Mw-to-Er teleportation trial 2320 failed (completed=True, direct match=False, latency=1.43874675 seconds).
139,200,000,019,999,500 WARNING main_het_teleport_mw_rb_yb_rb_er Starting Mw-to-Er teleportation trial 2321 at 139200000019999500.
139,260,000,019,999,500 WARNING main_het_teleport_mw_rb_yb_rb_er Mw-to-Er teleportation trial 2321 failed (completed=True, direct match=False, latency=2.9654473375 seconds).
139,260,000,019,999,500 WARNING main_het_teleport_mw_rb_yb_rb_er Starting Mw-to-Er teleportation trial 2322 at 139260000019999500.
139,320,000,019,999,500 WARNING main_het_teleport_mw_rb_yb_rb_er Mw-to-Er teleportation trial 2322 succeeded (completed=True, direct match=True, latency=16.7585598125 seconds).
139,320,000,019,999,500 WARNING main_het_teleport_mw_rb_yb_rb_er Starting Mw-to-Er teleportation trial 2323 at 139320000019999500.
139,380,000,019,999,500 WARNING main_het_teleport_mw_rb_yb_rb_er Mw-to-Er teleportation trial 2323 succeeded (completed=True, direct match=True, latency=4.9169059375 seconds).
139,380,000,019,999,500 WARNING main_het_teleport_mw_rb_yb_rb_er Starting Mw-to-Er teleportation trial 2324 at 139380000019999500.
139,440,000,019,999,500 WARNING main_het_teleport_mw_rb_yb_rb_er Mw-to-Er teleportation trial 2324 succeeded (completed=True, direct match=True, latency=8.4028654375 seconds).
139,440,000,019,999,500 WARNING main_het_teleport_mw_rb_yb_rb_er Starting Mw-to-Er teleportation trial 2325 at 139440000019999500.
139,500,000,019,999,500 WARNING main_het_teleport_mw_rb_yb_rb_er Mw-to-Er teleportation trial 2325 succeeded (completed=True, direct match=True, latency=11.2281385 seconds).
139,500,000,019,999,500 WARNING main_het_teleport_mw_rb_yb_rb_er Starting Mw-to-Er teleportation trial 2326 at 139500000019999500.
139,560,000,019,999,500 WARNING main_het_teleport_mw_rb_yb_rb_er Mw-to-Er teleportation trial 2326 succeeded (completed=True, direct match=True, latency=1.42626625 seconds).
139,560,000,019,999,500 WARNING main_het_teleport_mw_rb_yb_rb_er Starting Mw-to-Er teleportation trial 2327 at 139560000019999500.
139,620,000,019,999,500 WARNING main_het_teleport_mw_rb_yb_rb_er Mw-to-Er teleportation trial 2327 succeeded (completed=True, direct match=True, latency=9.1275144375 seconds).
139,620,000,019,999,500 WARNING main_het_teleport_mw_rb_yb_rb_er Starting Mw-to-Er teleportation trial 2328 at 139620000019999500.
139,680,000,019,999,500 WARNING main_het_teleport_mw_rb_yb_rb_er Mw-to-Er teleportation trial 2328 succeeded (completed=True, direct match=True, latency=6.98632875 seconds).
139,680,000,019,999,500 WARNING main_het_teleport_mw_rb_yb_rb_er Starting Mw-to-Er teleportation trial 2329 at 139680000019999500.
139,740,000,019,999,500 WARNING main_het_teleport_mw_rb_yb_rb_er Mw-to-Er teleportation trial 2329 succeeded (completed=True, direct match=True, latency=1.4028653125 seconds).
139,740,000,019,999,500 WARNING main_het_teleport_mw_rb_yb_rb_er Starting Mw-to-Er teleportation trial 2330 at 139740000019999500.
139,800,000,019,999,500 WARNING main_het_teleport_mw_rb_yb_rb_er Mw-to-Er teleportation trial 2330 succeeded (completed=True, direct match=True, latency=0.7593395625 seconds).
139,800,000,019,999,500 WARNING main_het_teleport_mw_rb_yb_rb_er Starting Mw-to-Er teleportation trial 2331 at 139800000019999500.
139,860,000,019,999,500 WARNING main_het_teleport_mw_rb_yb_rb_er Mw-to-Er teleportation trial 2331 failed (completed=True, direct match=False, latency=3.5362506875 seconds).
139,860,000,019,999,500 WARNING main_het_teleport_mw_rb_yb_rb_er Starting Mw-to-Er teleportation trial 2332 at 139860000019999500.
139,920,000,019,999,500 WARNING main_het_teleport_mw_rb_yb_rb_er Mw-to-Er teleportation trial 2332 succeeded (completed=True, direct match=True, latency=2.9786054375 seconds).
139,920,000,019,999,500 WARNING main_het_teleport_mw_rb_yb_rb_er Starting Mw-to-Er teleportation trial 2333 at 139920000019999500.
139,980,000,019,999,500 WARNING main_het_teleport_mw_rb_yb_rb_er Mw-to-Er teleportation trial 2333 succeeded (completed=True, direct match=True, latency=4.909105625 seconds).
139,980,000,019,999,500 WARNING main_het_teleport_mw_rb_yb_rb_er Starting Mw-to-Er teleportation trial 2334 at 139980000019999500.
140,040,000,019,999,500 WARNING main_het_teleport_mw_rb_yb_rb_er Mw-to-Er teleportation trial 2334 succeeded (completed=True, direct match=True, latency=3.4520073125 seconds).
140,040,000,019,999,500 WARNING main_het_teleport_mw_rb_yb_rb_er Starting Mw-to-Er teleportation trial 2335 at 140040000019999500.
140,100,000,019,999,500 WARNING main_het_teleport_mw_rb_yb_rb_er Mw-to-Er teleportation trial 2335 succeeded (completed=True, direct match=True, latency=5.6041134375 seconds).
140,100,000,019,999,500 WARNING main_het_teleport_mw_rb_yb_rb_er Starting Mw-to-Er teleportation trial 2336 at 140100000019999500.
140,160,000,019,999,500 WARNING main_het_teleport_mw_rb_yb_rb_er Mw-to-Er teleportation trial 2336 succeeded (completed=True, direct match=True, latency=4.9169059375 seconds).
140,160,000,019,999,500 WARNING main_het_teleport_mw_rb_yb_rb_er Starting Mw-to-Er teleportation trial 2337 at 140160000019999500.
140,220,000,019,999,500 WARNING main_het_teleport_mw_rb_yb_rb_er Mw-to-Er teleportation trial 2337 succeeded (completed=True, direct match=True, latency=5.6285140625 seconds).
140,220,000,019,999,500 WARNING main_het_teleport_mw_rb_yb_rb_er Starting Mw-to-Er teleportation trial 2338 at 140220000019999500.
140,280,000,019,999,500 WARNING main_het_teleport_mw_rb_yb_rb_er Mw-to-Er teleportation trial 2338 succeeded (completed=True, direct match=True, latency=5.5947530625 seconds).
140,280,000,019,999,500 WARNING main_het_teleport_mw_rb_yb_rb_er Starting Mw-to-Er teleportation trial 2339 at 140280000019999500.
140,340,000,019,999,500 WARNING main_het_teleport_mw_rb_yb_rb_er Mw-to-Er teleportation trial 2339 succeeded (completed=True, direct match=True, latency=6.36152375 seconds).
140,340,000,019,999,500 WARNING main_het_teleport_mw_rb_yb_rb_er Starting Mw-to-Er teleportation trial 2340 at 140340000019999500.
140,400,000,019,999,500 WARNING main_het_teleport_mw_rb_yb_rb_er Mw-to-Er teleportation trial 2340 succeeded (completed=True, direct match=True, latency=6.289760875 seconds).
140,400,000,019,999,500 WARNING main_het_teleport_mw_rb_yb_rb_er Starting Mw-to-Er teleportation trial 2341 at 140400000019999500.
140,460,000,019,999,500 WARNING main_het_teleport_mw_rb_yb_rb_er Mw-to-Er teleportation trial 2341 succeeded (completed=True, direct match=True, latency=4.2203380625 seconds).
140,460,000,019,999,500 WARNING main_het_teleport_mw_rb_yb_rb_er Starting Mw-to-Er teleportation trial 2342 at 140460000019999500.
140,520,000,019,999,500 WARNING main_het_teleport_mw_rb_yb_rb_er Mw-to-Er teleportation trial 2342 succeeded (completed=True, direct match=True, latency=3.5019293125 seconds).
140,520,000,019,999,500 WARNING main_het_teleport_mw_rb_yb_rb_er Starting Mw-to-Er teleportation trial 2343 at 140520000019999500.
140,580,000,019,999,500 WARNING main_het_teleport_mw_rb_yb_rb_er Mw-to-Er teleportation trial 2343 succeeded (completed=True, direct match=True, latency=2.969791175 seconds).
140,580,000,019,999,500 WARNING main_het_teleport_mw_rb_yb_rb_er Starting Mw-to-Er teleportation trial 2344 at 140580000019999500.
140,640,000,019,999,500 WARNING main_het_teleport_mw_rb_yb_rb_er Mw-to-Er teleportation trial 2344 succeeded (completed=True, direct match=True, latency=2.8069215 seconds).
140,640,000,019,999,500 WARNING main_het_teleport_mw_rb_yb_rb_er Starting Mw-to-Er teleportation trial 2345 at 140640000019999500.
140,700,000,019,999,500 WARNING main_het_teleport_mw_rb_yb_rb_er Mw-to-Er teleportation trial 2345 succeeded (completed=True, direct match=True, latency=0.7477354 seconds).
140,700,000,019,999,500 WARNING main_het_teleport_mw_rb_yb_rb_er Starting Mw-to-Er teleportation trial 2346 at 140700000019999500.
140,760,000,019,999,500 WARNING main_het_teleport_mw_rb_yb_rb_er Mw-to-Er teleportation trial 2346 succeeded (completed=True, direct match=True, latency=6.2788404375 seconds).
140,760,000,019,999,500 WARNING main_het_teleport_mw_rb_yb_rb_er Starting Mw-to-Er teleportation trial 2347 at 140760000019999500.
140,820,000,019,999,500 WARNING main_het_teleport_mw_rb_yb_rb_er Mw-to-Er teleportation trial 2347 succeeded (completed=True, direct match=True, latency=9.1087936875 seconds).
140,820,000,019,999,500 WARNING main_het_teleport_mw_rb_yb_rb_er Starting Mw-to-Er teleportation trial 2348 at 140820000019999500.
140,880,000,019,999,500 WARNING main_het_teleport_mw_rb_yb_rb_er Mw-to-Er teleportation trial 2348 succeeded (completed=True, direct match=True, latency=6.3006813125 seconds).
140,880,000,019,999,500 WARNING main_het_teleport_mw_rb_yb_rb_er Starting Mw-to-Er teleportation trial 2349 at 140880000019999500.
140,940,000,019,999,500 WARNING main_het_teleport_mw_rb_yb_rb_er Mw-to-Er teleportation trial 2349 succeeded (completed=True, direct match=True, latency=2.1243941875 seconds).
140,940,000,019,999,500 WARNING main_het_teleport_mw_rb_yb_rb_er Starting Mw-to-Er teleportation trial 2350 at 140940000019999500.
141,000,000,019,999,500 WARNING main_het_teleport_mw_rb_yb_rb_er Mw-to-Er teleportation trial 2350 succeeded (completed=True, direct match=True, latency=4.91222575 seconds).
141,000,000,019,999,500 WARNING main_het_teleport_mw_rb_yb_rb_er Starting Mw-to-Er teleportation trial 2351 at 141000000019999500.
141,060,000,019,999,500 WARNING main_het_teleport_mw_rb_yb_rb_er Mw-to-Er teleportation trial 2351 succeeded (completed=True, direct match=True, latency=4.918466 seconds).
141,060,000,019,999,500 WARNING main_het_teleport_mw_rb_yb_rb_er Starting Mw-to-Er teleportation trial 2352 at 141060000019999500.
141,120,000,019,999,500 WARNING main_het_teleport_mw_rb_yb_rb_er Mw-to-Er teleportation trial 2352 succeeded (completed=True, direct match=True, latency=3.5019293125 seconds).
141,120,000,019,999,500 WARNING main_het_teleport_mw_rb_yb_rb_er Starting Mw-to-Er teleportation trial 2353 at 141120000019999500.
141,180,000,019,999,500 WARNING main_het_teleport_mw_rb_yb_rb_er Mw-to-Er teleportation trial 2353 succeeded (completed=True, direct match=True, latency=7.676656375 seconds).
141,180,000,019,999,500 WARNING main_het_teleport_mw_rb_yb_rb_er Starting Mw-to-Er teleportation trial 2354 at 141180000019999500.
141,240,000,019,999,500 WARNING main_het_teleport_mw_rb_yb_rb_er Mw-to-Er teleportation trial 2354 succeeded (completed=True, direct match=True, latency=5.590072875 seconds).
141,240,000,019,999,500 WARNING main_het_teleport_mw_rb_yb_rb_er Starting Mw-to-Er teleportation trial 2355 at 141240000019999500.
141,300,000,019,999,500 WARNING main_het_teleport_mw_rb_yb_rb_er Mw-to-Er teleportation trial 2355 succeeded (completed=True, direct match=True, latency=4.9106656875 seconds).
141,300,000,019,999,500 WARNING main_het_teleport_mw_rb_yb_rb_er Starting Mw-to-Er teleportation trial 2356 at 141300000019999500.
141,360,000,019,999,500 WARNING main_het_teleport_mw_rb_yb_rb_er Mw-to-Er teleportation trial 2356 succeeded (completed=True, direct match=True, latency=1.4184659375 seconds).
141,360,000,019,999,500 WARNING main_het_teleport_mw_rb_yb_rb_er Starting Mw-to-Er teleportation trial 2357 at 141360000019999500.
141,420,000,019,999,500 WARNING main_het_teleport_mw_rb_yb_rb_er Mw-to-Er teleportation trial 2357 succeeded (completed=True, direct match=True, latency=1.4075455 seconds).
141,420,000,019,999,500 WARNING main_het_teleport_mw_rb_yb_rb_er Starting Mw-to-Er teleportation trial 2358 at 141420000019999500.
141,480,000,019,999,500 WARNING main_het_teleport_mw_rb_yb_rb_er Mw-to-Er teleportation trial 2358 succeeded (completed=True, direct match=True, latency=3.51909 seconds).
141,480,000,019,999,500 WARNING main_het_teleport_mw_rb_yb_rb_er Starting Mw-to-Er teleportation trial 2359 at 141480000019999500.
141,540,000,019,999,500 WARNING main_het_teleport_mw_rb_yb_rb_er Mw-to-Er teleportation trial 2359 succeeded (completed=True, direct match=True, latency=7.070572125 seconds).
141,540,000,019,999,500 WARNING main_het_teleport_mw_rb_yb_rb_er Starting Mw-to-Er teleportation trial 2360 at 141540000019999500.
141,600,000,019,999,500 WARNING main_het_teleport_mw_rb_yb_rb_er Mw-to-Er teleportation trial 2360 succeeded (completed=True, direct match=True, latency=10.487888875 seconds).
141,600,000,019,999,500 WARNING main_het_teleport_mw_rb_yb_rb_er Starting Mw-to-Er teleportation trial 2361 at 141600000019999500.
141,660,000,019,999,500 WARNING main_het_teleport_mw_rb_yb_rb_er Mw-to-Er teleportation trial 2361 succeeded (completed=True, direct match=True, latency=2.844363 seconds).
141,660,000,019,999,500 WARNING main_het_teleport_mw_rb_yb_rb_er Starting Mw-to-Er teleportation trial 2362 at 141660000019999500.
141,720,000,019,999,500 WARNING main_het_teleport_mw_rb_yb_rb_er Mw-to-Er teleportation trial 2362 succeeded (completed=True, direct match=True, latency=2.10099325 seconds).
141,720,000,019,999,500 WARNING main_het_teleport_mw_rb_yb_rb_er Starting Mw-to-Er teleportation trial 2363 at 141720000019999500.
141,780,000,019,999,500 WARNING main_het_teleport_mw_rb_yb_rb_er Mw-to-Er teleportation trial 2363 succeeded (completed=True, direct match=True, latency=2.8240821875 seconds).
141,780,000,019,999,500 WARNING main_het_teleport_mw_rb_yb_rb_er Starting Mw-to-Er teleportation trial 2364 at 141780000019999500.
141,840,000,019,999,500 WARNING main_het_teleport_mw_rb_yb_rb_er Mw-to-Er teleportation trial 2364 succeeded (completed=True, direct match=True, latency=6.9504473125 seconds).
141,840,000,019,999,500 WARNING main_het_teleport_mw_rb_yb_rb_er Starting Mw-to-Er teleportation trial 2365 at 141840000019999500.
141,900,000,019,999,500 WARNING main_het_teleport_mw_rb_yb_rb_er Mw-to-Er teleportation trial 2365 succeeded (completed=True, direct match=True, latency=5.596313125 seconds).
141,900,000,019,999,500 WARNING main_het_teleport_mw_rb_yb_rb_er Starting Mw-to-Er teleportation trial 2366 at 141900000019999500.
141,960,000,019,999,500 WARNING main_het_teleport_mw_rb_yb_rb_er Mw-to-Er teleportation trial 2366 succeeded (completed=True, direct match=True, latency=11.2203381875 seconds).
141,960,000,019,999,500 WARNING main_het_teleport_mw_rb_yb_rb_er Starting Mw-to-Er teleportation trial 2367 at 141960000019999500.
142,020,000,019,999,500 WARNING main_het_teleport_mw_rb_yb_rb_er Mw-to-Er teleportation trial 2367 succeeded (completed=True, direct match=True, latency=2.8053614375 seconds).
142,020,000,019,999,500 WARNING main_het_teleport_mw_rb_yb_rb_er Starting Mw-to-Er teleportation trial 2368 at 142020000019999500.
142,080,000,019,999,500 WARNING main_het_teleport_mw_rb_yb_rb_er Mw-to-Er teleportation trial 2368 failed (completed=True, direct match=False, latency=4.8701040625 seconds).
142,080,000,019,999,500 WARNING main_het_teleport_mw_rb_yb_rb_er Starting Mw-to-Er teleportation trial 2369 at 142080000019999500.
142,140,000,019,999,500 WARNING main_het_teleport_mw_rb_yb_rb_er Mw-to-Er teleportation trial 2369 succeeded (completed=True, direct match=True, latency=7.6298545 seconds).
142,140,000,019,999,500 WARNING main_het_teleport_mw_rb_yb_rb_er Starting Mw-to-Er teleportation trial 2370 at 142140000019999500.
142,200,000,019,999,500 WARNING main_het_teleport_mw_rb_yb_rb_er Mw-to-Er teleportation trial 2370 succeeded (completed=True, direct match=True, latency=2.1150338125 seconds).
142,200,000,019,999,500 WARNING main_het_teleport_mw_rb_yb_rb_er Starting Mw-to-Er teleportation trial 2371 at 142200000019999500.
142,260,000,019,999,500 WARNING main_het_teleport_mw_rb_yb_rb_er Mw-to-Er teleportation trial 2371 succeeded (completed=True, direct match=True, latency=2.7960010625 seconds).
142,260,000,019,999,500 WARNING main_het_teleport_mw_rb_yb_rb_er Starting Mw-to-Er teleportation trial 2372 at 142260000019999500.
142,320,000,019,999,500 WARNING main_het_teleport_mw_rb_yb_rb_er Mw-to-Er teleportation trial 2372 succeeded (completed=True, direct match=True, latency=4.927826375 seconds).
142,320,000,019,999,500 WARNING main_het_teleport_mw_rb_yb_rb_er Starting Mw-to-Er teleportation trial 2373 at 142320000019999500.
142,380,000,019,999,500 WARNING main_het_teleport_mw_rb_yb_rb_er Mw-to-Er teleportation trial 2373 succeeded (completed=True, direct match=True, latency=2.119714 seconds).
142,380,000,019,999,500 WARNING main_het_teleport_mw_rb_yb_rb_er Starting Mw-to-Er teleportation trial 2374 at 142380000019999500.
142,440,000,019,999,500 WARNING main_het_teleport_mw_rb_yb_rb_er Mw-to-Er teleportation trial 2374 succeeded (completed=True, direct match=True, latency=13.314722 seconds).
142,440,000,019,999,500 WARNING main_het_teleport_mw_rb_yb_rb_er Starting Mw-to-Er teleportation trial 2375 at 142440000019999500.
142,500,000,019,999,500 WARNING main_het_teleport_mw_rb_yb_rb_er Mw-to-Er teleportation trial 2375 succeeded (completed=True, direct match=True, latency=6.342803 seconds).
142,500,000,019,999,500 WARNING main_het_teleport_mw_rb_yb_rb_er Starting Mw-to-Er teleportation trial 2376 at 142500000019999500.
142,560,000,019,999,500 WARNING main_het_teleport_mw_rb_yb_rb_er Mw-to-Er teleportation trial 2376 succeeded (completed=True, direct match=True, latency=3.472288125 seconds).
142,560,000,019,999,500 WARNING main_het_teleport_mw_rb_yb_rb_er Starting Mw-to-Er teleportation trial 2377 at 142560000019999500.
142,620,000,019,999,500 WARNING main_het_teleport_mw_rb_yb_rb_er Mw-to-Er teleportation trial 2377 succeeded (completed=True, direct match=True, latency=4.21253775 seconds).
142,620,000,019,999,500 WARNING main_het_teleport_mw_rb_yb_rb_er Starting Mw-to-Er teleportation trial 2378 at 142620000019999500.
142,680,000,019,999,500 WARNING main_het_teleport_mw_rb_yb_rb_er Mw-to-Er teleportation trial 2378 succeeded (completed=True, direct match=True, latency=5.6509153125 seconds).
142,680,000,019,999,500 WARNING main_het_teleport_mw_rb_yb_rb_er Starting Mw-to-Er teleportation trial 2379 at 142680000019999500.
142,740,000,019,999,500 WARNING main_het_teleport_mw_rb_yb_rb_er Mw-to-Er teleportation trial 2379 succeeded (completed=True, direct match=True, latency=3.466047875 seconds).
142,740,000,019,999,500 WARNING main_het_teleport_mw_rb_yb_rb_er Starting Mw-to-Er teleportation trial 2380 at 142740000019999500.
142,800,000,019,999,500 WARNING main_het_teleport_mw_rb_yb_rb_er Mw-to-Er teleportation trial 2380 succeeded (completed=True, direct match=True, latency=4.9200260625 seconds).
142,800,000,019,999,500 WARNING main_het_teleport_mw_rb_yb_rb_er Starting Mw-to-Er teleportation trial 2381 at 142800000019999500.
142,860,000,019,999,500 WARNING main_het_teleport_mw_rb_yb_rb_er Mw-to-Er teleportation trial 2381 succeeded (completed=True, direct match=True, latency=2.1181539375 seconds).
142,860,000,019,999,500 WARNING main_het_teleport_mw_rb_yb_rb_er Starting Mw-to-Er teleportation trial 2382 at 142860000019999500.
142,920,000,019,999,500 WARNING main_het_teleport_mw_rb_yb_rb_er Mw-to-Er teleportation trial 2382 succeeded (completed=True, direct match=True, latency=5.552631375 seconds).
142,920,000,019,999,500 WARNING main_het_teleport_mw_rb_yb_rb_er Starting Mw-to-Er teleportation trial 2383 at 142920000019999500.
142,980,000,019,999,500 WARNING main_het_teleport_mw_rb_yb_rb_er Mw-to-Er teleportation trial 2383 succeeded (completed=True, direct match=True, latency=3.1300109375 seconds).
142,980,000,019,999,500 WARNING main_het_teleport_mw_rb_yb_rb_er Starting Mw-to-Er teleportation trial 2384 at 142980000019999500.
143,040,000,019,999,500 WARNING main_het_teleport_mw_rb_yb_rb_er Mw-to-Er teleportation trial 2384 succeeded (completed=True, direct match=True, latency=3.522210125 seconds).
143,040,000,019,999,500 WARNING main_het_teleport_mw_rb_yb_rb_er Starting Mw-to-Er teleportation trial 2385 at 143040000019999500.
143,100,000,019,999,500 WARNING main_het_teleport_mw_rb_yb_rb_er Mw-to-Er teleportation trial 2385 succeeded (completed=True, direct match=True, latency=4.9481071875 seconds).
143,100,000,019,999,500 WARNING main_het_teleport_mw_rb_yb_rb_er Starting Mw-to-Er teleportation trial 2386 at 143100000019999500.
143,160,000,019,999,500 WARNING main_het_teleport_mw_rb_yb_rb_er Mw-to-Er teleportation trial 2386 succeeded (completed=True, direct match=True, latency=4.2203380625 seconds).
143,160,000,019,999,500 WARNING main_het_teleport_mw_rb_yb_rb_er Starting Mw-to-Er teleportation trial 2387 at 143160000019999500.
143,220,000,019,999,500 WARNING main_het_teleport_mw_rb_yb_rb_er Mw-to-Er teleportation trial 2387 succeeded (completed=True, direct match=True, latency=2.778840375 seconds).
143,220,000,019,999,500 WARNING main_het_teleport_mw_rb_yb_rb_er Starting Mw-to-Er teleportation trial 2388 at 143220000019999500.
143,280,000,019,999,500 WARNING main_het_teleport_mw_rb_yb_rb_er Mw-to-Er teleportation trial 2388 succeeded (completed=True, direct match=True, latency=5.602553375 seconds).
143,280,000,019,999,500 WARNING main_het_teleport_mw_rb_yb_rb_er Starting Mw-to-Er teleportation trial 2389 at 143280000019999500.
143,340,000,019,999,500 WARNING main_het_teleport_mw_rb_yb_rb_er Mw-to-Er teleportation trial 2389 succeeded (completed=True, direct match=True, latency=8.4247063125 seconds).
143,340,000,019,999,500 WARNING main_het_teleport_mw_rb_yb_rb_er Starting Mw-to-Er teleportation trial 2390 at 143340000019999500.
143,400,000,019,999,500 WARNING main_het_teleport_mw_rb_yb_rb_er Mw-to-Er teleportation trial 2390 succeeded (completed=True, direct match=True, latency=3.6490116875 seconds).
143,400,000,019,999,500 WARNING main_het_teleport_mw_rb_yb_rb_er Starting Mw-to-Er teleportation trial 2391 at 143400000019999500.
143,460,000,019,999,500 WARNING main_het_teleport_mw_rb_yb_rb_er Mw-to-Er teleportation trial 2391 succeeded (completed=True, direct match=True, latency=11.037810875 seconds).
143,460,000,019,999,500 WARNING main_het_teleport_mw_rb_yb_rb_er Starting Mw-to-Er teleportation trial 2392 at 143460000019999500.
143,520,000,019,999,500 WARNING main_het_teleport_mw_rb_yb_rb_er Mw-to-Er teleportation trial 2392 failed (completed=True, direct match=False, latency=4.1735361875 seconds).
143,520,000,019,999,500 WARNING main_het_teleport_mw_rb_yb_rb_er Starting Mw-to-Er teleportation trial 2393 at 143520000019999500.
143,580,000,019,999,500 WARNING main_het_teleport_mw_rb_yb_rb_er Mw-to-Er teleportation trial 2393 succeeded (completed=True, direct match=True, latency=4.2265783125 seconds).
143,580,000,019,999,500 WARNING main_het_teleport_mw_rb_yb_rb_er Starting Mw-to-Er teleportation trial 2394 at 143580000019999500.
143,640,000,019,999,500 WARNING main_het_teleport_mw_rb_yb_rb_er Mw-to-Er teleportation trial 2394 failed (completed=True, direct match=False, latency=6.296001125 seconds).
143,640,000,019,999,500 WARNING main_het_teleport_mw_rb_yb_rb_er Starting Mw-to-Er teleportation trial 2395 at 143640000019999500.
143,700,000,019,999,500 WARNING main_het_teleport_mw_rb_yb_rb_er Mw-to-Er teleportation trial 2395 succeeded (completed=True, direct match=True, latency=1.441866875 seconds).
143,700,000,019,999,500 WARNING main_het_teleport_mw_rb_yb_rb_er Starting Mw-to-Er teleportation trial 2396 at 143700000019999500.
143,760,000,019,999,500 WARNING main_het_teleport_mw_rb_yb_rb_er Mw-to-Er teleportation trial 2396 succeeded (completed=True, direct match=True, latency=7.6719761875 seconds).
143,760,000,019,999,500 WARNING main_het_teleport_mw_rb_yb_rb_er Starting Mw-to-Er teleportation trial 2397 at 143760000019999500.
143,820,000,019,999,500 WARNING main_het_teleport_mw_rb_yb_rb_er Mw-to-Er teleportation trial 2397 succeeded (completed=True, direct match=True, latency=4.8950650625 seconds).
143,820,000,019,999,500 WARNING main_het_teleport_mw_rb_yb_rb_er Starting Mw-to-Er teleportation trial 2398 at 143820000019999500.
143,880,000,019,999,500 WARNING main_het_teleport_mw_rb_yb_rb_er Mw-to-Er teleportation trial 2398 succeeded (completed=True, direct match=True, latency=9.1150339375 seconds).
143,880,000,019,999,500 WARNING main_het_teleport_mw_rb_yb_rb_er Starting Mw-to-Er teleportation trial 2399 at 143880000019999500.
143,940,000,019,999,500 WARNING main_het_teleport_mw_rb_yb_rb_er Mw-to-Er teleportation trial 2399 failed (completed=True, direct match=False, latency=0.7328185 seconds).
143,940,000,019,999,500 WARNING main_het_teleport_mw_rb_yb_rb_er Starting Mw-to-Er teleportation trial 2400 at 143940000019999500.
144,000,000,019,999,500 WARNING main_het_teleport_mw_rb_yb_rb_er Mw-to-Er teleportation trial 2400 failed (completed=True, direct match=False, latency=4.902865375 seconds).
144,000,000,019,999,500 WARNING main_het_teleport_mw_rb_yb_rb_er Starting Mw-to-Er teleportation trial 2401 at 144000000019999500.
144,060,000,019,999,500 WARNING main_het_teleport_mw_rb_yb_rb_er Mw-to-Er teleportation trial 2401 succeeded (completed=True, direct match=True, latency=1.48866875 seconds).
144,060,000,019,999,500 WARNING main_het_teleport_mw_rb_yb_rb_er Starting Mw-to-Er teleportation trial 2402 at 144060000019999500.
144,120,000,019,999,500 WARNING main_het_teleport_mw_rb_yb_rb_er Mw-to-Er teleportation trial 2402 succeeded (completed=True, direct match=True, latency=12.5775925 seconds).
144,120,000,019,999,500 WARNING main_het_teleport_mw_rb_yb_rb_er Starting Mw-to-Er teleportation trial 2403 at 144120000019999500.
144,180,000,019,999,500 WARNING main_het_teleport_mw_rb_yb_rb_er Mw-to-Er teleportation trial 2403 succeeded (completed=True, direct match=True, latency=5.5916329375 seconds).
144,180,000,019,999,500 WARNING main_het_teleport_mw_rb_yb_rb_er Starting Mw-to-Er teleportation trial 2404 at 144180000019999500.
144,240,000,019,999,500 WARNING main_het_teleport_mw_rb_yb_rb_er Mw-to-Er teleportation trial 2404 succeeded (completed=True, direct match=True, latency=7.0253303125 seconds).
144,240,000,019,999,500 WARNING main_het_teleport_mw_rb_yb_rb_er Starting Mw-to-Er teleportation trial 2405 at 144240000019999500.
144,300,000,019,999,500 WARNING main_het_teleport_mw_rb_yb_rb_er Mw-to-Er teleportation trial 2405 succeeded (completed=True, direct match=True, latency=9.8272024375 seconds).
144,300,000,019,999,500 WARNING main_het_teleport_mw_rb_yb_rb_er Starting Mw-to-Er teleportation trial 2406 at 144300000019999500.
144,360,000,019,999,500 WARNING main_het_teleport_mw_rb_yb_rb_er Mw-to-Er teleportation trial 2406 failed (completed=True, direct match=False, latency=8.3794645 seconds).
144,360,000,019,999,500 WARNING main_het_teleport_mw_rb_yb_rb_er Starting Mw-to-Er teleportation trial 2407 at 144360000019999500.
144,420,000,019,999,500 WARNING main_het_teleport_mw_rb_yb_rb_er Mw-to-Er teleportation trial 2407 succeeded (completed=True, direct match=True, latency=4.2203380625 seconds).
144,420,000,019,999,500 WARNING main_het_teleport_mw_rb_yb_rb_er Starting Mw-to-Er teleportation trial 2408 at 144420000019999500.
144,480,000,019,999,500 WARNING main_het_teleport_mw_rb_yb_rb_er Mw-to-Er teleportation trial 2408 failed (completed=True, direct match=False, latency=8.3545035 seconds).
144,480,000,019,999,500 WARNING main_het_teleport_mw_rb_yb_rb_er Starting Mw-to-Er teleportation trial 2409 at 144480000019999500.
144,540,000,019,999,500 WARNING main_het_teleport_mw_rb_yb_rb_er Mw-to-Er teleportation trial 2409 succeeded (completed=True, direct match=True, latency=2.119714 seconds).
144,540,000,019,999,500 WARNING main_het_teleport_mw_rb_yb_rb_er Starting Mw-to-Er teleportation trial 2410 at 144540000019999500.
144,600,000,019,999,500 WARNING main_het_teleport_mw_rb_yb_rb_er Mw-to-Er teleportation trial 2410 succeeded (completed=True, direct match=True, latency=5.615033875 seconds).
144,600,000,019,999,500 WARNING main_het_teleport_mw_rb_yb_rb_er Starting Mw-to-Er teleportation trial 2411 at 144600000019999500.
144,660,000,019,999,500 WARNING main_het_teleport_mw_rb_yb_rb_er Mw-to-Er teleportation trial 2411 succeeded (completed=True, direct match=True, latency=3.51909 seconds).
144,660,000,019,999,500 WARNING main_het_teleport_mw_rb_yb_rb_er Starting Mw-to-Er teleportation trial 2412 at 144660000019999500.
144,720,000,019,999,500 WARNING main_het_teleport_mw_rb_yb_rb_er Mw-to-Er teleportation trial 2412 succeeded (completed=True, direct match=True, latency=11.2031775 seconds).
144,720,000,019,999,500 WARNING main_het_teleport_mw_rb_yb_rb_er Starting Mw-to-Er teleportation trial 2413 at 144720000019999500.
144,780,000,019,999,500 WARNING main_het_teleport_mw_rb_yb_rb_er Mw-to-Er teleportation trial 2413 succeeded (completed=True, direct match=True, latency=4.927826375 seconds).
144,780,000,019,999,500 WARNING main_het_teleport_mw_rb_yb_rb_er Starting Mw-to-Er teleportation trial 2414 at 144780000019999500.
144,840,000,019,999,500 WARNING main_het_teleport_mw_rb_yb_rb_er Mw-to-Er teleportation trial 2414 succeeded (completed=True, direct match=True, latency=10.5144099375 seconds).
144,840,000,019,999,500 WARNING main_het_teleport_mw_rb_yb_rb_er Starting Mw-to-Er teleportation trial 2415 at 144840000019999500.
144,900,000,019,999,500 WARNING main_het_teleport_mw_rb_yb_rb_er Mw-to-Er teleportation trial 2415 succeeded (completed=True, direct match=True, latency=2.82564225 seconds).
144,900,000,019,999,500 WARNING main_het_teleport_mw_rb_yb_rb_er Starting Mw-to-Er teleportation trial 2416 at 144900000019999500.
144,960,000,019,999,500 WARNING main_het_teleport_mw_rb_yb_rb_er Mw-to-Er teleportation trial 2416 succeeded (completed=True, direct match=True, latency=5.558871625 seconds).
144,960,000,019,999,500 WARNING main_het_teleport_mw_rb_yb_rb_er Starting Mw-to-Er teleportation trial 2417 at 144960000019999500.
145,020,000,019,999,500 WARNING main_het_teleport_mw_rb_yb_rb_er Mw-to-Er teleportation trial 2417 succeeded (completed=True, direct match=True, latency=4.8919449375 seconds).
145,020,000,019,999,500 WARNING main_het_teleport_mw_rb_yb_rb_er Starting Mw-to-Er teleportation trial 2418 at 145020000019999500.
145,080,000,019,999,500 WARNING main_het_teleport_mw_rb_yb_rb_er Mw-to-Er teleportation trial 2418 succeeded (completed=True, direct match=True, latency=5.48710875 seconds).
145,080,000,019,999,500 WARNING main_het_teleport_mw_rb_yb_rb_er Starting Mw-to-Er teleportation trial 2419 at 145080000019999500.
145,140,000,019,999,500 WARNING main_het_teleport_mw_rb_yb_rb_er Mw-to-Er teleportation trial 2419 succeeded (completed=True, direct match=True, latency=4.9106656875 seconds).
145,140,000,019,999,500 WARNING main_het_teleport_mw_rb_yb_rb_er Starting Mw-to-Er teleportation trial 2420 at 145140000019999500.
145,200,000,019,999,500 WARNING main_het_teleport_mw_rb_yb_rb_er Mw-to-Er teleportation trial 2420 succeeded (completed=True, direct match=True, latency=3.5362506875 seconds).
145,200,000,019,999,500 WARNING main_het_teleport_mw_rb_yb_rb_er Starting Mw-to-Er teleportation trial 2421 at 145200000019999500.
145,260,000,019,999,500 WARNING main_het_teleport_mw_rb_yb_rb_er Mw-to-Er teleportation trial 2421 succeeded (completed=True, direct match=True, latency=5.5978731875 seconds).
145,260,000,019,999,500 WARNING main_het_teleport_mw_rb_yb_rb_er Starting Mw-to-Er teleportation trial 2422 at 145260000019999500.
145,320,000,019,999,500 WARNING main_het_teleport_mw_rb_yb_rb_er Mw-to-Er teleportation trial 2422 succeeded (completed=True, direct match=True, latency=6.333442625 seconds).
145,320,000,019,999,500 WARNING main_het_teleport_mw_rb_yb_rb_er Starting Mw-to-Er teleportation trial 2423 at 145320000019999500.
145,380,000,019,999,500 WARNING main_het_teleport_mw_rb_yb_rb_er Mw-to-Er teleportation trial 2423 failed (completed=True, direct match=False, latency=7.01128975 seconds).
145,380,000,019,999,500 WARNING main_het_teleport_mw_rb_yb_rb_er Starting Mw-to-Er teleportation trial 2424 at 145380000019999500.
145,440,000,019,999,500 WARNING main_het_teleport_mw_rb_yb_rb_er Mw-to-Er teleportation trial 2424 succeeded (completed=True, direct match=True, latency=4.1704160625 seconds).
145,440,000,019,999,500 WARNING main_het_teleport_mw_rb_yb_rb_er Starting Mw-to-Er teleportation trial 2425 at 145440000019999500.
145,500,000,019,999,500 WARNING main_het_teleport_mw_rb_yb_rb_er Mw-to-Er teleportation trial 2425 succeeded (completed=True, direct match=True, latency=2.1212740625 seconds).
145,500,000,019,999,500 WARNING main_het_teleport_mw_rb_yb_rb_er Starting Mw-to-Er teleportation trial 2426 at 145500000019999500.
145,560,000,019,999,500 WARNING main_het_teleport_mw_rb_yb_rb_er Mw-to-Er teleportation trial 2426 succeeded (completed=True, direct match=True, latency=9.0619918125 seconds).
145,560,000,019,999,500 WARNING main_het_teleport_mw_rb_yb_rb_er Starting Mw-to-Er teleportation trial 2427 at 145560000019999500.
145,620,000,019,999,500 WARNING main_het_teleport_mw_rb_yb_rb_er Mw-to-Er teleportation trial 2427 succeeded (completed=True, direct match=True, latency=2.135314625 seconds).
145,620,000,019,999,500 WARNING main_het_teleport_mw_rb_yb_rb_er Starting Mw-to-Er teleportation trial 2428 at 145620000019999500.
145,680,000,019,999,500 WARNING main_het_teleport_mw_rb_yb_rb_er Mw-to-Er teleportation trial 2428 failed (completed=True, direct match=False, latency=16.1212743125 seconds).
145,680,000,019,999,500 WARNING main_het_teleport_mw_rb_yb_rb_er Starting Mw-to-Er teleportation trial 2429 at 145680000019999500.
145,740,000,019,999,500 WARNING main_het_teleport_mw_rb_yb_rb_er Mw-to-Er teleportation trial 2429 failed (completed=True, direct match=False, latency=5.590072875 seconds).
145,740,000,019,999,500 WARNING main_het_teleport_mw_rb_yb_rb_er Starting Mw-to-Er teleportation trial 2430 at 145740000019999500.
145,800,000,019,999,500 WARNING main_het_teleport_mw_rb_yb_rb_er Mw-to-Er teleportation trial 2430 succeeded (completed=True, direct match=True, latency=6.317842 seconds).
145,800,000,019,999,500 WARNING main_het_teleport_mw_rb_yb_rb_er Starting Mw-to-Er teleportation trial 2431 at 145800000019999500.
145,860,000,019,999,500 WARNING main_het_teleport_mw_rb_yb_rb_er Mw-to-Er teleportation trial 2431 succeeded (completed=True, direct match=True, latency=2.116593875 seconds).
145,860,000,019,999,500 WARNING main_het_teleport_mw_rb_yb_rb_er Starting Mw-to-Er teleportation trial 2432 at 145860000019999500.
145,920,000,019,999,500 WARNING main_het_teleport_mw_rb_yb_rb_er Mw-to-Er teleportation trial 2432 succeeded (completed=True, direct match=True, latency=4.2140978125 seconds).
145,920,000,019,999,500 WARNING main_het_teleport_mw_rb_yb_rb_er Starting Mw-to-Er teleportation trial 2433 at 145920000019999500.
145,980,000,019,999,500 WARNING main_het_teleport_mw_rb_yb_rb_er Mw-to-Er teleportation trial 2433 succeeded (completed=True, direct match=True, latency=4.2109776875 seconds).
145,980,000,019,999,500 WARNING main_het_teleport_mw_rb_yb_rb_er Starting Mw-to-Er teleportation trial 2434 at 145980000019999500.
146,040,000,019,999,500 WARNING main_het_teleport_mw_rb_yb_rb_er Mw-to-Er teleportation trial 2434 succeeded (completed=True, direct match=True, latency=3.3615236875 seconds).
146,040,000,019,999,500 WARNING main_het_teleport_mw_rb_yb_rb_er Starting Mw-to-Er teleportation trial 2435 at 146040000019999500.
146,100,000,019,999,500 WARNING main_het_teleport_mw_rb_yb_rb_er Mw-to-Er teleportation trial 2435 succeeded (completed=True, direct match=True, latency=4.921586125 seconds).
146,100,000,019,999,500 WARNING main_het_teleport_mw_rb_yb_rb_er Starting Mw-to-Er teleportation trial 2436 at 146100000019999500.
146,160,000,019,999,500 WARNING main_het_teleport_mw_rb_yb_rb_er Mw-to-Er teleportation trial 2436 succeeded (completed=True, direct match=True, latency=6.989448875 seconds).
146,160,000,019,999,500 WARNING main_het_teleport_mw_rb_yb_rb_er Starting Mw-to-Er teleportation trial 2437 at 146160000019999500.
146,220,000,019,999,500 WARNING main_het_teleport_mw_rb_yb_rb_er Mw-to-Er teleportation trial 2437 succeeded (completed=True, direct match=True, latency=11.9044255625 seconds).
146,220,000,019,999,500 WARNING main_het_teleport_mw_rb_yb_rb_er Starting Mw-to-Er teleportation trial 2438 at 146220000019999500.
146,280,000,019,999,500 WARNING main_het_teleport_mw_rb_yb_rb_er Mw-to-Er teleportation trial 2438 succeeded (completed=True, direct match=True, latency=0.13921475 seconds).
146,280,000,019,999,500 WARNING main_het_teleport_mw_rb_yb_rb_er Starting Mw-to-Er teleportation trial 2439 at 146280000019999500.
146,340,000,019,999,500 WARNING main_het_teleport_mw_rb_yb_rb_er Mw-to-Er teleportation trial 2439 succeeded (completed=True, direct match=True, latency=19.6290746875 seconds).
146,340,000,019,999,500 WARNING main_het_teleport_mw_rb_yb_rb_er Starting Mw-to-Er teleportation trial 2440 at 146340000019999500.
146,400,000,019,999,500 WARNING main_het_teleport_mw_rb_yb_rb_er Mw-to-Er teleportation trial 2440 succeeded (completed=True, direct match=True, latency=3.515969875 seconds).
146,400,000,019,999,500 WARNING main_het_teleport_mw_rb_yb_rb_er Starting Mw-to-Er teleportation trial 2441 at 146400000019999500.
146,460,000,019,999,500 WARNING main_het_teleport_mw_rb_yb_rb_er Mw-to-Er teleportation trial 2441 succeeded (completed=True, direct match=True, latency=3.4551274375 seconds).
146,460,000,019,999,500 WARNING main_het_teleport_mw_rb_yb_rb_er Starting Mw-to-Er teleportation trial 2442 at 146460000019999500.
146,520,000,019,999,500 WARNING main_het_teleport_mw_rb_yb_rb_er Mw-to-Er teleportation trial 2442 succeeded (completed=True, direct match=True, latency=0.81478835 seconds).
146,520,000,019,999,500 WARNING main_het_teleport_mw_rb_yb_rb_er Starting Mw-to-Er teleportation trial 2443 at 146520000019999500.
146,580,000,019,999,500 WARNING main_het_teleport_mw_rb_yb_rb_er Mw-to-Er teleportation trial 2443 succeeded (completed=True, direct match=True, latency=1.3028863875 seconds).
146,580,000,019,999,500 WARNING main_het_teleport_mw_rb_yb_rb_er Starting Mw-to-Er teleportation trial 2444 at 146580000019999500.
146,640,000,019,999,500 WARNING main_het_teleport_mw_rb_yb_rb_er Mw-to-Er teleportation trial 2444 succeeded (completed=True, direct match=True, latency=16.072912375 seconds).
146,640,000,019,999,500 WARNING main_het_teleport_mw_rb_yb_rb_er Starting Mw-to-Er teleportation trial 2445 at 146640000019999500.
146,700,000,019,999,500 WARNING main_het_teleport_mw_rb_yb_rb_er Mw-to-Er teleportation trial 2445 failed (completed=True, direct match=False, latency=3.4863286875 seconds).
146,700,000,019,999,500 WARNING main_het_teleport_mw_rb_yb_rb_er Starting Mw-to-Er teleportation trial 2446 at 146700000019999500.
146,760,000,019,999,500 WARNING main_het_teleport_mw_rb_yb_rb_er Mw-to-Er teleportation trial 2446 succeeded (completed=True, direct match=True, latency=5.6228341875 seconds).
146,760,000,019,999,500 WARNING main_het_teleport_mw_rb_yb_rb_er Starting Mw-to-Er teleportation trial 2447 at 146760000019999500.
146,820,000,019,999,500 WARNING main_het_teleport_mw_rb_yb_rb_er Mw-to-Er teleportation trial 2447 succeeded (completed=True, direct match=True, latency=5.6228341875 seconds).
146,820,000,019,999,500 WARNING main_het_teleport_mw_rb_yb_rb_er Starting Mw-to-Er teleportation trial 2448 at 146820000019999500.
146,880,000,019,999,500 WARNING main_het_teleport_mw_rb_yb_rb_er Mw-to-Er teleportation trial 2448 succeeded (completed=True, direct match=True, latency=11.237498875 seconds).
146,880,000,019,999,500 WARNING main_het_teleport_mw_rb_yb_rb_er Starting Mw-to-Er teleportation trial 2449 at 146880000019999500.
146,940,000,019,999,500 WARNING main_het_teleport_mw_rb_yb_rb_er Mw-to-Er teleportation trial 2449 failed (completed=True, direct match=False, latency=2.8147218125 seconds).
146,940,000,019,999,500 WARNING main_het_teleport_mw_rb_yb_rb_er Starting Mw-to-Er teleportation trial 2450 at 146940000019999500.
147,000,000,019,999,500 WARNING main_het_teleport_mw_rb_yb_rb_er Mw-to-Er teleportation trial 2450 succeeded (completed=True, direct match=True, latency=4.93718675 seconds).
147,000,000,019,999,500 WARNING main_het_teleport_mw_rb_yb_rb_er Starting Mw-to-Er teleportation trial 2451 at 147000000019999500.
147,060,000,019,999,500 WARNING main_het_teleport_mw_rb_yb_rb_er Mw-to-Er teleportation trial 2451 succeeded (completed=True, direct match=True, latency=7.73593875 seconds).
147,060,000,019,999,500 WARNING main_het_teleport_mw_rb_yb_rb_er Starting Mw-to-Er teleportation trial 2452 at 147060000019999500.
147,120,000,019,999,500 WARNING main_het_teleport_mw_rb_yb_rb_er Mw-to-Er teleportation trial 2452 failed (completed=True, direct match=False, latency=4.9262663125 seconds).
147,120,000,019,999,500 WARNING main_het_teleport_mw_rb_yb_rb_er Starting Mw-to-Er teleportation trial 2453 at 147120000019999500.
147,180,000,019,999,500 WARNING main_het_teleport_mw_rb_yb_rb_er Mw-to-Er teleportation trial 2453 succeeded (completed=True, direct match=True, latency=2.8069215 seconds).
147,180,000,019,999,500 WARNING main_het_teleport_mw_rb_yb_rb_er Starting Mw-to-Er teleportation trial 2454 at 147180000019999500.
147,240,000,019,999,500 WARNING main_het_teleport_mw_rb_yb_rb_er Mw-to-Er teleportation trial 2454 succeeded (completed=True, direct match=True, latency=7.6563755625 seconds).
147,240,000,019,999,500 WARNING main_het_teleport_mw_rb_yb_rb_er Starting Mw-to-Er teleportation trial 2455 at 147240000019999500.
147,300,000,019,999,500 WARNING main_het_teleport_mw_rb_yb_rb_er Mw-to-Er teleportation trial 2455 failed (completed=True, direct match=False, latency=6.3131618125 seconds).
147,300,000,019,999,500 WARNING main_het_teleport_mw_rb_yb_rb_er Starting Mw-to-Er teleportation trial 2456 at 147300000019999500.
147,360,000,019,999,500 WARNING main_het_teleport_mw_rb_yb_rb_er Mw-to-Er teleportation trial 2456 succeeded (completed=True, direct match=True, latency=2.1150338125 seconds).
147,360,000,019,999,500 WARNING main_het_teleport_mw_rb_yb_rb_er Starting Mw-to-Er teleportation trial 2457 at 147360000019999500.
147,420,000,019,999,500 WARNING main_het_teleport_mw_rb_yb_rb_er Mw-to-Er teleportation trial 2457 succeeded (completed=True, direct match=True, latency=2.8209620625 seconds).
147,420,000,019,999,500 WARNING main_het_teleport_mw_rb_yb_rb_er Starting Mw-to-Er teleportation trial 2458 at 147420000019999500.
147,480,000,019,999,500 WARNING main_het_teleport_mw_rb_yb_rb_er Mw-to-Er teleportation trial 2458 succeeded (completed=True, direct match=True, latency=3.5019293125 seconds).
147,480,000,019,999,500 WARNING main_het_teleport_mw_rb_yb_rb_er Starting Mw-to-Er teleportation trial 2459 at 147480000019999500.
147,540,000,019,999,500 WARNING main_het_teleport_mw_rb_yb_rb_er Mw-to-Er teleportation trial 2459 failed (completed=True, direct match=False, latency=4.902865375 seconds).
147,540,000,019,999,500 WARNING main_het_teleport_mw_rb_yb_rb_er Starting Mw-to-Er teleportation trial 2460 at 147540000019999500.
147,600,000,019,999,500 WARNING main_het_teleport_mw_rb_yb_rb_er Mw-to-Er teleportation trial 2460 succeeded (completed=True, direct match=True, latency=12.5822726875 seconds).
147,600,000,019,999,500 WARNING main_het_teleport_mw_rb_yb_rb_er Starting Mw-to-Er teleportation trial 2461 at 147600000019999500.
147,660,000,019,999,500 WARNING main_het_teleport_mw_rb_yb_rb_er Mw-to-Er teleportation trial 2461 succeeded (completed=True, direct match=True, latency=1.485548625 seconds).
147,660,000,019,999,500 WARNING main_het_teleport_mw_rb_yb_rb_er Starting Mw-to-Er teleportation trial 2462 at 147660000019999500.
147,720,000,019,999,500 WARNING main_het_teleport_mw_rb_yb_rb_er Mw-to-Er teleportation trial 2462 succeeded (completed=True, direct match=True, latency=2.1306344375 seconds).
147,720,000,019,999,500 WARNING main_het_teleport_mw_rb_yb_rb_er Starting Mw-to-Er teleportation trial 2463 at 147720000019999500.
147,780,000,019,999,500 WARNING main_het_teleport_mw_rb_yb_rb_er Mw-to-Er teleportation trial 2463 succeeded (completed=True, direct match=True, latency=2.844363 seconds).
147,780,000,019,999,500 WARNING main_het_teleport_mw_rb_yb_rb_er Starting Mw-to-Er teleportation trial 2464 at 147780000019999500.
147,840,000,019,999,500 WARNING main_het_teleport_mw_rb_yb_rb_er Mw-to-Er teleportation trial 2464 succeeded (completed=True, direct match=True, latency=7.0471711875 seconds).
147,840,000,019,999,500 WARNING main_het_teleport_mw_rb_yb_rb_er Starting Mw-to-Er teleportation trial 2465 at 147840000019999500.
147,900,000,019,999,500 WARNING main_het_teleport_mw_rb_yb_rb_er Mw-to-Er teleportation trial 2465 succeeded (completed=True, direct match=True, latency=3.6948204 seconds).
147,900,000,019,999,500 WARNING main_het_teleport_mw_rb_yb_rb_er Starting Mw-to-Er teleportation trial 2466 at 147900000019999500.
147,960,000,019,999,500 WARNING main_het_teleport_mw_rb_yb_rb_er Mw-to-Er teleportation trial 2466 failed (completed=True, direct match=False, latency=6.327202375 seconds).
147,960,000,019,999,500 WARNING main_het_teleport_mw_rb_yb_rb_er Starting Mw-to-Er teleportation trial 2467 at 147960000019999500.
148,020,000,019,999,500 WARNING main_het_teleport_mw_rb_yb_rb_er Mw-to-Er teleportation trial 2467 succeeded (completed=True, direct match=True, latency=4.93718675 seconds).
148,020,000,019,999,500 WARNING main_het_teleport_mw_rb_yb_rb_er Starting Mw-to-Er teleportation trial 2468 at 148020000019999500.
148,080,000,019,999,500 WARNING main_het_teleport_mw_rb_yb_rb_er Mw-to-Er teleportation trial 2468 succeeded (completed=True, direct match=True, latency=4.2312585 seconds).
148,080,000,019,999,500 WARNING main_het_teleport_mw_rb_yb_rb_er Starting Mw-to-Er teleportation trial 2469 at 148080000019999500.
148,140,000,019,999,500 WARNING main_het_teleport_mw_rb_yb_rb_er Mw-to-Er teleportation trial 2469 succeeded (completed=True, direct match=True, latency=6.2913209375 seconds).
148,140,000,019,999,500 WARNING main_het_teleport_mw_rb_yb_rb_er Starting Mw-to-Er teleportation trial 2470 at 148140000019999500.
148,200,000,019,999,500 WARNING main_het_teleport_mw_rb_yb_rb_er Mw-to-Er teleportation trial 2470 succeeded (completed=True, direct match=True, latency=2.7928809375 seconds).
148,200,000,019,999,500 WARNING main_het_teleport_mw_rb_yb_rb_er Starting Mw-to-Er teleportation trial 2471 at 148200000019999500.
148,260,000,019,999,500 WARNING main_het_teleport_mw_rb_yb_rb_er Mw-to-Er teleportation trial 2471 succeeded (completed=True, direct match=True, latency=3.466047875 seconds).
148,260,000,019,999,500 WARNING main_het_teleport_mw_rb_yb_rb_er Starting Mw-to-Er teleportation trial 2472 at 148260000019999500.
148,320,000,019,999,500 WARNING main_het_teleport_mw_rb_yb_rb_er Mw-to-Er teleportation trial 2472 failed (completed=True, direct match=False, latency=12.5198701875 seconds).
148,320,000,019,999,500 WARNING main_het_teleport_mw_rb_yb_rb_er Starting Mw-to-Er teleportation trial 2473 at 148320000019999500.
148,380,000,019,999,500 WARNING main_het_teleport_mw_rb_yb_rb_er Mw-to-Er teleportation trial 2473 succeeded (completed=True, direct match=True, latency=6.3194020625 seconds).
148,380,000,019,999,500 WARNING main_het_teleport_mw_rb_yb_rb_er Starting Mw-to-Er teleportation trial 2474 at 148380000019999500.
148,440,000,019,999,500 WARNING main_het_teleport_mw_rb_yb_rb_er Mw-to-Er teleportation trial 2474 succeeded (completed=True, direct match=True, latency=4.2515393125 seconds).
148,440,000,019,999,500 WARNING main_het_teleport_mw_rb_yb_rb_er Starting Mw-to-Er teleportation trial 2475 at 148440000019999500.
148,500,000,019,999,500 WARNING main_het_teleport_mw_rb_yb_rb_er Mw-to-Er teleportation trial 2475 succeeded (completed=True, direct match=True, latency=4.1797764375 seconds).
148,500,000,019,999,500 WARNING main_het_teleport_mw_rb_yb_rb_er Starting Mw-to-Er teleportation trial 2476 at 148500000019999500.
148,560,000,019,999,500 WARNING main_het_teleport_mw_rb_yb_rb_er Mw-to-Er teleportation trial 2476 failed (completed=True, direct match=False, latency=5.633754625 seconds).
148,560,000,019,999,500 WARNING main_het_teleport_mw_rb_yb_rb_er Starting Mw-to-Er teleportation trial 2477 at 148560000019999500.
148,620,000,019,999,500 WARNING main_het_teleport_mw_rb_yb_rb_er Mw-to-Er teleportation trial 2477 succeeded (completed=True, direct match=True, latency=2.803801375 seconds).
148,620,000,019,999,500 WARNING main_het_teleport_mw_rb_yb_rb_er Starting Mw-to-Er teleportation trial 2478 at 148620000019999500.
148,680,000,019,999,500 WARNING main_het_teleport_mw_rb_yb_rb_er Mw-to-Er teleportation trial 2478 succeeded (completed=True, direct match=True, latency=4.1828965625 seconds).
148,680,000,019,999,500 WARNING main_het_teleport_mw_rb_yb_rb_er Starting Mw-to-Er teleportation trial 2479 at 148680000019999500.
148,740,000,019,999,500 WARNING main_het_teleport_mw_rb_yb_rb_er Mw-to-Er teleportation trial 2479 succeeded (completed=True, direct match=True, latency=7.732818625 seconds).
148,740,000,019,999,500 WARNING main_het_teleport_mw_rb_yb_rb_er Starting Mw-to-Er teleportation trial 2480 at 148740000019999500.
148,800,000,019,999,500 WARNING main_het_teleport_mw_rb_yb_rb_er Mw-to-Er teleportation trial 2480 failed (completed=True, direct match=False, latency=6.3693240625 seconds).
148,800,000,019,999,500 WARNING main_het_teleport_mw_rb_yb_rb_er Starting Mw-to-Er teleportation trial 2481 at 148800000019999500.
148,860,000,019,999,500 WARNING main_het_teleport_mw_rb_yb_rb_er Mw-to-Er teleportation trial 2481 succeeded (completed=True, direct match=True, latency=2.81316175 seconds).
148,860,000,019,999,500 WARNING main_het_teleport_mw_rb_yb_rb_er Starting Mw-to-Er teleportation trial 2482 at 148860000019999500.
148,920,000,019,999,500 WARNING main_het_teleport_mw_rb_yb_rb_er Mw-to-Er teleportation trial 2482 succeeded (completed=True, direct match=True, latency=7.7187780625 seconds).
148,920,000,019,999,500 WARNING main_het_teleport_mw_rb_yb_rb_er Starting Mw-to-Er teleportation trial 2483 at 148920000019999500.
148,980,000,019,999,500 WARNING main_het_teleport_mw_rb_yb_rb_er Mw-to-Er teleportation trial 2483 succeeded (completed=True, direct match=True, latency=2.122834125 seconds).
148,980,000,019,999,500 WARNING main_het_teleport_mw_rb_yb_rb_er Starting Mw-to-Er teleportation trial 2484 at 148980000019999500.
149,040,000,019,999,500 WARNING main_het_teleport_mw_rb_yb_rb_er Mw-to-Er teleportation trial 2484 failed (completed=True, direct match=False, latency=3.51284975 seconds).
149,040,000,019,999,500 WARNING main_het_teleport_mw_rb_yb_rb_er Starting Mw-to-Er teleportation trial 2485 at 149040000019999500.
149,100,000,019,999,500 WARNING main_het_teleport_mw_rb_yb_rb_er Mw-to-Er teleportation trial 2485 succeeded (completed=True, direct match=True, latency=5.6165939375 seconds).
149,100,000,019,999,500 WARNING main_het_teleport_mw_rb_yb_rb_er Starting Mw-to-Er teleportation trial 2486 at 149100000019999500.
149,160,000,019,999,500 WARNING main_het_teleport_mw_rb_yb_rb_er Mw-to-Er teleportation trial 2486 failed (completed=True, direct match=False, latency=7.714097875 seconds).
149,160,000,019,999,500 WARNING main_het_teleport_mw_rb_yb_rb_er Starting Mw-to-Er teleportation trial 2487 at 149160000019999500.
149,220,000,019,999,500 WARNING main_het_teleport_mw_rb_yb_rb_er Mw-to-Er teleportation trial 2487 succeeded (completed=True, direct match=True, latency=2.22413625 seconds).
149,220,000,019,999,500 WARNING main_het_teleport_mw_rb_yb_rb_er Starting Mw-to-Er teleportation trial 2488 at 149220000019999500.
149,280,000,019,999,500 WARNING main_het_teleport_mw_rb_yb_rb_er Mw-to-Er teleportation trial 2488 failed (completed=True, direct match=False, latency=2.8178419375 seconds).
149,280,000,019,999,500 WARNING main_het_teleport_mw_rb_yb_rb_er Starting Mw-to-Er teleportation trial 2489 at 149280000019999500.
149,340,000,019,999,500 WARNING main_het_teleport_mw_rb_yb_rb_er Mw-to-Er teleportation trial 2489 succeeded (completed=True, direct match=True, latency=4.165735875 seconds).
149,340,000,019,999,500 WARNING main_het_teleport_mw_rb_yb_rb_er Starting Mw-to-Er teleportation trial 2490 at 149340000019999500.
149,400,000,019,999,500 WARNING main_het_teleport_mw_rb_yb_rb_er Mw-to-Er teleportation trial 2490 succeeded (completed=True, direct match=True, latency=5.596313125 seconds).
149,400,000,019,999,500 WARNING main_het_teleport_mw_rb_yb_rb_er Starting Mw-to-Er teleportation trial 2491 at 149400000019999500.
149,460,000,019,999,500 WARNING main_het_teleport_mw_rb_yb_rb_er Mw-to-Er teleportation trial 2491 succeeded (completed=True, direct match=True, latency=2.8521633125 seconds).
149,460,000,019,999,500 WARNING main_het_teleport_mw_rb_yb_rb_er Starting Mw-to-Er teleportation trial 2492 at 149460000019999500.
149,520,000,019,999,500 WARNING main_het_teleport_mw_rb_yb_rb_er Mw-to-Er teleportation trial 2492 succeeded (completed=True, direct match=True, latency=2.1072335 seconds).
149,520,000,019,999,500 WARNING main_het_teleport_mw_rb_yb_rb_er Starting Mw-to-Er teleportation trial 2493 at 149520000019999500.
149,580,000,019,999,500 WARNING main_het_teleport_mw_rb_yb_rb_er Mw-to-Er teleportation trial 2493 succeeded (completed=True, direct match=True, latency=2.8743275125 seconds).
149,580,000,019,999,500 WARNING main_het_teleport_mw_rb_yb_rb_er Starting Mw-to-Er teleportation trial 2494 at 149580000019999500.
149,640,000,019,999,500 WARNING main_het_teleport_mw_rb_yb_rb_er Mw-to-Er teleportation trial 2494 failed (completed=True, direct match=False, latency=10.4738483125 seconds).
149,640,000,019,999,500 WARNING main_het_teleport_mw_rb_yb_rb_er Starting Mw-to-Er teleportation trial 2495 at 149640000019999500.
149,700,000,019,999,500 WARNING main_het_teleport_mw_rb_yb_rb_er Mw-to-Er teleportation trial 2495 succeeded (completed=True, direct match=True, latency=6.992569 seconds).
149,700,000,019,999,500 WARNING main_het_teleport_mw_rb_yb_rb_er Starting Mw-to-Er teleportation trial 2496 at 149700000019999500.
149,760,000,019,999,500 WARNING main_het_teleport_mw_rb_yb_rb_er Mw-to-Er teleportation trial 2496 failed (completed=True, direct match=False, latency=4.9013053125 seconds).
149,760,000,019,999,500 WARNING main_het_teleport_mw_rb_yb_rb_er Starting Mw-to-Er teleportation trial 2497 at 149760000019999500.
149,820,000,019,999,500 WARNING main_het_teleport_mw_rb_yb_rb_er Mw-to-Er teleportation trial 2497 succeeded (completed=True, direct match=True, latency=4.927826375 seconds).
149,820,000,019,999,500 WARNING main_het_teleport_mw_rb_yb_rb_er Starting Mw-to-Er teleportation trial 2498 at 149820000019999500.
149,880,000,019,999,500 WARNING main_het_teleport_mw_rb_yb_rb_er Mw-to-Er teleportation trial 2498 succeeded (completed=True, direct match=True, latency=4.2062975 seconds).
149,880,000,019,999,500 WARNING main_het_teleport_mw_rb_yb_rb_er Starting Mw-to-Er teleportation trial 2499 at 149880000019999500.
149,940,000,019,999,500 WARNING main_het_teleport_mw_rb_yb_rb_er Mw-to-Er teleportation trial 2499 succeeded (completed=True, direct match=True, latency=4.940306875 seconds).
149,940,000,019,999,500 WARNING main_het_teleport_mw_rb_yb_rb_er Starting Mw-to-Er teleportation trial 2500 at 149940000019999500.
150,000,000,019,999,500 WARNING main_het_teleport_mw_rb_yb_rb_er Mw-to-Er teleportation trial 2500 failed (completed=True, direct match=False, latency=4.915345875 seconds).
150,000,000,019,999,500 WARNING main_het_teleport_mw_rb_yb_rb_er Starting Mw-to-Er teleportation trial 2501 at 150000000019999500.
150,060,000,019,999,500 WARNING main_het_teleport_mw_rb_yb_rb_er Mw-to-Er teleportation trial 2501 succeeded (completed=True, direct match=True, latency=2.10099325 seconds).
150,060,000,019,999,500 WARNING main_het_teleport_mw_rb_yb_rb_er Starting Mw-to-Er teleportation trial 2502 at 150060000019999500.
150,120,000,019,999,500 WARNING main_het_teleport_mw_rb_yb_rb_er Mw-to-Er teleportation trial 2502 succeeded (completed=True, direct match=True, latency=4.134534625 seconds).
150,120,000,019,999,500 WARNING main_het_teleport_mw_rb_yb_rb_er Starting Mw-to-Er teleportation trial 2503 at 150120000019999500.
150,180,000,019,999,500 WARNING main_het_teleport_mw_rb_yb_rb_er Mw-to-Er teleportation trial 2503 succeeded (completed=True, direct match=True, latency=11.200057375 seconds).
150,180,000,019,999,500 WARNING main_het_teleport_mw_rb_yb_rb_er Starting Mw-to-Er teleportation trial 2504 at 150180000019999500.
150,240,000,019,999,500 WARNING main_het_teleport_mw_rb_yb_rb_er Mw-to-Er teleportation trial 2504 succeeded (completed=True, direct match=True, latency=2.8022413125 seconds).
150,240,000,019,999,500 WARNING main_het_teleport_mw_rb_yb_rb_er Starting Mw-to-Er teleportation trial 2505 at 150240000019999500.
150,300,000,019,999,500 WARNING main_het_teleport_mw_rb_yb_rb_er Mw-to-Er teleportation trial 2505 succeeded (completed=True, direct match=True, latency=3.5643318125 seconds).
150,300,000,019,999,500 WARNING main_het_teleport_mw_rb_yb_rb_er Starting Mw-to-Er teleportation trial 2506 at 150300000019999500.
150,360,000,019,999,500 WARNING main_het_teleport_mw_rb_yb_rb_er Mw-to-Er teleportation trial 2506 succeeded (completed=True, direct match=True, latency=3.47540825 seconds).
150,360,000,019,999,500 WARNING main_het_teleport_mw_rb_yb_rb_er Starting Mw-to-Er teleportation trial 2507 at 150360000019999500.
150,420,000,019,999,500 WARNING main_het_teleport_mw_rb_yb_rb_er Mw-to-Er teleportation trial 2507 failed (completed=True, direct match=False, latency=9.825642375 seconds).
150,420,000,019,999,500 WARNING main_het_teleport_mw_rb_yb_rb_er Starting Mw-to-Er teleportation trial 2508 at 150420000019999500.
150,480,000,019,999,500 WARNING main_het_teleport_mw_rb_yb_rb_er Mw-to-Er teleportation trial 2508 succeeded (completed=True, direct match=True, latency=10.575252375 seconds).
150,480,000,019,999,500 WARNING main_het_teleport_mw_rb_yb_rb_er Starting Mw-to-Er teleportation trial 2509 at 150480000019999500.
150,540,000,019,999,500 WARNING main_het_teleport_mw_rb_yb_rb_er Mw-to-Er teleportation trial 2509 succeeded (completed=True, direct match=True, latency=3.4988091875 seconds).
150,540,000,019,999,500 WARNING main_het_teleport_mw_rb_yb_rb_er Starting Mw-to-Er teleportation trial 2510 at 150540000019999500.
150,600,000,019,999,500 WARNING main_het_teleport_mw_rb_yb_rb_er Mw-to-Er teleportation trial 2510 succeeded (completed=True, direct match=True, latency=2.1119136875 seconds).
150,600,000,019,999,500 WARNING main_het_teleport_mw_rb_yb_rb_er Starting Mw-to-Er teleportation trial 2511 at 150600000019999500.
150,660,000,019,999,500 WARNING main_het_teleport_mw_rb_yb_rb_er Mw-to-Er teleportation trial 2511 succeeded (completed=True, direct match=True, latency=0.698497125 seconds).
150,660,000,019,999,500 WARNING main_het_teleport_mw_rb_yb_rb_er Starting Mw-to-Er teleportation trial 2512 at 150660000019999500.
150,720,000,019,999,500 WARNING main_het_teleport_mw_rb_yb_rb_er Mw-to-Er teleportation trial 2512 failed (completed=True, direct match=False, latency=3.478528375 seconds).
150,720,000,019,999,500 WARNING main_het_teleport_mw_rb_yb_rb_er Starting Mw-to-Er teleportation trial 2513 at 150720000019999500.
150,780,000,019,999,500 WARNING main_het_teleport_mw_rb_yb_rb_er Mw-to-Er teleportation trial 2513 succeeded (completed=True, direct match=True, latency=3.5175299375 seconds).
150,780,000,019,999,500 WARNING main_het_teleport_mw_rb_yb_rb_er Starting Mw-to-Er teleportation trial 2514 at 150780000019999500.
150,840,000,019,999,500 WARNING main_het_teleport_mw_rb_yb_rb_er Mw-to-Er teleportation trial 2514 succeeded (completed=True, direct match=True, latency=4.9106656875 seconds).
150,840,000,019,999,500 WARNING main_het_teleport_mw_rb_yb_rb_er Starting Mw-to-Er teleportation trial 2515 at 150840000019999500.
150,900,000,019,999,500 WARNING main_het_teleport_mw_rb_yb_rb_er Mw-to-Er teleportation trial 2515 succeeded (completed=True, direct match=True, latency=4.3639735 seconds).
150,900,000,019,999,500 WARNING main_het_teleport_mw_rb_yb_rb_er Starting Mw-to-Er teleportation trial 2516 at 150900000019999500.
150,960,000,019,999,500 WARNING main_het_teleport_mw_rb_yb_rb_er Mw-to-Er teleportation trial 2516 succeeded (completed=True, direct match=True, latency=7.0159699375 seconds).
150,960,000,019,999,500 WARNING main_het_teleport_mw_rb_yb_rb_er Starting Mw-to-Er teleportation trial 2517 at 150960000019999500.
151,020,000,019,999,500 WARNING main_het_teleport_mw_rb_yb_rb_er Mw-to-Er teleportation trial 2517 succeeded (completed=True, direct match=True, latency=2.1275143125 seconds).
151,020,000,019,999,500 WARNING main_het_teleport_mw_rb_yb_rb_er Starting Mw-to-Er teleportation trial 2518 at 151020000019999500.
151,080,000,019,999,500 WARNING main_het_teleport_mw_rb_yb_rb_er Mw-to-Er teleportation trial 2518 succeeded (completed=True, direct match=True, latency=1.4498429 seconds).
151,080,000,019,999,500 WARNING main_het_teleport_mw_rb_yb_rb_er Starting Mw-to-Er teleportation trial 2519 at 151080000019999500.
151,140,000,019,999,500 WARNING main_het_teleport_mw_rb_yb_rb_er Mw-to-Er teleportation trial 2519 failed (completed=True, direct match=False, latency=7.720338125 seconds).
151,140,000,019,999,500 WARNING main_het_teleport_mw_rb_yb_rb_er Starting Mw-to-Er teleportation trial 2520 at 151140000019999500.
151,200,000,019,999,500 WARNING main_het_teleport_mw_rb_yb_rb_er Mw-to-Er teleportation trial 2520 failed (completed=True, direct match=False, latency=3.5487311875 seconds).
151,200,000,019,999,500 WARNING main_het_teleport_mw_rb_yb_rb_er Starting Mw-to-Er teleportation trial 2521 at 151200000019999500.
151,260,000,019,999,500 WARNING main_het_teleport_mw_rb_yb_rb_er Mw-to-Er teleportation trial 2521 succeeded (completed=True, direct match=True, latency=4.902865375 seconds).
151,260,000,019,999,500 WARNING main_het_teleport_mw_rb_yb_rb_er Starting Mw-to-Er teleportation trial 2522 at 151260000019999500.
151,320,000,019,999,500 WARNING main_het_teleport_mw_rb_yb_rb_er Mw-to-Er teleportation trial 2522 succeeded (completed=True, direct match=True, latency=4.877904375 seconds).
151,320,000,019,999,500 WARNING main_het_teleport_mw_rb_yb_rb_er Starting Mw-to-Er teleportation trial 2523 at 151320000019999500.
151,380,000,019,999,500 WARNING main_het_teleport_mw_rb_yb_rb_er Mw-to-Er teleportation trial 2523 succeeded (completed=True, direct match=True, latency=4.8919449375 seconds).
151,380,000,019,999,500 WARNING main_het_teleport_mw_rb_yb_rb_er Starting Mw-to-Er teleportation trial 2524 at 151380000019999500.
151,440,000,019,999,500 WARNING main_het_teleport_mw_rb_yb_rb_er Mw-to-Er teleportation trial 2524 failed (completed=True, direct match=False, latency=2.841242875 seconds).
151,440,000,019,999,500 WARNING main_het_teleport_mw_rb_yb_rb_er Starting Mw-to-Er teleportation trial 2525 at 151440000019999500.
151,500,000,019,999,500 WARNING main_het_teleport_mw_rb_yb_rb_er Mw-to-Er teleportation trial 2525 succeeded (completed=True, direct match=True, latency=6.989448875 seconds).
151,500,000,019,999,500 WARNING main_het_teleport_mw_rb_yb_rb_er Starting Mw-to-Er teleportation trial 2526 at 151500000019999500.
151,560,000,019,999,500 WARNING main_het_teleport_mw_rb_yb_rb_er Mw-to-Er teleportation trial 2526 succeeded (completed=True, direct match=True, latency=3.5268903125 seconds).
151,560,000,019,999,500 WARNING main_het_teleport_mw_rb_yb_rb_er Starting Mw-to-Er teleportation trial 2527 at 151560000019999500.
151,620,000,019,999,500 WARNING main_het_teleport_mw_rb_yb_rb_er Mw-to-Er teleportation trial 2527 succeeded (completed=True, direct match=True, latency=2.1368746875 seconds).
151,620,000,019,999,500 WARNING main_het_teleport_mw_rb_yb_rb_er Starting Mw-to-Er teleportation trial 2528 at 151620000019999500.
151,680,000,019,999,500 WARNING main_het_teleport_mw_rb_yb_rb_er Mw-to-Er teleportation trial 2528 succeeded (completed=True, direct match=True, latency=4.9200260625 seconds).
151,680,000,019,999,500 WARNING main_het_teleport_mw_rb_yb_rb_er Starting Mw-to-Er teleportation trial 2529 at 151680000019999500.
151,740,000,019,999,500 WARNING main_het_teleport_mw_rb_yb_rb_er Mw-to-Er teleportation trial 2529 failed (completed=True, direct match=False, latency=1.4153458125 seconds).
151,740,000,019,999,500 WARNING main_het_teleport_mw_rb_yb_rb_er Starting Mw-to-Er teleportation trial 2530 at 151740000019999500.
151,800,000,019,999,500 WARNING main_het_teleport_mw_rb_yb_rb_er Mw-to-Er teleportation trial 2530 succeeded (completed=True, direct match=True, latency=2.8272023125 seconds).
151,800,000,019,999,500 WARNING main_het_teleport_mw_rb_yb_rb_er Starting Mw-to-Er teleportation trial 2531 at 151800000019999500.
151,860,000,053,499,500 WARNING main_het_teleport_mw_rb_yb_rb_er Mw-to-Er teleportation trial 2531 failed (completed=False, direct match=False, latency=None seconds).
151,860,000,053,499,500 WARNING main_het_teleport_mw_rb_yb_rb_er Starting Mw-to-Er teleportation trial 2532 at 151860000053499500.
151,920,000,053,499,500 WARNING main_het_teleport_mw_rb_yb_rb_er Mw-to-Er teleportation trial 2532 succeeded (completed=True, direct match=True, latency=2.8428029375 seconds).
151,920,000,053,499,500 WARNING main_het_teleport_mw_rb_yb_rb_er Starting Mw-to-Er teleportation trial 2533 at 151920000053499500.
151,980,000,053,499,500 WARNING main_het_teleport_mw_rb_yb_rb_er Mw-to-Er teleportation trial 2533 succeeded (completed=True, direct match=True, latency=5.6165939375 seconds).
151,980,000,053,499,500 WARNING main_het_teleport_mw_rb_yb_rb_er Starting Mw-to-Er teleportation trial 2534 at 151980000053499500.
152,040,000,053,499,500 WARNING main_het_teleport_mw_rb_yb_rb_er Mw-to-Er teleportation trial 2534 failed (completed=True, direct match=False, latency=2.828762375 seconds).
152,040,000,053,499,500 WARNING main_het_teleport_mw_rb_yb_rb_er Starting Mw-to-Er teleportation trial 2535 at 152040000053499500.
152,100,000,053,499,500 WARNING main_het_teleport_mw_rb_yb_rb_er Mw-to-Er teleportation trial 2535 succeeded (completed=True, direct match=True, latency=3.5144098125 seconds).
152,100,000,053,499,500 WARNING main_het_teleport_mw_rb_yb_rb_er Starting Mw-to-Er teleportation trial 2536 at 152100000053499500.
152,160,000,053,499,500 WARNING main_het_teleport_mw_rb_yb_rb_er Mw-to-Er teleportation trial 2536 succeeded (completed=True, direct match=True, latency=2.819402 seconds).
152,160,000,053,499,500 WARNING main_het_teleport_mw_rb_yb_rb_er Starting Mw-to-Er teleportation trial 2537 at 152160000053499500.
152,220,000,053,499,500 WARNING main_het_teleport_mw_rb_yb_rb_er Mw-to-Er teleportation trial 2537 succeeded (completed=True, direct match=True, latency=4.18757675 seconds).
152,220,000,053,499,500 WARNING main_het_teleport_mw_rb_yb_rb_er Starting Mw-to-Er teleportation trial 2538 at 152220000053499500.
152,280,000,053,499,500 WARNING main_het_teleport_mw_rb_yb_rb_er Mw-to-Er teleportation trial 2538 succeeded (completed=True, direct match=True, latency=1.385704625 seconds).
152,280,000,053,499,500 WARNING main_het_teleport_mw_rb_yb_rb_er Starting Mw-to-Er teleportation trial 2539 at 152280000053499500.
152,340,000,053,499,500 WARNING main_het_teleport_mw_rb_yb_rb_er Mw-to-Er teleportation trial 2539 succeeded (completed=True, direct match=True, latency=2.8584035625 seconds).
152,340,000,053,499,500 WARNING main_het_teleport_mw_rb_yb_rb_er Starting Mw-to-Er teleportation trial 2540 at 152340000053499500.
152,400,000,053,499,500 WARNING main_het_teleport_mw_rb_yb_rb_er Mw-to-Er teleportation trial 2540 succeeded (completed=True, direct match=True, latency=1.2713532375 seconds).
152,400,000,053,499,500 WARNING main_het_teleport_mw_rb_yb_rb_er Starting Mw-to-Er teleportation trial 2541 at 152400000053499500.
152,460,000,053,499,500 WARNING main_het_teleport_mw_rb_yb_rb_er Mw-to-Er teleportation trial 2541 succeeded (completed=True, direct match=True, latency=5.6306345 seconds).
152,460,000,053,499,500 WARNING main_het_teleport_mw_rb_yb_rb_er Starting Mw-to-Er teleportation trial 2542 at 152460000053499500.
152,520,000,053,499,500 WARNING main_het_teleport_mw_rb_yb_rb_er Mw-to-Er teleportation trial 2542 succeeded (completed=True, direct match=True, latency=2.2400815 seconds).
152,520,000,053,499,500 WARNING main_het_teleport_mw_rb_yb_rb_er Starting Mw-to-Er teleportation trial 2543 at 152520000053499500.
152,580,000,053,499,500 WARNING main_het_teleport_mw_rb_yb_rb_er Mw-to-Er teleportation trial 2543 failed (completed=True, direct match=False, latency=7.7374988125 seconds).
152,580,000,053,499,500 WARNING main_het_teleport_mw_rb_yb_rb_er Starting Mw-to-Er teleportation trial 2544 at 152580000053499500.
152,640,000,053,499,500 WARNING main_het_teleport_mw_rb_yb_rb_er Mw-to-Er teleportation trial 2544 succeeded (completed=True, direct match=True, latency=1.462804475 seconds).
152,640,000,053,499,500 WARNING main_het_teleport_mw_rb_yb_rb_er Starting Mw-to-Er teleportation trial 2545 at 152640000053499500.
152,700,000,053,499,500 WARNING main_het_teleport_mw_rb_yb_rb_er Mw-to-Er teleportation trial 2545 succeeded (completed=True, direct match=True, latency=0.7398000875 seconds).
152,700,000,053,499,500 WARNING main_het_teleport_mw_rb_yb_rb_er Starting Mw-to-Er teleportation trial 2546 at 152700000053499500.
152,760,000,053,499,500 WARNING main_het_teleport_mw_rb_yb_rb_er Mw-to-Er teleportation trial 2546 succeeded (completed=True, direct match=True, latency=12.5635519375 seconds).
152,760,000,053,499,500 WARNING main_het_teleport_mw_rb_yb_rb_er Starting Mw-to-Er teleportation trial 2547 at 152760000053499500.
152,820,000,053,499,500 WARNING main_het_teleport_mw_rb_yb_rb_er Mw-to-Er teleportation trial 2547 succeeded (completed=True, direct match=True, latency=7.020650125 seconds).
152,820,000,053,499,500 WARNING main_het_teleport_mw_rb_yb_rb_er Starting Mw-to-Er teleportation trial 2548 at 152820000053499500.
152,880,000,053,499,500 WARNING main_het_teleport_mw_rb_yb_rb_er Mw-to-Er teleportation trial 2548 succeeded (completed=True, direct match=True, latency=11.215658 seconds).
152,880,000,053,499,500 WARNING main_het_teleport_mw_rb_yb_rb_er Starting Mw-to-Er teleportation trial 2549 at 152880000053499500.
152,940,000,053,499,500 WARNING main_het_teleport_mw_rb_yb_rb_er Mw-to-Er teleportation trial 2549 succeeded (completed=True, direct match=True, latency=2.0775923125 seconds).
152,940,000,053,499,500 WARNING main_het_teleport_mw_rb_yb_rb_er Starting Mw-to-Er teleportation trial 2550 at 152940000053499500.
153,000,000,053,499,500 WARNING main_het_teleport_mw_rb_yb_rb_er Mw-to-Er teleportation trial 2550 succeeded (completed=True, direct match=True, latency=2.8209620625 seconds).
153,000,000,053,499,500 WARNING main_het_teleport_mw_rb_yb_rb_er Starting Mw-to-Er teleportation trial 2551 at 153000000053499500.
153,060,000,053,499,500 WARNING main_het_teleport_mw_rb_yb_rb_er Mw-to-Er teleportation trial 2551 failed (completed=True, direct match=False, latency=2.1462350625 seconds).
153,060,000,053,499,500 WARNING main_het_teleport_mw_rb_yb_rb_er Starting Mw-to-Er teleportation trial 2552 at 153060000053499500.
153,120,000,053,499,500 WARNING main_het_teleport_mw_rb_yb_rb_er Mw-to-Er teleportation trial 2552 succeeded (completed=True, direct match=True, latency=1.421301775 seconds).
153,120,000,053,499,500 WARNING main_het_teleport_mw_rb_yb_rb_er Starting Mw-to-Er teleportation trial 2553 at 153120000053499500.
153,180,000,053,499,500 WARNING main_het_teleport_mw_rb_yb_rb_er Mw-to-Er teleportation trial 2553 succeeded (completed=True, direct match=True, latency=1.38882475 seconds).
153,180,000,053,499,500 WARNING main_het_teleport_mw_rb_yb_rb_er Starting Mw-to-Er teleportation trial 2554 at 153180000053499500.
153,240,000,053,499,500 WARNING main_het_teleport_mw_rb_yb_rb_er Mw-to-Er teleportation trial 2554 succeeded (completed=True, direct match=True, latency=9.0994333125 seconds).
153,240,000,053,499,500 WARNING main_het_teleport_mw_rb_yb_rb_er Starting Mw-to-Er teleportation trial 2555 at 153240000053499500.
153,300,000,053,499,500 WARNING main_het_teleport_mw_rb_yb_rb_er Mw-to-Er teleportation trial 2555 succeeded (completed=True, direct match=True, latency=2.144675 seconds).
153,300,000,053,499,500 WARNING main_het_teleport_mw_rb_yb_rb_er Starting Mw-to-Er teleportation trial 2556 at 153300000053499500.
153,360,000,053,499,500 WARNING main_het_teleport_mw_rb_yb_rb_er Mw-to-Er teleportation trial 2556 succeeded (completed=True, direct match=True, latency=3.7207158875 seconds).
153,360,000,053,499,500 WARNING main_het_teleport_mw_rb_yb_rb_er Starting Mw-to-Er teleportation trial 2557 at 153360000053499500.
153,420,000,053,499,500 WARNING main_het_teleport_mw_rb_yb_rb_er Mw-to-Er teleportation trial 2557 succeeded (completed=True, direct match=True, latency=3.4956890625 seconds).
153,420,000,053,499,500 WARNING main_het_teleport_mw_rb_yb_rb_er Starting Mw-to-Er teleportation trial 2558 at 153420000053499500.
153,480,000,053,499,500 WARNING main_het_teleport_mw_rb_yb_rb_er Mw-to-Er teleportation trial 2558 succeeded (completed=True, direct match=True, latency=2.7928809375 seconds).
153,480,000,053,499,500 WARNING main_het_teleport_mw_rb_yb_rb_er Starting Mw-to-Er teleportation trial 2559 at 153480000053499500.
153,540,000,053,499,500 WARNING main_het_teleport_mw_rb_yb_rb_er Mw-to-Er teleportation trial 2559 succeeded (completed=True, direct match=True, latency=2.21331775 seconds).
153,540,000,053,499,500 WARNING main_het_teleport_mw_rb_yb_rb_er Starting Mw-to-Er teleportation trial 2560 at 153540000053499500.
153,600,000,053,499,500 WARNING main_het_teleport_mw_rb_yb_rb_er Mw-to-Er teleportation trial 2560 succeeded (completed=True, direct match=True, latency=7.707857625 seconds).
153,600,000,053,499,500 WARNING main_het_teleport_mw_rb_yb_rb_er Starting Mw-to-Er teleportation trial 2561 at 153600000053499500.
153,660,000,053,499,500 WARNING main_het_teleport_mw_rb_yb_rb_er Mw-to-Er teleportation trial 2561 succeeded (completed=True, direct match=True, latency=2.8178419375 seconds).
153,660,000,053,499,500 WARNING main_het_teleport_mw_rb_yb_rb_er Starting Mw-to-Er teleportation trial 2562 at 153660000053499500.
153,720,000,053,499,500 WARNING main_het_teleport_mw_rb_yb_rb_er Mw-to-Er teleportation trial 2562 succeeded (completed=True, direct match=True, latency=5.615033875 seconds).
153,720,000,053,499,500 WARNING main_het_teleport_mw_rb_yb_rb_er Starting Mw-to-Er teleportation trial 2563 at 153720000053499500.
153,780,000,053,499,500 WARNING main_het_teleport_mw_rb_yb_rb_er Mw-to-Er teleportation trial 2563 succeeded (completed=True, direct match=True, latency=7.7312585625 seconds).
153,780,000,053,499,500 WARNING main_het_teleport_mw_rb_yb_rb_er Starting Mw-to-Er teleportation trial 2564 at 153780000053499500.
153,840,000,053,499,500 WARNING main_het_teleport_mw_rb_yb_rb_er Mw-to-Er teleportation trial 2564 failed (completed=True, direct match=False, latency=6.9691680625 seconds).
153,840,000,053,499,500 WARNING main_het_teleport_mw_rb_yb_rb_er Starting Mw-to-Er teleportation trial 2565 at 153840000053499500.
153,900,000,053,499,500 WARNING main_het_teleport_mw_rb_yb_rb_er Mw-to-Er teleportation trial 2565 succeeded (completed=True, direct match=True, latency=3.56277175 seconds).
153,900,000,053,499,500 WARNING main_het_teleport_mw_rb_yb_rb_er Starting Mw-to-Er teleportation trial 2566 at 153900000053499500.
153,960,000,053,499,500 WARNING main_het_teleport_mw_rb_yb_rb_er Mw-to-Er teleportation trial 2566 succeeded (completed=True, direct match=True, latency=3.4863286875 seconds).
153,960,000,053,499,500 WARNING main_het_teleport_mw_rb_yb_rb_er Starting Mw-to-Er teleportation trial 2567 at 153960000053499500.
154,020,000,053,499,500 WARNING main_het_teleport_mw_rb_yb_rb_er Mw-to-Er teleportation trial 2567 succeeded (completed=True, direct match=True, latency=2.8459230625 seconds).
154,020,000,053,499,500 WARNING main_het_teleport_mw_rb_yb_rb_er Starting Mw-to-Er teleportation trial 2568 at 154020000053499500.
154,080,000,053,499,500 WARNING main_het_teleport_mw_rb_yb_rb_er Mw-to-Er teleportation trial 2568 succeeded (completed=True, direct match=True, latency=4.2172179375 seconds).
154,080,000,053,499,500 WARNING main_het_teleport_mw_rb_yb_rb_er Starting Mw-to-Er teleportation trial 2569 at 154080000053499500.
154,140,000,053,499,500 WARNING main_het_teleport_mw_rb_yb_rb_er Mw-to-Er teleportation trial 2569 succeeded (completed=True, direct match=True, latency=2.7960010625 seconds).
154,140,000,053,499,500 WARNING main_het_teleport_mw_rb_yb_rb_er Starting Mw-to-Er teleportation trial 2570 at 154140000053499500.
154,200,000,053,499,500 WARNING main_het_teleport_mw_rb_yb_rb_er Mw-to-Er teleportation trial 2570 succeeded (completed=True, direct match=True, latency=1.41378575 seconds).
154,200,000,053,499,500 WARNING main_het_teleport_mw_rb_yb_rb_er Starting Mw-to-Er teleportation trial 2571 at 154200000053499500.
154,260,000,053,499,500 WARNING main_het_teleport_mw_rb_yb_rb_er Mw-to-Er teleportation trial 2571 succeeded (completed=True, direct match=True, latency=2.926437625 seconds).
154,260,000,053,499,500 WARNING main_het_teleport_mw_rb_yb_rb_er Starting Mw-to-Er teleportation trial 2572 at 154260000053499500.
154,320,000,053,499,500 WARNING main_het_teleport_mw_rb_yb_rb_er Mw-to-Er teleportation trial 2572 succeeded (completed=True, direct match=True, latency=11.9044255625 seconds).
154,320,000,053,499,500 WARNING main_het_teleport_mw_rb_yb_rb_er Starting Mw-to-Er teleportation trial 2573 at 154320000053499500.
154,380,000,053,499,500 WARNING main_het_teleport_mw_rb_yb_rb_er Mw-to-Er teleportation trial 2573 succeeded (completed=True, direct match=True, latency=11.924706375 seconds).
154,380,000,053,499,500 WARNING main_het_teleport_mw_rb_yb_rb_er Starting Mw-to-Er teleportation trial 2574 at 154380000053499500.
154,440,000,053,499,500 WARNING main_het_teleport_mw_rb_yb_rb_er Mw-to-Er teleportation trial 2574 failed (completed=True, direct match=False, latency=7.0346906875 seconds).
154,440,000,053,499,500 WARNING main_het_teleport_mw_rb_yb_rb_er Starting Mw-to-Er teleportation trial 2575 at 154440000053499500.
154,500,000,053,499,500 WARNING main_het_teleport_mw_rb_yb_rb_er Mw-to-Er teleportation trial 2575 failed (completed=True, direct match=False, latency=5.615033875 seconds).
154,500,000,053,499,500 WARNING main_het_teleport_mw_rb_yb_rb_er Starting Mw-to-Er teleportation trial 2576 at 154500000053499500.
154,560,000,053,499,500 WARNING main_het_teleport_mw_rb_yb_rb_er Mw-to-Er teleportation trial 2576 succeeded (completed=True, direct match=True, latency=22.395065375 seconds).
154,560,000,053,499,500 WARNING main_het_teleport_mw_rb_yb_rb_er Starting Mw-to-Er teleportation trial 2577 at 154560000053499500.
154,620,000,053,499,500 WARNING main_het_teleport_mw_rb_yb_rb_er Mw-to-Er teleportation trial 2577 failed (completed=True, direct match=False, latency=0.7156578125 seconds).
154,620,000,053,499,500 WARNING main_het_teleport_mw_rb_yb_rb_er Starting Mw-to-Er teleportation trial 2578 at 154620000053499500.
154,680,000,053,499,500 WARNING main_het_teleport_mw_rb_yb_rb_er Mw-to-Er teleportation trial 2578 succeeded (completed=True, direct match=True, latency=2.8521633125 seconds).
154,680,000,053,499,500 WARNING main_het_teleport_mw_rb_yb_rb_er Starting Mw-to-Er teleportation trial 2579 at 154680000053499500.
154,740,000,053,499,500 WARNING main_het_teleport_mw_rb_yb_rb_er Mw-to-Er teleportation trial 2579 succeeded (completed=True, direct match=True, latency=4.9293864375 seconds).
154,740,000,053,499,500 WARNING main_het_teleport_mw_rb_yb_rb_er Starting Mw-to-Er teleportation trial 2580 at 154740000053499500.
154,800,000,053,499,500 WARNING main_het_teleport_mw_rb_yb_rb_er Mw-to-Er teleportation trial 2580 succeeded (completed=True, direct match=True, latency=6.3131618125 seconds).
154,800,000,053,499,500 WARNING main_het_teleport_mw_rb_yb_rb_er Starting Mw-to-Er teleportation trial 2581 at 154800000053499500.
154,860,000,053,499,500 WARNING main_het_teleport_mw_rb_yb_rb_er Mw-to-Er teleportation trial 2581 failed (completed=True, direct match=False, latency=2.8396828125 seconds).
154,860,000,053,499,500 WARNING main_het_teleport_mw_rb_yb_rb_er Starting Mw-to-Er teleportation trial 2582 at 154860000053499500.
154,920,000,053,499,500 WARNING main_het_teleport_mw_rb_yb_rb_er Mw-to-Er teleportation trial 2582 succeeded (completed=True, direct match=True, latency=6.9847686875 seconds).
154,920,000,053,499,500 WARNING main_het_teleport_mw_rb_yb_rb_er Starting Mw-to-Er teleportation trial 2583 at 154920000053499500.
154,980,000,053,499,500 WARNING main_het_teleport_mw_rb_yb_rb_er Mw-to-Er teleportation trial 2583 succeeded (completed=True, direct match=True, latency=7.01753 seconds).
154,980,000,053,499,500 WARNING main_het_teleport_mw_rb_yb_rb_er Starting Mw-to-Er teleportation trial 2584 at 154980000053499500.
155,040,000,053,499,500 WARNING main_het_teleport_mw_rb_yb_rb_er Mw-to-Er teleportation trial 2584 succeeded (completed=True, direct match=True, latency=11.9044255625 seconds).
155,040,000,053,499,500 WARNING main_het_teleport_mw_rb_yb_rb_er Starting Mw-to-Er teleportation trial 2585 at 155040000053499500.
155,100,000,053,499,500 WARNING main_het_teleport_mw_rb_yb_rb_er Mw-to-Er teleportation trial 2585 succeeded (completed=True, direct match=True, latency=14.01441 seconds).
155,100,000,053,499,500 WARNING main_het_teleport_mw_rb_yb_rb_er Starting Mw-to-Er teleportation trial 2586 at 155100000053499500.
155,160,000,053,499,500 WARNING main_het_teleport_mw_rb_yb_rb_er Mw-to-Er teleportation trial 2586 succeeded (completed=True, direct match=True, latency=1.410665625 seconds).
155,160,000,053,499,500 WARNING main_het_teleport_mw_rb_yb_rb_er Starting Mw-to-Er teleportation trial 2587 at 155160000053499500.
155,220,000,053,499,500 WARNING main_het_teleport_mw_rb_yb_rb_er Mw-to-Er teleportation trial 2587 succeeded (completed=True, direct match=True, latency=5.6228341875 seconds).
155,220,000,053,499,500 WARNING main_het_teleport_mw_rb_yb_rb_er Starting Mw-to-Er teleportation trial 2588 at 155220000053499500.
155,280,000,053,499,500 WARNING main_het_teleport_mw_rb_yb_rb_er Mw-to-Er teleportation trial 2588 succeeded (completed=True, direct match=True, latency=2.8147218125 seconds).
155,280,000,053,499,500 WARNING main_het_teleport_mw_rb_yb_rb_er Starting Mw-to-Er teleportation trial 2589 at 155280000053499500.
155,340,000,053,499,500 WARNING main_het_teleport_mw_rb_yb_rb_er Mw-to-Er teleportation trial 2589 failed (completed=True, direct match=False, latency=2.356901825 seconds).
155,340,000,053,499,500 WARNING main_het_teleport_mw_rb_yb_rb_er Starting Mw-to-Er teleportation trial 2590 at 155340000053499500.
155,400,000,053,499,500 WARNING main_het_teleport_mw_rb_yb_rb_er Mw-to-Er teleportation trial 2590 succeeded (completed=True, direct match=True, latency=3.544051 seconds).
155,400,000,053,499,500 WARNING main_het_teleport_mw_rb_yb_rb_er Starting Mw-to-Er teleportation trial 2591 at 155400000053499500.
155,460,000,053,499,500 WARNING main_het_teleport_mw_rb_yb_rb_er Mw-to-Er teleportation trial 2591 succeeded (completed=True, direct match=True, latency=1.50659895 seconds).
155,460,000,053,499,500 WARNING main_het_teleport_mw_rb_yb_rb_er Starting Mw-to-Er teleportation trial 2592 at 155460000053499500.
155,520,000,053,499,500 WARNING main_het_teleport_mw_rb_yb_rb_er Mw-to-Er teleportation trial 2592 succeeded (completed=True, direct match=True, latency=2.104113375 seconds).
155,520,000,053,499,500 WARNING main_het_teleport_mw_rb_yb_rb_er Starting Mw-to-Er teleportation trial 2593 at 155520000053499500.
155,580,000,053,499,500 WARNING main_het_teleport_mw_rb_yb_rb_er Mw-to-Er teleportation trial 2593 succeeded (completed=True, direct match=True, latency=7.707857625 seconds).
155,580,000,053,499,500 WARNING main_het_teleport_mw_rb_yb_rb_er Starting Mw-to-Er teleportation trial 2594 at 155580000053499500.
155,640,000,053,499,500 WARNING main_het_teleport_mw_rb_yb_rb_er Mw-to-Er teleportation trial 2594 succeeded (completed=True, direct match=True, latency=4.2265783125 seconds).
155,640,000,053,499,500 WARNING main_het_teleport_mw_rb_yb_rb_er Starting Mw-to-Er teleportation trial 2595 at 155640000053499500.
155,700,000,053,499,500 WARNING main_het_teleport_mw_rb_yb_rb_er Mw-to-Er teleportation trial 2595 failed (completed=True, direct match=False, latency=4.934066625 seconds).
155,700,000,053,499,500 WARNING main_het_teleport_mw_rb_yb_rb_er Starting Mw-to-Er teleportation trial 2596 at 155700000053499500.
155,760,000,053,499,500 WARNING main_het_teleport_mw_rb_yb_rb_er Mw-to-Er teleportation trial 2596 failed (completed=True, direct match=False, latency=6.2913209375 seconds).
155,760,000,053,499,500 WARNING main_het_teleport_mw_rb_yb_rb_er Starting Mw-to-Er teleportation trial 2597 at 155760000053499500.
155,820,000,053,499,500 WARNING main_het_teleport_mw_rb_yb_rb_er Mw-to-Er teleportation trial 2597 succeeded (completed=True, direct match=True, latency=4.18757675 seconds).
155,820,000,053,499,500 WARNING main_het_teleport_mw_rb_yb_rb_er Starting Mw-to-Er teleportation trial 2598 at 155820000053499500.
155,880,000,053,499,500 WARNING main_het_teleport_mw_rb_yb_rb_er Mw-to-Er teleportation trial 2598 succeeded (completed=True, direct match=True, latency=5.621274125 seconds).
155,880,000,053,499,500 WARNING main_het_teleport_mw_rb_yb_rb_er Starting Mw-to-Er teleportation trial 2599 at 155880000053499500.
155,940,000,053,499,500 WARNING main_het_teleport_mw_rb_yb_rb_er Mw-to-Er teleportation trial 2599 succeeded (completed=True, direct match=True, latency=2.778840375 seconds).
155,940,000,053,499,500 WARNING main_het_teleport_mw_rb_yb_rb_er Starting Mw-to-Er teleportation trial 2600 at 155940000053499500.
156,000,000,053,499,500 WARNING main_het_teleport_mw_rb_yb_rb_er Mw-to-Er teleportation trial 2600 succeeded (completed=True, direct match=True, latency=7.0034894375 seconds).
156,000,000,053,499,500 WARNING main_het_teleport_mw_rb_yb_rb_er Starting Mw-to-Er teleportation trial 2601 at 156000000053499500.
156,060,000,053,499,500 WARNING main_het_teleport_mw_rb_yb_rb_er Mw-to-Er teleportation trial 2601 succeeded (completed=True, direct match=True, latency=3.515969875 seconds).
156,060,000,053,499,500 WARNING main_het_teleport_mw_rb_yb_rb_er Starting Mw-to-Er teleportation trial 2602 at 156060000053499500.
156,120,000,053,499,500 WARNING main_het_teleport_mw_rb_yb_rb_er Mw-to-Er teleportation trial 2602 succeeded (completed=True, direct match=True, latency=6.3755643125 seconds).
156,120,000,053,499,500 WARNING main_het_teleport_mw_rb_yb_rb_er Starting Mw-to-Er teleportation trial 2603 at 156120000053499500.
156,180,000,053,499,500 WARNING main_het_teleport_mw_rb_yb_rb_er Mw-to-Er teleportation trial 2603 succeeded (completed=True, direct match=True, latency=4.203177375 seconds).
156,180,000,053,499,500 WARNING main_het_teleport_mw_rb_yb_rb_er Starting Mw-to-Er teleportation trial 2604 at 156180000053499500.
156,240,000,053,499,500 WARNING main_het_teleport_mw_rb_yb_rb_er Mw-to-Er teleportation trial 2604 failed (completed=True, direct match=False, latency=3.416125875 seconds).
156,240,000,053,499,500 WARNING main_het_teleport_mw_rb_yb_rb_er Starting Mw-to-Er teleportation trial 2605 at 156240000053499500.
156,300,000,053,499,500 WARNING main_het_teleport_mw_rb_yb_rb_er Mw-to-Er teleportation trial 2605 failed (completed=True, direct match=False, latency=3.522210125 seconds).
156,300,000,053,499,500 WARNING main_het_teleport_mw_rb_yb_rb_er Starting Mw-to-Er teleportation trial 2606 at 156300000053499500.
156,360,000,053,499,500 WARNING main_het_teleport_mw_rb_yb_rb_er Mw-to-Er teleportation trial 2606 succeeded (completed=True, direct match=True, latency=2.828762375 seconds).
156,360,000,053,499,500 WARNING main_het_teleport_mw_rb_yb_rb_er Starting Mw-to-Er teleportation trial 2607 at 156360000053499500.
156,420,000,053,499,500 WARNING main_het_teleport_mw_rb_yb_rb_er Mw-to-Er teleportation trial 2607 failed (completed=True, direct match=False, latency=1.41378575 seconds).
156,420,000,053,499,500 WARNING main_het_teleport_mw_rb_yb_rb_er Starting Mw-to-Er teleportation trial 2608 at 156420000053499500.
156,480,000,053,499,500 WARNING main_het_teleport_mw_rb_yb_rb_er Mw-to-Er teleportation trial 2608 succeeded (completed=True, direct match=True, latency=10.475408375 seconds).
156,480,000,053,499,500 WARNING main_het_teleport_mw_rb_yb_rb_er Starting Mw-to-Er teleportation trial 2609 at 156480000053499500.
156,540,000,053,499,500 WARNING main_het_teleport_mw_rb_yb_rb_er Mw-to-Er teleportation trial 2609 failed (completed=True, direct match=False, latency=3.48788875 seconds).
156,540,000,053,499,500 WARNING main_het_teleport_mw_rb_yb_rb_er Starting Mw-to-Er teleportation trial 2610 at 156540000053499500.
156,600,000,053,499,500 WARNING main_het_teleport_mw_rb_yb_rb_er Mw-to-Er teleportation trial 2610 succeeded (completed=True, direct match=True, latency=2.185236625 seconds).
156,600,000,053,499,500 WARNING main_het_teleport_mw_rb_yb_rb_er Starting Mw-to-Er teleportation trial 2611 at 156600000053499500.
156,660,000,053,499,500 WARNING main_het_teleport_mw_rb_yb_rb_er Mw-to-Er teleportation trial 2611 succeeded (completed=True, direct match=True, latency=16.8242574375 seconds).
156,660,000,053,499,500 WARNING main_het_teleport_mw_rb_yb_rb_er Starting Mw-to-Er teleportation trial 2612 at 156660000053499500.
156,720,000,053,499,500 WARNING main_het_teleport_mw_rb_yb_rb_er Mw-to-Er teleportation trial 2612 succeeded (completed=True, direct match=True, latency=7.9658602125 seconds).
156,720,000,053,499,500 WARNING main_het_teleport_mw_rb_yb_rb_er Starting Mw-to-Er teleportation trial 2613 at 156720000053499500.
156,780,000,053,499,500 WARNING main_het_teleport_mw_rb_yb_rb_er Mw-to-Er teleportation trial 2613 succeeded (completed=True, direct match=True, latency=1.348263125 seconds).
156,780,000,053,499,500 WARNING main_het_teleport_mw_rb_yb_rb_er Starting Mw-to-Er teleportation trial 2614 at 156780000053499500.
156,840,000,053,499,500 WARNING main_het_teleport_mw_rb_yb_rb_er Mw-to-Er teleportation trial 2614 failed (completed=True, direct match=False, latency=4.21253775 seconds).
156,840,000,053,499,500 WARNING main_het_teleport_mw_rb_yb_rb_er Starting Mw-to-Er teleportation trial 2615 at 156840000053499500.
156,900,000,053,499,500 WARNING main_het_teleport_mw_rb_yb_rb_er Mw-to-Er teleportation trial 2615 succeeded (completed=True, direct match=True, latency=7.051851375 seconds).
156,900,000,053,499,500 WARNING main_het_teleport_mw_rb_yb_rb_er Starting Mw-to-Er teleportation trial 2616 at 156900000053499500.
156,960,000,053,499,500 WARNING main_het_teleport_mw_rb_yb_rb_er Mw-to-Er teleportation trial 2616 succeeded (completed=True, direct match=True, latency=10.491009 seconds).
156,960,000,053,499,500 WARNING main_het_teleport_mw_rb_yb_rb_er Starting Mw-to-Er teleportation trial 2617 at 156960000053499500.
157,020,000,053,499,500 WARNING main_het_teleport_mw_rb_yb_rb_er Mw-to-Er teleportation trial 2617 failed (completed=True, direct match=False, latency=4.2296984375 seconds).
157,020,000,053,499,500 WARNING main_het_teleport_mw_rb_yb_rb_er Starting Mw-to-Er teleportation trial 2618 at 157020000053499500.
157,080,000,053,499,500 WARNING main_het_teleport_mw_rb_yb_rb_er Mw-to-Er teleportation trial 2618 succeeded (completed=True, direct match=True, latency=0.766558175 seconds).
157,080,000,053,499,500 WARNING main_het_teleport_mw_rb_yb_rb_er Starting Mw-to-Er teleportation trial 2619 at 157080000053499500.
157,140,000,053,499,500 WARNING main_het_teleport_mw_rb_yb_rb_er Mw-to-Er teleportation trial 2619 failed (completed=True, direct match=False, latency=4.196937125 seconds).
157,140,000,053,499,500 WARNING main_het_teleport_mw_rb_yb_rb_er Starting Mw-to-Er teleportation trial 2620 at 157140000053499500.
157,200,000,053,499,500 WARNING main_het_teleport_mw_rb_yb_rb_er Mw-to-Er teleportation trial 2620 succeeded (completed=True, direct match=True, latency=1.42626625 seconds).
157,200,000,053,499,500 WARNING main_het_teleport_mw_rb_yb_rb_er Starting Mw-to-Er teleportation trial 2621 at 157200000053499500.
157,260,000,053,499,500 WARNING main_het_teleport_mw_rb_yb_rb_er Mw-to-Er teleportation trial 2621 succeeded (completed=True, direct match=True, latency=2.803801375 seconds).
157,260,000,053,499,500 WARNING main_het_teleport_mw_rb_yb_rb_er Starting Mw-to-Er teleportation trial 2622 at 157260000053499500.
157,320,000,053,499,500 WARNING main_het_teleport_mw_rb_yb_rb_er Mw-to-Er teleportation trial 2622 succeeded (completed=True, direct match=True, latency=5.5947530625 seconds).
157,320,000,053,499,500 WARNING main_het_teleport_mw_rb_yb_rb_er Starting Mw-to-Er teleportation trial 2623 at 157320000053499500.
157,380,000,053,499,500 WARNING main_het_teleport_mw_rb_yb_rb_er Mw-to-Er teleportation trial 2623 failed (completed=True, direct match=False, latency=7.0300105 seconds).
157,380,000,053,499,500 WARNING main_het_teleport_mw_rb_yb_rb_er Starting Mw-to-Er teleportation trial 2624 at 157380000053499500.
157,440,000,053,499,500 WARNING main_het_teleport_mw_rb_yb_rb_er Mw-to-Er teleportation trial 2624 failed (completed=True, direct match=False, latency=1.435626625 seconds).
157,440,000,053,499,500 WARNING main_het_teleport_mw_rb_yb_rb_er Starting Mw-to-Er teleportation trial 2625 at 157440000053499500.
157,500,000,053,499,500 WARNING main_het_teleport_mw_rb_yb_rb_er Mw-to-Er teleportation trial 2625 succeeded (completed=True, direct match=True, latency=2.1587155625 seconds).
157,500,000,053,499,500 WARNING main_het_teleport_mw_rb_yb_rb_er Starting Mw-to-Er teleportation trial 2626 at 157500000053499500.
157,560,000,053,499,500 WARNING main_het_teleport_mw_rb_yb_rb_er Mw-to-Er teleportation trial 2626 succeeded (completed=True, direct match=True, latency=2.1150338125 seconds).
157,560,000,053,499,500 WARNING main_het_teleport_mw_rb_yb_rb_er Starting Mw-to-Er teleportation trial 2627 at 157560000053499500.
157,620,000,053,499,500 WARNING main_het_teleport_mw_rb_yb_rb_er Mw-to-Er teleportation trial 2627 succeeded (completed=True, direct match=True, latency=4.946547125 seconds).
157,620,000,053,499,500 WARNING main_het_teleport_mw_rb_yb_rb_er Starting Mw-to-Er teleportation trial 2628 at 157620000053499500.
157,680,000,053,499,500 WARNING main_het_teleport_mw_rb_yb_rb_er Mw-to-Er teleportation trial 2628 succeeded (completed=True, direct match=True, latency=1.5255997 seconds).
157,680,000,053,499,500 WARNING main_het_teleport_mw_rb_yb_rb_er Starting Mw-to-Er teleportation trial 2629 at 157680000053499500.
157,740,000,053,499,500 WARNING main_het_teleport_mw_rb_yb_rb_er Mw-to-Er teleportation trial 2629 succeeded (completed=True, direct match=True, latency=6.252319375 seconds).
157,740,000,053,499,500 WARNING main_het_teleport_mw_rb_yb_rb_er Starting Mw-to-Er teleportation trial 2630 at 157740000053499500.
157,800,000,053,499,500 WARNING main_het_teleport_mw_rb_yb_rb_er Mw-to-Er teleportation trial 2630 succeeded (completed=True, direct match=True, latency=7.0534114375 seconds).
157,800,000,053,499,500 WARNING main_het_teleport_mw_rb_yb_rb_er Starting Mw-to-Er teleportation trial 2631 at 157800000053499500.
157,860,000,053,499,500 WARNING main_het_teleport_mw_rb_yb_rb_er Mw-to-Er teleportation trial 2631 succeeded (completed=True, direct match=True, latency=4.909105625 seconds).
157,860,000,053,499,500 WARNING main_het_teleport_mw_rb_yb_rb_er Starting Mw-to-Er teleportation trial 2632 at 157860000053499500.
157,920,000,053,499,500 WARNING main_het_teleport_mw_rb_yb_rb_er Mw-to-Er teleportation trial 2632 succeeded (completed=True, direct match=True, latency=4.228138375 seconds).
157,920,000,053,499,500 WARNING main_het_teleport_mw_rb_yb_rb_er Starting Mw-to-Er teleportation trial 2633 at 157920000053499500.
157,980,000,053,499,500 WARNING main_het_teleport_mw_rb_yb_rb_er Mw-to-Er teleportation trial 2633 failed (completed=True, direct match=False, latency=8.4028654375 seconds).
157,980,000,053,499,500 WARNING main_het_teleport_mw_rb_yb_rb_er Starting Mw-to-Er teleportation trial 2634 at 157980000053499500.
158,040,000,053,499,500 WARNING main_het_teleport_mw_rb_yb_rb_er Mw-to-Er teleportation trial 2634 succeeded (completed=True, direct match=True, latency=12.6275145 seconds).
158,040,000,053,499,500 WARNING main_het_teleport_mw_rb_yb_rb_er Starting Mw-to-Er teleportation trial 2635 at 158040000053499500.
158,100,000,053,499,500 WARNING main_het_teleport_mw_rb_yb_rb_er Mw-to-Er teleportation trial 2635 succeeded (completed=True, direct match=True, latency=4.8888248125 seconds).
158,100,000,053,499,500 WARNING main_het_teleport_mw_rb_yb_rb_er Starting Mw-to-Er teleportation trial 2636 at 158100000053499500.
158,160,000,053,499,500 WARNING main_het_teleport_mw_rb_yb_rb_er Mw-to-Er teleportation trial 2636 succeeded (completed=True, direct match=True, latency=3.5385616125 seconds).
158,160,000,053,499,500 WARNING main_het_teleport_mw_rb_yb_rb_er Starting Mw-to-Er teleportation trial 2637 at 158160000053499500.
158,220,000,053,499,500 WARNING main_het_teleport_mw_rb_yb_rb_er Mw-to-Er teleportation trial 2637 succeeded (completed=True, direct match=True, latency=3.469168 seconds).
158,220,000,053,499,500 WARNING main_het_teleport_mw_rb_yb_rb_er Starting Mw-to-Er teleportation trial 2638 at 158220000053499500.
158,280,000,053,499,500 WARNING main_het_teleport_mw_rb_yb_rb_er Mw-to-Er teleportation trial 2638 succeeded (completed=True, direct match=True, latency=4.9293864375 seconds).
158,280,000,053,499,500 WARNING main_het_teleport_mw_rb_yb_rb_er Starting Mw-to-Er teleportation trial 2639 at 158280000053499500.
158,340,000,053,499,500 WARNING main_het_teleport_mw_rb_yb_rb_er Mw-to-Er teleportation trial 2639 succeeded (completed=True, direct match=True, latency=2.7991211875 seconds).
158,340,000,053,499,500 WARNING main_het_teleport_mw_rb_yb_rb_er Starting Mw-to-Er teleportation trial 2640 at 158340000053499500.
158,400,000,053,499,500 WARNING main_het_teleport_mw_rb_yb_rb_er Mw-to-Er teleportation trial 2640 succeeded (completed=True, direct match=True, latency=7.0284504375 seconds).
158,400,000,053,499,500 WARNING main_het_teleport_mw_rb_yb_rb_er Starting Mw-to-Er teleportation trial 2641 at 158400000053499500.
158,460,000,053,499,500 WARNING main_het_teleport_mw_rb_yb_rb_er Mw-to-Er teleportation trial 2641 succeeded (completed=True, direct match=True, latency=7.01753 seconds).
158,460,000,053,499,500 WARNING main_het_teleport_mw_rb_yb_rb_er Starting Mw-to-Er teleportation trial 2642 at 158460000053499500.
158,520,000,053,499,500 WARNING main_het_teleport_mw_rb_yb_rb_er Mw-to-Er teleportation trial 2642 succeeded (completed=True, direct match=True, latency=9.1056735625 seconds).
158,520,000,053,499,500 WARNING main_het_teleport_mw_rb_yb_rb_er Starting Mw-to-Er teleportation trial 2643 at 158520000053499500.
158,580,000,053,499,500 WARNING main_het_teleport_mw_rb_yb_rb_er Mw-to-Er teleportation trial 2643 succeeded (completed=True, direct match=True, latency=2.144675 seconds).
158,580,000,053,499,500 WARNING main_het_teleport_mw_rb_yb_rb_er Starting Mw-to-Er teleportation trial 2644 at 158580000053499500.
158,640,000,053,499,500 WARNING main_het_teleport_mw_rb_yb_rb_er Mw-to-Er teleportation trial 2644 failed (completed=True, direct match=False, latency=2.097873125 seconds).
158,640,000,053,499,500 WARNING main_het_teleport_mw_rb_yb_rb_er Starting Mw-to-Er teleportation trial 2645 at 158640000053499500.
158,700,000,053,499,500 WARNING main_het_teleport_mw_rb_yb_rb_er Mw-to-Er teleportation trial 2645 failed (completed=True, direct match=False, latency=2.2023973125 seconds).
158,700,000,053,499,500 WARNING main_het_teleport_mw_rb_yb_rb_er Starting Mw-to-Er teleportation trial 2646 at 158700000053499500.
158,760,000,053,499,500 WARNING main_het_teleport_mw_rb_yb_rb_er Mw-to-Er teleportation trial 2646 succeeded (completed=True, direct match=True, latency=2.828762375 seconds).
158,760,000,053,499,500 WARNING main_het_teleport_mw_rb_yb_rb_er Starting Mw-to-Er teleportation trial 2647 at 158760000053499500.
158,820,000,053,499,500 WARNING main_het_teleport_mw_rb_yb_rb_er Mw-to-Er teleportation trial 2647 succeeded (completed=True, direct match=True, latency=1.4122256875 seconds).
158,820,000,053,499,500 WARNING main_het_teleport_mw_rb_yb_rb_er Starting Mw-to-Er teleportation trial 2648 at 158820000053499500.
158,880,000,053,499,500 WARNING main_het_teleport_mw_rb_yb_rb_er Mw-to-Er teleportation trial 2648 failed (completed=True, direct match=False, latency=2.2743036125 seconds).
158,880,000,053,499,500 WARNING main_het_teleport_mw_rb_yb_rb_er Starting Mw-to-Er teleportation trial 2649 at 158880000053499500.
158,940,000,053,499,500 WARNING main_het_teleport_mw_rb_yb_rb_er Mw-to-Er teleportation trial 2649 succeeded (completed=True, direct match=True, latency=4.918466 seconds).
158,940,000,053,499,500 WARNING main_het_teleport_mw_rb_yb_rb_er Starting Mw-to-Er teleportation trial 2650 at 158940000053499500.
159,000,000,053,499,500 WARNING main_het_teleport_mw_rb_yb_rb_er Mw-to-Er teleportation trial 2650 succeeded (completed=True, direct match=True, latency=4.915345875 seconds).
159,000,000,053,499,500 WARNING main_het_teleport_mw_rb_yb_rb_er Starting Mw-to-Er teleportation trial 2651 at 159000000053499500.
159,060,000,053,499,500 WARNING main_het_teleport_mw_rb_yb_rb_er Mw-to-Er teleportation trial 2651 succeeded (completed=True, direct match=True, latency=1.4465470625 seconds).
159,060,000,053,499,500 WARNING main_het_teleport_mw_rb_yb_rb_er Starting Mw-to-Er teleportation trial 2652 at 159060000053499500.
159,120,000,053,499,500 WARNING main_het_teleport_mw_rb_yb_rb_er Mw-to-Er teleportation trial 2652 succeeded (completed=True, direct match=True, latency=6.2804005 seconds).
159,120,000,053,499,500 WARNING main_het_teleport_mw_rb_yb_rb_er Starting Mw-to-Er teleportation trial 2653 at 159120000053499500.
159,180,000,053,499,500 WARNING main_het_teleport_mw_rb_yb_rb_er Mw-to-Er teleportation trial 2653 succeeded (completed=True, direct match=True, latency=2.0651118125 seconds).
159,180,000,053,499,500 WARNING main_het_teleport_mw_rb_yb_rb_er Starting Mw-to-Er teleportation trial 2654 at 159180000053499500.
159,240,000,053,499,500 WARNING main_het_teleport_mw_rb_yb_rb_er Mw-to-Er teleportation trial 2654 succeeded (completed=True, direct match=True, latency=2.772600125 seconds).
159,240,000,053,499,500 WARNING main_het_teleport_mw_rb_yb_rb_er Starting Mw-to-Er teleportation trial 2655 at 159240000053499500.
159,300,000,053,499,500 WARNING main_het_teleport_mw_rb_yb_rb_er Mw-to-Er teleportation trial 2655 succeeded (completed=True, direct match=True, latency=2.8833645625 seconds).
159,300,000,053,499,500 WARNING main_het_teleport_mw_rb_yb_rb_er Starting Mw-to-Er teleportation trial 2656 at 159300000053499500.
159,360,000,053,499,500 WARNING main_het_teleport_mw_rb_yb_rb_er Mw-to-Er teleportation trial 2656 succeeded (completed=True, direct match=True, latency=4.178216375 seconds).
159,360,000,053,499,500 WARNING main_het_teleport_mw_rb_yb_rb_er Starting Mw-to-Er teleportation trial 2657 at 159360000053499500.
159,420,000,053,499,500 WARNING main_het_teleport_mw_rb_yb_rb_er Mw-to-Er teleportation trial 2657 succeeded (completed=True, direct match=True, latency=4.1735361875 seconds).
159,420,000,053,499,500 WARNING main_het_teleport_mw_rb_yb_rb_er Starting Mw-to-Er teleportation trial 2658 at 159420000053499500.
159,480,000,053,499,500 WARNING main_het_teleport_mw_rb_yb_rb_er Mw-to-Er teleportation trial 2658 failed (completed=True, direct match=False, latency=1.4574675 seconds).
159,480,000,053,499,500 WARNING main_het_teleport_mw_rb_yb_rb_er Starting Mw-to-Er teleportation trial 2659 at 159480000053499500.
159,540,000,053,499,500 WARNING main_het_teleport_mw_rb_yb_rb_er Mw-to-Er teleportation trial 2659 succeeded (completed=True, direct match=True, latency=4.8919449375 seconds).
159,540,000,053,499,500 WARNING main_het_teleport_mw_rb_yb_rb_er Starting Mw-to-Er teleportation trial 2660 at 159540000053499500.
159,600,000,053,499,500 WARNING main_het_teleport_mw_rb_yb_rb_er Mw-to-Er teleportation trial 2660 failed (completed=True, direct match=False, latency=1.420026 seconds).
159,600,000,053,499,500 WARNING main_het_teleport_mw_rb_yb_rb_er Starting Mw-to-Er teleportation trial 2661 at 159600000053499500.
159,660,000,053,499,500 WARNING main_het_teleport_mw_rb_yb_rb_er Mw-to-Er teleportation trial 2661 failed (completed=True, direct match=False, latency=4.27707535 seconds).
159,660,000,053,499,500 WARNING main_het_teleport_mw_rb_yb_rb_er Starting Mw-to-Er teleportation trial 2662 at 159660000053499500.
159,720,000,053,499,500 WARNING main_het_teleport_mw_rb_yb_rb_er Mw-to-Er teleportation trial 2662 succeeded (completed=True, direct match=True, latency=4.193817 seconds).
159,720,000,053,499,500 WARNING main_het_teleport_mw_rb_yb_rb_er Starting Mw-to-Er teleportation trial 2663 at 159720000053499500.
159,780,000,053,499,500 WARNING main_het_teleport_mw_rb_yb_rb_er Mw-to-Er teleportation trial 2663 succeeded (completed=True, direct match=True, latency=9.12283425 seconds).
159,780,000,053,499,500 WARNING main_het_teleport_mw_rb_yb_rb_er Starting Mw-to-Er teleportation trial 2664 at 159780000053499500.
159,840,000,053,499,500 WARNING main_het_teleport_mw_rb_yb_rb_er Mw-to-Er teleportation trial 2664 failed (completed=True, direct match=False, latency=2.1150338125 seconds).
159,840,000,053,499,500 WARNING main_het_teleport_mw_rb_yb_rb_er Starting Mw-to-Er teleportation trial 2665 at 159840000053499500.
159,900,000,053,499,500 WARNING main_het_teleport_mw_rb_yb_rb_er Mw-to-Er teleportation trial 2665 failed (completed=True, direct match=False, latency=7.0253303125 seconds).
159,900,000,053,499,500 WARNING main_het_teleport_mw_rb_yb_rb_er Starting Mw-to-Er teleportation trial 2666 at 159900000053499500.
159,960,000,053,499,500 WARNING main_het_teleport_mw_rb_yb_rb_er Mw-to-Er teleportation trial 2666 succeeded (completed=True, direct match=True, latency=3.5362506875 seconds).
159,960,000,053,499,500 WARNING main_het_teleport_mw_rb_yb_rb_er Starting Mw-to-Er teleportation trial 2667 at 159960000053499500.
160,020,000,053,499,500 WARNING main_het_teleport_mw_rb_yb_rb_er Mw-to-Er teleportation trial 2667 failed (completed=True, direct match=False, latency=10.4551275625 seconds).
160,020,000,053,499,500 WARNING main_het_teleport_mw_rb_yb_rb_er Starting Mw-to-Er teleportation trial 2668 at 160020000053499500.
160,080,000,053,499,500 WARNING main_het_teleport_mw_rb_yb_rb_er Mw-to-Er teleportation trial 2668 succeeded (completed=True, direct match=True, latency=1.3241973875 seconds).
160,080,000,053,499,500 WARNING main_het_teleport_mw_rb_yb_rb_er Starting Mw-to-Er teleportation trial 2669 at 160080000053499500.
160,140,000,053,499,500 WARNING main_het_teleport_mw_rb_yb_rb_er Mw-to-Er teleportation trial 2669 succeeded (completed=True, direct match=True, latency=3.522210125 seconds).
160,140,000,053,499,500 WARNING main_het_teleport_mw_rb_yb_rb_er Starting Mw-to-Er teleportation trial 2670 at 160140000053499500.
160,200,000,053,499,500 WARNING main_het_teleport_mw_rb_yb_rb_er Mw-to-Er teleportation trial 2670 succeeded (completed=True, direct match=True, latency=1.4153458125 seconds).
160,200,000,053,499,500 WARNING main_het_teleport_mw_rb_yb_rb_er Starting Mw-to-Er teleportation trial 2671 at 160200000053499500.
160,260,000,053,499,500 WARNING main_het_teleport_mw_rb_yb_rb_er Mw-to-Er teleportation trial 2671 succeeded (completed=True, direct match=True, latency=2.129074375 seconds).
160,260,000,053,499,500 WARNING main_het_teleport_mw_rb_yb_rb_er Starting Mw-to-Er teleportation trial 2672 at 160260000053499500.
160,320,000,053,499,500 WARNING main_het_teleport_mw_rb_yb_rb_er Mw-to-Er teleportation trial 2672 succeeded (completed=True, direct match=True, latency=2.888936775 seconds).
160,320,000,053,499,500 WARNING main_het_teleport_mw_rb_yb_rb_er Starting Mw-to-Er teleportation trial 2673 at 160320000053499500.
160,380,000,053,499,500 WARNING main_het_teleport_mw_rb_yb_rb_er Mw-to-Er teleportation trial 2673 failed (completed=True, direct match=False, latency=2.2034613 seconds).
160,380,000,053,499,500 WARNING main_het_teleport_mw_rb_yb_rb_er Starting Mw-to-Er teleportation trial 2674 at 160380000053499500.
160,440,000,053,499,500 WARNING main_het_teleport_mw_rb_yb_rb_er Mw-to-Er teleportation trial 2674 succeeded (completed=True, direct match=True, latency=8.4215861875 seconds).
160,440,000,053,499,500 WARNING main_het_teleport_mw_rb_yb_rb_er Starting Mw-to-Er teleportation trial 2675 at 160440000053499500.
160,500,000,053,499,500 WARNING main_het_teleport_mw_rb_yb_rb_er Mw-to-Er teleportation trial 2675 succeeded (completed=True, direct match=True, latency=4.271820125 seconds).
160,500,000,053,499,500 WARNING main_het_teleport_mw_rb_yb_rb_er Starting Mw-to-Er teleportation trial 2676 at 160500000053499500.
160,560,000,053,499,500 WARNING main_het_teleport_mw_rb_yb_rb_er Mw-to-Er teleportation trial 2676 succeeded (completed=True, direct match=True, latency=3.640785425 seconds).
160,560,000,053,499,500 WARNING main_het_teleport_mw_rb_yb_rb_er Starting Mw-to-Er teleportation trial 2677 at 160560000053499500.
160,620,000,053,499,500 WARNING main_het_teleport_mw_rb_yb_rb_er Mw-to-Er teleportation trial 2677 succeeded (completed=True, direct match=True, latency=0.648575125 seconds).
160,620,000,053,499,500 WARNING main_het_teleport_mw_rb_yb_rb_er Starting Mw-to-Er teleportation trial 2678 at 160620000053499500.
160,680,000,053,499,500 WARNING main_het_teleport_mw_rb_yb_rb_er Mw-to-Er teleportation trial 2678 succeeded (completed=True, direct match=True, latency=7.72345825 seconds).
160,680,000,053,499,500 WARNING main_het_teleport_mw_rb_yb_rb_er Starting Mw-to-Er teleportation trial 2679 at 160680000053499500.
160,740,000,053,499,500 WARNING main_het_teleport_mw_rb_yb_rb_er Mw-to-Er teleportation trial 2679 succeeded (completed=True, direct match=True, latency=4.971508125 seconds).
160,740,000,053,499,500 WARNING main_het_teleport_mw_rb_yb_rb_er Starting Mw-to-Er teleportation trial 2680 at 160740000053499500.
160,800,000,053,499,500 WARNING main_het_teleport_mw_rb_yb_rb_er Mw-to-Er teleportation trial 2680 succeeded (completed=True, direct match=True, latency=9.813161875 seconds).
160,800,000,053,499,500 WARNING main_het_teleport_mw_rb_yb_rb_er Starting Mw-to-Er teleportation trial 2681 at 160800000053499500.
160,860,000,053,499,500 WARNING main_het_teleport_mw_rb_yb_rb_er Mw-to-Er teleportation trial 2681 succeeded (completed=True, direct match=True, latency=1.44349265 seconds).
160,860,000,053,499,500 WARNING main_het_teleport_mw_rb_yb_rb_er Starting Mw-to-Er teleportation trial 2682 at 160860000053499500.
160,920,000,053,499,500 WARNING main_het_teleport_mw_rb_yb_rb_er Mw-to-Er teleportation trial 2682 succeeded (completed=True, direct match=True, latency=14.7265785 seconds).
160,920,000,053,499,500 WARNING main_het_teleport_mw_rb_yb_rb_er Starting Mw-to-Er teleportation trial 2683 at 160920000053499500.
160,980,000,053,499,500 WARNING main_het_teleport_mw_rb_yb_rb_er Mw-to-Er teleportation trial 2683 succeeded (completed=True, direct match=True, latency=2.778840375 seconds).
160,980,000,053,499,500 WARNING main_het_teleport_mw_rb_yb_rb_er Starting Mw-to-Er teleportation trial 2684 at 160980000053499500.
161,040,000,053,499,500 WARNING main_het_teleport_mw_rb_yb_rb_er Mw-to-Er teleportation trial 2684 succeeded (completed=True, direct match=True, latency=1.4559074375 seconds).
161,040,000,053,499,500 WARNING main_het_teleport_mw_rb_yb_rb_er Starting Mw-to-Er teleportation trial 2685 at 161040000053499500.
161,100,000,053,499,500 WARNING main_het_teleport_mw_rb_yb_rb_er Mw-to-Er teleportation trial 2685 succeeded (completed=True, direct match=True, latency=7.720338125 seconds).
161,100,000,053,499,500 WARNING main_het_teleport_mw_rb_yb_rb_er Starting Mw-to-Er teleportation trial 2686 at 161100000053499500.
161,160,000,053,499,500 WARNING main_het_teleport_mw_rb_yb_rb_er Mw-to-Er teleportation trial 2686 succeeded (completed=True, direct match=True, latency=2.1774363125 seconds).
161,160,000,053,499,500 WARNING main_het_teleport_mw_rb_yb_rb_er Starting Mw-to-Er teleportation trial 2687 at 161160000053499500.
161,220,000,053,499,500 WARNING main_het_teleport_mw_rb_yb_rb_er Mw-to-Er teleportation trial 2687 succeeded (completed=True, direct match=True, latency=6.9598076875 seconds).
161,220,000,053,499,500 WARNING main_het_teleport_mw_rb_yb_rb_er Starting Mw-to-Er teleportation trial 2688 at 161220000053499500.
161,280,000,053,499,500 WARNING main_het_teleport_mw_rb_yb_rb_er Mw-to-Er teleportation trial 2688 succeeded (completed=True, direct match=True, latency=2.2505420125 seconds).
161,280,000,053,499,500 WARNING main_het_teleport_mw_rb_yb_rb_er Starting Mw-to-Er teleportation trial 2689 at 161280000053499500.
161,340,000,053,499,500 WARNING main_het_teleport_mw_rb_yb_rb_er Mw-to-Er teleportation trial 2689 succeeded (completed=True, direct match=True, latency=5.5198700625 seconds).
161,340,000,053,499,500 WARNING main_het_teleport_mw_rb_yb_rb_er Starting Mw-to-Er teleportation trial 2690 at 161340000053499500.
161,400,000,087,937,000 WARNING main_het_teleport_mw_rb_yb_rb_er Mw-to-Er teleportation trial 2690 failed (completed=False, direct match=False, latency=None seconds).
161,400,000,087,937,000 WARNING main_het_teleport_mw_rb_yb_rb_er Starting Mw-to-Er teleportation trial 2691 at 161400000087937000.
161,460,000,087,937,000 WARNING main_het_teleport_mw_rb_yb_rb_er Mw-to-Er teleportation trial 2691 failed (completed=True, direct match=False, latency=2.76323975 seconds).
161,460,000,087,937,000 WARNING main_het_teleport_mw_rb_yb_rb_er Starting Mw-to-Er teleportation trial 2692 at 161460000087937000.
161,520,000,087,937,000 WARNING main_het_teleport_mw_rb_yb_rb_er Mw-to-Er teleportation trial 2692 succeeded (completed=True, direct match=True, latency=3.7063143 seconds).
161,520,000,087,937,000 WARNING main_het_teleport_mw_rb_yb_rb_er Starting Mw-to-Er teleportation trial 2693 at 161520000087937000.
161,580,000,087,937,000 WARNING main_het_teleport_mw_rb_yb_rb_er Mw-to-Er teleportation trial 2693 succeeded (completed=True, direct match=True, latency=9.81004175 seconds).
161,580,000,087,937,000 WARNING main_het_teleport_mw_rb_yb_rb_er Starting Mw-to-Er teleportation trial 2694 at 161580000087937000.
161,640,000,087,937,000 WARNING main_het_teleport_mw_rb_yb_rb_er Mw-to-Er teleportation trial 2694 failed (completed=True, direct match=False, latency=4.2047374375 seconds).
161,640,000,087,937,000 WARNING main_het_teleport_mw_rb_yb_rb_er Starting Mw-to-Er teleportation trial 2695 at 161640000087937000.
161,700,000,087,937,000 WARNING main_het_teleport_mw_rb_yb_rb_er Mw-to-Er teleportation trial 2695 succeeded (completed=True, direct match=True, latency=6.9941290625 seconds).
161,700,000,087,937,000 WARNING main_het_teleport_mw_rb_yb_rb_er Starting Mw-to-Er teleportation trial 2696 at 161700000087937000.
161,760,000,087,937,000 WARNING main_het_teleport_mw_rb_yb_rb_er Mw-to-Er teleportation trial 2696 succeeded (completed=True, direct match=True, latency=2.9354689125 seconds).
161,760,000,087,937,000 WARNING main_het_teleport_mw_rb_yb_rb_er Starting Mw-to-Er teleportation trial 2697 at 161760000087937000.
161,820,000,087,937,000 WARNING main_het_teleport_mw_rb_yb_rb_er Mw-to-Er teleportation trial 2697 succeeded (completed=True, direct match=True, latency=5.6041134375 seconds).
161,820,000,087,937,000 WARNING main_het_teleport_mw_rb_yb_rb_er Starting Mw-to-Er teleportation trial 2698 at 161820000087937000.
161,880,000,087,937,000 WARNING main_het_teleport_mw_rb_yb_rb_er Mw-to-Er teleportation trial 2698 succeeded (completed=True, direct match=True, latency=4.934066625 seconds).
161,880,000,087,937,000 WARNING main_het_teleport_mw_rb_yb_rb_er Starting Mw-to-Er teleportation trial 2699 at 161880000087937000.
161,940,000,087,937,000 WARNING main_het_teleport_mw_rb_yb_rb_er Mw-to-Er teleportation trial 2699 succeeded (completed=True, direct match=True, latency=6.3194020625 seconds).
161,940,000,087,937,000 WARNING main_het_teleport_mw_rb_yb_rb_er Starting Mw-to-Er teleportation trial 2700 at 161940000087937000.
162,000,000,087,937,000 WARNING main_het_teleport_mw_rb_yb_rb_er Mw-to-Er teleportation trial 2700 succeeded (completed=True, direct match=True, latency=7.7687000625 seconds).
162,000,000,087,937,000 WARNING main_het_teleport_mw_rb_yb_rb_er Starting Mw-to-Er teleportation trial 2701 at 162000000087937000.
162,060,000,087,937,000 WARNING main_het_teleport_mw_rb_yb_rb_er Mw-to-Er teleportation trial 2701 succeeded (completed=True, direct match=True, latency=3.444207 seconds).
162,060,000,087,937,000 WARNING main_het_teleport_mw_rb_yb_rb_er Starting Mw-to-Er teleportation trial 2702 at 162060000087937000.
162,120,000,087,937,000 WARNING main_het_teleport_mw_rb_yb_rb_er Mw-to-Er teleportation trial 2702 succeeded (completed=True, direct match=True, latency=5.6197140625 seconds).
162,120,000,087,937,000 WARNING main_het_teleport_mw_rb_yb_rb_er Starting Mw-to-Er teleportation trial 2703 at 162120000087937000.
162,180,000,087,937,000 WARNING main_het_teleport_mw_rb_yb_rb_er Mw-to-Er teleportation trial 2703 failed (completed=True, direct match=False, latency=8.4293865 seconds).
162,180,000,087,937,000 WARNING main_het_teleport_mw_rb_yb_rb_er Starting Mw-to-Er teleportation trial 2704 at 162180000087937000.
162,240,000,087,937,000 WARNING main_het_teleport_mw_rb_yb_rb_er Mw-to-Er teleportation trial 2704 succeeded (completed=True, direct match=True, latency=2.8463965875 seconds).
162,240,000,087,937,000 WARNING main_het_teleport_mw_rb_yb_rb_er Starting Mw-to-Er teleportation trial 2705 at 162240000087937000.
162,300,000,087,937,000 WARNING main_het_teleport_mw_rb_yb_rb_er Mw-to-Er teleportation trial 2705 succeeded (completed=True, direct match=True, latency=2.20647365 seconds).
162,300,000,087,937,000 WARNING main_het_teleport_mw_rb_yb_rb_er Starting Mw-to-Er teleportation trial 2706 at 162300000087937000.
162,360,000,087,937,000 WARNING main_het_teleport_mw_rb_yb_rb_er Mw-to-Er teleportation trial 2706 succeeded (completed=True, direct match=True, latency=22.3810248125 seconds).
162,360,000,087,937,000 WARNING main_het_teleport_mw_rb_yb_rb_er Starting Mw-to-Er teleportation trial 2707 at 162360000087937000.
162,420,000,087,937,000 WARNING main_het_teleport_mw_rb_yb_rb_er Mw-to-Er teleportation trial 2707 succeeded (completed=True, direct match=True, latency=8.4777484375 seconds).
162,420,000,087,937,000 WARNING main_het_teleport_mw_rb_yb_rb_er Starting Mw-to-Er teleportation trial 2708 at 162420000087937000.
162,480,000,087,937,000 WARNING main_het_teleport_mw_rb_yb_rb_er Mw-to-Er teleportation trial 2708 failed (completed=True, direct match=False, latency=4.1641758125 seconds).
162,480,000,087,937,000 WARNING main_het_teleport_mw_rb_yb_rb_er Starting Mw-to-Er teleportation trial 2709 at 162480000087937000.
162,540,000,087,937,000 WARNING main_het_teleport_mw_rb_yb_rb_er Mw-to-Er teleportation trial 2709 failed (completed=True, direct match=False, latency=6.442647 seconds).
162,540,000,087,937,000 WARNING main_het_teleport_mw_rb_yb_rb_er Starting Mw-to-Er teleportation trial 2710 at 162540000087937000.
162,600,000,087,937,000 WARNING main_het_teleport_mw_rb_yb_rb_er Mw-to-Er teleportation trial 2710 succeeded (completed=True, direct match=True, latency=2.0027093125 seconds).
162,600,000,087,937,000 WARNING main_het_teleport_mw_rb_yb_rb_er Starting Mw-to-Er teleportation trial 2711 at 162600000087937000.
162,660,000,087,937,000 WARNING main_het_teleport_mw_rb_yb_rb_er Mw-to-Er teleportation trial 2711 succeeded (completed=True, direct match=True, latency=3.5019293125 seconds).
162,660,000,087,937,000 WARNING main_het_teleport_mw_rb_yb_rb_er Starting Mw-to-Er teleportation trial 2712 at 162660000087937000.
162,720,000,087,937,000 WARNING main_het_teleport_mw_rb_yb_rb_er Mw-to-Er teleportation trial 2712 succeeded (completed=True, direct match=True, latency=2.22136695 seconds).
162,720,000,087,937,000 WARNING main_het_teleport_mw_rb_yb_rb_er Starting Mw-to-Er teleportation trial 2713 at 162720000087937000.
162,780,000,087,937,000 WARNING main_het_teleport_mw_rb_yb_rb_er Mw-to-Er teleportation trial 2713 succeeded (completed=True, direct match=True, latency=1.4075455 seconds).
162,780,000,087,937,000 WARNING main_het_teleport_mw_rb_yb_rb_er Starting Mw-to-Er teleportation trial 2714 at 162780000087937000.
162,840,000,087,937,000 WARNING main_het_teleport_mw_rb_yb_rb_er Mw-to-Er teleportation trial 2714 succeeded (completed=True, direct match=True, latency=13.27104025 seconds).
162,840,000,087,937,000 WARNING main_het_teleport_mw_rb_yb_rb_er Starting Mw-to-Er teleportation trial 2715 at 162840000087937000.
162,900,000,087,937,000 WARNING main_het_teleport_mw_rb_yb_rb_er Mw-to-Er teleportation trial 2715 succeeded (completed=True, direct match=True, latency=4.193817 seconds).
162,900,000,087,937,000 WARNING main_het_teleport_mw_rb_yb_rb_er Starting Mw-to-Er teleportation trial 2716 at 162900000087937000.
162,960,000,087,937,000 WARNING main_het_teleport_mw_rb_yb_rb_er Mw-to-Er teleportation trial 2716 succeeded (completed=True, direct match=True, latency=3.52533025 seconds).
162,960,000,087,937,000 WARNING main_het_teleport_mw_rb_yb_rb_er Starting Mw-to-Er teleportation trial 2717 at 162960000087937000.
163,020,000,087,937,000 WARNING main_het_teleport_mw_rb_yb_rb_er Mw-to-Er teleportation trial 2717 succeeded (completed=True, direct match=True, latency=4.9137858125 seconds).
163,020,000,087,937,000 WARNING main_het_teleport_mw_rb_yb_rb_er Starting Mw-to-Er teleportation trial 2718 at 163020000087937000.
163,080,000,087,937,000 WARNING main_het_teleport_mw_rb_yb_rb_er Mw-to-Er teleportation trial 2718 succeeded (completed=True, direct match=True, latency=2.1275143125 seconds).
163,080,000,087,937,000 WARNING main_het_teleport_mw_rb_yb_rb_er Starting Mw-to-Er teleportation trial 2719 at 163080000087937000.
163,140,000,087,937,000 WARNING main_het_teleport_mw_rb_yb_rb_er Mw-to-Er teleportation trial 2719 succeeded (completed=True, direct match=True, latency=2.1119136875 seconds).
163,140,000,087,937,000 WARNING main_het_teleport_mw_rb_yb_rb_er Starting Mw-to-Er teleportation trial 2720 at 163140000087937000.
163,200,000,087,937,000 WARNING main_het_teleport_mw_rb_yb_rb_er Mw-to-Er teleportation trial 2720 succeeded (completed=True, direct match=True, latency=7.6797765 seconds).
163,200,000,087,937,000 WARNING main_het_teleport_mw_rb_yb_rb_er Starting Mw-to-Er teleportation trial 2721 at 163200000087937000.
163,260,000,087,937,000 WARNING main_het_teleport_mw_rb_yb_rb_er Mw-to-Er teleportation trial 2721 succeeded (completed=True, direct match=True, latency=4.215657875 seconds).
163,260,000,087,937,000 WARNING main_het_teleport_mw_rb_yb_rb_er Starting Mw-to-Er teleportation trial 2722 at 163260000087937000.
163,320,000,087,937,000 WARNING main_het_teleport_mw_rb_yb_rb_er Mw-to-Er teleportation trial 2722 succeeded (completed=True, direct match=True, latency=4.1579355625 seconds).
163,320,000,087,937,000 WARNING main_het_teleport_mw_rb_yb_rb_er Starting Mw-to-Er teleportation trial 2723 at 163320000087937000.
163,380,000,087,937,000 WARNING main_het_teleport_mw_rb_yb_rb_er Mw-to-Er teleportation trial 2723 failed (completed=True, direct match=False, latency=2.097873125 seconds).
163,380,000,087,937,000 WARNING main_het_teleport_mw_rb_yb_rb_er Starting Mw-to-Er teleportation trial 2724 at 163380000087937000.
163,440,000,087,937,000 WARNING main_het_teleport_mw_rb_yb_rb_er Mw-to-Er teleportation trial 2724 succeeded (completed=True, direct match=True, latency=11.7780605 seconds).
163,440,000,087,937,000 WARNING main_het_teleport_mw_rb_yb_rb_er Starting Mw-to-Er teleportation trial 2725 at 163440000087937000.
163,500,000,087,937,000 WARNING main_het_teleport_mw_rb_yb_rb_er Mw-to-Er teleportation trial 2725 succeeded (completed=True, direct match=True, latency=7.020650125 seconds).
163,500,000,087,937,000 WARNING main_het_teleport_mw_rb_yb_rb_er Starting Mw-to-Er teleportation trial 2726 at 163500000087937000.
163,560,000,087,937,000 WARNING main_het_teleport_mw_rb_yb_rb_er Mw-to-Er teleportation trial 2726 failed (completed=True, direct match=False, latency=3.51909 seconds).
163,560,000,087,937,000 WARNING main_het_teleport_mw_rb_yb_rb_er Starting Mw-to-Er teleportation trial 2727 at 163560000087937000.
163,620,000,087,937,000 WARNING main_het_teleport_mw_rb_yb_rb_er Mw-to-Er teleportation trial 2727 succeeded (completed=True, direct match=True, latency=2.0963130625 seconds).
163,620,000,087,937,000 WARNING main_het_teleport_mw_rb_yb_rb_er Starting Mw-to-Er teleportation trial 2728 at 163620000087937000.
163,680,000,087,937,000 WARNING main_het_teleport_mw_rb_yb_rb_er Mw-to-Er teleportation trial 2728 failed (completed=True, direct match=False, latency=2.847483125 seconds).
163,680,000,087,937,000 WARNING main_het_teleport_mw_rb_yb_rb_er Starting Mw-to-Er teleportation trial 2729 at 163680000087937000.
163,740,000,087,937,000 WARNING main_het_teleport_mw_rb_yb_rb_er Mw-to-Er teleportation trial 2729 succeeded (completed=True, direct match=True, latency=2.2313012375 seconds).
163,740,000,087,937,000 WARNING main_het_teleport_mw_rb_yb_rb_er Starting Mw-to-Er teleportation trial 2730 at 163740000087937000.
163,800,000,087,937,000 WARNING main_het_teleport_mw_rb_yb_rb_er Mw-to-Er teleportation trial 2730 succeeded (completed=True, direct match=True, latency=4.9481071875 seconds).
163,800,000,087,937,000 WARNING main_het_teleport_mw_rb_yb_rb_er Starting Mw-to-Er teleportation trial 2731 at 163800000087937000.
163,860,000,087,937,000 WARNING main_het_teleport_mw_rb_yb_rb_er Mw-to-Er teleportation trial 2731 succeeded (completed=True, direct match=True, latency=4.7608996875 seconds).
163,860,000,087,937,000 WARNING main_het_teleport_mw_rb_yb_rb_er Starting Mw-to-Er teleportation trial 2732 at 163860000087937000.
163,920,000,087,937,000 WARNING main_het_teleport_mw_rb_yb_rb_er Mw-to-Er teleportation trial 2732 succeeded (completed=True, direct match=True, latency=5.5978731875 seconds).
163,920,000,087,937,000 WARNING main_het_teleport_mw_rb_yb_rb_er Starting Mw-to-Er teleportation trial 2733 at 163920000087937000.
163,980,000,087,937,000 WARNING main_het_teleport_mw_rb_yb_rb_er Mw-to-Er teleportation trial 2733 succeeded (completed=True, direct match=True, latency=2.1306344375 seconds).
163,980,000,087,937,000 WARNING main_het_teleport_mw_rb_yb_rb_er Starting Mw-to-Er teleportation trial 2734 at 163980000087937000.
164,040,000,087,937,000 WARNING main_het_teleport_mw_rb_yb_rb_er Mw-to-Er teleportation trial 2734 succeeded (completed=True, direct match=True, latency=3.5237701875 seconds).
164,040,000,087,937,000 WARNING main_het_teleport_mw_rb_yb_rb_er Starting Mw-to-Er teleportation trial 2735 at 164040000087937000.
164,100,000,087,937,000 WARNING main_het_teleport_mw_rb_yb_rb_er Mw-to-Er teleportation trial 2735 succeeded (completed=True, direct match=True, latency=3.5112896875 seconds).
164,100,000,087,937,000 WARNING main_het_teleport_mw_rb_yb_rb_er Starting Mw-to-Er teleportation trial 2736 at 164100000087937000.
164,160,000,087,937,000 WARNING main_het_teleport_mw_rb_yb_rb_er Mw-to-Er teleportation trial 2736 failed (completed=True, direct match=False, latency=1.4623553 seconds).
164,160,000,087,937,000 WARNING main_het_teleport_mw_rb_yb_rb_er Starting Mw-to-Er teleportation trial 2737 at 164160000087937000.
164,220,000,087,937,000 WARNING main_het_teleport_mw_rb_yb_rb_er Mw-to-Er teleportation trial 2737 succeeded (completed=True, direct match=True, latency=5.6134738125 seconds).
164,220,000,087,937,000 WARNING main_het_teleport_mw_rb_yb_rb_er Starting Mw-to-Er teleportation trial 2738 at 164220000087937000.
164,280,000,087,937,000 WARNING main_het_teleport_mw_rb_yb_rb_er Mw-to-Er teleportation trial 2738 succeeded (completed=True, direct match=True, latency=4.915345875 seconds).
164,280,000,087,937,000 WARNING main_het_teleport_mw_rb_yb_rb_er Starting Mw-to-Er teleportation trial 2739 at 164280000087937000.
164,340,000,087,937,000 WARNING main_het_teleport_mw_rb_yb_rb_er Mw-to-Er teleportation trial 2739 succeeded (completed=True, direct match=True, latency=5.6353146875 seconds).
164,340,000,087,937,000 WARNING main_het_teleport_mw_rb_yb_rb_er Starting Mw-to-Er teleportation trial 2740 at 164340000087937000.
164,400,000,087,937,000 WARNING main_het_teleport_mw_rb_yb_rb_er Mw-to-Er teleportation trial 2740 succeeded (completed=True, direct match=True, latency=6.31160175 seconds).
164,400,000,087,937,000 WARNING main_het_teleport_mw_rb_yb_rb_er Starting Mw-to-Er teleportation trial 2741 at 164400000087937000.
164,460,000,087,937,000 WARNING main_het_teleport_mw_rb_yb_rb_er Mw-to-Er teleportation trial 2741 succeeded (completed=True, direct match=True, latency=11.918466125 seconds).
164,460,000,087,937,000 WARNING main_het_teleport_mw_rb_yb_rb_er Starting Mw-to-Er teleportation trial 2742 at 164460000087937000.
164,520,000,087,937,000 WARNING main_het_teleport_mw_rb_yb_rb_er Mw-to-Er teleportation trial 2742 succeeded (completed=True, direct match=True, latency=2.8240821875 seconds).
164,520,000,087,937,000 WARNING main_het_teleport_mw_rb_yb_rb_er Starting Mw-to-Er teleportation trial 2743 at 164520000087937000.
164,580,000,087,937,000 WARNING main_het_teleport_mw_rb_yb_rb_er Mw-to-Er teleportation trial 2743 succeeded (completed=True, direct match=True, latency=4.9044254375 seconds).
164,580,000,087,937,000 WARNING main_het_teleport_mw_rb_yb_rb_er Starting Mw-to-Er teleportation trial 2744 at 164580000087937000.
164,640,000,087,937,000 WARNING main_het_teleport_mw_rb_yb_rb_er Mw-to-Er teleportation trial 2744 succeeded (completed=True, direct match=True, latency=18.94342725 seconds).
164,640,000,087,937,000 WARNING main_het_teleport_mw_rb_yb_rb_er Starting Mw-to-Er teleportation trial 2745 at 164640000087937000.
164,700,000,087,937,000 WARNING main_het_teleport_mw_rb_yb_rb_er Mw-to-Er teleportation trial 2745 succeeded (completed=True, direct match=True, latency=0.698497125 seconds).
164,700,000,087,937,000 WARNING main_het_teleport_mw_rb_yb_rb_er Starting Mw-to-Er teleportation trial 2746 at 164700000087937000.
164,760,000,087,937,000 WARNING main_het_teleport_mw_rb_yb_rb_er Mw-to-Er teleportation trial 2746 failed (completed=True, direct match=False, latency=6.302241375 seconds).
164,760,000,087,937,000 WARNING main_het_teleport_mw_rb_yb_rb_er Starting Mw-to-Er teleportation trial 2747 at 164760000087937000.
164,820,000,087,937,000 WARNING main_het_teleport_mw_rb_yb_rb_er Mw-to-Er teleportation trial 2747 succeeded (completed=True, direct match=True, latency=2.8708840625 seconds).
164,820,000,087,937,000 WARNING main_het_teleport_mw_rb_yb_rb_er Starting Mw-to-Er teleportation trial 2748 at 164820000087937000.
164,880,000,087,937,000 WARNING main_het_teleport_mw_rb_yb_rb_er Mw-to-Er teleportation trial 2748 succeeded (completed=True, direct match=True, latency=7.72345825 seconds).
164,880,000,087,937,000 WARNING main_het_teleport_mw_rb_yb_rb_er Starting Mw-to-Er teleportation trial 2749 at 164880000087937000.
164,940,000,087,937,000 WARNING main_het_teleport_mw_rb_yb_rb_er Mw-to-Er teleportation trial 2749 succeeded (completed=True, direct match=True, latency=4.9418669375 seconds).
164,940,000,087,937,000 WARNING main_het_teleport_mw_rb_yb_rb_er Starting Mw-to-Er teleportation trial 2750 at 164940000087937000.
165,000,000,087,937,000 WARNING main_het_teleport_mw_rb_yb_rb_er Mw-to-Er teleportation trial 2750 succeeded (completed=True, direct match=True, latency=6.9660479375 seconds).
165,000,000,087,937,000 WARNING main_het_teleport_mw_rb_yb_rb_er Starting Mw-to-Er teleportation trial 2751 at 165000000087937000.
165,060,000,087,937,000 WARNING main_het_teleport_mw_rb_yb_rb_er Mw-to-Er teleportation trial 2751 succeeded (completed=True, direct match=True, latency=6.320962125 seconds).
165,060,000,087,937,000 WARNING main_het_teleport_mw_rb_yb_rb_er Starting Mw-to-Er teleportation trial 2752 at 165060000087937000.
165,120,000,087,937,000 WARNING main_het_teleport_mw_rb_yb_rb_er Mw-to-Er teleportation trial 2752 failed (completed=True, direct match=False, latency=4.215657875 seconds).
165,120,000,087,937,000 WARNING main_het_teleport_mw_rb_yb_rb_er Starting Mw-to-Er teleportation trial 2753 at 165120000087937000.
165,180,000,087,937,000 WARNING main_het_teleport_mw_rb_yb_rb_er Mw-to-Er teleportation trial 2753 succeeded (completed=True, direct match=True, latency=3.4364066875 seconds).
165,180,000,087,937,000 WARNING main_het_teleport_mw_rb_yb_rb_er Starting Mw-to-Er teleportation trial 2754 at 165180000087937000.
165,240,000,087,937,000 WARNING main_het_teleport_mw_rb_yb_rb_er Mw-to-Er teleportation trial 2754 succeeded (completed=True, direct match=True, latency=7.0222101875 seconds).
165,240,000,087,937,000 WARNING main_het_teleport_mw_rb_yb_rb_er Starting Mw-to-Er teleportation trial 2755 at 165240000087937000.
165,300,000,087,937,000 WARNING main_het_teleport_mw_rb_yb_rb_er Mw-to-Er teleportation trial 2755 succeeded (completed=True, direct match=True, latency=13.3022415 seconds).
165,300,000,087,937,000 WARNING main_het_teleport_mw_rb_yb_rb_er Starting Mw-to-Er teleportation trial 2756 at 165300000087937000.
165,360,000,087,937,000 WARNING main_het_teleport_mw_rb_yb_rb_er Mw-to-Er teleportation trial 2756 succeeded (completed=True, direct match=True, latency=0.7218980625 seconds).
165,360,000,087,937,000 WARNING main_het_teleport_mw_rb_yb_rb_er Starting Mw-to-Er teleportation trial 2757 at 165360000087937000.
165,420,000,087,937,000 WARNING main_het_teleport_mw_rb_yb_rb_er Mw-to-Er teleportation trial 2757 failed (completed=True, direct match=False, latency=4.243739 seconds).
165,420,000,087,937,000 WARNING main_het_teleport_mw_rb_yb_rb_er Starting Mw-to-Er teleportation trial 2758 at 165420000087937000.
165,480,000,087,937,000 WARNING main_het_teleport_mw_rb_yb_rb_er Mw-to-Er teleportation trial 2758 succeeded (completed=True, direct match=True, latency=4.952787375 seconds).
165,480,000,087,937,000 WARNING main_het_teleport_mw_rb_yb_rb_er Starting Mw-to-Er teleportation trial 2759 at 165480000087937000.
165,540,000,087,937,000 WARNING main_het_teleport_mw_rb_yb_rb_er Mw-to-Er teleportation trial 2759 succeeded (completed=True, direct match=True, latency=4.2140978125 seconds).
165,540,000,087,937,000 WARNING main_het_teleport_mw_rb_yb_rb_er Starting Mw-to-Er teleportation trial 2760 at 165540000087937000.
165,600,000,087,937,000 WARNING main_het_teleport_mw_rb_yb_rb_er Mw-to-Er teleportation trial 2760 succeeded (completed=True, direct match=True, latency=2.1462350625 seconds).
165,600,000,087,937,000 WARNING main_het_teleport_mw_rb_yb_rb_er Starting Mw-to-Er teleportation trial 2761 at 165600000087937000.
165,660,000,087,937,000 WARNING main_het_teleport_mw_rb_yb_rb_er Mw-to-Er teleportation trial 2761 succeeded (completed=True, direct match=True, latency=7.0050495 seconds).
165,660,000,087,937,000 WARNING main_het_teleport_mw_rb_yb_rb_er Starting Mw-to-Er teleportation trial 2762 at 165660000087937000.
165,720,000,087,937,000 WARNING main_het_teleport_mw_rb_yb_rb_er Mw-to-Er teleportation trial 2762 failed (completed=True, direct match=False, latency=4.419404025 seconds).
165,720,000,087,937,000 WARNING main_het_teleport_mw_rb_yb_rb_er Starting Mw-to-Er teleportation trial 2763 at 165720000087937000.
165,780,000,087,937,000 WARNING main_het_teleport_mw_rb_yb_rb_er Mw-to-Er teleportation trial 2763 succeeded (completed=True, direct match=True, latency=4.3389761625 seconds).
165,780,000,087,937,000 WARNING main_het_teleport_mw_rb_yb_rb_er Starting Mw-to-Er teleportation trial 2764 at 165780000087937000.
165,840,000,087,937,000 WARNING main_het_teleport_mw_rb_yb_rb_er Mw-to-Er teleportation trial 2764 succeeded (completed=True, direct match=True, latency=7.726578375 seconds).
165,840,000,087,937,000 WARNING main_het_teleport_mw_rb_yb_rb_er Starting Mw-to-Er teleportation trial 2765 at 165840000087937000.
165,900,000,087,937,000 WARNING main_het_teleport_mw_rb_yb_rb_er Mw-to-Er teleportation trial 2765 succeeded (completed=True, direct match=True, latency=4.96214775 seconds).
165,900,000,087,937,000 WARNING main_het_teleport_mw_rb_yb_rb_er Starting Mw-to-Er teleportation trial 2766 at 165900000087937000.
165,960,000,087,937,000 WARNING main_het_teleport_mw_rb_yb_rb_er Mw-to-Er teleportation trial 2766 succeeded (completed=True, direct match=True, latency=4.1891368125 seconds).
165,960,000,087,937,000 WARNING main_het_teleport_mw_rb_yb_rb_er Starting Mw-to-Er teleportation trial 2767 at 165960000087937000.
166,020,000,087,937,000 WARNING main_het_teleport_mw_rb_yb_rb_er Mw-to-Er teleportation trial 2767 succeeded (completed=True, direct match=True, latency=7.001929375 seconds).
166,020,000,087,937,000 WARNING main_het_teleport_mw_rb_yb_rb_er Starting Mw-to-Er teleportation trial 2768 at 166020000087937000.
166,080,000,087,937,000 WARNING main_het_teleport_mw_rb_yb_rb_er Mw-to-Er teleportation trial 2768 succeeded (completed=True, direct match=True, latency=10.51597 seconds).
166,080,000,087,937,000 WARNING main_het_teleport_mw_rb_yb_rb_er Starting Mw-to-Er teleportation trial 2769 at 166080000087937000.
166,140,000,087,937,000 WARNING main_het_teleport_mw_rb_yb_rb_er Mw-to-Er teleportation trial 2769 succeeded (completed=True, direct match=True, latency=9.0931930625 seconds).
166,140,000,087,937,000 WARNING main_het_teleport_mw_rb_yb_rb_er Starting Mw-to-Er teleportation trial 2770 at 166140000087937000.
166,200,000,087,937,000 WARNING main_het_teleport_mw_rb_yb_rb_er Mw-to-Er teleportation trial 2770 succeeded (completed=True, direct match=True, latency=7.04873125 seconds).
166,200,000,087,937,000 WARNING main_het_teleport_mw_rb_yb_rb_er Starting Mw-to-Er teleportation trial 2771 at 166200000087937000.
166,260,000,087,937,000 WARNING main_het_teleport_mw_rb_yb_rb_er Mw-to-Er teleportation trial 2771 succeeded (completed=True, direct match=True, latency=5.615033875 seconds).
166,260,000,087,937,000 WARNING main_het_teleport_mw_rb_yb_rb_er Starting Mw-to-Er teleportation trial 2772 at 166260000087937000.
166,320,000,087,937,000 WARNING main_het_teleport_mw_rb_yb_rb_er Mw-to-Er teleportation trial 2772 succeeded (completed=True, direct match=True, latency=6.3802445 seconds).
166,320,000,087,937,000 WARNING main_het_teleport_mw_rb_yb_rb_er Starting Mw-to-Er teleportation trial 2773 at 166320000087937000.
166,380,000,087,937,000 WARNING main_het_teleport_mw_rb_yb_rb_er Mw-to-Er teleportation trial 2773 succeeded (completed=True, direct match=True, latency=3.5112896875 seconds).
166,380,000,087,937,000 WARNING main_het_teleport_mw_rb_yb_rb_er Starting Mw-to-Er teleportation trial 2774 at 166380000087937000.
166,440,000,087,937,000 WARNING main_het_teleport_mw_rb_yb_rb_er Mw-to-Er teleportation trial 2774 succeeded (completed=True, direct match=True, latency=4.2172179375 seconds).
166,440,000,087,937,000 WARNING main_het_teleport_mw_rb_yb_rb_er Starting Mw-to-Er teleportation trial 2775 at 166440000087937000.
166,500,000,087,937,000 WARNING main_het_teleport_mw_rb_yb_rb_er Mw-to-Er teleportation trial 2775 succeeded (completed=True, direct match=True, latency=7.0253303125 seconds).
166,500,000,087,937,000 WARNING main_het_teleport_mw_rb_yb_rb_er Starting Mw-to-Er teleportation trial 2776 at 166500000087937000.
166,560,000,087,937,000 WARNING main_het_teleport_mw_rb_yb_rb_er Mw-to-Er teleportation trial 2776 succeeded (completed=True, direct match=True, latency=4.21253775 seconds).
166,560,000,087,937,000 WARNING main_het_teleport_mw_rb_yb_rb_er Starting Mw-to-Er teleportation trial 2777 at 166560000087937000.
166,620,000,087,937,000 WARNING main_het_teleport_mw_rb_yb_rb_er Mw-to-Er teleportation trial 2777 succeeded (completed=True, direct match=True, latency=10.52221025 seconds).
166,620,000,087,937,000 WARNING main_het_teleport_mw_rb_yb_rb_er Starting Mw-to-Er teleportation trial 2778 at 166620000087937000.
166,680,000,087,937,000 WARNING main_het_teleport_mw_rb_yb_rb_er Mw-to-Er teleportation trial 2778 succeeded (completed=True, direct match=True, latency=4.9044254375 seconds).
166,680,000,087,937,000 WARNING main_het_teleport_mw_rb_yb_rb_er Starting Mw-to-Er teleportation trial 2779 at 166680000087937000.
166,740,000,087,937,000 WARNING main_het_teleport_mw_rb_yb_rb_er Mw-to-Er teleportation trial 2779 succeeded (completed=True, direct match=True, latency=6.302241375 seconds).
166,740,000,087,937,000 WARNING main_het_teleport_mw_rb_yb_rb_er Starting Mw-to-Er teleportation trial 2780 at 166740000087937000.
166,800,000,087,937,000 WARNING main_het_teleport_mw_rb_yb_rb_er Mw-to-Er teleportation trial 2780 succeeded (completed=True, direct match=True, latency=7.02377025 seconds).
166,800,000,087,937,000 WARNING main_het_teleport_mw_rb_yb_rb_er Starting Mw-to-Er teleportation trial 2781 at 166800000087937000.
166,860,000,087,937,000 WARNING main_het_teleport_mw_rb_yb_rb_er Mw-to-Er teleportation trial 2781 succeeded (completed=True, direct match=True, latency=3.5300104375 seconds).
166,860,000,087,937,000 WARNING main_het_teleport_mw_rb_yb_rb_er Starting Mw-to-Er teleportation trial 2782 at 166860000087937000.
166,920,000,087,937,000 WARNING main_het_teleport_mw_rb_yb_rb_er Mw-to-Er teleportation trial 2782 succeeded (completed=True, direct match=True, latency=0.7556477375 seconds).
166,920,000,087,937,000 WARNING main_het_teleport_mw_rb_yb_rb_er Starting Mw-to-Er teleportation trial 2783 at 166920000087937000.
166,980,000,087,937,000 WARNING main_het_teleport_mw_rb_yb_rb_er Mw-to-Er teleportation trial 2783 succeeded (completed=True, direct match=True, latency=1.478195925 seconds).
166,980,000,087,937,000 WARNING main_het_teleport_mw_rb_yb_rb_er Starting Mw-to-Er teleportation trial 2784 at 166980000087937000.
167,040,000,087,937,000 WARNING main_het_teleport_mw_rb_yb_rb_er Mw-to-Er teleportation trial 2784 failed (completed=True, direct match=False, latency=2.7148778125 seconds).
167,040,000,087,937,000 WARNING main_het_teleport_mw_rb_yb_rb_er Starting Mw-to-Er teleportation trial 2785 at 167040000087937000.
167,100,000,087,937,000 WARNING main_het_teleport_mw_rb_yb_rb_er Mw-to-Er teleportation trial 2785 succeeded (completed=True, direct match=True, latency=9.0151899375 seconds).
167,100,000,087,937,000 WARNING main_het_teleport_mw_rb_yb_rb_er Starting Mw-to-Er teleportation trial 2786 at 167100000087937000.
167,160,000,087,937,000 WARNING main_het_teleport_mw_rb_yb_rb_er Mw-to-Er teleportation trial 2786 succeeded (completed=True, direct match=True, latency=5.8655080625 seconds).
167,160,000,087,937,000 WARNING main_het_teleport_mw_rb_yb_rb_er Starting Mw-to-Er teleportation trial 2787 at 167160000087937000.
167,220,000,087,937,000 WARNING main_het_teleport_mw_rb_yb_rb_er Mw-to-Er teleportation trial 2787 succeeded (completed=True, direct match=True, latency=7.7374988125 seconds).
167,220,000,087,937,000 WARNING main_het_teleport_mw_rb_yb_rb_er Starting Mw-to-Er teleportation trial 2788 at 167220000087937000.
167,280,000,087,937,000 WARNING main_het_teleport_mw_rb_yb_rb_er Mw-to-Er teleportation trial 2788 succeeded (completed=True, direct match=True, latency=2.24641175 seconds).
167,280,000,087,937,000 WARNING main_het_teleport_mw_rb_yb_rb_er Starting Mw-to-Er teleportation trial 2789 at 167280000087937000.
167,340,000,087,937,000 WARNING main_het_teleport_mw_rb_yb_rb_er Mw-to-Er teleportation trial 2789 succeeded (completed=True, direct match=True, latency=8.34826325 seconds).
167,340,000,087,937,000 WARNING main_het_teleport_mw_rb_yb_rb_er Starting Mw-to-Er teleportation trial 2790 at 167340000087937000.
167,400,000,087,937,000 WARNING main_het_teleport_mw_rb_yb_rb_er Mw-to-Er teleportation trial 2790 succeeded (completed=True, direct match=True, latency=2.13843475 seconds).
167,400,000,087,937,000 WARNING main_het_teleport_mw_rb_yb_rb_er Starting Mw-to-Er teleportation trial 2791 at 167400000087937000.
167,460,000,087,937,000 WARNING main_het_teleport_mw_rb_yb_rb_er Mw-to-Er teleportation trial 2791 succeeded (completed=True, direct match=True, latency=1.4371866875 seconds).
167,460,000,087,937,000 WARNING main_het_teleport_mw_rb_yb_rb_er Starting Mw-to-Er teleportation trial 2792 at 167460000087937000.
167,520,000,087,937,000 WARNING main_het_teleport_mw_rb_yb_rb_er Mw-to-Er teleportation trial 2792 succeeded (completed=True, direct match=True, latency=1.43874675 seconds).
167,520,000,087,937,000 WARNING main_het_teleport_mw_rb_yb_rb_er Starting Mw-to-Er teleportation trial 2793 at 167520000087937000.
167,580,000,087,937,000 WARNING main_het_teleport_mw_rb_yb_rb_er Mw-to-Er teleportation trial 2793 succeeded (completed=True, direct match=True, latency=4.8981851875 seconds).
167,580,000,087,937,000 WARNING main_het_teleport_mw_rb_yb_rb_er Starting Mw-to-Er teleportation trial 2794 at 167580000087937000.
167,640,000,087,937,000 WARNING main_het_teleport_mw_rb_yb_rb_er Mw-to-Er teleportation trial 2794 succeeded (completed=True, direct match=True, latency=6.3662039375 seconds).
167,640,000,087,937,000 WARNING main_het_teleport_mw_rb_yb_rb_er Starting Mw-to-Er teleportation trial 2795 at 167640000087937000.
167,700,000,087,937,000 WARNING main_het_teleport_mw_rb_yb_rb_er Mw-to-Er teleportation trial 2795 succeeded (completed=True, direct match=True, latency=2.079152375 seconds).
167,700,000,087,937,000 WARNING main_het_teleport_mw_rb_yb_rb_er Starting Mw-to-Er teleportation trial 2796 at 167700000087937000.
167,760,000,087,937,000 WARNING main_het_teleport_mw_rb_yb_rb_er Mw-to-Er teleportation trial 2796 succeeded (completed=True, direct match=True, latency=7.7125378125 seconds).
167,760,000,087,937,000 WARNING main_het_teleport_mw_rb_yb_rb_er Starting Mw-to-Er teleportation trial 2797 at 167760000087937000.
167,820,000,087,937,000 WARNING main_het_teleport_mw_rb_yb_rb_er Mw-to-Er teleportation trial 2797 succeeded (completed=True, direct match=True, latency=5.6165939375 seconds).
167,820,000,087,937,000 WARNING main_het_teleport_mw_rb_yb_rb_er Starting Mw-to-Er teleportation trial 2798 at 167820000087937000.
167,880,000,087,937,000 WARNING main_het_teleport_mw_rb_yb_rb_er Mw-to-Er teleportation trial 2798 succeeded (completed=True, direct match=True, latency=10.50972975 seconds).
167,880,000,087,937,000 WARNING main_het_teleport_mw_rb_yb_rb_er Starting Mw-to-Er teleportation trial 2799 at 167880000087937000.
167,940,000,087,937,000 WARNING main_het_teleport_mw_rb_yb_rb_er Mw-to-Er teleportation trial 2799 succeeded (completed=True, direct match=True, latency=4.2640198125 seconds).
167,940,000,087,937,000 WARNING main_het_teleport_mw_rb_yb_rb_er Starting Mw-to-Er teleportation trial 2800 at 167940000087937000.
168,000,000,087,937,000 WARNING main_het_teleport_mw_rb_yb_rb_er Mw-to-Er teleportation trial 2800 succeeded (completed=True, direct match=True, latency=5.6446750625 seconds).
168,000,000,087,937,000 WARNING main_het_teleport_mw_rb_yb_rb_er Starting Mw-to-Er teleportation trial 2801 at 168000000087937000.
168,060,000,087,937,000 WARNING main_het_teleport_mw_rb_yb_rb_er Mw-to-Er teleportation trial 2801 failed (completed=True, direct match=False, latency=2.794441 seconds).
168,060,000,087,937,000 WARNING main_het_teleport_mw_rb_yb_rb_er Starting Mw-to-Er teleportation trial 2802 at 168060000087937000.
168,120,000,087,937,000 WARNING main_het_teleport_mw_rb_yb_rb_er Mw-to-Er teleportation trial 2802 succeeded (completed=True, direct match=True, latency=4.959027625 seconds).
168,120,000,087,937,000 WARNING main_het_teleport_mw_rb_yb_rb_er Starting Mw-to-Er teleportation trial 2803 at 168120000087937000.
168,180,000,087,937,000 WARNING main_het_teleport_mw_rb_yb_rb_er Mw-to-Er teleportation trial 2803 succeeded (completed=True, direct match=True, latency=8.391945 seconds).
168,180,000,087,937,000 WARNING main_het_teleport_mw_rb_yb_rb_er Starting Mw-to-Er teleportation trial 2804 at 168180000087937000.
168,240,000,087,937,000 WARNING main_het_teleport_mw_rb_yb_rb_er Mw-to-Er teleportation trial 2804 succeeded (completed=True, direct match=True, latency=7.742179 seconds).
168,240,000,087,937,000 WARNING main_het_teleport_mw_rb_yb_rb_er Starting Mw-to-Er teleportation trial 2805 at 168240000087937000.
168,300,000,087,937,000 WARNING main_het_teleport_mw_rb_yb_rb_er Mw-to-Er teleportation trial 2805 succeeded (completed=True, direct match=True, latency=5.6165939375 seconds).
168,300,000,087,937,000 WARNING main_het_teleport_mw_rb_yb_rb_er Starting Mw-to-Er teleportation trial 2806 at 168300000087937000.
168,360,000,087,937,000 WARNING main_het_teleport_mw_rb_yb_rb_er Mw-to-Er teleportation trial 2806 succeeded (completed=True, direct match=True, latency=0.766558175 seconds).
168,360,000,087,937,000 WARNING main_het_teleport_mw_rb_yb_rb_er Starting Mw-to-Er teleportation trial 2807 at 168360000087937000.
168,420,000,087,937,000 WARNING main_het_teleport_mw_rb_yb_rb_er Mw-to-Er teleportation trial 2807 succeeded (completed=True, direct match=True, latency=2.8116016875 seconds).
168,420,000,087,937,000 WARNING main_het_teleport_mw_rb_yb_rb_er Starting Mw-to-Er teleportation trial 2808 at 168420000087937000.
168,480,000,087,937,000 WARNING main_het_teleport_mw_rb_yb_rb_er Mw-to-Er teleportation trial 2808 succeeded (completed=True, direct match=True, latency=2.8334425625 seconds).
168,480,000,087,937,000 WARNING main_het_teleport_mw_rb_yb_rb_er Starting Mw-to-Er teleportation trial 2809 at 168480000087937000.
168,540,000,087,937,000 WARNING main_het_teleport_mw_rb_yb_rb_er Mw-to-Er teleportation trial 2809 succeeded (completed=True, direct match=True, latency=3.528450375 seconds).
168,540,000,087,937,000 WARNING main_het_teleport_mw_rb_yb_rb_er Starting Mw-to-Er teleportation trial 2810 at 168540000087937000.
168,600,000,087,937,000 WARNING main_het_teleport_mw_rb_yb_rb_er Mw-to-Er teleportation trial 2810 succeeded (completed=True, direct match=True, latency=4.193817 seconds).
168,600,000,087,937,000 WARNING main_het_teleport_mw_rb_yb_rb_er Starting Mw-to-Er teleportation trial 2811 at 168600000087937000.
168,660,000,087,937,000 WARNING main_het_teleport_mw_rb_yb_rb_er Mw-to-Er teleportation trial 2811 succeeded (completed=True, direct match=True, latency=0.7961993625 seconds).
168,660,000,087,937,000 WARNING main_het_teleport_mw_rb_yb_rb_er Starting Mw-to-Er teleportation trial 2812 at 168660000087937000.
168,720,000,087,937,000 WARNING main_het_teleport_mw_rb_yb_rb_er Mw-to-Er teleportation trial 2812 succeeded (completed=True, direct match=True, latency=2.797561125 seconds).
168,720,000,087,937,000 WARNING main_het_teleport_mw_rb_yb_rb_er Starting Mw-to-Er teleportation trial 2813 at 168720000087937000.
168,780,000,087,937,000 WARNING main_het_teleport_mw_rb_yb_rb_er Mw-to-Er teleportation trial 2813 succeeded (completed=True, direct match=True, latency=4.9262663125 seconds).
168,780,000,087,937,000 WARNING main_het_teleport_mw_rb_yb_rb_er Starting Mw-to-Er teleportation trial 2814 at 168780000087937000.
168,840,000,087,937,000 WARNING main_het_teleport_mw_rb_yb_rb_er Mw-to-Er teleportation trial 2814 succeeded (completed=True, direct match=True, latency=6.3443630625 seconds).
168,840,000,087,937,000 WARNING main_het_teleport_mw_rb_yb_rb_er Starting Mw-to-Er teleportation trial 2815 at 168840000087937000.
168,900,000,087,937,000 WARNING main_het_teleport_mw_rb_yb_rb_er Mw-to-Er teleportation trial 2815 succeeded (completed=True, direct match=True, latency=2.1087935625 seconds).
168,900,000,087,937,000 WARNING main_het_teleport_mw_rb_yb_rb_er Starting Mw-to-Er teleportation trial 2816 at 168900000087937000.
168,960,000,087,937,000 WARNING main_het_teleport_mw_rb_yb_rb_er Mw-to-Er teleportation trial 2816 succeeded (completed=True, direct match=True, latency=4.2109776875 seconds).
168,960,000,087,937,000 WARNING main_het_teleport_mw_rb_yb_rb_er Starting Mw-to-Er teleportation trial 2817 at 168960000087937000.
169,020,000,087,937,000 WARNING main_het_teleport_mw_rb_yb_rb_er Mw-to-Er teleportation trial 2817 succeeded (completed=True, direct match=True, latency=2.7523193125 seconds).
169,020,000,087,937,000 WARNING main_het_teleport_mw_rb_yb_rb_er Starting Mw-to-Er teleportation trial 2818 at 169020000087937000.
169,080,000,087,937,000 WARNING main_het_teleport_mw_rb_yb_rb_er Mw-to-Er teleportation trial 2818 succeeded (completed=True, direct match=True, latency=5.5697920625 seconds).
169,080,000,087,937,000 WARNING main_het_teleport_mw_rb_yb_rb_er Starting Mw-to-Er teleportation trial 2819 at 169080000087937000.
169,140,000,087,937,000 WARNING main_het_teleport_mw_rb_yb_rb_er Mw-to-Er teleportation trial 2819 succeeded (completed=True, direct match=True, latency=9.1275144375 seconds).
169,140,000,087,937,000 WARNING main_het_teleport_mw_rb_yb_rb_er Starting Mw-to-Er teleportation trial 2820 at 169140000087937000.
169,200,000,087,937,000 WARNING main_het_teleport_mw_rb_yb_rb_er Mw-to-Er teleportation trial 2820 succeeded (completed=True, direct match=True, latency=7.014409875 seconds).
169,200,000,087,937,000 WARNING main_het_teleport_mw_rb_yb_rb_er Starting Mw-to-Er teleportation trial 2821 at 169200000087937000.
169,260,000,087,937,000 WARNING main_het_teleport_mw_rb_yb_rb_er Mw-to-Er teleportation trial 2821 succeeded (completed=True, direct match=True, latency=2.864292575 seconds).
169,260,000,087,937,000 WARNING main_het_teleport_mw_rb_yb_rb_er Starting Mw-to-Er teleportation trial 2822 at 169260000087937000.
169,320,000,087,937,000 WARNING main_het_teleport_mw_rb_yb_rb_er Mw-to-Er teleportation trial 2822 failed (completed=True, direct match=False, latency=4.9169059375 seconds).
169,320,000,087,937,000 WARNING main_het_teleport_mw_rb_yb_rb_er Starting Mw-to-Er teleportation trial 2823 at 169320000087937000.
169,380,000,087,937,000 WARNING main_het_teleport_mw_rb_yb_rb_er Mw-to-Er teleportation trial 2823 succeeded (completed=True, direct match=True, latency=4.2016173125 seconds).
169,380,000,087,937,000 WARNING main_het_teleport_mw_rb_yb_rb_er Starting Mw-to-Er teleportation trial 2824 at 169380000087937000.
169,440,000,087,937,000 WARNING main_het_teleport_mw_rb_yb_rb_er Mw-to-Er teleportation trial 2824 succeeded (completed=True, direct match=True, latency=6.3568435625 seconds).
169,440,000,087,937,000 WARNING main_het_teleport_mw_rb_yb_rb_er Starting Mw-to-Er teleportation trial 2825 at 169440000087937000.
169,500,000,087,937,000 WARNING main_het_teleport_mw_rb_yb_rb_er Mw-to-Er teleportation trial 2825 succeeded (completed=True, direct match=True, latency=1.3747841875 seconds).
169,500,000,087,937,000 WARNING main_het_teleport_mw_rb_yb_rb_er Starting Mw-to-Er teleportation trial 2826 at 169500000087937000.
169,560,000,087,937,000 WARNING main_het_teleport_mw_rb_yb_rb_er Mw-to-Er teleportation trial 2826 succeeded (completed=True, direct match=True, latency=7.0097296875 seconds).
169,560,000,087,937,000 WARNING main_het_teleport_mw_rb_yb_rb_er Starting Mw-to-Er teleportation trial 2827 at 169560000087937000.
169,620,000,087,937,000 WARNING main_het_teleport_mw_rb_yb_rb_er Mw-to-Er teleportation trial 2827 succeeded (completed=True, direct match=True, latency=2.0900728125 seconds).
169,620,000,087,937,000 WARNING main_het_teleport_mw_rb_yb_rb_er Starting Mw-to-Er teleportation trial 2828 at 169620000087937000.
169,680,000,087,937,000 WARNING main_het_teleport_mw_rb_yb_rb_er Mw-to-Er teleportation trial 2828 succeeded (completed=True, direct match=True, latency=11.90910575 seconds).
169,680,000,087,937,000 WARNING main_het_teleport_mw_rb_yb_rb_er Starting Mw-to-Er teleportation trial 2829 at 169680000087937000.
169,740,000,087,937,000 WARNING main_het_teleport_mw_rb_yb_rb_er Mw-to-Er teleportation trial 2829 succeeded (completed=True, direct match=True, latency=3.56277175 seconds).
169,740,000,087,937,000 WARNING main_het_teleport_mw_rb_yb_rb_er Starting Mw-to-Er teleportation trial 2830 at 169740000087937000.
169,800,000,087,937,000 WARNING main_het_teleport_mw_rb_yb_rb_er Mw-to-Er teleportation trial 2830 succeeded (completed=True, direct match=True, latency=2.26074865 seconds).
169,800,000,087,937,000 WARNING main_het_teleport_mw_rb_yb_rb_er Starting Mw-to-Er teleportation trial 2831 at 169800000087937000.
169,860,000,087,937,000 WARNING main_het_teleport_mw_rb_yb_rb_er Mw-to-Er teleportation trial 2831 succeeded (completed=True, direct match=True, latency=2.8568435 seconds).
169,860,000,087,937,000 WARNING main_het_teleport_mw_rb_yb_rb_er Starting Mw-to-Er teleportation trial 2832 at 169860000087937000.
169,920,000,087,937,000 WARNING main_het_teleport_mw_rb_yb_rb_er Mw-to-Er teleportation trial 2832 succeeded (completed=True, direct match=True, latency=2.122834125 seconds).
169,920,000,087,937,000 WARNING main_het_teleport_mw_rb_yb_rb_er Starting Mw-to-Er teleportation trial 2833 at 169920000087937000.
169,980,000,087,937,000 WARNING main_het_teleport_mw_rb_yb_rb_er Mw-to-Er teleportation trial 2833 succeeded (completed=True, direct match=True, latency=7.0471711875 seconds).
169,980,000,087,937,000 WARNING main_het_teleport_mw_rb_yb_rb_er Starting Mw-to-Er teleportation trial 2834 at 169980000087937000.
170,040,000,087,937,000 WARNING main_het_teleport_mw_rb_yb_rb_er Mw-to-Er teleportation trial 2834 failed (completed=True, direct match=False, latency=5.552631375 seconds).
170,040,000,087,937,000 WARNING main_het_teleport_mw_rb_yb_rb_er Starting Mw-to-Er teleportation trial 2835 at 170040000087937000.
170,100,000,087,937,000 WARNING main_het_teleport_mw_rb_yb_rb_er Mw-to-Er teleportation trial 2835 succeeded (completed=True, direct match=True, latency=3.5362506875 seconds).
170,100,000,087,937,000 WARNING main_het_teleport_mw_rb_yb_rb_er Starting Mw-to-Er teleportation trial 2836 at 170100000087937000.
170,160,000,087,937,000 WARNING main_het_teleport_mw_rb_yb_rb_er Mw-to-Er teleportation trial 2836 succeeded (completed=True, direct match=True, latency=0.692256875 seconds).
170,160,000,087,937,000 WARNING main_het_teleport_mw_rb_yb_rb_er Starting Mw-to-Er teleportation trial 2837 at 170160000087937000.
170,220,000,087,937,000 WARNING main_het_teleport_mw_rb_yb_rb_er Mw-to-Er teleportation trial 2837 succeeded (completed=True, direct match=True, latency=2.7819605 seconds).
170,220,000,087,937,000 WARNING main_het_teleport_mw_rb_yb_rb_er Starting Mw-to-Er teleportation trial 2838 at 170220000087937000.
170,280,000,087,937,000 WARNING main_het_teleport_mw_rb_yb_rb_er Mw-to-Er teleportation trial 2838 succeeded (completed=True, direct match=True, latency=4.9309465 seconds).
170,280,000,087,937,000 WARNING main_het_teleport_mw_rb_yb_rb_er Starting Mw-to-Er teleportation trial 2839 at 170280000087937000.
170,340,000,087,937,000 WARNING main_het_teleport_mw_rb_yb_rb_er Mw-to-Er teleportation trial 2839 succeeded (completed=True, direct match=True, latency=7.0471711875 seconds).
170,340,000,087,937,000 WARNING main_het_teleport_mw_rb_yb_rb_er Starting Mw-to-Er teleportation trial 2840 at 170340000087937000.
170,400,000,087,937,000 WARNING main_het_teleport_mw_rb_yb_rb_er Mw-to-Er teleportation trial 2840 succeeded (completed=True, direct match=True, latency=2.119714 seconds).
170,400,000,087,937,000 WARNING main_het_teleport_mw_rb_yb_rb_er Starting Mw-to-Er teleportation trial 2841 at 170400000087937000.
170,460,000,087,937,000 WARNING main_het_teleport_mw_rb_yb_rb_er Mw-to-Er teleportation trial 2841 succeeded (completed=True, direct match=True, latency=5.615033875 seconds).
170,460,000,087,937,000 WARNING main_het_teleport_mw_rb_yb_rb_er Starting Mw-to-Er teleportation trial 2842 at 170460000087937000.
170,520,000,087,937,000 WARNING main_het_teleport_mw_rb_yb_rb_er Mw-to-Er teleportation trial 2842 succeeded (completed=True, direct match=True, latency=2.8459230625 seconds).
170,520,000,087,937,000 WARNING main_het_teleport_mw_rb_yb_rb_er Starting Mw-to-Er teleportation trial 2843 at 170520000087937000.
170,580,000,087,937,000 WARNING main_het_teleport_mw_rb_yb_rb_er Mw-to-Er teleportation trial 2843 failed (completed=True, direct match=False, latency=11.2530995 seconds).
170,580,000,087,937,000 WARNING main_het_teleport_mw_rb_yb_rb_er Starting Mw-to-Er teleportation trial 2844 at 170580000087937000.
170,640,000,087,937,000 WARNING main_het_teleport_mw_rb_yb_rb_er Mw-to-Er teleportation trial 2844 succeeded (completed=True, direct match=True, latency=10.54717125 seconds).
170,640,000,087,937,000 WARNING main_het_teleport_mw_rb_yb_rb_er Starting Mw-to-Er teleportation trial 2845 at 170640000087937000.
170,700,000,087,937,000 WARNING main_het_teleport_mw_rb_yb_rb_er Mw-to-Er teleportation trial 2845 succeeded (completed=True, direct match=True, latency=5.5916329375 seconds).
170,700,000,087,937,000 WARNING main_het_teleport_mw_rb_yb_rb_er Starting Mw-to-Er teleportation trial 2846 at 170700000087937000.
170,760,000,087,937,000 WARNING main_het_teleport_mw_rb_yb_rb_er Mw-to-Er teleportation trial 2846 failed (completed=True, direct match=False, latency=2.8272023125 seconds).
170,760,000,087,937,000 WARNING main_het_teleport_mw_rb_yb_rb_er Starting Mw-to-Er teleportation trial 2847 at 170760000087937000.
170,820,000,087,937,000 WARNING main_het_teleport_mw_rb_yb_rb_er Mw-to-Er teleportation trial 2847 succeeded (completed=True, direct match=True, latency=2.1087935625 seconds).
170,820,000,087,937,000 WARNING main_het_teleport_mw_rb_yb_rb_er Starting Mw-to-Er teleportation trial 2848 at 170820000087937000.
170,880,000,087,937,000 WARNING main_het_teleport_mw_rb_yb_rb_er Mw-to-Er teleportation trial 2848 failed (completed=True, direct match=False, latency=1.454347375 seconds).
170,880,000,087,937,000 WARNING main_het_teleport_mw_rb_yb_rb_er Starting Mw-to-Er teleportation trial 2849 at 170880000087937000.
170,940,000,087,937,000 WARNING main_het_teleport_mw_rb_yb_rb_er Mw-to-Er teleportation trial 2849 succeeded (completed=True, direct match=True, latency=9.141555 seconds).
170,940,000,087,937,000 WARNING main_het_teleport_mw_rb_yb_rb_er Starting Mw-to-Er teleportation trial 2850 at 170940000087937000.
171,000,000,087,937,000 WARNING main_het_teleport_mw_rb_yb_rb_er Mw-to-Er teleportation trial 2850 succeeded (completed=True, direct match=True, latency=4.1860166875 seconds).
171,000,000,087,937,000 WARNING main_het_teleport_mw_rb_yb_rb_er Starting Mw-to-Er teleportation trial 2851 at 171000000087937000.
171,060,000,087,937,000 WARNING main_het_teleport_mw_rb_yb_rb_er Mw-to-Er teleportation trial 2851 succeeded (completed=True, direct match=True, latency=4.1984971875 seconds).
171,060,000,087,937,000 WARNING main_het_teleport_mw_rb_yb_rb_er Starting Mw-to-Er teleportation trial 2852 at 171060000087937000.
171,120,000,087,937,000 WARNING main_het_teleport_mw_rb_yb_rb_er Mw-to-Er teleportation trial 2852 succeeded (completed=True, direct match=True, latency=6.3006813125 seconds).
171,120,000,087,937,000 WARNING main_het_teleport_mw_rb_yb_rb_er Starting Mw-to-Er teleportation trial 2853 at 171120000087937000.
171,180,000,087,937,000 WARNING main_het_teleport_mw_rb_yb_rb_er Mw-to-Er teleportation trial 2853 succeeded (completed=True, direct match=True, latency=2.0963130625 seconds).
171,180,000,087,937,000 WARNING main_het_teleport_mw_rb_yb_rb_er Starting Mw-to-Er teleportation trial 2854 at 171180000087937000.
171,240,000,087,937,000 WARNING main_het_teleport_mw_rb_yb_rb_er Mw-to-Er teleportation trial 2854 succeeded (completed=True, direct match=True, latency=2.803801375 seconds).
171,240,000,087,937,000 WARNING main_het_teleport_mw_rb_yb_rb_er Starting Mw-to-Er teleportation trial 2855 at 171240000087937000.
171,300,000,087,937,000 WARNING main_het_teleport_mw_rb_yb_rb_er Mw-to-Er teleportation trial 2855 succeeded (completed=True, direct match=True, latency=4.9293864375 seconds).
171,300,000,087,937,000 WARNING main_het_teleport_mw_rb_yb_rb_er Starting Mw-to-Er teleportation trial 2856 at 171300000087937000.
171,360,000,087,937,000 WARNING main_het_teleport_mw_rb_yb_rb_er Mw-to-Er teleportation trial 2856 succeeded (completed=True, direct match=True, latency=4.918466 seconds).
171,360,000,087,937,000 WARNING main_het_teleport_mw_rb_yb_rb_er Starting Mw-to-Er teleportation trial 2857 at 171360000087937000.
171,420,000,087,937,000 WARNING main_het_teleport_mw_rb_yb_rb_er Mw-to-Er teleportation trial 2857 succeeded (completed=True, direct match=True, latency=7.6844566875 seconds).
171,420,000,087,937,000 WARNING main_het_teleport_mw_rb_yb_rb_er Starting Mw-to-Er teleportation trial 2858 at 171420000087937000.
171,480,000,087,937,000 WARNING main_het_teleport_mw_rb_yb_rb_er Mw-to-Er teleportation trial 2858 succeeded (completed=True, direct match=True, latency=1.423146125 seconds).
171,480,000,087,937,000 WARNING main_het_teleport_mw_rb_yb_rb_er Starting Mw-to-Er teleportation trial 2859 at 171480000087937000.
171,540,000,087,937,000 WARNING main_het_teleport_mw_rb_yb_rb_er Mw-to-Er teleportation trial 2859 succeeded (completed=True, direct match=True, latency=3.494129 seconds).
171,540,000,087,937,000 WARNING main_het_teleport_mw_rb_yb_rb_er Starting Mw-to-Er teleportation trial 2860 at 171540000087937000.
171,600,000,087,937,000 WARNING main_het_teleport_mw_rb_yb_rb_er Mw-to-Er teleportation trial 2860 succeeded (completed=True, direct match=True, latency=6.3069215625 seconds).
171,600,000,087,937,000 WARNING main_het_teleport_mw_rb_yb_rb_er Starting Mw-to-Er teleportation trial 2861 at 171600000087937000.
171,660,000,087,937,000 WARNING main_het_teleport_mw_rb_yb_rb_er Mw-to-Er teleportation trial 2861 succeeded (completed=True, direct match=True, latency=10.5019294375 seconds).
171,660,000,087,937,000 WARNING main_het_teleport_mw_rb_yb_rb_er Starting Mw-to-Er teleportation trial 2862 at 171660000087937000.
171,720,000,087,937,000 WARNING main_het_teleport_mw_rb_yb_rb_er Mw-to-Er teleportation trial 2862 succeeded (completed=True, direct match=True, latency=4.88726475 seconds).
171,720,000,087,937,000 WARNING main_het_teleport_mw_rb_yb_rb_er Starting Mw-to-Er teleportation trial 2863 at 171720000087937000.
171,780,000,087,937,000 WARNING main_het_teleport_mw_rb_yb_rb_er Mw-to-Er teleportation trial 2863 succeeded (completed=True, direct match=True, latency=6.2663599375 seconds).
171,780,000,087,937,000 WARNING main_het_teleport_mw_rb_yb_rb_er Starting Mw-to-Er teleportation trial 2864 at 171780000087937000.
171,840,000,087,937,000 WARNING main_het_teleport_mw_rb_yb_rb_er Mw-to-Er teleportation trial 2864 failed (completed=True, direct match=False, latency=7.695377125 seconds).
171,840,000,087,937,000 WARNING main_het_teleport_mw_rb_yb_rb_er Starting Mw-to-Er teleportation trial 2865 at 171840000087937000.
171,900,000,087,937,000 WARNING main_het_teleport_mw_rb_yb_rb_er Mw-to-Er teleportation trial 2865 succeeded (completed=True, direct match=True, latency=18.18133675 seconds).
171,900,000,087,937,000 WARNING main_het_teleport_mw_rb_yb_rb_er Starting Mw-to-Er teleportation trial 2866 at 171900000087937000.
171,960,000,087,937,000 WARNING main_het_teleport_mw_rb_yb_rb_er Mw-to-Er teleportation trial 2866 succeeded (completed=True, direct match=True, latency=6.976968375 seconds).
171,960,000,087,937,000 WARNING main_het_teleport_mw_rb_yb_rb_er Starting Mw-to-Er teleportation trial 2867 at 171960000087937000.
172,020,000,087,937,000 WARNING main_het_teleport_mw_rb_yb_rb_er Mw-to-Er teleportation trial 2867 succeeded (completed=True, direct match=True, latency=1.444987 seconds).
172,020,000,087,937,000 WARNING main_het_teleport_mw_rb_yb_rb_er Starting Mw-to-Er teleportation trial 2868 at 172020000087937000.
172,080,000,087,937,000 WARNING main_het_teleport_mw_rb_yb_rb_er Mw-to-Er teleportation trial 2868 failed (completed=True, direct match=False, latency=6.2476391875 seconds).
172,080,000,087,937,000 WARNING main_het_teleport_mw_rb_yb_rb_er Starting Mw-to-Er teleportation trial 2869 at 172080000087937000.
172,140,000,087,937,000 WARNING main_het_teleport_mw_rb_yb_rb_er Mw-to-Er teleportation trial 2869 succeeded (completed=True, direct match=True, latency=3.4956890625 seconds).
172,140,000,087,937,000 WARNING main_het_teleport_mw_rb_yb_rb_er Starting Mw-to-Er teleportation trial 2870 at 172140000087937000.
172,200,000,087,937,000 WARNING main_het_teleport_mw_rb_yb_rb_er Mw-to-Er teleportation trial 2870 succeeded (completed=True, direct match=True, latency=2.1072335 seconds).
172,200,000,087,937,000 WARNING main_het_teleport_mw_rb_yb_rb_er Starting Mw-to-Er teleportation trial 2871 at 172200000087937000.
172,260,000,087,937,000 WARNING main_het_teleport_mw_rb_yb_rb_er Mw-to-Er teleportation trial 2871 succeeded (completed=True, direct match=True, latency=10.512849875 seconds).
172,260,000,087,937,000 WARNING main_het_teleport_mw_rb_yb_rb_er Starting Mw-to-Er teleportation trial 2872 at 172260000087937000.
172,320,000,087,937,000 WARNING main_het_teleport_mw_rb_yb_rb_er Mw-to-Er teleportation trial 2872 succeeded (completed=True, direct match=True, latency=2.1275143125 seconds).
172,320,000,087,937,000 WARNING main_het_teleport_mw_rb_yb_rb_er Starting Mw-to-Er teleportation trial 2873 at 172320000087937000.
172,380,000,087,937,000 WARNING main_het_teleport_mw_rb_yb_rb_er Mw-to-Er teleportation trial 2873 succeeded (completed=True, direct match=True, latency=2.129739525 seconds).
172,380,000,087,937,000 WARNING main_het_teleport_mw_rb_yb_rb_er Starting Mw-to-Er teleportation trial 2874 at 172380000087937000.
172,440,000,087,937,000 WARNING main_het_teleport_mw_rb_yb_rb_er Mw-to-Er teleportation trial 2874 succeeded (completed=True, direct match=True, latency=7.7062975625 seconds).
172,440,000,087,937,000 WARNING main_het_teleport_mw_rb_yb_rb_er Starting Mw-to-Er teleportation trial 2875 at 172440000087937000.
172,500,000,087,937,000 WARNING main_het_teleport_mw_rb_yb_rb_er Mw-to-Er teleportation trial 2875 succeeded (completed=True, direct match=True, latency=2.8303224375 seconds).
172,500,000,087,937,000 WARNING main_het_teleport_mw_rb_yb_rb_er Starting Mw-to-Er teleportation trial 2876 at 172500000087937000.
172,560,000,087,937,000 WARNING main_het_teleport_mw_rb_yb_rb_er Mw-to-Er teleportation trial 2876 succeeded (completed=True, direct match=True, latency=3.5066095 seconds).
172,560,000,087,937,000 WARNING main_het_teleport_mw_rb_yb_rb_er Starting Mw-to-Er teleportation trial 2877 at 172560000087937000.
172,620,000,087,937,000 WARNING main_het_teleport_mw_rb_yb_rb_er Mw-to-Er teleportation trial 2877 succeeded (completed=True, direct match=True, latency=4.309261625 seconds).
172,620,000,087,937,000 WARNING main_het_teleport_mw_rb_yb_rb_er Starting Mw-to-Er teleportation trial 2878 at 172620000087937000.
172,680,000,087,937,000 WARNING main_het_teleport_mw_rb_yb_rb_er Mw-to-Er teleportation trial 2878 succeeded (completed=True, direct match=True, latency=2.9752747125 seconds).
172,680,000,087,937,000 WARNING main_het_teleport_mw_rb_yb_rb_er Starting Mw-to-Er teleportation trial 2879 at 172680000087937000.
172,740,000,087,937,000 WARNING main_het_teleport_mw_rb_yb_rb_er Mw-to-Er teleportation trial 2879 succeeded (completed=True, direct match=True, latency=4.218778 seconds).
172,740,000,087,937,000 WARNING main_het_teleport_mw_rb_yb_rb_er Starting Mw-to-Er teleportation trial 2880 at 172740000087937000.
172,800,000,087,937,000 WARNING main_het_teleport_mw_rb_yb_rb_er Mw-to-Er teleportation trial 2880 succeeded (completed=True, direct match=True, latency=4.221898125 seconds).
172,800,000,087,937,000 WARNING main_het_teleport_mw_rb_yb_rb_er Starting Mw-to-Er teleportation trial 2881 at 172800000087937000.
172,860,000,087,937,000 WARNING main_het_teleport_mw_rb_yb_rb_er Mw-to-Er teleportation trial 2881 succeeded (completed=True, direct match=True, latency=4.9137858125 seconds).
172,860,000,087,937,000 WARNING main_het_teleport_mw_rb_yb_rb_er Starting Mw-to-Er teleportation trial 2882 at 172860000087937000.
172,920,000,087,937,000 WARNING main_het_teleport_mw_rb_yb_rb_er Mw-to-Er teleportation trial 2882 succeeded (completed=True, direct match=True, latency=5.6103536875 seconds).
172,920,000,087,937,000 WARNING main_het_teleport_mw_rb_yb_rb_er Starting Mw-to-Er teleportation trial 2883 at 172920000087937000.
172,980,000,087,937,000 WARNING main_het_teleport_mw_rb_yb_rb_er Mw-to-Er teleportation trial 2883 succeeded (completed=True, direct match=True, latency=4.909105625 seconds).
172,980,000,087,937,000 WARNING main_het_teleport_mw_rb_yb_rb_er Starting Mw-to-Er teleportation trial 2884 at 172980000087937000.
173,040,000,087,937,000 WARNING main_het_teleport_mw_rb_yb_rb_er Mw-to-Er teleportation trial 2884 failed (completed=True, direct match=False, latency=1.4075455 seconds).
173,040,000,087,937,000 WARNING main_het_teleport_mw_rb_yb_rb_er Starting Mw-to-Er teleportation trial 2885 at 173040000087937000.
173,100,000,087,937,000 WARNING main_het_teleport_mw_rb_yb_rb_er Mw-to-Er teleportation trial 2885 succeeded (completed=True, direct match=True, latency=4.2312585 seconds).
173,100,000,087,937,000 WARNING main_het_teleport_mw_rb_yb_rb_er Starting Mw-to-Er teleportation trial 2886 at 173100000087937000.
173,160,000,087,937,000 WARNING main_het_teleport_mw_rb_yb_rb_er Mw-to-Er teleportation trial 2886 succeeded (completed=True, direct match=True, latency=0.773380125 seconds).
173,160,000,087,937,000 WARNING main_het_teleport_mw_rb_yb_rb_er Starting Mw-to-Er teleportation trial 2887 at 173160000087937000.
173,220,000,087,937,000 WARNING main_het_teleport_mw_rb_yb_rb_er Mw-to-Er teleportation trial 2887 succeeded (completed=True, direct match=True, latency=12.5479513125 seconds).
173,220,000,087,937,000 WARNING main_het_teleport_mw_rb_yb_rb_er Starting Mw-to-Er teleportation trial 2888 at 173220000087937000.
173,280,000,087,937,000 WARNING main_het_teleport_mw_rb_yb_rb_er Mw-to-Er teleportation trial 2888 succeeded (completed=True, direct match=True, latency=4.193817 seconds).
173,280,000,087,937,000 WARNING main_het_teleport_mw_rb_yb_rb_er Starting Mw-to-Er teleportation trial 2889 at 173280000087937000.
173,340,000,087,937,000 WARNING main_het_teleport_mw_rb_yb_rb_er Mw-to-Er teleportation trial 2889 failed (completed=True, direct match=False, latency=9.141555 seconds).
173,340,000,087,937,000 WARNING main_het_teleport_mw_rb_yb_rb_er Starting Mw-to-Er teleportation trial 2890 at 173340000087937000.
173,400,000,087,937,000 WARNING main_het_teleport_mw_rb_yb_rb_er Mw-to-Er teleportation trial 2890 succeeded (completed=True, direct match=True, latency=5.5916329375 seconds).
173,400,000,087,937,000 WARNING main_het_teleport_mw_rb_yb_rb_er Starting Mw-to-Er teleportation trial 2891 at 173400000087937000.
173,460,000,087,937,000 WARNING main_het_teleport_mw_rb_yb_rb_er Mw-to-Er teleportation trial 2891 succeeded (completed=True, direct match=True, latency=1.40130525 seconds).
173,460,000,087,937,000 WARNING main_het_teleport_mw_rb_yb_rb_er Starting Mw-to-Er teleportation trial 2892 at 173460000087937000.
173,520,000,087,937,000 WARNING main_het_teleport_mw_rb_yb_rb_er Mw-to-Er teleportation trial 2892 succeeded (completed=True, direct match=True, latency=4.218778 seconds).
173,520,000,087,937,000 WARNING main_het_teleport_mw_rb_yb_rb_er Starting Mw-to-Er teleportation trial 2893 at 173520000087937000.
173,580,000,087,937,000 WARNING main_het_teleport_mw_rb_yb_rb_er Mw-to-Er teleportation trial 2893 failed (completed=True, direct match=False, latency=1.423146125 seconds).
173,580,000,087,937,000 WARNING main_het_teleport_mw_rb_yb_rb_er Starting Mw-to-Er teleportation trial 2894 at 173580000087937000.
173,640,000,087,937,000 WARNING main_het_teleport_mw_rb_yb_rb_er Mw-to-Er teleportation trial 2894 succeeded (completed=True, direct match=True, latency=8.4247063125 seconds).
173,640,000,087,937,000 WARNING main_het_teleport_mw_rb_yb_rb_er Starting Mw-to-Er teleportation trial 2895 at 173640000087937000.
173,700,000,087,937,000 WARNING main_het_teleport_mw_rb_yb_rb_er Mw-to-Er teleportation trial 2895 succeeded (completed=True, direct match=True, latency=6.339682875 seconds).
173,700,000,087,937,000 WARNING main_het_teleport_mw_rb_yb_rb_er Starting Mw-to-Er teleportation trial 2896 at 173700000087937000.
173,760,000,087,937,000 WARNING main_het_teleport_mw_rb_yb_rb_er Mw-to-Er teleportation trial 2896 succeeded (completed=True, direct match=True, latency=3.4270463125 seconds).
173,760,000,087,937,000 WARNING main_het_teleport_mw_rb_yb_rb_er Starting Mw-to-Er teleportation trial 2897 at 173760000087937000.
173,820,000,087,937,000 WARNING main_het_teleport_mw_rb_yb_rb_er Mw-to-Er teleportation trial 2897 succeeded (completed=True, direct match=True, latency=4.934066625 seconds).
173,820,000,087,937,000 WARNING main_het_teleport_mw_rb_yb_rb_er Starting Mw-to-Er teleportation trial 2898 at 173820000087937000.
173,880,000,087,937,000 WARNING main_het_teleport_mw_rb_yb_rb_er Mw-to-Er teleportation trial 2898 succeeded (completed=True, direct match=True, latency=6.1883568125 seconds).
173,880,000,087,937,000 WARNING main_het_teleport_mw_rb_yb_rb_er Starting Mw-to-Er teleportation trial 2899 at 173880000087937000.
173,940,000,087,937,000 WARNING main_het_teleport_mw_rb_yb_rb_er Mw-to-Er teleportation trial 2899 succeeded (completed=True, direct match=True, latency=9.8334426875 seconds).
173,940,000,087,937,000 WARNING main_het_teleport_mw_rb_yb_rb_er Starting Mw-to-Er teleportation trial 2900 at 173940000087937000.
174,000,000,087,937,000 WARNING main_het_teleport_mw_rb_yb_rb_er Mw-to-Er teleportation trial 2900 succeeded (completed=True, direct match=True, latency=3.5549714375 seconds).
174,000,000,087,937,000 WARNING main_het_teleport_mw_rb_yb_rb_er Starting Mw-to-Er teleportation trial 2901 at 174000000087937000.
174,060,000,087,937,000 WARNING main_het_teleport_mw_rb_yb_rb_er Mw-to-Er teleportation trial 2901 succeeded (completed=True, direct match=True, latency=5.6165939375 seconds).
174,060,000,087,937,000 WARNING main_het_teleport_mw_rb_yb_rb_er Starting Mw-to-Er teleportation trial 2902 at 174060000087937000.
174,120,000,087,937,000 WARNING main_het_teleport_mw_rb_yb_rb_er Mw-to-Er teleportation trial 2902 failed (completed=True, direct match=False, latency=2.0900728125 seconds).
174,120,000,087,937,000 WARNING main_het_teleport_mw_rb_yb_rb_er Starting Mw-to-Er teleportation trial 2903 at 174120000087937000.
174,180,000,087,937,000 WARNING main_het_teleport_mw_rb_yb_rb_er Mw-to-Er teleportation trial 2903 succeeded (completed=True, direct match=True, latency=3.459807625 seconds).
174,180,000,087,937,000 WARNING main_het_teleport_mw_rb_yb_rb_er Starting Mw-to-Er teleportation trial 2904 at 174180000087937000.
174,240,000,087,937,000 WARNING main_het_teleport_mw_rb_yb_rb_er Mw-to-Er teleportation trial 2904 succeeded (completed=True, direct match=True, latency=5.6009933125 seconds).
174,240,000,087,937,000 WARNING main_het_teleport_mw_rb_yb_rb_er Starting Mw-to-Er teleportation trial 2905 at 174240000087937000.
174,300,000,087,937,000 WARNING main_het_teleport_mw_rb_yb_rb_er Mw-to-Er teleportation trial 2905 failed (completed=True, direct match=False, latency=4.16261575 seconds).
174,300,000,087,937,000 WARNING main_het_teleport_mw_rb_yb_rb_er Starting Mw-to-Er teleportation trial 2906 at 174300000087937000.
174,360,000,087,937,000 WARNING main_het_teleport_mw_rb_yb_rb_er Mw-to-Er teleportation trial 2906 succeeded (completed=True, direct match=True, latency=2.8209620625 seconds).
174,360,000,087,937,000 WARNING main_het_teleport_mw_rb_yb_rb_er Starting Mw-to-Er teleportation trial 2907 at 174360000087937000.
174,420,000,087,937,000 WARNING main_het_teleport_mw_rb_yb_rb_er Mw-to-Er teleportation trial 2907 succeeded (completed=True, direct match=True, latency=7.717218 seconds).
174,420,000,087,937,000 WARNING main_het_teleport_mw_rb_yb_rb_er Starting Mw-to-Er teleportation trial 2908 at 174420000087937000.
174,480,000,087,937,000 WARNING main_het_teleport_mw_rb_yb_rb_er Mw-to-Er teleportation trial 2908 succeeded (completed=True, direct match=True, latency=2.8396828125 seconds).
174,480,000,087,937,000 WARNING main_het_teleport_mw_rb_yb_rb_er Starting Mw-to-Er teleportation trial 2909 at 174480000087937000.
174,540,000,087,937,000 WARNING main_het_teleport_mw_rb_yb_rb_er Mw-to-Er teleportation trial 2909 failed (completed=True, direct match=False, latency=5.6306345 seconds).
174,540,000,087,937,000 WARNING main_het_teleport_mw_rb_yb_rb_er Starting Mw-to-Er teleportation trial 2910 at 174540000087937000.
174,600,000,087,937,000 WARNING main_het_teleport_mw_rb_yb_rb_er Mw-to-Er teleportation trial 2910 succeeded (completed=True, direct match=True, latency=3.6946923 seconds).
174,600,000,087,937,000 WARNING main_het_teleport_mw_rb_yb_rb_er Starting Mw-to-Er teleportation trial 2911 at 174600000087937000.
174,660,000,087,937,000 WARNING main_het_teleport_mw_rb_yb_rb_er Mw-to-Er teleportation trial 2911 succeeded (completed=True, direct match=True, latency=5.6165939375 seconds).
174,660,000,087,937,000 WARNING main_het_teleport_mw_rb_yb_rb_er Starting Mw-to-Er teleportation trial 2912 at 174660000087937000.
174,720,000,087,937,000 WARNING main_het_teleport_mw_rb_yb_rb_er Mw-to-Er teleportation trial 2912 succeeded (completed=True, direct match=True, latency=17.5502915 seconds).
174,720,000,087,937,000 WARNING main_het_teleport_mw_rb_yb_rb_er Starting Mw-to-Er teleportation trial 2913 at 174720000087937000.
174,780,000,087,937,000 WARNING main_het_teleport_mw_rb_yb_rb_er Mw-to-Er teleportation trial 2913 failed (completed=True, direct match=False, latency=5.6041134375 seconds).
174,780,000,087,937,000 WARNING main_het_teleport_mw_rb_yb_rb_er Starting Mw-to-Er teleportation trial 2914 at 174780000087937000.
174,840,000,087,937,000 WARNING main_het_teleport_mw_rb_yb_rb_er Mw-to-Er teleportation trial 2914 succeeded (completed=True, direct match=True, latency=5.6228341875 seconds).
174,840,000,087,937,000 WARNING main_het_teleport_mw_rb_yb_rb_er Starting Mw-to-Er teleportation trial 2915 at 174840000087937000.
174,900,000,087,937,000 WARNING main_het_teleport_mw_rb_yb_rb_er Mw-to-Er teleportation trial 2915 succeeded (completed=True, direct match=True, latency=3.515969875 seconds).
174,900,000,087,937,000 WARNING main_het_teleport_mw_rb_yb_rb_er Starting Mw-to-Er teleportation trial 2916 at 174900000087937000.
174,960,000,087,937,000 WARNING main_het_teleport_mw_rb_yb_rb_er Mw-to-Er teleportation trial 2916 failed (completed=True, direct match=False, latency=2.097873125 seconds).
174,960,000,087,937,000 WARNING main_het_teleport_mw_rb_yb_rb_er Starting Mw-to-Er teleportation trial 2917 at 174960000087937000.
175,020,000,087,937,000 WARNING main_het_teleport_mw_rb_yb_rb_er Mw-to-Er teleportation trial 2917 succeeded (completed=True, direct match=True, latency=2.79870105 seconds).
175,020,000,087,937,000 WARNING main_het_teleport_mw_rb_yb_rb_er Starting Mw-to-Er teleportation trial 2918 at 175020000087937000.
175,080,000,087,937,000 WARNING main_het_teleport_mw_rb_yb_rb_er Mw-to-Er teleportation trial 2918 succeeded (completed=True, direct match=True, latency=5.61191375 seconds).
175,080,000,087,937,000 WARNING main_het_teleport_mw_rb_yb_rb_er Starting Mw-to-Er teleportation trial 2919 at 175080000087937000.
175,140,000,087,937,000 WARNING main_het_teleport_mw_rb_yb_rb_er Mw-to-Er teleportation trial 2919 succeeded (completed=True, direct match=True, latency=5.540150875 seconds).
175,140,000,087,937,000 WARNING main_het_teleport_mw_rb_yb_rb_er Starting Mw-to-Er teleportation trial 2920 at 175140000087937000.
175,200,000,087,937,000 WARNING main_het_teleport_mw_rb_yb_rb_er Mw-to-Er teleportation trial 2920 failed (completed=True, direct match=False, latency=2.104113375 seconds).
175,200,000,087,937,000 WARNING main_het_teleport_mw_rb_yb_rb_er Starting Mw-to-Er teleportation trial 2921 at 175200000087937000.
175,260,000,087,937,000 WARNING main_het_teleport_mw_rb_yb_rb_er Mw-to-Er teleportation trial 2921 succeeded (completed=True, direct match=True, latency=5.6103536875 seconds).
175,260,000,087,937,000 WARNING main_het_teleport_mw_rb_yb_rb_er Starting Mw-to-Er teleportation trial 2922 at 175260000087937000.
175,320,000,087,937,000 WARNING main_het_teleport_mw_rb_yb_rb_er Mw-to-Er teleportation trial 2922 succeeded (completed=True, direct match=True, latency=2.1493551875 seconds).
175,320,000,087,937,000 WARNING main_het_teleport_mw_rb_yb_rb_er Starting Mw-to-Er teleportation trial 2923 at 175320000087937000.
175,380,000,087,937,000 WARNING main_het_teleport_mw_rb_yb_rb_er Mw-to-Er teleportation trial 2923 succeeded (completed=True, direct match=True, latency=9.781960625 seconds).
175,380,000,087,937,000 WARNING main_het_teleport_mw_rb_yb_rb_er Starting Mw-to-Er teleportation trial 2924 at 175380000087937000.
175,440,000,087,937,000 WARNING main_het_teleport_mw_rb_yb_rb_er Mw-to-Er teleportation trial 2924 succeeded (completed=True, direct match=True, latency=6.320962125 seconds).
175,440,000,087,937,000 WARNING main_het_teleport_mw_rb_yb_rb_er Starting Mw-to-Er teleportation trial 2925 at 175440000087937000.
175,500,000,087,937,000 WARNING main_het_teleport_mw_rb_yb_rb_er Mw-to-Er teleportation trial 2925 succeeded (completed=True, direct match=True, latency=4.9512273125 seconds).
175,500,000,087,937,000 WARNING main_het_teleport_mw_rb_yb_rb_er Starting Mw-to-Er teleportation trial 2926 at 175500000087937000.
175,560,000,087,937,000 WARNING main_het_teleport_mw_rb_yb_rb_er Mw-to-Er teleportation trial 2926 failed (completed=True, direct match=False, latency=5.1367807 seconds).
175,560,000,087,937,000 WARNING main_het_teleport_mw_rb_yb_rb_er Starting Mw-to-Er teleportation trial 2927 at 175560000087937000.
175,620,000,087,937,000 WARNING main_het_teleport_mw_rb_yb_rb_er Mw-to-Er teleportation trial 2927 failed (completed=True, direct match=False, latency=7.7718201875 seconds).
175,620,000,087,937,000 WARNING main_het_teleport_mw_rb_yb_rb_er Starting Mw-to-Er teleportation trial 2928 at 175620000087937000.
175,680,000,087,937,000 WARNING main_het_teleport_mw_rb_yb_rb_er Mw-to-Er teleportation trial 2928 succeeded (completed=True, direct match=True, latency=3.4738481875 seconds).
175,680,000,087,937,000 WARNING main_het_teleport_mw_rb_yb_rb_er Starting Mw-to-Er teleportation trial 2929 at 175680000087937000.
175,740,000,087,937,000 WARNING main_het_teleport_mw_rb_yb_rb_er Mw-to-Er teleportation trial 2929 succeeded (completed=True, direct match=True, latency=1.4441286625 seconds).
175,740,000,087,937,000 WARNING main_het_teleport_mw_rb_yb_rb_er Starting Mw-to-Er teleportation trial 2930 at 175740000087937000.
175,800,000,087,937,000 WARNING main_het_teleport_mw_rb_yb_rb_er Mw-to-Er teleportation trial 2930 succeeded (completed=True, direct match=True, latency=4.921586125 seconds).
175,800,000,087,937,000 WARNING main_het_teleport_mw_rb_yb_rb_er Starting Mw-to-Er teleportation trial 2931 at 175800000087937000.
175,860,000,087,937,000 WARNING main_het_teleport_mw_rb_yb_rb_er Mw-to-Er teleportation trial 2931 failed (completed=True, direct match=False, latency=6.3287624375 seconds).
175,860,000,087,937,000 WARNING main_het_teleport_mw_rb_yb_rb_er Starting Mw-to-Er teleportation trial 2932 at 175860000087937000.
175,920,000,087,937,000 WARNING main_het_teleport_mw_rb_yb_rb_er Mw-to-Er teleportation trial 2932 failed (completed=True, direct match=False, latency=3.515969875 seconds).
175,920,000,087,937,000 WARNING main_het_teleport_mw_rb_yb_rb_er Starting Mw-to-Er teleportation trial 2933 at 175920000087937000.
175,980,000,087,937,000 WARNING main_het_teleport_mw_rb_yb_rb_er Mw-to-Er teleportation trial 2933 succeeded (completed=True, direct match=True, latency=2.8147218125 seconds).
175,980,000,087,937,000 WARNING main_het_teleport_mw_rb_yb_rb_er Starting Mw-to-Er teleportation trial 2934 at 175980000087937000.
176,040,000,087,937,000 WARNING main_het_teleport_mw_rb_yb_rb_er Mw-to-Er teleportation trial 2934 succeeded (completed=True, direct match=True, latency=1.3646759125 seconds).
176,040,000,087,937,000 WARNING main_het_teleport_mw_rb_yb_rb_er Starting Mw-to-Er teleportation trial 2935 at 176040000087937000.
176,100,000,087,937,000 WARNING main_het_teleport_mw_rb_yb_rb_er Mw-to-Er teleportation trial 2935 succeeded (completed=True, direct match=True, latency=1.4153458125 seconds).
176,100,000,087,937,000 WARNING main_het_teleport_mw_rb_yb_rb_er Starting Mw-to-Er teleportation trial 2936 at 176100000087937000.
176,160,000,087,937,000 WARNING main_het_teleport_mw_rb_yb_rb_er Mw-to-Er teleportation trial 2936 succeeded (completed=True, direct match=True, latency=4.9293864375 seconds).
176,160,000,087,937,000 WARNING main_het_teleport_mw_rb_yb_rb_er Starting Mw-to-Er teleportation trial 2937 at 176160000087937000.
176,220,000,087,937,000 WARNING main_het_teleport_mw_rb_yb_rb_er Mw-to-Er teleportation trial 2937 succeeded (completed=True, direct match=True, latency=4.243739 seconds).
176,220,000,087,937,000 WARNING main_het_teleport_mw_rb_yb_rb_er Starting Mw-to-Er teleportation trial 2938 at 176220000087937000.
176,280,000,087,937,000 WARNING main_het_teleport_mw_rb_yb_rb_er Mw-to-Er teleportation trial 2938 succeeded (completed=True, direct match=True, latency=2.75075925 seconds).
176,280,000,087,937,000 WARNING main_het_teleport_mw_rb_yb_rb_er Starting Mw-to-Er teleportation trial 2939 at 176280000087937000.
176,340,000,087,937,000 WARNING main_het_teleport_mw_rb_yb_rb_er Mw-to-Er teleportation trial 2939 succeeded (completed=True, direct match=True, latency=1.4309464375 seconds).
176,340,000,087,937,000 WARNING main_het_teleport_mw_rb_yb_rb_er Starting Mw-to-Er teleportation trial 2940 at 176340000087937000.
176,400,000,087,937,000 WARNING main_het_teleport_mw_rb_yb_rb_er Mw-to-Er teleportation trial 2940 succeeded (completed=True, direct match=True, latency=26.6353150625 seconds).
176,400,000,087,937,000 WARNING main_het_teleport_mw_rb_yb_rb_er Starting Mw-to-Er teleportation trial 2941 at 176400000087937000.
176,460,000,087,937,000 WARNING main_het_teleport_mw_rb_yb_rb_er Mw-to-Er teleportation trial 2941 succeeded (completed=True, direct match=True, latency=3.534690625 seconds).
176,460,000,087,937,000 WARNING main_het_teleport_mw_rb_yb_rb_er Starting Mw-to-Er teleportation trial 2942 at 176460000087937000.
176,520,000,087,937,000 WARNING main_het_teleport_mw_rb_yb_rb_er Mw-to-Er teleportation trial 2942 succeeded (completed=True, direct match=True, latency=3.6592514375 seconds).
176,520,000,087,937,000 WARNING main_het_teleport_mw_rb_yb_rb_er Starting Mw-to-Er teleportation trial 2943 at 176520000087937000.
176,580,000,087,937,000 WARNING main_het_teleport_mw_rb_yb_rb_er Mw-to-Er teleportation trial 2943 succeeded (completed=True, direct match=True, latency=2.17587625 seconds).
176,580,000,087,937,000 WARNING main_het_teleport_mw_rb_yb_rb_er Starting Mw-to-Er teleportation trial 2944 at 176580000087937000.
176,640,000,087,937,000 WARNING main_het_teleport_mw_rb_yb_rb_er Mw-to-Er teleportation trial 2944 succeeded (completed=True, direct match=True, latency=10.5268904375 seconds).
176,640,000,087,937,000 WARNING main_het_teleport_mw_rb_yb_rb_er Starting Mw-to-Er teleportation trial 2945 at 176640000087937000.
176,700,000,087,937,000 WARNING main_het_teleport_mw_rb_yb_rb_er Mw-to-Er teleportation trial 2945 failed (completed=True, direct match=False, latency=1.41378575 seconds).
176,700,000,087,937,000 WARNING main_het_teleport_mw_rb_yb_rb_er Starting Mw-to-Er teleportation trial 2946 at 176700000087937000.
176,760,000,087,937,000 WARNING main_het_teleport_mw_rb_yb_rb_er Mw-to-Er teleportation trial 2946 succeeded (completed=True, direct match=True, latency=6.99880925 seconds).
176,760,000,087,937,000 WARNING main_het_teleport_mw_rb_yb_rb_er Starting Mw-to-Er teleportation trial 2947 at 176760000087937000.
176,820,000,087,937,000 WARNING main_het_teleport_mw_rb_yb_rb_er Mw-to-Er teleportation trial 2947 succeeded (completed=True, direct match=True, latency=4.9605876875 seconds).
176,820,000,087,937,000 WARNING main_het_teleport_mw_rb_yb_rb_er Starting Mw-to-Er teleportation trial 2948 at 176820000087937000.
176,880,000,087,937,000 WARNING main_het_teleport_mw_rb_yb_rb_er Mw-to-Er teleportation trial 2948 succeeded (completed=True, direct match=True, latency=4.9356266875 seconds).
176,880,000,087,937,000 WARNING main_het_teleport_mw_rb_yb_rb_er Starting Mw-to-Er teleportation trial 2949 at 176880000087937000.
176,940,000,087,937,000 WARNING main_het_teleport_mw_rb_yb_rb_er Mw-to-Er teleportation trial 2949 succeeded (completed=True, direct match=True, latency=6.3162819375 seconds).
176,940,000,087,937,000 WARNING main_het_teleport_mw_rb_yb_rb_er Starting Mw-to-Er teleportation trial 2950 at 176940000087937000.
177,000,000,087,937,000 WARNING main_het_teleport_mw_rb_yb_rb_er Mw-to-Er teleportation trial 2950 succeeded (completed=True, direct match=True, latency=7.0222101875 seconds).
177,000,000,087,937,000 WARNING main_het_teleport_mw_rb_yb_rb_er Starting Mw-to-Er teleportation trial 2951 at 177000000087937000.
177,060,000,087,937,000 WARNING main_het_teleport_mw_rb_yb_rb_er Mw-to-Er teleportation trial 2951 succeeded (completed=True, direct match=True, latency=2.11347375 seconds).
177,060,000,087,937,000 WARNING main_het_teleport_mw_rb_yb_rb_er Starting Mw-to-Er teleportation trial 2952 at 177060000087937000.
177,120,000,087,937,000 WARNING main_het_teleport_mw_rb_yb_rb_er Mw-to-Er teleportation trial 2952 succeeded (completed=True, direct match=True, latency=5.6306345 seconds).
177,120,000,087,937,000 WARNING main_het_teleport_mw_rb_yb_rb_er Starting Mw-to-Er teleportation trial 2953 at 177120000087937000.
177,180,000,087,937,000 WARNING main_het_teleport_mw_rb_yb_rb_er Mw-to-Er teleportation trial 2953 succeeded (completed=True, direct match=True, latency=5.646235125 seconds).
177,180,000,087,937,000 WARNING main_het_teleport_mw_rb_yb_rb_er Starting Mw-to-Er teleportation trial 2954 at 177180000087937000.
177,240,000,087,937,000 WARNING main_het_teleport_mw_rb_yb_rb_er Mw-to-Er teleportation trial 2954 failed (completed=True, direct match=False, latency=2.1087935625 seconds).
177,240,000,087,937,000 WARNING main_het_teleport_mw_rb_yb_rb_er Starting Mw-to-Er teleportation trial 2955 at 177240000087937000.
177,300,000,087,937,000 WARNING main_het_teleport_mw_rb_yb_rb_er Mw-to-Er teleportation trial 2955 succeeded (completed=True, direct match=True, latency=5.5292304375 seconds).
177,300,000,087,937,000 WARNING main_het_teleport_mw_rb_yb_rb_er Starting Mw-to-Er teleportation trial 2956 at 177300000087937000.
177,360,000,087,937,000 WARNING main_het_teleport_mw_rb_yb_rb_er Mw-to-Er teleportation trial 2956 succeeded (completed=True, direct match=True, latency=6.317842 seconds).
177,360,000,087,937,000 WARNING main_het_teleport_mw_rb_yb_rb_er Starting Mw-to-Er teleportation trial 2957 at 177360000087937000.
177,420,000,087,937,000 WARNING main_het_teleport_mw_rb_yb_rb_er Mw-to-Er teleportation trial 2957 succeeded (completed=True, direct match=True, latency=2.945319125 seconds).
177,420,000,087,937,000 WARNING main_het_teleport_mw_rb_yb_rb_er Starting Mw-to-Er teleportation trial 2958 at 177420000087937000.
177,480,000,087,937,000 WARNING main_het_teleport_mw_rb_yb_rb_er Mw-to-Er teleportation trial 2958 succeeded (completed=True, direct match=True, latency=7.567452 seconds).
177,480,000,087,937,000 WARNING main_het_teleport_mw_rb_yb_rb_er Starting Mw-to-Er teleportation trial 2959 at 177480000087937000.
177,540,000,087,937,000 WARNING main_het_teleport_mw_rb_yb_rb_er Mw-to-Er teleportation trial 2959 succeeded (completed=True, direct match=True, latency=6.33656275 seconds).
177,540,000,087,937,000 WARNING main_het_teleport_mw_rb_yb_rb_er Starting Mw-to-Er teleportation trial 2960 at 177540000087937000.
177,600,000,087,937,000 WARNING main_het_teleport_mw_rb_yb_rb_er Mw-to-Er teleportation trial 2960 succeeded (completed=True, direct match=True, latency=4.2172179375 seconds).
177,600,000,087,937,000 WARNING main_het_teleport_mw_rb_yb_rb_er Starting Mw-to-Er teleportation trial 2961 at 177600000087937000.
177,660,000,087,937,000 WARNING main_het_teleport_mw_rb_yb_rb_er Mw-to-Er teleportation trial 2961 succeeded (completed=True, direct match=True, latency=4.902865375 seconds).
177,660,000,087,937,000 WARNING main_het_teleport_mw_rb_yb_rb_er Starting Mw-to-Er teleportation trial 2962 at 177660000087937000.
177,720,000,087,937,000 WARNING main_het_teleport_mw_rb_yb_rb_er Mw-to-Er teleportation trial 2962 succeeded (completed=True, direct match=True, latency=1.42626625 seconds).
177,720,000,087,937,000 WARNING main_het_teleport_mw_rb_yb_rb_er Starting Mw-to-Er teleportation trial 2963 at 177720000087937000.
177,780,000,087,937,000 WARNING main_het_teleport_mw_rb_yb_rb_er Mw-to-Er teleportation trial 2963 succeeded (completed=True, direct match=True, latency=6.3038014375 seconds).
177,780,000,087,937,000 WARNING main_het_teleport_mw_rb_yb_rb_er Starting Mw-to-Er teleportation trial 2964 at 177780000087937000.
177,840,000,087,937,000 WARNING main_het_teleport_mw_rb_yb_rb_er Mw-to-Er teleportation trial 2964 succeeded (completed=True, direct match=True, latency=11.140775 seconds).
177,840,000,087,937,000 WARNING main_het_teleport_mw_rb_yb_rb_er Starting Mw-to-Er teleportation trial 2965 at 177840000087937000.
177,900,000,087,937,000 WARNING main_het_teleport_mw_rb_yb_rb_er Mw-to-Er teleportation trial 2965 failed (completed=True, direct match=False, latency=11.965268 seconds).
177,900,000,087,937,000 WARNING main_het_teleport_mw_rb_yb_rb_er Starting Mw-to-Er teleportation trial 2966 at 177900000087937000.
177,960,000,087,937,000 WARNING main_het_teleport_mw_rb_yb_rb_er Mw-to-Er teleportation trial 2966 failed (completed=True, direct match=False, latency=3.48788875 seconds).
177,960,000,087,937,000 WARNING main_het_teleport_mw_rb_yb_rb_er Starting Mw-to-Er teleportation trial 2967 at 177960000087937000.
178,020,000,087,937,000 WARNING main_het_teleport_mw_rb_yb_rb_er Mw-to-Er teleportation trial 2967 succeeded (completed=True, direct match=True, latency=4.2016173125 seconds).
178,020,000,087,937,000 WARNING main_het_teleport_mw_rb_yb_rb_er Starting Mw-to-Er teleportation trial 2968 at 178020000087937000.
178,080,000,087,937,000 WARNING main_het_teleport_mw_rb_yb_rb_er Mw-to-Er teleportation trial 2968 succeeded (completed=True, direct match=True, latency=2.1072335 seconds).
178,080,000,087,937,000 WARNING main_het_teleport_mw_rb_yb_rb_er Starting Mw-to-Er teleportation trial 2969 at 178080000087937000.
178,140,000,087,937,000 WARNING main_het_teleport_mw_rb_yb_rb_er Mw-to-Er teleportation trial 2969 succeeded (completed=True, direct match=True, latency=3.43796675 seconds).
178,140,000,087,937,000 WARNING main_het_teleport_mw_rb_yb_rb_er Starting Mw-to-Er teleportation trial 2970 at 178140000087937000.
178,200,000,087,937,000 WARNING main_het_teleport_mw_rb_yb_rb_er Mw-to-Er teleportation trial 2970 succeeded (completed=True, direct match=True, latency=3.51284975 seconds).
178,200,000,087,937,000 WARNING main_het_teleport_mw_rb_yb_rb_er Starting Mw-to-Er teleportation trial 2971 at 178200000087937000.
178,260,000,087,937,000 WARNING main_het_teleport_mw_rb_yb_rb_er Mw-to-Er teleportation trial 2971 failed (completed=True, direct match=False, latency=1.4184659375 seconds).
178,260,000,087,937,000 WARNING main_het_teleport_mw_rb_yb_rb_er Starting Mw-to-Er teleportation trial 2972 at 178260000087937000.
178,320,000,087,937,000 WARNING main_het_teleport_mw_rb_yb_rb_er Mw-to-Er teleportation trial 2972 failed (completed=True, direct match=False, latency=6.9847686875 seconds).
178,320,000,087,937,000 WARNING main_het_teleport_mw_rb_yb_rb_er Starting Mw-to-Er teleportation trial 2973 at 178320000087937000.
178,380,000,087,937,000 WARNING main_het_teleport_mw_rb_yb_rb_er Mw-to-Er teleportation trial 2973 failed (completed=True, direct match=False, latency=5.6134738125 seconds).
178,380,000,087,937,000 WARNING main_het_teleport_mw_rb_yb_rb_er Starting Mw-to-Er teleportation trial 2974 at 178380000087937000.
178,440,000,087,937,000 WARNING main_het_teleport_mw_rb_yb_rb_er Mw-to-Er teleportation trial 2974 succeeded (completed=True, direct match=True, latency=4.9044254375 seconds).
178,440,000,087,937,000 WARNING main_het_teleport_mw_rb_yb_rb_er Starting Mw-to-Er teleportation trial 2975 at 178440000087937000.
178,500,000,087,937,000 WARNING main_het_teleport_mw_rb_yb_rb_er Mw-to-Er teleportation trial 2975 succeeded (completed=True, direct match=True, latency=3.522210125 seconds).
178,500,000,087,937,000 WARNING main_het_teleport_mw_rb_yb_rb_er Starting Mw-to-Er teleportation trial 2976 at 178500000087937000.
178,560,000,087,937,000 WARNING main_het_teleport_mw_rb_yb_rb_er Mw-to-Er teleportation trial 2976 succeeded (completed=True, direct match=True, latency=3.5081695625 seconds).
178,560,000,087,937,000 WARNING main_het_teleport_mw_rb_yb_rb_er Starting Mw-to-Er teleportation trial 2977 at 178560000087937000.
178,620,000,087,937,000 WARNING main_het_teleport_mw_rb_yb_rb_er Mw-to-Er teleportation trial 2977 succeeded (completed=True, direct match=True, latency=4.265579875 seconds).
178,620,000,087,937,000 WARNING main_het_teleport_mw_rb_yb_rb_er Starting Mw-to-Er teleportation trial 2978 at 178620000087937000.
178,680,000,087,937,000 WARNING main_het_teleport_mw_rb_yb_rb_er Mw-to-Er teleportation trial 2978 succeeded (completed=True, direct match=True, latency=6.292881 seconds).
178,680,000,087,937,000 WARNING main_het_teleport_mw_rb_yb_rb_er Starting Mw-to-Er teleportation trial 2979 at 178680000087937000.
178,740,000,087,937,000 WARNING main_het_teleport_mw_rb_yb_rb_er Mw-to-Er teleportation trial 2979 succeeded (completed=True, direct match=True, latency=4.927826375 seconds).
178,740,000,087,937,000 WARNING main_het_teleport_mw_rb_yb_rb_er Starting Mw-to-Er teleportation trial 2980 at 178740000087937000.
178,800,000,087,937,000 WARNING main_het_teleport_mw_rb_yb_rb_er Mw-to-Er teleportation trial 2980 failed (completed=True, direct match=False, latency=6.3318825625 seconds).
178,800,000,087,937,000 WARNING main_het_teleport_mw_rb_yb_rb_er Starting Mw-to-Er teleportation trial 2981 at 178800000087937000.
178,860,000,087,937,000 WARNING main_het_teleport_mw_rb_yb_rb_er Mw-to-Er teleportation trial 2981 succeeded (completed=True, direct match=True, latency=2.816281875 seconds).
178,860,000,087,937,000 WARNING main_het_teleport_mw_rb_yb_rb_er Starting Mw-to-Er teleportation trial 2982 at 178860000087937000.
178,920,000,087,937,000 WARNING main_het_teleport_mw_rb_yb_rb_er Mw-to-Er teleportation trial 2982 succeeded (completed=True, direct match=True, latency=5.6056735 seconds).
178,920,000,087,937,000 WARNING main_het_teleport_mw_rb_yb_rb_er Starting Mw-to-Er teleportation trial 2983 at 178920000087937000.
178,980,000,087,937,000 WARNING main_het_teleport_mw_rb_yb_rb_er Mw-to-Er teleportation trial 2983 failed (completed=True, direct match=False, latency=2.76948 seconds).
178,980,000,087,937,000 WARNING main_het_teleport_mw_rb_yb_rb_er Starting Mw-to-Er teleportation trial 2984 at 178980000087937000.
179,040,000,087,937,000 WARNING main_het_teleport_mw_rb_yb_rb_er Mw-to-Er teleportation trial 2984 failed (completed=True, direct match=False, latency=1.3467030625 seconds).
179,040,000,087,937,000 WARNING main_het_teleport_mw_rb_yb_rb_er Starting Mw-to-Er teleportation trial 2985 at 179040000087937000.
179,100,000,087,937,000 WARNING main_het_teleport_mw_rb_yb_rb_er Mw-to-Er teleportation trial 2985 succeeded (completed=True, direct match=True, latency=4.2109776875 seconds).
179,100,000,087,937,000 WARNING main_het_teleport_mw_rb_yb_rb_er Starting Mw-to-Er teleportation trial 2986 at 179100000087937000.
179,160,000,087,937,000 WARNING main_het_teleport_mw_rb_yb_rb_er Mw-to-Er teleportation trial 2986 failed (completed=True, direct match=False, latency=4.2203380625 seconds).
179,160,000,087,937,000 WARNING main_het_teleport_mw_rb_yb_rb_er Starting Mw-to-Er teleportation trial 2987 at 179160000087937000.
179,220,000,087,937,000 WARNING main_het_teleport_mw_rb_yb_rb_er Mw-to-Er teleportation trial 2987 succeeded (completed=True, direct match=True, latency=8.4184660625 seconds).
179,220,000,087,937,000 WARNING main_het_teleport_mw_rb_yb_rb_er Starting Mw-to-Er teleportation trial 2988 at 179220000087937000.
179,280,000,087,937,000 WARNING main_het_teleport_mw_rb_yb_rb_er Mw-to-Er teleportation trial 2988 succeeded (completed=True, direct match=True, latency=6.9972491875 seconds).
179,280,000,087,937,000 WARNING main_het_teleport_mw_rb_yb_rb_er Starting Mw-to-Er teleportation trial 2989 at 179280000087937000.
179,340,000,087,937,000 WARNING main_het_teleport_mw_rb_yb_rb_er Mw-to-Er teleportation trial 2989 failed (completed=True, direct match=False, latency=1.503056375 seconds).
179,340,000,087,937,000 WARNING main_het_teleport_mw_rb_yb_rb_er Starting Mw-to-Er teleportation trial 2990 at 179340000087937000.
179,400,000,087,937,000 WARNING main_het_teleport_mw_rb_yb_rb_er Mw-to-Er teleportation trial 2990 succeeded (completed=True, direct match=True, latency=7.7156579375 seconds).
179,400,000,087,937,000 WARNING main_het_teleport_mw_rb_yb_rb_er Starting Mw-to-Er teleportation trial 2991 at 179400000087937000.
179,460,000,087,937,000 WARNING main_het_teleport_mw_rb_yb_rb_er Mw-to-Er teleportation trial 2991 succeeded (completed=True, direct match=True, latency=1.485548625 seconds).
179,460,000,087,937,000 WARNING main_het_teleport_mw_rb_yb_rb_er Starting Mw-to-Er teleportation trial 2992 at 179460000087937000.
179,520,000,087,937,000 WARNING main_het_teleport_mw_rb_yb_rb_er Mw-to-Er teleportation trial 2992 failed (completed=True, direct match=False, latency=4.0768123125 seconds).
179,520,000,087,937,000 WARNING main_het_teleport_mw_rb_yb_rb_er Starting Mw-to-Er teleportation trial 2993 at 179520000087937000.
179,580,000,087,937,000 WARNING main_het_teleport_mw_rb_yb_rb_er Mw-to-Er teleportation trial 2993 succeeded (completed=True, direct match=True, latency=7.008169625 seconds).
179,580,000,087,937,000 WARNING main_het_teleport_mw_rb_yb_rb_er Starting Mw-to-Er teleportation trial 2994 at 179580000087937000.
179,640,000,087,937,000 WARNING main_het_teleport_mw_rb_yb_rb_er Mw-to-Er teleportation trial 2994 succeeded (completed=True, direct match=True, latency=10.53469075 seconds).
179,640,000,087,937,000 WARNING main_het_teleport_mw_rb_yb_rb_er Starting Mw-to-Er teleportation trial 2995 at 179640000087937000.
179,700,000,087,937,000 WARNING main_het_teleport_mw_rb_yb_rb_er Mw-to-Er teleportation trial 2995 succeeded (completed=True, direct match=True, latency=2.0807124375 seconds).
179,700,000,087,937,000 WARNING main_het_teleport_mw_rb_yb_rb_er Starting Mw-to-Er teleportation trial 2996 at 179700000087937000.
179,760,000,087,937,000 WARNING main_het_teleport_mw_rb_yb_rb_er Mw-to-Er teleportation trial 2996 succeeded (completed=True, direct match=True, latency=2.2132635375 seconds).
179,760,000,087,937,000 WARNING main_het_teleport_mw_rb_yb_rb_er Starting Mw-to-Er teleportation trial 2997 at 179760000087937000.
179,820,000,087,937,000 WARNING main_het_teleport_mw_rb_yb_rb_er Mw-to-Er teleportation trial 2997 succeeded (completed=True, direct match=True, latency=8.407545625 seconds).
179,820,000,087,937,000 WARNING main_het_teleport_mw_rb_yb_rb_er Starting Mw-to-Er teleportation trial 2998 at 179820000087937000.
179,880,000,087,937,000 WARNING main_het_teleport_mw_rb_yb_rb_er Mw-to-Er teleportation trial 2998 succeeded (completed=True, direct match=True, latency=5.6665159375 seconds).
179,880,000,087,937,000 WARNING main_het_teleport_mw_rb_yb_rb_er Starting Mw-to-Er teleportation trial 2999 at 179880000087937000.
179,940,000,087,937,000 WARNING main_het_teleport_mw_rb_yb_rb_er Mw-to-Er teleportation trial 2999 failed (completed=True, direct match=False, latency=2.119714 seconds).
179,940,000,087,937,000 WARNING main_het_teleport_mw_rb_yb_rb_er Starting Mw-to-Er teleportation trial 3000 at 179940000087937000.
180,000,000,087,937,000 WARNING main_het_teleport_mw_rb_yb_rb_er Mw-to-Er teleportation trial 3000 succeeded (completed=True, direct match=True, latency=1.416905875 seconds).
180,000,000,087,937,000 WARNING main_het_teleport_mw_rb_yb_rb_er Raw teleport fidelity by direct comparison: 2450/3000 (81.67%)
180,000,000,087,937,000 WARNING main_het_teleport_mw_rb_yb_rb_er Teleport fidelity after Rb measurement, Mw measurement, and gate losses: 76.65% (operation fidelity factor=0.9386304)
180,000,000,087,937,000 WARNING main_het_teleport_mw_rb_yb_rb_er Average teleport latency: 4.965025757 seconds over 2997 completed trials
