0                    WARNING main_het_teleport_mw_rb_yb_rb_er Starting Mw-to-Er teleportation trial 1 at 0.
30,000,000,000,000   WARNING main_het_teleport_mw_rb_yb_rb_er Mw-to-Er teleportation trial 1 succeeded (completed=True, direct match=True, latency=3.4486492495 seconds).
30,000,000,000,000   WARNING main_het_teleport_mw_rb_yb_rb_er Starting Mw-to-Er teleportation trial 2 at 30000000000000.
60,000,000,000,000   WARNING main_het_teleport_mw_rb_yb_rb_er Mw-to-Er teleportation trial 2 succeeded (completed=True, direct match=True, latency=3.555171437 seconds).
60,000,000,000,000   WARNING main_het_teleport_mw_rb_yb_rb_er Starting Mw-to-Er teleportation trial 3 at 60000000000000.
90,000,000,000,000   WARNING main_het_teleport_mw_rb_yb_rb_er Mw-to-Er teleportation trial 3 succeeded (completed=True, direct match=True, latency=4.331044012 seconds).
90,000,000,000,000   WARNING main_het_teleport_mw_rb_yb_rb_er Starting Mw-to-Er teleportation trial 4 at 90000000000000.
120,000,000,000,000  WARNING main_het_teleport_mw_rb_yb_rb_er Mw-to-Er teleportation trial 4 succeeded (completed=True, direct match=True, latency=3.5002442495 seconds).
120,000,000,000,000  WARNING main_het_teleport_mw_rb_yb_rb_er Starting Mw-to-Er teleportation trial 5 at 120000000000000.
150,000,000,000,000  WARNING main_het_teleport_mw_rb_yb_rb_er Mw-to-Er teleportation trial 5 succeeded (completed=True, direct match=True, latency=2.814921812 seconds).
150,000,000,000,000  WARNING main_het_teleport_mw_rb_yb_rb_er Starting Mw-to-Er teleportation trial 6 at 150000000000000.
180,000,000,000,000  WARNING main_het_teleport_mw_rb_yb_rb_er Mw-to-Er teleportation trial 6 succeeded (completed=True, direct match=True, latency=2.211782687 seconds).
180,000,000,000,000  WARNING main_het_teleport_mw_rb_yb_rb_er Starting Mw-to-Er teleportation trial 7 at 180000000000000.
210,000,000,000,000  WARNING main_het_teleport_mw_rb_yb_rb_er Mw-to-Er teleportation trial 7 succeeded (completed=True, direct match=True, latency=2.0947779995 seconds).
210,000,000,000,000  WARNING main_het_teleport_mw_rb_yb_rb_er Starting Mw-to-Er teleportation trial 8 at 210000000000000.
240,000,000,000,000  WARNING main_het_teleport_mw_rb_yb_rb_er Mw-to-Er teleportation trial 8 succeeded (completed=True, direct match=True, latency=6.307121562 seconds).
240,000,000,000,000  WARNING main_het_teleport_mw_rb_yb_rb_er Starting Mw-to-Er teleportation trial 9 at 240000000000000.
270,000,000,000,000  WARNING main_het_teleport_mw_rb_yb_rb_er Mw-to-Er teleportation trial 9 succeeded (completed=True, direct match=True, latency=5.6526753745 seconds).
270,000,000,000,000  WARNING main_het_teleport_mw_rb_yb_rb_er Starting Mw-to-Er teleportation trial 10 at 270000000000000.
300,000,000,000,000  WARNING main_het_teleport_mw_rb_yb_rb_er Mw-to-Er teleportation trial 10 succeeded (completed=True, direct match=True, latency=4.4768205245 seconds).
300,000,000,000,000  WARNING main_het_teleport_mw_rb_yb_rb_er Starting Mw-to-Er teleportation trial 11 at 300000000000000.
330,000,000,000,000  WARNING main_het_teleport_mw_rb_yb_rb_er Mw-to-Er teleportation trial 11 succeeded (completed=True, direct match=True, latency=7.712986937 seconds).
330,000,000,000,000  WARNING main_het_teleport_mw_rb_yb_rb_er Starting Mw-to-Er teleportation trial 12 at 330000000000000.
360,000,000,000,000  WARNING main_het_teleport_mw_rb_yb_rb_er Mw-to-Er teleportation trial 12 succeeded (completed=True, direct match=True, latency=7.7078826245 seconds).
360,000,000,000,000  WARNING main_het_teleport_mw_rb_yb_rb_er Starting Mw-to-Er teleportation trial 13 at 360000000000000.
390,000,000,000,000  WARNING main_het_teleport_mw_rb_yb_rb_er Mw-to-Er teleportation trial 13 succeeded (completed=True, direct match=True, latency=4.214122812 seconds).
390,000,000,000,000  WARNING main_het_teleport_mw_rb_yb_rb_er Starting Mw-to-Er teleportation trial 14 at 390000000000000.
420,000,000,000,000  WARNING main_het_teleport_mw_rb_yb_rb_er Mw-to-Er teleportation trial 14 succeeded (completed=True, direct match=True, latency=2.7258232495 seconds).
420,000,000,000,000  WARNING main_het_teleport_mw_rb_yb_rb_er Starting Mw-to-Er teleportation trial 15 at 420000000000000.
450,000,000,000,000  WARNING main_het_teleport_mw_rb_yb_rb_er Mw-to-Er teleportation trial 15 succeeded (completed=True, direct match=True, latency=4.916780937 seconds).
450,000,000,000,000  WARNING main_het_teleport_mw_rb_yb_rb_er Starting Mw-to-Er teleportation trial 16 at 450000000000000.
480,000,000,000,000  WARNING main_het_teleport_mw_rb_yb_rb_er Mw-to-Er teleportation trial 16 succeeded (completed=True, direct match=True, latency=2.780425437 seconds).
480,000,000,000,000  WARNING main_het_teleport_mw_rb_yb_rb_er Starting Mw-to-Er teleportation trial 17 at 480000000000000.
510,000,000,000,000  WARNING main_het_teleport_mw_rb_yb_rb_er Mw-to-Er teleportation trial 17 succeeded (completed=True, direct match=True, latency=10.5534364995 seconds).
510,000,000,000,000  WARNING main_het_teleport_mw_rb_yb_rb_er Starting Mw-to-Er teleportation trial 18 at 510000000000000.
540,000,000,000,000  WARNING main_het_teleport_mw_rb_yb_rb_er Mw-to-Er teleportation trial 18 failed (completed=True, direct match=False, latency=4.923171187 seconds).
540,000,000,000,000  WARNING main_het_teleport_mw_rb_yb_rb_er Starting Mw-to-Er teleportation trial 19 at 540000000000000.
570,000,000,000,000  WARNING main_het_teleport_mw_rb_yb_rb_er Mw-to-Er teleportation trial 19 succeeded (completed=True, direct match=True, latency=6.275745312 seconds).
570,000,000,000,000  WARNING main_het_teleport_mw_rb_yb_rb_er Starting Mw-to-Er teleportation trial 20 at 570000000000000.
600,000,000,000,000  WARNING main_het_teleport_mw_rb_yb_rb_er Mw-to-Er teleportation trial 20 failed (completed=True, direct match=False, latency=6.3303474995 seconds).
600,000,000,000,000  WARNING main_het_teleport_mw_rb_yb_rb_er Starting Mw-to-Er teleportation trial 21 at 600000000000000.
630,000,000,000,000  WARNING main_het_teleport_mw_rb_yb_rb_er Mw-to-Er teleportation trial 21 succeeded (completed=True, direct match=True, latency=8.4199011245 seconds).
630,000,000,000,000  WARNING main_het_teleport_mw_rb_yb_rb_er Starting Mw-to-Er teleportation trial 22 at 630000000000000.
660,000,000,000,000  WARNING main_het_teleport_mw_rb_yb_rb_er Mw-to-Er teleportation trial 22 succeeded (completed=True, direct match=True, latency=12.623034312 seconds).
660,000,000,000,000  WARNING main_het_teleport_mw_rb_yb_rb_er Starting Mw-to-Er teleportation trial 23 at 660000000000000.
690,000,000,000,000  WARNING main_het_teleport_mw_rb_yb_rb_er Mw-to-Er teleportation trial 23 failed (completed=True, direct match=False, latency=4.907570562 seconds).
690,000,000,000,000  WARNING main_het_teleport_mw_rb_yb_rb_er Starting Mw-to-Er teleportation trial 24 at 690000000000000.
720,000,000,000,000  WARNING main_het_teleport_mw_rb_yb_rb_er Mw-to-Er teleportation trial 24 succeeded (completed=True, direct match=True, latency=4.960612687 seconds).
720,000,000,000,000  WARNING main_het_teleport_mw_rb_yb_rb_er Starting Mw-to-Er teleportation trial 25 at 720000000000000.
750,000,000,000,000  WARNING main_het_teleport_mw_rb_yb_rb_er Mw-to-Er teleportation trial 25 succeeded (completed=True, direct match=True, latency=6.288225812 seconds).
750,000,000,000,000  WARNING main_het_teleport_mw_rb_yb_rb_er Starting Mw-to-Er teleportation trial 26 at 750000000000000.
780,000,000,000,000  WARNING main_het_teleport_mw_rb_yb_rb_er Mw-to-Er teleportation trial 26 failed (completed=True, direct match=False, latency=11.2217732495 seconds).
780,000,000,000,000  WARNING main_het_teleport_mw_rb_yb_rb_er Starting Mw-to-Er teleportation trial 27 at 780000000000000.
810,000,000,000,000  WARNING main_het_teleport_mw_rb_yb_rb_er Mw-to-Er teleportation trial 27 succeeded (completed=True, direct match=True, latency=2.8225471245 seconds).
810,000,000,000,000  WARNING main_het_teleport_mw_rb_yb_rb_er Starting Mw-to-Er teleportation trial 28 at 810000000000000.
840,000,000,000,000  WARNING main_het_teleport_mw_rb_yb_rb_er Mw-to-Er teleportation trial 28 failed (completed=True, direct match=False, latency=2.8599886245 seconds).
840,000,000,000,000  WARNING main_het_teleport_mw_rb_yb_rb_er Starting Mw-to-Er teleportation trial 29 at 840000000000000.
870,000,000,000,000  WARNING main_het_teleport_mw_rb_yb_rb_er Mw-to-Er teleportation trial 29 succeeded (completed=True, direct match=True, latency=6.294641062 seconds).
870,000,000,000,000  WARNING main_het_teleport_mw_rb_yb_rb_er Starting Mw-to-Er teleportation trial 30 at 870000000000000.
900,000,000,000,000  WARNING main_het_teleport_mw_rb_yb_rb_er Mw-to-Er teleportation trial 30 succeeded (completed=True, direct match=True, latency=5.660150687 seconds).
900,000,000,000,000  WARNING main_het_teleport_mw_rb_yb_rb_er Starting Mw-to-Er teleportation trial 31 at 900000000000000.
930,000,000,000,000  WARNING main_het_teleport_mw_rb_yb_rb_er Mw-to-Er teleportation trial 31 failed (completed=True, direct match=False, latency=4.120694062 seconds).
930,000,000,000,000  WARNING main_het_teleport_mw_rb_yb_rb_er Starting Mw-to-Er teleportation trial 32 at 930000000000000.
960,000,000,000,000  WARNING main_het_teleport_mw_rb_yb_rb_er Mw-to-Er teleportation trial 32 succeeded (completed=True, direct match=True, latency=1.4261412495 seconds).
960,000,000,000,000  WARNING main_het_teleport_mw_rb_yb_rb_er Starting Mw-to-Er teleportation trial 33 at 960000000000000.
990,000,000,000,000  WARNING main_het_teleport_mw_rb_yb_rb_er Mw-to-Er teleportation trial 33 failed (completed=True, direct match=False, latency=2.7601446245 seconds).
990,000,000,000,000  WARNING main_het_teleport_mw_rb_yb_rb_er Starting Mw-to-Er teleportation trial 34 at 990000000000000.
1,020,000,000,000,000 WARNING main_het_teleport_mw_rb_yb_rb_er Mw-to-Er teleportation trial 34 succeeded (completed=True, direct match=True, latency=9.174191312 seconds).
1,020,000,000,000,000 WARNING main_het_teleport_mw_rb_yb_rb_er Starting Mw-to-Er teleportation trial 35 at 1020000000000000.
1,050,000,000,000,000 WARNING main_het_teleport_mw_rb_yb_rb_er Mw-to-Er teleportation trial 35 failed (completed=True, direct match=False, latency=8.515214937 seconds).
1,050,000,000,000,000 WARNING main_het_teleport_mw_rb_yb_rb_er Starting Mw-to-Er teleportation trial 36 at 1050000000000000.
1,080,000,000,000,000 WARNING main_het_teleport_mw_rb_yb_rb_er Mw-to-Er teleportation trial 36 succeeded (completed=True, direct match=True, latency=7.034715687 seconds).
1,080,000,000,000,000 WARNING main_het_teleport_mw_rb_yb_rb_er Starting Mw-to-Er teleportation trial 37 at 1080000000000000.
1,110,000,000,000,000 WARNING main_het_teleport_mw_rb_yb_rb_er Mw-to-Er teleportation trial 37 succeeded (completed=True, direct match=True, latency=4.2657798745 seconds).
1,110,000,000,000,000 WARNING main_het_teleport_mw_rb_yb_rb_er Starting Mw-to-Er teleportation trial 38 at 1110000000000000.
1,140,000,000,000,000 WARNING main_het_teleport_mw_rb_yb_rb_er Mw-to-Er teleportation trial 38 succeeded (completed=True, direct match=True, latency=4.226603312 seconds).
1,140,000,000,000,000 WARNING main_het_teleport_mw_rb_yb_rb_er Starting Mw-to-Er teleportation trial 39 at 1140000000000000.
1,170,000,000,000,000 WARNING main_het_teleport_mw_rb_yb_rb_er Mw-to-Er teleportation trial 39 succeeded (completed=True, direct match=True, latency=3.5189649995 seconds).
1,170,000,000,000,000 WARNING main_het_teleport_mw_rb_yb_rb_er Starting Mw-to-Er teleportation trial 40 at 1170000000000000.
1,200,000,000,000,000 WARNING main_het_teleport_mw_rb_yb_rb_er Mw-to-Er teleportation trial 40 succeeded (completed=True, direct match=True, latency=2.758584562 seconds).
1,200,000,000,000,000 WARNING main_het_teleport_mw_rb_yb_rb_er Starting Mw-to-Er teleportation trial 41 at 1200000000000000.
1,230,000,000,000,000 WARNING main_het_teleport_mw_rb_yb_rb_er Mw-to-Er teleportation trial 41 succeeded (completed=True, direct match=True, latency=2.1414298745 seconds).
1,230,000,000,000,000 WARNING main_het_teleport_mw_rb_yb_rb_er Starting Mw-to-Er teleportation trial 42 at 1230000000000000.
1,260,000,000,000,000 WARNING main_het_teleport_mw_rb_yb_rb_er Mw-to-Er teleportation trial 42 succeeded (completed=True, direct match=True, latency=3.6301309245 seconds).
1,260,000,000,000,000 WARNING main_het_teleport_mw_rb_yb_rb_er Starting Mw-to-Er teleportation trial 43 at 1260000000000000.
1,290,000,000,000,000 WARNING main_het_teleport_mw_rb_yb_rb_er Mw-to-Er teleportation trial 43 succeeded (completed=True, direct match=True, latency=2.959694687 seconds).
1,290,000,000,000,000 WARNING main_het_teleport_mw_rb_yb_rb_er Starting Mw-to-Er teleportation trial 44 at 1290000000000000.
1,320,000,000,000,000 WARNING main_het_teleport_mw_rb_yb_rb_er Mw-to-Er teleportation trial 44 succeeded (completed=True, direct match=True, latency=7.578397437 seconds).
1,320,000,000,000,000 WARNING main_het_teleport_mw_rb_yb_rb_er Starting Mw-to-Er teleportation trial 45 at 1320000000000000.
1,350,000,000,000,000 WARNING main_het_teleport_mw_rb_yb_rb_er Mw-to-Er teleportation trial 45 succeeded (completed=True, direct match=True, latency=4.310846687 seconds).
1,350,000,000,000,000 WARNING main_het_teleport_mw_rb_yb_rb_er Starting Mw-to-Er teleportation trial 46 at 1350000000000000.
1,380,000,000,000,000 WARNING main_het_teleport_mw_rb_yb_rb_er Mw-to-Er teleportation trial 46 failed (completed=True, direct match=False, latency=13.297436312 seconds).
1,380,000,000,000,000 WARNING main_het_teleport_mw_rb_yb_rb_er Starting Mw-to-Er teleportation trial 47 at 1380000000000000.
1,410,000,000,000,000 WARNING main_het_teleport_mw_rb_yb_rb_er Mw-to-Er teleportation trial 47 succeeded (completed=True, direct match=True, latency=1.412100687 seconds).
1,410,000,000,000,000 WARNING main_het_teleport_mw_rb_yb_rb_er Starting Mw-to-Er teleportation trial 48 at 1410000000000000.
1,440,000,000,000,000 WARNING main_het_teleport_mw_rb_yb_rb_er Mw-to-Er teleportation trial 48 failed (completed=True, direct match=False, latency=15.4292616245 seconds).
1,440,000,000,000,000 WARNING main_het_teleport_mw_rb_yb_rb_er Starting Mw-to-Er teleportation trial 49 at 1440000000000000.
1,470,000,000,000,000 WARNING main_het_teleport_mw_rb_yb_rb_er Mw-to-Er teleportation trial 49 failed (completed=True, direct match=False, latency=2.824107187 seconds).
1,470,000,000,000,000 WARNING main_het_teleport_mw_rb_yb_rb_er Starting Mw-to-Er teleportation trial 50 at 1470000000000000.
1,500,000,000,000,000 WARNING main_het_teleport_mw_rb_yb_rb_er Mw-to-Er teleportation trial 50 succeeded (completed=True, direct match=True, latency=2.7944659995 seconds).
1,500,000,000,000,000 WARNING main_het_teleport_mw_rb_yb_rb_er Starting Mw-to-Er teleportation trial 51 at 1500000000000000.
1,530,000,000,000,000 WARNING main_het_teleport_mw_rb_yb_rb_er Mw-to-Er teleportation trial 51 succeeded (completed=True, direct match=True, latency=9.7259983745 seconds).
1,530,000,000,000,000 WARNING main_het_teleport_mw_rb_yb_rb_er Starting Mw-to-Er teleportation trial 52 at 1530000000000000.
1,560,000,000,000,000 WARNING main_het_teleport_mw_rb_yb_rb_er Mw-to-Er teleportation trial 52 succeeded (completed=True, direct match=True, latency=8.4356517495 seconds).
1,560,000,000,000,000 WARNING main_het_teleport_mw_rb_yb_rb_er Starting Mw-to-Er teleportation trial 53 at 1560000000000000.
1,590,000,000,000,000 WARNING main_het_teleport_mw_rb_yb_rb_er Mw-to-Er teleportation trial 53 succeeded (completed=True, direct match=True, latency=4.304606437 seconds).
1,590,000,000,000,000 WARNING main_het_teleport_mw_rb_yb_rb_er Starting Mw-to-Er teleportation trial 54 at 1590000000000000.
1,620,000,000,000,000 WARNING main_het_teleport_mw_rb_yb_rb_er Mw-to-Er teleportation trial 54 failed (completed=True, direct match=False, latency=9.696357187 seconds).
1,620,000,000,000,000 WARNING main_het_teleport_mw_rb_yb_rb_er Starting Mw-to-Er teleportation trial 55 at 1620000000000000.
1,650,000,000,000,000 WARNING main_het_teleport_mw_rb_yb_rb_er Mw-to-Er teleportation trial 55 failed (completed=True, direct match=False, latency=4.198522187 seconds).
1,650,000,000,000,000 WARNING main_het_teleport_mw_rb_yb_rb_er Starting Mw-to-Er teleportation trial 56 at 1650000000000000.
1,680,000,000,000,000 WARNING main_het_teleport_mw_rb_yb_rb_er Mw-to-Er teleportation trial 56 failed (completed=True, direct match=False, latency=5.6649808745 seconds).
1,680,000,000,000,000 WARNING main_het_teleport_mw_rb_yb_rb_er Starting Mw-to-Er teleportation trial 57 at 1680000000000000.
1,710,000,000,000,000 WARNING main_het_teleport_mw_rb_yb_rb_er Mw-to-Er teleportation trial 57 succeeded (completed=True, direct match=True, latency=7.671851187 seconds).
1,710,000,000,000,000 WARNING main_het_teleport_mw_rb_yb_rb_er Starting Mw-to-Er teleportation trial 58 at 1710000000000000.
1,740,000,000,000,000 WARNING main_het_teleport_mw_rb_yb_rb_er Mw-to-Er teleportation trial 58 succeeded (completed=True, direct match=True, latency=9.1726312495 seconds).
1,740,000,000,000,000 WARNING main_het_teleport_mw_rb_yb_rb_er Starting Mw-to-Er teleportation trial 59 at 1740000000000000.
1,770,000,000,000,000 WARNING main_het_teleport_mw_rb_yb_rb_er Mw-to-Er teleportation trial 59 succeeded (completed=True, direct match=True, latency=17.4659231245 seconds).
1,770,000,000,000,000 WARNING main_het_teleport_mw_rb_yb_rb_er Starting Mw-to-Er teleportation trial 60 at 1770000000000000.
1,800,000,000,000,000 WARNING main_het_teleport_mw_rb_yb_rb_er Mw-to-Er teleportation trial 60 succeeded (completed=True, direct match=True, latency=2.842827937 seconds).
1,800,000,000,000,000 WARNING main_het_teleport_mw_rb_yb_rb_er Starting Mw-to-Er teleportation trial 61 at 1800000000000000.
1,830,000,000,000,000 WARNING main_het_teleport_mw_rb_yb_rb_er Mw-to-Er teleportation trial 61 failed (completed=True, direct match=False, latency=2.0916578745 seconds).
1,830,000,000,000,000 WARNING main_het_teleport_mw_rb_yb_rb_er Starting Mw-to-Er teleportation trial 62 at 1830000000000000.
1,860,000,000,000,000 WARNING main_het_teleport_mw_rb_yb_rb_er Mw-to-Er teleportation trial 62 succeeded (completed=True, direct match=True, latency=6.9615677495 seconds).
1,860,000,000,000,000 WARNING main_het_teleport_mw_rb_yb_rb_er Starting Mw-to-Er teleportation trial 63 at 1860000000000000.
1,890,000,000,000,000 WARNING main_het_teleport_mw_rb_yb_rb_er Mw-to-Er teleportation trial 63 succeeded (completed=True, direct match=True, latency=11.2281634995 seconds).
1,890,000,000,000,000 WARNING main_het_teleport_mw_rb_yb_rb_er Starting Mw-to-Er teleportation trial 64 at 1890000000000000.
1,920,000,000,000,000 WARNING main_het_teleport_mw_rb_yb_rb_er Mw-to-Er teleportation trial 64 succeeded (completed=True, direct match=True, latency=4.2342536245 seconds).
1,920,000,000,000,000 WARNING main_het_teleport_mw_rb_yb_rb_er Starting Mw-to-Er teleportation trial 65 at 1920000000000000.
1,950,000,000,000,000 WARNING main_het_teleport_mw_rb_yb_rb_er Mw-to-Er teleportation trial 65 succeeded (completed=True, direct match=True, latency=5.0900476495 seconds).
1,950,000,000,000,000 WARNING main_het_teleport_mw_rb_yb_rb_er Starting Mw-to-Er teleportation trial 66 at 1950000000000000.
1,980,000,000,000,000 WARNING main_het_teleport_mw_rb_yb_rb_er Mw-to-Er teleportation trial 66 succeeded (completed=True, direct match=True, latency=4.2063224995 seconds).
1,980,000,000,000,000 WARNING main_het_teleport_mw_rb_yb_rb_er Starting Mw-to-Er teleportation trial 67 at 1980000000000000.
2,010,000,000,000,000 WARNING main_het_teleport_mw_rb_yb_rb_er Mw-to-Er teleportation trial 67 succeeded (completed=True, direct match=True, latency=6.331907562 seconds).
2,010,000,000,000,000 WARNING main_het_teleport_mw_rb_yb_rb_er Starting Mw-to-Er teleportation trial 68 at 2010000000000000.
2,040,000,000,000,000 WARNING main_het_teleport_mw_rb_yb_rb_er Mw-to-Er teleportation trial 68 succeeded (completed=True, direct match=True, latency=7.687601812 seconds).
2,040,000,000,000,000 WARNING main_het_teleport_mw_rb_yb_rb_er Starting Mw-to-Er teleportation trial 69 at 2040000000000000.
2,070,000,000,000,000 WARNING main_het_teleport_mw_rb_yb_rb_er Mw-to-Er teleportation trial 69 succeeded (completed=True, direct match=True, latency=7.6643758745 seconds).
2,070,000,000,000,000 WARNING main_het_teleport_mw_rb_yb_rb_er Starting Mw-to-Er teleportation trial 70 at 2070000000000000.
2,100,000,000,000,000 WARNING main_het_teleport_mw_rb_yb_rb_er Mw-to-Er teleportation trial 70 succeeded (completed=True, direct match=True, latency=13.388244937 seconds).
2,100,000,000,000,000 WARNING main_het_teleport_mw_rb_yb_rb_er Starting Mw-to-Er teleportation trial 71 at 2100000000000000.
2,130,000,000,000,000 WARNING main_het_teleport_mw_rb_yb_rb_er Mw-to-Er teleportation trial 71 succeeded (completed=True, direct match=True, latency=4.2124127495 seconds).
2,130,000,000,000,000 WARNING main_het_teleport_mw_rb_yb_rb_er Starting Mw-to-Er teleportation trial 72 at 2130000000000000.
2,160,000,000,000,000 WARNING main_het_teleport_mw_rb_yb_rb_er Mw-to-Er teleportation trial 72 succeeded (completed=True, direct match=True, latency=6.3116267495 seconds).
2,160,000,000,000,000 WARNING main_het_teleport_mw_rb_yb_rb_er Starting Mw-to-Er teleportation trial 73 at 2160000000000000.
2,190,000,000,000,000 WARNING main_het_teleport_mw_rb_yb_rb_er Mw-to-Er teleportation trial 73 succeeded (completed=True, direct match=True, latency=10.4754333745 seconds).
2,190,000,000,000,000 WARNING main_het_teleport_mw_rb_yb_rb_er Starting Mw-to-Er teleportation trial 74 at 2190000000000000.
2,220,000,000,000,000 WARNING main_het_teleport_mw_rb_yb_rb_er Mw-to-Er teleportation trial 74 succeeded (completed=True, direct match=True, latency=9.183701687 seconds).
2,220,000,000,000,000 WARNING main_het_teleport_mw_rb_yb_rb_er Starting Mw-to-Er teleportation trial 75 at 2220000000000000.
2,250,000,000,000,000 WARNING main_het_teleport_mw_rb_yb_rb_er Mw-to-Er teleportation trial 75 succeeded (completed=True, direct match=True, latency=8.4105407495 seconds).
2,250,000,000,000,000 WARNING main_het_teleport_mw_rb_yb_rb_er Starting Mw-to-Er teleportation trial 76 at 2250000000000000.
2,280,000,000,000,000 WARNING main_het_teleport_mw_rb_yb_rb_er Mw-to-Er teleportation trial 76 succeeded (completed=True, direct match=True, latency=5.629274437 seconds).
2,280,000,000,000,000 WARNING main_het_teleport_mw_rb_yb_rb_er Starting Mw-to-Er teleportation trial 77 at 2280000000000000.
2,310,000,000,000,000 WARNING main_het_teleport_mw_rb_yb_rb_er Mw-to-Er teleportation trial 77 succeeded (completed=True, direct match=True, latency=14.0049246245 seconds).
2,310,000,000,000,000 WARNING main_het_teleport_mw_rb_yb_rb_er Starting Mw-to-Er teleportation trial 78 at 2310000000000000.
2,340,000,000,000,000 WARNING main_het_teleport_mw_rb_yb_rb_er Mw-to-Er teleportation trial 78 succeeded (completed=True, direct match=True, latency=5.582472562 seconds).
2,340,000,000,000,000 WARNING main_het_teleport_mw_rb_yb_rb_er Starting Mw-to-Er teleportation trial 79 at 2340000000000000.
2,370,000,000,000,000 WARNING main_het_teleport_mw_rb_yb_rb_er Mw-to-Er teleportation trial 79 failed (completed=True, direct match=False, latency=8.3949401245 seconds).
2,370,000,000,000,000 WARNING main_het_teleport_mw_rb_yb_rb_er Starting Mw-to-Er teleportation trial 80 at 2370000000000000.
2,400,000,000,000,000 WARNING main_het_teleport_mw_rb_yb_rb_er Mw-to-Er teleportation trial 80 succeeded (completed=True, direct match=True, latency=6.322547187 seconds).
2,400,000,000,000,000 WARNING main_het_teleport_mw_rb_yb_rb_er Starting Mw-to-Er teleportation trial 81 at 2400000000000000.
2,430,000,000,000,000 WARNING main_het_teleport_mw_rb_yb_rb_er Mw-to-Er teleportation trial 81 succeeded (completed=True, direct match=True, latency=2.7599946245 seconds).
2,430,000,000,000,000 WARNING main_het_teleport_mw_rb_yb_rb_er Starting Mw-to-Er teleportation trial 82 at 2430000000000000.
2,460,000,000,000,000 WARNING main_het_teleport_mw_rb_yb_rb_er Mw-to-Er teleportation trial 82 succeeded (completed=True, direct match=True, latency=4.1472151245 seconds).
2,460,000,000,000,000 WARNING main_het_teleport_mw_rb_yb_rb_er Starting Mw-to-Er teleportation trial 83 at 2460000000000000.
2,490,000,000,000,000 WARNING main_het_teleport_mw_rb_yb_rb_er Mw-to-Er teleportation trial 83 succeeded (completed=True, direct match=True, latency=2.071377062 seconds).
2,490,000,000,000,000 WARNING main_het_teleport_mw_rb_yb_rb_er Starting Mw-to-Er teleportation trial 84 at 2490000000000000.
2,520,000,000,000,000 WARNING main_het_teleport_mw_rb_yb_rb_er Mw-to-Er teleportation trial 84 succeeded (completed=True, direct match=True, latency=2.8100666245 seconds).
2,520,000,000,000,000 WARNING main_het_teleport_mw_rb_yb_rb_er Starting Mw-to-Er teleportation trial 85 at 2520000000000000.
2,550,000,000,000,000 WARNING main_het_teleport_mw_rb_yb_rb_er Mw-to-Er teleportation trial 85 succeeded (completed=True, direct match=True, latency=11.2096177495 seconds).
2,550,000,000,000,000 WARNING main_het_teleport_mw_rb_yb_rb_er Starting Mw-to-Er teleportation trial 86 at 2550000000000000.
2,580,000,000,000,000 WARNING main_het_teleport_mw_rb_yb_rb_er Mw-to-Er teleportation trial 86 succeeded (completed=True, direct match=True, latency=2.8504782495 seconds).
2,580,000,000,000,000 WARNING main_het_teleport_mw_rb_yb_rb_er Starting Mw-to-Er teleportation trial 87 at 2580000000000000.
2,610,000,000,000,000 WARNING main_het_teleport_mw_rb_yb_rb_er Mw-to-Er teleportation trial 87 succeeded (completed=True, direct match=True, latency=7.0206751245 seconds).
2,610,000,000,000,000 WARNING main_het_teleport_mw_rb_yb_rb_er Starting Mw-to-Er teleportation trial 88 at 2610000000000000.
2,640,000,000,000,000 WARNING main_het_teleport_mw_rb_yb_rb_er Mw-to-Er teleportation trial 88 succeeded (completed=True, direct match=True, latency=4.2252182495 seconds).
2,640,000,000,000,000 WARNING main_het_teleport_mw_rb_yb_rb_er Starting Mw-to-Er teleportation trial 89 at 2640000000000000.
2,670,000,000,000,000 WARNING main_het_teleport_mw_rb_yb_rb_er Mw-to-Er teleportation trial 89 failed (completed=True, direct match=False, latency=9.8161569995 seconds).
2,670,000,000,000,000 WARNING main_het_teleport_mw_rb_yb_rb_er Starting Mw-to-Er teleportation trial 90 at 2670000000000000.
2,700,000,000,000,000 WARNING main_het_teleport_mw_rb_yb_rb_er Mw-to-Er teleportation trial 90 succeeded (completed=True, direct match=True, latency=16.824282437 seconds).
2,700,000,000,000,000 WARNING main_het_teleport_mw_rb_yb_rb_er Starting Mw-to-Er teleportation trial 91 at 2700000000000000.
2,730,000,000,000,000 WARNING main_het_teleport_mw_rb_yb_rb_er Mw-to-Er teleportation trial 91 succeeded (completed=True, direct match=True, latency=6.328787437 seconds).
2,730,000,000,000,000 WARNING main_het_teleport_mw_rb_yb_rb_er Starting Mw-to-Er teleportation trial 92 at 2730000000000000.
2,760,000,000,000,000 WARNING main_het_teleport_mw_rb_yb_rb_er Mw-to-Er teleportation trial 92 failed (completed=True, direct match=False, latency=3.567476937 seconds).
2,760,000,000,000,000 WARNING main_het_teleport_mw_rb_yb_rb_er Starting Mw-to-Er teleportation trial 93 at 2760000000000000.
2,790,000,000,000,000 WARNING main_het_teleport_mw_rb_yb_rb_er Mw-to-Er teleportation trial 93 succeeded (completed=True, direct match=True, latency=2.2561802245 seconds).
2,790,000,000,000,000 WARNING main_het_teleport_mw_rb_yb_rb_er Starting Mw-to-Er teleportation trial 94 at 2790000000000000.
2,820,000,000,000,000 WARNING main_het_teleport_mw_rb_yb_rb_er Mw-to-Er teleportation trial 94 succeeded (completed=True, direct match=True, latency=2.7975861245 seconds).
2,820,000,000,000,000 WARNING main_het_teleport_mw_rb_yb_rb_er Starting Mw-to-Er teleportation trial 95 at 2820000000000000.
2,850,000,000,000,000 WARNING main_het_teleport_mw_rb_yb_rb_er Mw-to-Er teleportation trial 95 succeeded (completed=True, direct match=True, latency=2.0978981245 seconds).
2,850,000,000,000,000 WARNING main_het_teleport_mw_rb_yb_rb_er Starting Mw-to-Er teleportation trial 96 at 2850000000000000.
2,880,000,000,000,000 WARNING main_het_teleport_mw_rb_yb_rb_er Mw-to-Er teleportation trial 96 failed (completed=True, direct match=False, latency=9.1228592495 seconds).
2,880,000,000,000,000 WARNING main_het_teleport_mw_rb_yb_rb_er Starting Mw-to-Er teleportation trial 97 at 2880000000000000.
2,910,000,000,000,000 WARNING main_het_teleport_mw_rb_yb_rb_er Mw-to-Er teleportation trial 97 succeeded (completed=True, direct match=True, latency=10.508194687 seconds).
2,910,000,000,000,000 WARNING main_het_teleport_mw_rb_yb_rb_er Starting Mw-to-Er teleportation trial 98 at 2910000000000000.
2,940,000,000,000,000 WARNING main_het_teleport_mw_rb_yb_rb_er Mw-to-Er teleportation trial 98 succeeded (completed=True, direct match=True, latency=12.5868278745 seconds).
2,940,000,000,000,000 WARNING main_het_teleport_mw_rb_yb_rb_er Starting Mw-to-Er teleportation trial 99 at 2940000000000000.
2,970,000,000,000,000 WARNING main_het_teleport_mw_rb_yb_rb_er Mw-to-Er teleportation trial 99 succeeded (completed=True, direct match=True, latency=7.6893368745 seconds).
2,970,000,000,000,000 WARNING main_het_teleport_mw_rb_yb_rb_er Starting Mw-to-Er teleportation trial 100 at 2970000000000000.
3,000,000,000,000,000 WARNING main_het_teleport_mw_rb_yb_rb_er Mw-to-Er teleportation trial 100 failed (completed=True, direct match=False, latency=9.1230342495 seconds).
3,000,000,000,000,000 WARNING main_het_teleport_mw_rb_yb_rb_er Starting Mw-to-Er teleportation trial 101 at 3000000000000000.
3,030,000,000,000,000 WARNING main_het_teleport_mw_rb_yb_rb_er Mw-to-Er teleportation trial 101 succeeded (completed=True, direct match=True, latency=5.647820187 seconds).
3,030,000,000,000,000 WARNING main_het_teleport_mw_rb_yb_rb_er Starting Mw-to-Er teleportation trial 102 at 3030000000000000.
3,060,000,000,000,000 WARNING main_het_teleport_mw_rb_yb_rb_er Mw-to-Er teleportation trial 102 failed (completed=True, direct match=False, latency=7.7174179995 seconds).
3,060,000,000,000,000 WARNING main_het_teleport_mw_rb_yb_rb_er Starting Mw-to-Er teleportation trial 103 at 3060000000000000.
3,090,000,000,000,000 WARNING main_het_teleport_mw_rb_yb_rb_er Mw-to-Er teleportation trial 103 succeeded (completed=True, direct match=True, latency=17.5099298745 seconds).
3,090,000,000,000,000 WARNING main_het_teleport_mw_rb_yb_rb_er Starting Mw-to-Er teleportation trial 104 at 3090000000000000.
3,120,000,000,000,000 WARNING main_het_teleport_mw_rb_yb_rb_er Mw-to-Er teleportation trial 104 succeeded (completed=True, direct match=True, latency=13.2835457495 seconds).
3,120,000,000,000,000 WARNING main_het_teleport_mw_rb_yb_rb_er Starting Mw-to-Er teleportation trial 105 at 3120000000000000.
3,150,000,000,000,000 WARNING main_het_teleport_mw_rb_yb_rb_er Mw-to-Er teleportation trial 105 succeeded (completed=True, direct match=True, latency=3.511314687 seconds).
3,150,000,000,000,000 WARNING main_het_teleport_mw_rb_yb_rb_er Starting Mw-to-Er teleportation trial 106 at 3150000000000000.
3,180,000,000,000,000 WARNING main_het_teleport_mw_rb_yb_rb_er Mw-to-Er teleportation trial 106 succeeded (completed=True, direct match=True, latency=6.3208371245 seconds).
3,180,000,000,000,000 WARNING main_het_teleport_mw_rb_yb_rb_er Starting Mw-to-Er teleportation trial 107 at 3180000000000000.
3,210,000,000,000,000 WARNING main_het_teleport_mw_rb_yb_rb_er Mw-to-Er teleportation trial 107 failed (completed=True, direct match=False, latency=9.0918329995 seconds).
3,210,000,000,000,000 WARNING main_het_teleport_mw_rb_yb_rb_er Starting Mw-to-Er teleportation trial 108 at 3210000000000000.
3,240,000,000,000,000 WARNING main_het_teleport_mw_rb_yb_rb_er Mw-to-Er teleportation trial 108 succeeded (completed=True, direct match=True, latency=7.743614062 seconds).
3,240,000,000,000,000 WARNING main_het_teleport_mw_rb_yb_rb_er Starting Mw-to-Er teleportation trial 109 at 3240000000000000.
3,270,000,000,000,000 WARNING main_het_teleport_mw_rb_yb_rb_er Mw-to-Er teleportation trial 109 succeeded (completed=True, direct match=True, latency=9.7974362495 seconds).
3,270,000,000,000,000 WARNING main_het_teleport_mw_rb_yb_rb_er Starting Mw-to-Er teleportation trial 110 at 3270000000000000.
3,300,000,000,000,000 WARNING main_het_teleport_mw_rb_yb_rb_er Mw-to-Er teleportation trial 110 succeeded (completed=True, direct match=True, latency=7.7110027495 seconds).
3,300,000,000,000,000 WARNING main_het_teleport_mw_rb_yb_rb_er Starting Mw-to-Er teleportation trial 111 at 3300000000000000.
3,330,000,000,000,000 WARNING main_het_teleport_mw_rb_yb_rb_er Mw-to-Er teleportation trial 111 succeeded (completed=True, direct match=True, latency=4.960787687 seconds).
3,330,000,000,000,000 WARNING main_het_teleport_mw_rb_yb_rb_er Starting Mw-to-Er teleportation trial 112 at 3330000000000000.
3,360,000,000,000,000 WARNING main_het_teleport_mw_rb_yb_rb_er Mw-to-Er teleportation trial 112 succeeded (completed=True, direct match=True, latency=1.4751557995 seconds).
3,360,000,000,000,000 WARNING main_het_teleport_mw_rb_yb_rb_er Starting Mw-to-Er teleportation trial 113 at 3360000000000000.
3,390,000,000,000,000 WARNING main_het_teleport_mw_rb_yb_rb_er Mw-to-Er teleportation trial 113 succeeded (completed=True, direct match=True, latency=2.086977687 seconds).
3,390,000,000,000,000 WARNING main_het_teleport_mw_rb_yb_rb_er Starting Mw-to-Er teleportation trial 114 at 3390000000000000.
3,420,000,000,000,000 WARNING main_het_teleport_mw_rb_yb_rb_er Mw-to-Er teleportation trial 114 failed (completed=True, direct match=False, latency=4.1406498745 seconds).
3,420,000,000,000,000 WARNING main_het_teleport_mw_rb_yb_rb_er Starting Mw-to-Er teleportation trial 115 at 3420000000000000.
3,450,000,000,000,000 WARNING main_het_teleport_mw_rb_yb_rb_er Mw-to-Er teleportation trial 115 succeeded (completed=True, direct match=True, latency=7.637679812 seconds).
3,450,000,000,000,000 WARNING main_het_teleport_mw_rb_yb_rb_er Starting Mw-to-Er teleportation trial 116 at 3450000000000000.
3,480,000,000,000,000 WARNING main_het_teleport_mw_rb_yb_rb_er Mw-to-Er teleportation trial 116 succeeded (completed=True, direct match=True, latency=9.7415989995 seconds).
3,480,000,000,000,000 WARNING main_het_teleport_mw_rb_yb_rb_er Starting Mw-to-Er teleportation trial 117 at 3480000000000000.
3,510,000,000,000,000 WARNING main_het_teleport_mw_rb_yb_rb_er Mw-to-Er teleportation trial 117 succeeded (completed=True, direct match=True, latency=12.6308346245 seconds).
3,510,000,000,000,000 WARNING main_het_teleport_mw_rb_yb_rb_er Starting Mw-to-Er teleportation trial 118 at 3510000000000000.
3,540,000,000,000,000 WARNING main_het_teleport_mw_rb_yb_rb_er Mw-to-Er teleportation trial 118 succeeded (completed=True, direct match=True, latency=14.740819062 seconds).
3,540,000,000,000,000 WARNING main_het_teleport_mw_rb_yb_rb_er Starting Mw-to-Er teleportation trial 119 at 3540000000000000.
3,570,000,000,000,000 WARNING main_het_teleport_mw_rb_yb_rb_er Mw-to-Er teleportation trial 119 succeeded (completed=True, direct match=True, latency=2.8194269995 seconds).
3,570,000,000,000,000 WARNING main_het_teleport_mw_rb_yb_rb_er Starting Mw-to-Er teleportation trial 120 at 3570000000000000.
3,600,000,000,000,000 WARNING main_het_teleport_mw_rb_yb_rb_er Mw-to-Er teleportation trial 120 failed (completed=True, direct match=False, latency=4.217242937 seconds).
3,600,000,000,000,000 WARNING main_het_teleport_mw_rb_yb_rb_er Starting Mw-to-Er teleportation trial 121 at 3600000000000000.
3,630,000,000,000,000 WARNING main_het_teleport_mw_rb_yb_rb_er Mw-to-Er teleportation trial 121 failed (completed=True, direct match=False, latency=4.1971371245 seconds).
3,630,000,000,000,000 WARNING main_het_teleport_mw_rb_yb_rb_er Starting Mw-to-Er teleportation trial 122 at 3630000000000000.
3,660,000,000,000,000 WARNING main_het_teleport_mw_rb_yb_rb_er Mw-to-Er teleportation trial 122 failed (completed=True, direct match=False, latency=11.2061726245 seconds).
3,660,000,000,000,000 WARNING main_het_teleport_mw_rb_yb_rb_er Starting Mw-to-Er teleportation trial 123 at 3660000000000000.
3,690,000,000,000,000 WARNING main_het_teleport_mw_rb_yb_rb_er Mw-to-Er teleportation trial 123 succeeded (completed=True, direct match=True, latency=2.830197437 seconds).
3,690,000,000,000,000 WARNING main_het_teleport_mw_rb_yb_rb_er Starting Mw-to-Er teleportation trial 124 at 3690000000000000.
3,720,000,000,000,000 WARNING main_het_teleport_mw_rb_yb_rb_er Mw-to-Er teleportation trial 124 succeeded (completed=True, direct match=True, latency=2.8194269995 seconds).
3,720,000,000,000,000 WARNING main_het_teleport_mw_rb_yb_rb_er Starting Mw-to-Er teleportation trial 125 at 3720000000000000.
3,750,000,000,000,000 WARNING main_het_teleport_mw_rb_yb_rb_er Mw-to-Er teleportation trial 125 succeeded (completed=True, direct match=True, latency=10.5222352495 seconds).
3,750,000,000,000,000 WARNING main_het_teleport_mw_rb_yb_rb_er Starting Mw-to-Er teleportation trial 126 at 3750000000000000.
3,780,000,000,000,000 WARNING main_het_teleport_mw_rb_yb_rb_er Mw-to-Er teleportation trial 126 succeeded (completed=True, direct match=True, latency=4.9091306245 seconds).
3,780,000,000,000,000 WARNING main_het_teleport_mw_rb_yb_rb_er Starting Mw-to-Er teleportation trial 127 at 3780000000000000.
3,810,000,000,000,000 WARNING main_het_teleport_mw_rb_yb_rb_er Mw-to-Er teleportation trial 127 succeeded (completed=True, direct match=True, latency=4.9214611245 seconds).
3,810,000,000,000,000 WARNING main_het_teleport_mw_rb_yb_rb_er Starting Mw-to-Er teleportation trial 128 at 3810000000000000.
3,840,000,000,000,000 WARNING main_het_teleport_mw_rb_yb_rb_er Mw-to-Er teleportation trial 128 succeeded (completed=True, direct match=True, latency=4.907420562 seconds).
3,840,000,000,000,000 WARNING main_het_teleport_mw_rb_yb_rb_er Starting Mw-to-Er teleportation trial 129 at 3840000000000000.
3,870,000,000,000,000 WARNING main_het_teleport_mw_rb_yb_rb_er Mw-to-Er teleportation trial 129 succeeded (completed=True, direct match=True, latency=3.5097546245 seconds).
3,870,000,000,000,000 WARNING main_het_teleport_mw_rb_yb_rb_er Starting Mw-to-Er teleportation trial 130 at 3870000000000000.
3,900,000,000,000,000 WARNING main_het_teleport_mw_rb_yb_rb_er Mw-to-Er teleportation trial 130 failed (completed=True, direct match=False, latency=4.923021187 seconds).
3,900,000,000,000,000 WARNING main_het_teleport_mw_rb_yb_rb_er Starting Mw-to-Er teleportation trial 131 at 3900000000000000.
3,930,000,000,000,000 WARNING main_het_teleport_mw_rb_yb_rb_er Mw-to-Er teleportation trial 131 succeeded (completed=True, direct match=True, latency=4.1657608745 seconds).
3,930,000,000,000,000 WARNING main_het_teleport_mw_rb_yb_rb_er Starting Mw-to-Er teleportation trial 132 at 3930000000000000.
3,960,000,000,000,000 WARNING main_het_teleport_mw_rb_yb_rb_er Mw-to-Er teleportation trial 132 succeeded (completed=True, direct match=True, latency=6.288400812 seconds).
3,960,000,000,000,000 WARNING main_het_teleport_mw_rb_yb_rb_er Starting Mw-to-Er teleportation trial 133 at 3960000000000000.
3,990,000,000,000,000 WARNING main_het_teleport_mw_rb_yb_rb_er Mw-to-Er teleportation trial 133 failed (completed=True, direct match=False, latency=1.4200509995 seconds).
3,990,000,000,000,000 WARNING main_het_teleport_mw_rb_yb_rb_er Starting Mw-to-Er teleportation trial 134 at 3990000000000000.
4,020,000,000,000,000 WARNING main_het_teleport_mw_rb_yb_rb_er Mw-to-Er teleportation trial 134 succeeded (completed=True, direct match=True, latency=2.1166188745 seconds).
4,020,000,000,000,000 WARNING main_het_teleport_mw_rb_yb_rb_er Starting Mw-to-Er teleportation trial 135 at 4020000000000000.
4,050,000,000,000,000 WARNING main_het_teleport_mw_rb_yb_rb_er Mw-to-Er teleportation trial 135 failed (completed=True, direct match=False, latency=11.2189781245 seconds).
4,050,000,000,000,000 WARNING main_het_teleport_mw_rb_yb_rb_er Starting Mw-to-Er teleportation trial 136 at 4050000000000000.
4,080,000,000,000,000 WARNING main_het_teleport_mw_rb_yb_rb_er Mw-to-Er teleportation trial 136 succeeded (completed=True, direct match=True, latency=4.8935299995 seconds).
4,080,000,000,000,000 WARNING main_het_teleport_mw_rb_yb_rb_er Starting Mw-to-Er teleportation trial 137 at 4080000000000000.
4,110,000,000,000,000 WARNING main_het_teleport_mw_rb_yb_rb_er Mw-to-Er teleportation trial 137 succeeded (completed=True, direct match=True, latency=9.808681687 seconds).
4,110,000,000,000,000 WARNING main_het_teleport_mw_rb_yb_rb_er Starting Mw-to-Er teleportation trial 138 at 4110000000000000.
4,140,000,000,000,000 WARNING main_het_teleport_mw_rb_yb_rb_er Mw-to-Er teleportation trial 138 succeeded (completed=True, direct match=True, latency=2.8350276245 seconds).
4,140,000,000,000,000 WARNING main_het_teleport_mw_rb_yb_rb_er Starting Mw-to-Er teleportation trial 139 at 4140000000000000.
4,170,000,000,000,000 WARNING main_het_teleport_mw_rb_yb_rb_er Mw-to-Er teleportation trial 139 failed (completed=True, direct match=False, latency=11.8593837495 seconds).
4,170,000,000,000,000 WARNING main_het_teleport_mw_rb_yb_rb_er Starting Mw-to-Er teleportation trial 140 at 4170000000000000.
4,200,000,000,000,000 WARNING main_het_teleport_mw_rb_yb_rb_er Mw-to-Er teleportation trial 140 succeeded (completed=True, direct match=True, latency=8.443302062 seconds).
4,200,000,000,000,000 WARNING main_het_teleport_mw_rb_yb_rb_er Starting Mw-to-Er teleportation trial 141 at 4200000000000000.
4,230,000,000,000,000 WARNING main_het_teleport_mw_rb_yb_rb_er Mw-to-Er teleportation trial 141 succeeded (completed=True, direct match=True, latency=8.3950901245 seconds).
4,230,000,000,000,000 WARNING main_het_teleport_mw_rb_yb_rb_er Starting Mw-to-Er teleportation trial 142 at 4230000000000000.
4,260,000,000,000,000 WARNING main_het_teleport_mw_rb_yb_rb_er Mw-to-Er teleportation trial 142 succeeded (completed=True, direct match=True, latency=4.8718641245 seconds).
4,260,000,000,000,000 WARNING main_het_teleport_mw_rb_yb_rb_er Starting Mw-to-Er teleportation trial 143 at 4260000000000000.
4,290,000,000,000,000 WARNING main_het_teleport_mw_rb_yb_rb_er Mw-to-Er teleportation trial 143 succeeded (completed=True, direct match=True, latency=10.517405062 seconds).
4,290,000,000,000,000 WARNING main_het_teleport_mw_rb_yb_rb_er Starting Mw-to-Er teleportation trial 144 at 4290000000000000.
4,320,000,000,000,000 WARNING main_het_teleport_mw_rb_yb_rb_er Mw-to-Er teleportation trial 144 succeeded (completed=True, direct match=True, latency=7.025355312 seconds).
4,320,000,000,000,000 WARNING main_het_teleport_mw_rb_yb_rb_er Starting Mw-to-Er teleportation trial 145 at 4320000000000000.
4,350,000,000,000,000 WARNING main_het_teleport_mw_rb_yb_rb_er Mw-to-Er teleportation trial 145 succeeded (completed=True, direct match=True, latency=5.6212991245 seconds).
4,350,000,000,000,000 WARNING main_het_teleport_mw_rb_yb_rb_er Starting Mw-to-Er teleportation trial 146 at 4350000000000000.
4,380,000,000,000,000 WARNING main_het_teleport_mw_rb_yb_rb_er Mw-to-Er teleportation trial 146 failed (completed=True, direct match=False, latency=2.1134987495 seconds).
4,380,000,000,000,000 WARNING main_het_teleport_mw_rb_yb_rb_er Starting Mw-to-Er teleportation trial 147 at 4380000000000000.
4,410,000,000,000,000 WARNING main_het_teleport_mw_rb_yb_rb_er Mw-to-Er teleportation trial 147 succeeded (completed=True, direct match=True, latency=2.8568684995 seconds).
4,410,000,000,000,000 WARNING main_het_teleport_mw_rb_yb_rb_er Starting Mw-to-Er teleportation trial 148 at 4410000000000000.
4,440,000,000,000,000 WARNING main_het_teleport_mw_rb_yb_rb_er Mw-to-Er teleportation trial 148 succeeded (completed=True, direct match=True, latency=7.0300354995 seconds).
4,440,000,000,000,000 WARNING main_het_teleport_mw_rb_yb_rb_er Starting Mw-to-Er teleportation trial 149 at 4440000000000000.
4,470,000,000,000,000 WARNING main_het_teleport_mw_rb_yb_rb_er Mw-to-Er teleportation trial 149 succeeded (completed=True, direct match=True, latency=3.533155562 seconds).
4,470,000,000,000,000 WARNING main_het_teleport_mw_rb_yb_rb_er Starting Mw-to-Er teleportation trial 150 at 4470000000000000.
4,500,000,000,000,000 WARNING main_het_teleport_mw_rb_yb_rb_er Mw-to-Er teleportation trial 150 succeeded (completed=True, direct match=True, latency=7.731283562 seconds).
4,500,000,000,000,000 WARNING main_het_teleport_mw_rb_yb_rb_er Starting Mw-to-Er teleportation trial 151 at 4500000000000000.
4,530,000,000,000,000 WARNING main_het_teleport_mw_rb_yb_rb_er Mw-to-Er teleportation trial 151 succeeded (completed=True, direct match=True, latency=10.545486187 seconds).
4,530,000,000,000,000 WARNING main_het_teleport_mw_rb_yb_rb_er Starting Mw-to-Er teleportation trial 152 at 4530000000000000.
4,560,000,000,000,000 WARNING main_het_teleport_mw_rb_yb_rb_er Mw-to-Er teleportation trial 152 succeeded (completed=True, direct match=True, latency=2.1228591245 seconds).
4,560,000,000,000,000 WARNING main_het_teleport_mw_rb_yb_rb_er Starting Mw-to-Er teleportation trial 153 at 4560000000000000.
4,590,000,000,000,000 WARNING main_het_teleport_mw_rb_yb_rb_er Mw-to-Er teleportation trial 153 failed (completed=True, direct match=False, latency=1.3919698745 seconds).
4,590,000,000,000,000 WARNING main_het_teleport_mw_rb_yb_rb_er Starting Mw-to-Er teleportation trial 154 at 4590000000000000.
4,620,000,000,000,000 WARNING main_het_teleport_mw_rb_yb_rb_er Mw-to-Er teleportation trial 154 succeeded (completed=True, direct match=True, latency=4.232843562 seconds).
4,620,000,000,000,000 WARNING main_het_teleport_mw_rb_yb_rb_er Starting Mw-to-Er teleportation trial 155 at 4620000000000000.
4,650,000,000,000,000 WARNING main_het_teleport_mw_rb_yb_rb_er Mw-to-Er teleportation trial 155 succeeded (completed=True, direct match=True, latency=2.874447512 seconds).
4,650,000,000,000,000 WARNING main_het_teleport_mw_rb_yb_rb_er Starting Mw-to-Er teleportation trial 156 at 4650000000000000.
4,680,000,025,062,000 WARNING main_het_teleport_mw_rb_yb_rb_er Mw-to-Er teleportation trial 156 failed (completed=False, direct match=False, latency=None seconds).
4,680,000,025,062,000 WARNING main_het_teleport_mw_rb_yb_rb_er Starting Mw-to-Er teleportation trial 157 at 4680000025062000.
4,710,000,025,062,000 WARNING main_het_teleport_mw_rb_yb_rb_er Mw-to-Er teleportation trial 157 succeeded (completed=True, direct match=True, latency=3.45047225 seconds).
4,710,000,025,062,000 WARNING main_het_teleport_mw_rb_yb_rb_er Starting Mw-to-Er teleportation trial 158 at 4710000025062000.
4,740,000,025,062,000 WARNING main_het_teleport_mw_rb_yb_rb_er Mw-to-Er teleportation trial 158 succeeded (completed=True, direct match=True, latency=5.6415799375 seconds).
4,740,000,025,062,000 WARNING main_het_teleport_mw_rb_yb_rb_er Starting Mw-to-Er teleportation trial 159 at 4740000025062000.
4,770,000,025,062,000 WARNING main_het_teleport_mw_rb_yb_rb_er Mw-to-Er teleportation trial 159 succeeded (completed=True, direct match=True, latency=5.6136738125 seconds).
4,770,000,025,062,000 WARNING main_het_teleport_mw_rb_yb_rb_er Starting Mw-to-Er teleportation trial 160 at 4770000025062000.
4,800,000,025,062,000 WARNING main_het_teleport_mw_rb_yb_rb_er Mw-to-Er teleportation trial 160 succeeded (completed=True, direct match=True, latency=7.0158449375 seconds).
4,800,000,025,062,000 WARNING main_het_teleport_mw_rb_yb_rb_er Starting Mw-to-Er teleportation trial 161 at 4800000025062000.
4,830,000,025,062,000 WARNING main_het_teleport_mw_rb_yb_rb_er Mw-to-Er teleportation trial 161 succeeded (completed=True, direct match=True, latency=4.8701290625 seconds).
4,830,000,025,062,000 WARNING main_het_teleport_mw_rb_yb_rb_er Starting Mw-to-Er teleportation trial 162 at 4830000025062000.
4,860,000,025,062,000 WARNING main_het_teleport_mw_rb_yb_rb_er Mw-to-Er teleportation trial 162 failed (completed=True, direct match=False, latency=7.6593706875 seconds).
4,860,000,025,062,000 WARNING main_het_teleport_mw_rb_yb_rb_er Starting Mw-to-Er teleportation trial 163 at 4860000025062000.
4,890,000,025,062,000 WARNING main_het_teleport_mw_rb_yb_rb_er Mw-to-Er teleportation trial 163 failed (completed=True, direct match=False, latency=7.0302105 seconds).
4,890,000,025,062,000 WARNING main_het_teleport_mw_rb_yb_rb_er Starting Mw-to-Er teleportation trial 164 at 4890000025062000.
4,920,000,025,062,000 WARNING main_het_teleport_mw_rb_yb_rb_er Mw-to-Er teleportation trial 164 succeeded (completed=True, direct match=True, latency=8.48557375 seconds).
4,920,000,025,062,000 WARNING main_het_teleport_mw_rb_yb_rb_er Starting Mw-to-Er teleportation trial 165 at 4920000025062000.
4,950,000,025,062,000 WARNING main_het_teleport_mw_rb_yb_rb_er Mw-to-Er teleportation trial 165 succeeded (completed=True, direct match=True, latency=3.52535525 seconds).
4,950,000,025,062,000 WARNING main_het_teleport_mw_rb_yb_rb_er Starting Mw-to-Er teleportation trial 166 at 4950000025062000.
4,980,000,025,062,000 WARNING main_het_teleport_mw_rb_yb_rb_er Mw-to-Er teleportation trial 166 succeeded (completed=True, direct match=True, latency=2.78822575 seconds).
4,980,000,025,062,000 WARNING main_het_teleport_mw_rb_yb_rb_er Starting Mw-to-Er teleportation trial 167 at 4980000025062000.
5,010,000,025,062,000 WARNING main_het_teleport_mw_rb_yb_rb_er Mw-to-Er teleportation trial 167 succeeded (completed=True, direct match=True, latency=17.2743604375 seconds).
5,010,000,025,062,000 WARNING main_het_teleport_mw_rb_yb_rb_er Starting Mw-to-Er teleportation trial 168 at 5010000025062000.
5,040,000,025,062,000 WARNING main_het_teleport_mw_rb_yb_rb_er Mw-to-Er teleportation trial 168 succeeded (completed=True, direct match=True, latency=1.4308214375 seconds).
5,040,000,025,062,000 WARNING main_het_teleport_mw_rb_yb_rb_er Starting Mw-to-Er teleportation trial 169 at 5040000025062000.
5,070,000,025,062,000 WARNING main_het_teleport_mw_rb_yb_rb_er Mw-to-Er teleportation trial 169 succeeded (completed=True, direct match=True, latency=4.9606126875 seconds).
5,070,000,025,062,000 WARNING main_het_teleport_mw_rb_yb_rb_er Starting Mw-to-Er teleportation trial 170 at 5070000025062000.
5,100,000,025,062,000 WARNING main_het_teleport_mw_rb_yb_rb_er Mw-to-Er teleportation trial 170 succeeded (completed=True, direct match=True, latency=9.082297625 seconds).
5,100,000,025,062,000 WARNING main_het_teleport_mw_rb_yb_rb_er Starting Mw-to-Er teleportation trial 171 at 5100000025062000.
5,130,000,025,062,000 WARNING main_het_teleport_mw_rb_yb_rb_er Mw-to-Er teleportation trial 171 failed (completed=True, direct match=False, latency=4.2170929375 seconds).
5,130,000,025,062,000 WARNING main_het_teleport_mw_rb_yb_rb_er Starting Mw-to-Er teleportation trial 172 at 5130000025062000.
5,160,000,025,062,000 WARNING main_het_teleport_mw_rb_yb_rb_er Mw-to-Er teleportation trial 172 succeeded (completed=True, direct match=True, latency=9.8457981875 seconds).
5,160,000,025,062,000 WARNING main_het_teleport_mw_rb_yb_rb_er Starting Mw-to-Er teleportation trial 173 at 5160000025062000.
5,190,000,025,062,000 WARNING main_het_teleport_mw_rb_yb_rb_er Mw-to-Er teleportation trial 173 succeeded (completed=True, direct match=True, latency=5.022236625 seconds).
5,190,000,025,062,000 WARNING main_het_teleport_mw_rb_yb_rb_er Starting Mw-to-Er teleportation trial 174 at 5190000025062000.
5,220,000,025,062,000 WARNING main_het_teleport_mw_rb_yb_rb_er Mw-to-Er teleportation trial 174 succeeded (completed=True, direct match=True, latency=11.2267784375 seconds).
5,220,000,025,062,000 WARNING main_het_teleport_mw_rb_yb_rb_er Starting Mw-to-Er teleportation trial 175 at 5220000025062000.
5,250,000,025,062,000 WARNING main_het_teleport_mw_rb_yb_rb_er Mw-to-Er teleportation trial 175 succeeded (completed=True, direct match=True, latency=5.652350375 seconds).
5,250,000,025,062,000 WARNING main_het_teleport_mw_rb_yb_rb_er Starting Mw-to-Er teleportation trial 176 at 5250000025062000.
5,280,000,025,062,000 WARNING main_het_teleport_mw_rb_yb_rb_er Mw-to-Er teleportation trial 176 succeeded (completed=True, direct match=True, latency=2.822547125 seconds).
5,280,000,025,062,000 WARNING main_het_teleport_mw_rb_yb_rb_er Starting Mw-to-Er teleportation trial 177 at 5280000025062000.
5,310,000,025,062,000 WARNING main_het_teleport_mw_rb_yb_rb_er Mw-to-Er teleportation trial 177 succeeded (completed=True, direct match=True, latency=9.1805815625 seconds).
5,310,000,025,062,000 WARNING main_het_teleport_mw_rb_yb_rb_er Starting Mw-to-Er teleportation trial 178 at 5310000025062000.
5,340,000,025,062,000 WARNING main_het_teleport_mw_rb_yb_rb_er Mw-to-Er teleportation trial 178 succeeded (completed=True, direct match=True, latency=6.2806005 seconds).
5,340,000,025,062,000 WARNING main_het_teleport_mw_rb_yb_rb_er Starting Mw-to-Er teleportation trial 179 at 5340000025062000.
5,370,000,025,062,000 WARNING main_het_teleport_mw_rb_yb_rb_er Mw-to-Er teleportation trial 179 succeeded (completed=True, direct match=True, latency=25.1238145625 seconds).
5,370,000,025,062,000 WARNING main_het_teleport_mw_rb_yb_rb_er Starting Mw-to-Er teleportation trial 180 at 5370000025062000.
5,400,000,025,062,000 WARNING main_het_teleport_mw_rb_yb_rb_er Mw-to-Er teleportation trial 180 succeeded (completed=True, direct match=True, latency=7.0159949375 seconds).
5,400,000,025,062,000 WARNING main_het_teleport_mw_rb_yb_rb_er Starting Mw-to-Er teleportation trial 181 at 5400000025062000.
5,430,000,025,062,000 WARNING main_het_teleport_mw_rb_yb_rb_er Mw-to-Er teleportation trial 181 failed (completed=True, direct match=False, latency=3.528325375 seconds).
5,430,000,025,062,000 WARNING main_het_teleport_mw_rb_yb_rb_er Starting Mw-to-Er teleportation trial 182 at 5430000025062000.
5,460,000,025,062,000 WARNING main_het_teleport_mw_rb_yb_rb_er Mw-to-Er teleportation trial 182 succeeded (completed=True, direct match=True, latency=20.3383230625 seconds).
5,460,000,025,062,000 WARNING main_het_teleport_mw_rb_yb_rb_er Starting Mw-to-Er teleportation trial 183 at 5460000025062000.
5,490,000,025,062,000 WARNING main_het_teleport_mw_rb_yb_rb_er Mw-to-Er teleportation trial 183 succeeded (completed=True, direct match=True, latency=16.8022665625 seconds).
5,490,000,025,062,000 WARNING main_het_teleport_mw_rb_yb_rb_er Starting Mw-to-Er teleportation trial 184 at 5490000025062000.
5,520,000,025,062,000 WARNING main_het_teleport_mw_rb_yb_rb_er Mw-to-Er teleportation trial 184 succeeded (completed=True, direct match=True, latency=8.432531625 seconds).
5,520,000,025,062,000 WARNING main_het_teleport_mw_rb_yb_rb_er Starting Mw-to-Er teleportation trial 185 at 5520000025062000.
5,550,000,025,062,000 WARNING main_het_teleport_mw_rb_yb_rb_er Mw-to-Er teleportation trial 185 succeeded (completed=True, direct match=True, latency=5.568432 seconds).
5,550,000,025,062,000 WARNING main_het_teleport_mw_rb_yb_rb_er Starting Mw-to-Er teleportation trial 186 at 5550000025062000.
5,580,000,025,062,000 WARNING main_het_teleport_mw_rb_yb_rb_er Mw-to-Er teleportation trial 186 succeeded (completed=True, direct match=True, latency=7.7250433125 seconds).
5,580,000,025,062,000 WARNING main_het_teleport_mw_rb_yb_rb_er Starting Mw-to-Er teleportation trial 187 at 5580000025062000.
5,610,000,025,062,000 WARNING main_het_teleport_mw_rb_yb_rb_er Mw-to-Er teleportation trial 187 succeeded (completed=True, direct match=True, latency=5.6447000625 seconds).
5,610,000,025,062,000 WARNING main_het_teleport_mw_rb_yb_rb_er Starting Mw-to-Er teleportation trial 188 at 5610000025062000.
5,640,000,025,062,000 WARNING main_het_teleport_mw_rb_yb_rb_er Mw-to-Er teleportation trial 188 succeeded (completed=True, direct match=True, latency=7.6813615625 seconds).
5,640,000,025,062,000 WARNING main_het_teleport_mw_rb_yb_rb_er Starting Mw-to-Er teleportation trial 189 at 5640000025062000.
5,670,000,025,062,000 WARNING main_het_teleport_mw_rb_yb_rb_er Mw-to-Er teleportation trial 189 failed (completed=True, direct match=False, latency=3.55031625 seconds).
5,670,000,025,062,000 WARNING main_het_teleport_mw_rb_yb_rb_er Starting Mw-to-Er teleportation trial 190 at 5670000025062000.
5,700,000,025,062,000 WARNING main_het_teleport_mw_rb_yb_rb_er Mw-to-Er teleportation trial 190 succeeded (completed=True, direct match=True, latency=3.5206750625 seconds).
5,700,000,025,062,000 WARNING main_het_teleport_mw_rb_yb_rb_er Starting Mw-to-Er teleportation trial 191 at 5700000025062000.
5,730,000,025,062,000 WARNING main_het_teleport_mw_rb_yb_rb_er Mw-to-Er teleportation trial 191 failed (completed=True, direct match=False, latency=5.6166189375 seconds).
5,730,000,025,062,000 WARNING main_het_teleport_mw_rb_yb_rb_er Starting Mw-to-Er teleportation trial 192 at 5730000025062000.
5,760,000,025,062,000 WARNING main_het_teleport_mw_rb_yb_rb_er Mw-to-Er teleportation trial 192 succeeded (completed=True, direct match=True, latency=7.79836625 seconds).
5,760,000,025,062,000 WARNING main_het_teleport_mw_rb_yb_rb_er Starting Mw-to-Er teleportation trial 193 at 5760000025062000.
5,790,000,025,062,000 WARNING main_het_teleport_mw_rb_yb_rb_er Mw-to-Er teleportation trial 193 succeeded (completed=True, direct match=True, latency=6.927071375 seconds).
5,790,000,025,062,000 WARNING main_het_teleport_mw_rb_yb_rb_er Starting Mw-to-Er teleportation trial 194 at 5790000025062000.
5,820,000,025,062,000 WARNING main_het_teleport_mw_rb_yb_rb_er Mw-to-Er teleportation trial 194 succeeded (completed=True, direct match=True, latency=11.8734243125 seconds).
5,820,000,025,062,000 WARNING main_het_teleport_mw_rb_yb_rb_er Starting Mw-to-Er teleportation trial 195 at 5820000025062000.
5,850,000,025,062,000 WARNING main_het_teleport_mw_rb_yb_rb_er Mw-to-Er teleportation trial 195 succeeded (completed=True, direct match=True, latency=6.3038264375 seconds).
5,850,000,025,062,000 WARNING main_het_teleport_mw_rb_yb_rb_er Starting Mw-to-Er teleportation trial 196 at 5850000025062000.
5,880,000,025,062,000 WARNING main_het_teleport_mw_rb_yb_rb_er Mw-to-Er teleportation trial 196 succeeded (completed=True, direct match=True, latency=12.4451871875 seconds).
5,880,000,025,062,000 WARNING main_het_teleport_mw_rb_yb_rb_er Starting Mw-to-Er teleportation trial 197 at 5880000025062000.
5,910,000,025,062,000 WARNING main_het_teleport_mw_rb_yb_rb_er Mw-to-Er teleportation trial 197 succeeded (completed=True, direct match=True, latency=6.2724751875 seconds).
5,910,000,025,062,000 WARNING main_het_teleport_mw_rb_yb_rb_er Starting Mw-to-Er teleportation trial 198 at 5910000025062000.
5,940,000,025,062,000 WARNING main_het_teleport_mw_rb_yb_rb_er Mw-to-Er teleportation trial 198 succeeded (completed=True, direct match=True, latency=9.816307 seconds).
5,940,000,025,062,000 WARNING main_het_teleport_mw_rb_yb_rb_er Starting Mw-to-Er teleportation trial 199 at 5940000025062000.
5,970,000,025,062,000 WARNING main_het_teleport_mw_rb_yb_rb_er Mw-to-Er teleportation trial 199 succeeded (completed=True, direct match=True, latency=6.99883425 seconds).
5,970,000,025,062,000 WARNING main_het_teleport_mw_rb_yb_rb_er Starting Mw-to-Er teleportation trial 200 at 5970000025062000.
6,000,000,025,062,000 WARNING main_het_teleport_mw_rb_yb_rb_er Mw-to-Er teleportation trial 200 failed (completed=True, direct match=False, latency=2.809916625 seconds).
6,000,000,025,062,000 WARNING main_het_teleport_mw_rb_yb_rb_er Starting Mw-to-Er teleportation trial 201 at 6000000025062000.
6,030,000,025,062,000 WARNING main_het_teleport_mw_rb_yb_rb_er Mw-to-Er teleportation trial 201 succeeded (completed=True, direct match=True, latency=4.9512523125 seconds).
6,030,000,025,062,000 WARNING main_het_teleport_mw_rb_yb_rb_er Starting Mw-to-Er teleportation trial 202 at 6030000025062000.
6,060,000,025,062,000 WARNING main_het_teleport_mw_rb_yb_rb_er Mw-to-Er teleportation trial 202 succeeded (completed=True, direct match=True, latency=2.794466 seconds).
6,060,000,025,062,000 WARNING main_het_teleport_mw_rb_yb_rb_er Starting Mw-to-Er teleportation trial 203 at 6060000025062000.
6,090,000,025,062,000 WARNING main_het_teleport_mw_rb_yb_rb_er Mw-to-Er teleportation trial 203 succeeded (completed=True, direct match=True, latency=5.593393 seconds).
6,090,000,025,062,000 WARNING main_het_teleport_mw_rb_yb_rb_er Starting Mw-to-Er teleportation trial 204 at 6090000025062000.
6,120,000,025,062,000 WARNING main_het_teleport_mw_rb_yb_rb_er Mw-to-Er teleportation trial 204 succeeded (completed=True, direct match=True, latency=4.868569 seconds).
6,120,000,025,062,000 WARNING main_het_teleport_mw_rb_yb_rb_er Starting Mw-to-Er teleportation trial 205 at 6120000025062000.
6,150,000,025,062,000 WARNING main_het_teleport_mw_rb_yb_rb_er Mw-to-Er teleportation trial 205 succeeded (completed=True, direct match=True, latency=11.865299 seconds).
6,150,000,025,062,000 WARNING main_het_teleport_mw_rb_yb_rb_er Starting Mw-to-Er teleportation trial 206 at 6150000025062000.
6,180,000,025,062,000 WARNING main_het_teleport_mw_rb_yb_rb_er Mw-to-Er teleportation trial 206 succeeded (completed=True, direct match=True, latency=6.3567185625 seconds).
6,180,000,025,062,000 WARNING main_het_teleport_mw_rb_yb_rb_er Starting Mw-to-Er teleportation trial 207 at 6180000025062000.
6,210,000,025,062,000 WARNING main_het_teleport_mw_rb_yb_rb_er Mw-to-Er teleportation trial 207 failed (completed=True, direct match=False, latency=1.385729625 seconds).
6,210,000,025,062,000 WARNING main_het_teleport_mw_rb_yb_rb_er Starting Mw-to-Er teleportation trial 208 at 6210000025062000.
6,240,000,025,062,000 WARNING main_het_teleport_mw_rb_yb_rb_er Mw-to-Er teleportation trial 208 succeeded (completed=True, direct match=True, latency=11.0832526875 seconds).
6,240,000,025,062,000 WARNING main_het_teleport_mw_rb_yb_rb_er Starting Mw-to-Er teleportation trial 209 at 6240000025062000.
6,270,000,025,062,000 WARNING main_het_teleport_mw_rb_yb_rb_er Mw-to-Er teleportation trial 209 succeeded (completed=True, direct match=True, latency=2.778715375 seconds).
6,270,000,025,062,000 WARNING main_het_teleport_mw_rb_yb_rb_er Starting Mw-to-Er teleportation trial 210 at 6270000025062000.
6,300,000,025,062,000 WARNING main_het_teleport_mw_rb_yb_rb_er Mw-to-Er teleportation trial 210 succeeded (completed=True, direct match=True, latency=2.1088185625 seconds).
6,300,000,025,062,000 WARNING main_het_teleport_mw_rb_yb_rb_er Starting Mw-to-Er teleportation trial 211 at 6300000025062000.
6,330,000,025,062,000 WARNING main_het_teleport_mw_rb_yb_rb_er Mw-to-Er teleportation trial 211 succeeded (completed=True, direct match=True, latency=6.3319075625 seconds).
6,330,000,025,062,000 WARNING main_het_teleport_mw_rb_yb_rb_er Starting Mw-to-Er teleportation trial 212 at 6330000025062000.
6,360,000,025,062,000 WARNING main_het_teleport_mw_rb_yb_rb_er Mw-to-Er teleportation trial 212 succeeded (completed=True, direct match=True, latency=13.267795125 seconds).
6,360,000,025,062,000 WARNING main_het_teleport_mw_rb_yb_rb_er Starting Mw-to-Er teleportation trial 213 at 6360000025062000.
6,390,000,025,062,000 WARNING main_het_teleport_mw_rb_yb_rb_er Mw-to-Er teleportation trial 213 succeeded (completed=True, direct match=True, latency=4.809286625 seconds).
6,390,000,025,062,000 WARNING main_het_teleport_mw_rb_yb_rb_er Starting Mw-to-Er teleportation trial 214 at 6390000025062000.
6,420,000,025,062,000 WARNING main_het_teleport_mw_rb_yb_rb_er Mw-to-Er teleportation trial 214 succeeded (completed=True, direct match=True, latency=8.357648625 seconds).
6,420,000,025,062,000 WARNING main_het_teleport_mw_rb_yb_rb_er Starting Mw-to-Er teleportation trial 215 at 6420000025062000.
6,450,000,025,062,000 WARNING main_het_teleport_mw_rb_yb_rb_er Mw-to-Er teleportation trial 215 succeeded (completed=True, direct match=True, latency=4.2170929375 seconds).
6,450,000,025,062,000 WARNING main_het_teleport_mw_rb_yb_rb_er Starting Mw-to-Er teleportation trial 216 at 6450000025062000.
6,480,000,025,062,000 WARNING main_het_teleport_mw_rb_yb_rb_er Mw-to-Er teleportation trial 216 succeeded (completed=True, direct match=True, latency=8.4030654375 seconds).
6,480,000,025,062,000 WARNING main_het_teleport_mw_rb_yb_rb_er Starting Mw-to-Er teleportation trial 217 at 6480000025062000.
6,510,000,025,062,000 WARNING main_het_teleport_mw_rb_yb_rb_er Mw-to-Er teleportation trial 217 succeeded (completed=True, direct match=True, latency=7.6844816875 seconds).
6,510,000,025,062,000 WARNING main_het_teleport_mw_rb_yb_rb_er Starting Mw-to-Er teleportation trial 218 at 6510000025062000.
6,540,000,025,062,000 WARNING main_het_teleport_mw_rb_yb_rb_er Mw-to-Er teleportation trial 218 succeeded (completed=True, direct match=True, latency=4.2983661875 seconds).
6,540,000,025,062,000 WARNING main_het_teleport_mw_rb_yb_rb_er Starting Mw-to-Er teleportation trial 219 at 6540000025062000.
6,570,000,025,062,000 WARNING main_het_teleport_mw_rb_yb_rb_er Mw-to-Er teleportation trial 219 succeeded (completed=True, direct match=True, latency=2.1212990625 seconds).
6,570,000,025,062,000 WARNING main_het_teleport_mw_rb_yb_rb_er Starting Mw-to-Er teleportation trial 220 at 6570000025062000.
6,600,000,025,062,000 WARNING main_het_teleport_mw_rb_yb_rb_er Mw-to-Er teleportation trial 220 succeeded (completed=True, direct match=True, latency=2.141429875 seconds).
6,600,000,025,062,000 WARNING main_het_teleport_mw_rb_yb_rb_er Starting Mw-to-Er teleportation trial 221 at 6600000025062000.
6,630,000,025,062,000 WARNING main_het_teleport_mw_rb_yb_rb_er Mw-to-Er teleportation trial 221 succeeded (completed=True, direct match=True, latency=6.3223971875 seconds).
6,630,000,025,062,000 WARNING main_het_teleport_mw_rb_yb_rb_er Starting Mw-to-Er teleportation trial 222 at 6630000025062000.
6,660,000,025,062,000 WARNING main_het_teleport_mw_rb_yb_rb_er Mw-to-Er teleportation trial 222 failed (completed=True, direct match=False, latency=9.8145969375 seconds).
6,660,000,025,062,000 WARNING main_het_teleport_mw_rb_yb_rb_er Starting Mw-to-Er teleportation trial 223 at 6660000025062000.
6,690,000,025,062,000 WARNING main_het_teleport_mw_rb_yb_rb_er Mw-to-Er teleportation trial 223 succeeded (completed=True, direct match=True, latency=3.5331555625 seconds).
6,690,000,025,062,000 WARNING main_het_teleport_mw_rb_yb_rb_er Starting Mw-to-Er teleportation trial 224 at 6690000025062000.
6,720,000,025,062,000 WARNING main_het_teleport_mw_rb_yb_rb_er Mw-to-Er teleportation trial 224 succeeded (completed=True, direct match=True, latency=2.93610685 seconds).
6,720,000,025,062,000 WARNING main_het_teleport_mw_rb_yb_rb_er Starting Mw-to-Er teleportation trial 225 at 6720000025062000.
6,750,000,025,062,000 WARNING main_het_teleport_mw_rb_yb_rb_er Mw-to-Er teleportation trial 225 failed (completed=True, direct match=False, latency=1.4325315 seconds).
6,750,000,025,062,000 WARNING main_het_teleport_mw_rb_yb_rb_er Starting Mw-to-Er teleportation trial 226 at 6750000025062000.
6,780,000,025,062,000 WARNING main_het_teleport_mw_rb_yb_rb_er Mw-to-Er teleportation trial 226 succeeded (completed=True, direct match=True, latency=11.2110028125 seconds).
6,780,000,025,062,000 WARNING main_het_teleport_mw_rb_yb_rb_er Starting Mw-to-Er teleportation trial 227 at 6780000025062000.
6,810,000,025,062,000 WARNING main_het_teleport_mw_rb_yb_rb_er Mw-to-Er teleportation trial 227 succeeded (completed=True, direct match=True, latency=9.7119578125 seconds).
6,810,000,025,062,000 WARNING main_het_teleport_mw_rb_yb_rb_er Starting Mw-to-Er teleportation trial 228 at 6810000025062000.
6,840,000,025,062,000 WARNING main_het_teleport_mw_rb_yb_rb_er Mw-to-Er teleportation trial 228 succeeded (completed=True, direct match=True, latency=6.3317575625 seconds).
6,840,000,025,062,000 WARNING main_het_teleport_mw_rb_yb_rb_er Starting Mw-to-Er teleportation trial 229 at 6840000025062000.
6,870,000,025,062,000 WARNING main_het_teleport_mw_rb_yb_rb_er Mw-to-Er teleportation trial 229 failed (completed=True, direct match=False, latency=4.9561075 seconds).
6,870,000,025,062,000 WARNING main_het_teleport_mw_rb_yb_rb_er Starting Mw-to-Er teleportation trial 230 at 6870000025062000.
6,900,000,025,062,000 WARNING main_het_teleport_mw_rb_yb_rb_er Mw-to-Er teleportation trial 230 succeeded (completed=True, direct match=True, latency=7.742054 seconds).
6,900,000,025,062,000 WARNING main_het_teleport_mw_rb_yb_rb_er Starting Mw-to-Er teleportation trial 231 at 6900000025062000.
6,930,000,025,062,000 WARNING main_het_teleport_mw_rb_yb_rb_er Mw-to-Er teleportation trial 231 succeeded (completed=True, direct match=True, latency=11.8576486875 seconds).
6,930,000,025,062,000 WARNING main_het_teleport_mw_rb_yb_rb_er Starting Mw-to-Er teleportation trial 232 at 6930000025062000.
6,960,000,025,062,000 WARNING main_het_teleport_mw_rb_yb_rb_er Mw-to-Er teleportation trial 232 failed (completed=True, direct match=False, latency=7.7345786875 seconds).
6,960,000,025,062,000 WARNING main_het_teleport_mw_rb_yb_rb_er Starting Mw-to-Er teleportation trial 233 at 6960000025062000.
6,990,000,025,062,000 WARNING main_het_teleport_mw_rb_yb_rb_er Mw-to-Er teleportation trial 233 failed (completed=True, direct match=False, latency=1.4871336875 seconds).
6,990,000,025,062,000 WARNING main_het_teleport_mw_rb_yb_rb_er Starting Mw-to-Er teleportation trial 234 at 6990000025062000.
7,020,000,025,062,000 WARNING main_het_teleport_mw_rb_yb_rb_er Mw-to-Er teleportation trial 234 succeeded (completed=True, direct match=True, latency=4.184481625 seconds).
7,020,000,025,062,000 WARNING main_het_teleport_mw_rb_yb_rb_er Starting Mw-to-Er teleportation trial 235 at 7020000025062000.
7,050,000,025,062,000 WARNING main_het_teleport_mw_rb_yb_rb_er Mw-to-Er teleportation trial 235 succeeded (completed=True, direct match=True, latency=10.4615678125 seconds).
7,050,000,025,062,000 WARNING main_het_teleport_mw_rb_yb_rb_er Starting Mw-to-Er teleportation trial 236 at 7050000025062000.
7,080,000,025,062,000 WARNING main_het_teleport_mw_rb_yb_rb_er Mw-to-Er teleportation trial 236 succeeded (completed=True, direct match=True, latency=4.9167809375 seconds).
7,080,000,025,062,000 WARNING main_het_teleport_mw_rb_yb_rb_er Starting Mw-to-Er teleportation trial 237 at 7080000025062000.
7,110,000,025,062,000 WARNING main_het_teleport_mw_rb_yb_rb_er Mw-to-Er teleportation trial 237 succeeded (completed=True, direct match=True, latency=12.6164690625 seconds).
7,110,000,025,062,000 WARNING main_het_teleport_mw_rb_yb_rb_er Starting Mw-to-Er teleportation trial 238 at 7110000025062000.
7,140,000,025,062,000 WARNING main_het_teleport_mw_rb_yb_rb_er Mw-to-Er teleportation trial 238 succeeded (completed=True, direct match=True, latency=12.465468 seconds).
7,140,000,025,062,000 WARNING main_het_teleport_mw_rb_yb_rb_er Starting Mw-to-Er teleportation trial 239 at 7140000025062000.
7,170,000,025,062,000 WARNING main_het_teleport_mw_rb_yb_rb_er Mw-to-Er teleportation trial 239 succeeded (completed=True, direct match=True, latency=2.8428279375 seconds).
7,170,000,025,062,000 WARNING main_het_teleport_mw_rb_yb_rb_er Starting Mw-to-Er teleportation trial 240 at 7170000025062000.
7,200,000,025,062,000 WARNING main_het_teleport_mw_rb_yb_rb_er Mw-to-Er teleportation trial 240 failed (completed=True, direct match=False, latency=7.020850125 seconds).
7,200,000,025,062,000 WARNING main_het_teleport_mw_rb_yb_rb_er Starting Mw-to-Er teleportation trial 241 at 7200000025062000.
7,230,000,025,062,000 WARNING main_het_teleport_mw_rb_yb_rb_er Mw-to-Er teleportation trial 241 succeeded (completed=True, direct match=True, latency=3.5144348125 seconds).
7,230,000,025,062,000 WARNING main_het_teleport_mw_rb_yb_rb_er Starting Mw-to-Er teleportation trial 242 at 7230000025062000.
7,260,000,025,062,000 WARNING main_het_teleport_mw_rb_yb_rb_er Mw-to-Er teleportation trial 242 succeeded (completed=True, direct match=True, latency=2.1088185625 seconds).
7,260,000,025,062,000 WARNING main_het_teleport_mw_rb_yb_rb_er Starting Mw-to-Er teleportation trial 243 at 7260000025062000.
7,290,000,025,062,000 WARNING main_het_teleport_mw_rb_yb_rb_er Mw-to-Er teleportation trial 243 succeeded (completed=True, direct match=True, latency=2.80070625 seconds).
7,290,000,025,062,000 WARNING main_het_teleport_mw_rb_yb_rb_er Starting Mw-to-Er teleportation trial 244 at 7290000025062000.
7,320,000,025,062,000 WARNING main_het_teleport_mw_rb_yb_rb_er Mw-to-Er teleportation trial 244 succeeded (completed=True, direct match=True, latency=7.0220851875 seconds).
7,320,000,025,062,000 WARNING main_het_teleport_mw_rb_yb_rb_er Starting Mw-to-Er teleportation trial 245 at 7320000025062000.
7,350,000,025,062,000 WARNING main_het_teleport_mw_rb_yb_rb_er Mw-to-Er teleportation trial 245 failed (completed=True, direct match=False, latency=5.6665409375 seconds).
7,350,000,025,062,000 WARNING main_het_teleport_mw_rb_yb_rb_er Starting Mw-to-Er teleportation trial 246 at 7350000025062000.
7,380,000,025,062,000 WARNING main_het_teleport_mw_rb_yb_rb_er Mw-to-Er teleportation trial 246 succeeded (completed=True, direct match=True, latency=3.553286375 seconds).
7,380,000,025,062,000 WARNING main_het_teleport_mw_rb_yb_rb_er Starting Mw-to-Er teleportation trial 247 at 7380000025062000.
7,410,000,025,062,000 WARNING main_het_teleport_mw_rb_yb_rb_er Mw-to-Er teleportation trial 247 succeeded (completed=True, direct match=True, latency=2.7960260625 seconds).
7,410,000,025,062,000 WARNING main_het_teleport_mw_rb_yb_rb_er Starting Mw-to-Er teleportation trial 248 at 7410000025062000.
7,440,000,025,062,000 WARNING main_het_teleport_mw_rb_yb_rb_er Mw-to-Er teleportation trial 248 failed (completed=True, direct match=False, latency=12.5760574375 seconds).
7,440,000,025,062,000 WARNING main_het_teleport_mw_rb_yb_rb_er Starting Mw-to-Er teleportation trial 249 at 7440000025062000.
7,470,000,025,062,000 WARNING main_het_teleport_mw_rb_yb_rb_er Mw-to-Er teleportation trial 249 failed (completed=True, direct match=False, latency=9.7962011875 seconds).
7,470,000,025,062,000 WARNING main_het_teleport_mw_rb_yb_rb_er Starting Mw-to-Er teleportation trial 250 at 7470000025062000.
7,500,000,025,062,000 WARNING main_het_teleport_mw_rb_yb_rb_er Mw-to-Er teleportation trial 250 failed (completed=True, direct match=False, latency=10.519290125 seconds).
7,500,000,025,062,000 WARNING main_het_teleport_mw_rb_yb_rb_er Starting Mw-to-Er teleportation trial 251 at 7500000025062000.
7,530,000,025,062,000 WARNING main_het_teleport_mw_rb_yb_rb_er Mw-to-Er teleportation trial 251 succeeded (completed=True, direct match=True, latency=6.3631088125 seconds).
7,530,000,025,062,000 WARNING main_het_teleport_mw_rb_yb_rb_er Starting Mw-to-Er teleportation trial 252 at 7530000025062000.
7,560,000,025,062,000 WARNING main_het_teleport_mw_rb_yb_rb_er Mw-to-Er teleportation trial 252 succeeded (completed=True, direct match=True, latency=11.2359638125 seconds).
7,560,000,025,062,000 WARNING main_het_teleport_mw_rb_yb_rb_er Starting Mw-to-Er teleportation trial 253 at 7560000025062000.
7,590,000,025,062,000 WARNING main_het_teleport_mw_rb_yb_rb_er Mw-to-Er teleportation trial 253 succeeded (completed=True, direct match=True, latency=6.9660729375 seconds).
7,590,000,025,062,000 WARNING main_het_teleport_mw_rb_yb_rb_er Starting Mw-to-Er teleportation trial 254 at 7590000025062000.
7,620,000,025,062,000 WARNING main_het_teleport_mw_rb_yb_rb_er Mw-to-Er teleportation trial 254 failed (completed=True, direct match=False, latency=1.4309714375 seconds).
7,620,000,025,062,000 WARNING main_het_teleport_mw_rb_yb_rb_er Starting Mw-to-Er teleportation trial 255 at 7620000025062000.
7,650,000,025,062,000 WARNING main_het_teleport_mw_rb_yb_rb_er Mw-to-Er teleportation trial 255 failed (completed=True, direct match=False, latency=7.001954375 seconds).
7,650,000,025,062,000 WARNING main_het_teleport_mw_rb_yb_rb_er Starting Mw-to-Er teleportation trial 256 at 7650000025062000.
7,680,000,025,062,000 WARNING main_het_teleport_mw_rb_yb_rb_er Mw-to-Er teleportation trial 256 succeeded (completed=True, direct match=True, latency=7.04893125 seconds).
7,680,000,025,062,000 WARNING main_het_teleport_mw_rb_yb_rb_er Starting Mw-to-Er teleportation trial 257 at 7680000025062000.
7,710,000,025,062,000 WARNING main_het_teleport_mw_rb_yb_rb_er Mw-to-Er teleportation trial 257 succeeded (completed=True, direct match=True, latency=7.7656049375 seconds).
7,710,000,025,062,000 WARNING main_het_teleport_mw_rb_yb_rb_er Starting Mw-to-Er teleportation trial 258 at 7710000025062000.
7,740,000,025,062,000 WARNING main_het_teleport_mw_rb_yb_rb_er Mw-to-Er teleportation trial 258 succeeded (completed=True, direct match=True, latency=7.026765375 seconds).
7,740,000,025,062,000 WARNING main_het_teleport_mw_rb_yb_rb_er Starting Mw-to-Er teleportation trial 259 at 7740000025062000.
7,770,000,025,062,000 WARNING main_het_teleport_mw_rb_yb_rb_er Mw-to-Er teleportation trial 259 succeeded (completed=True, direct match=True, latency=9.8036765 seconds).
7,770,000,025,062,000 WARNING main_het_teleport_mw_rb_yb_rb_er Starting Mw-to-Er teleportation trial 260 at 7770000025062000.
7,800,000,025,062,000 WARNING main_het_teleport_mw_rb_yb_rb_er Mw-to-Er teleportation trial 260 succeeded (completed=True, direct match=True, latency=4.9545474375 seconds).
7,800,000,025,062,000 WARNING main_het_teleport_mw_rb_yb_rb_er Starting Mw-to-Er teleportation trial 261 at 7800000025062000.
7,830,000,025,062,000 WARNING main_het_teleport_mw_rb_yb_rb_er Mw-to-Er teleportation trial 261 succeeded (completed=True, direct match=True, latency=4.3016613125 seconds).
7,830,000,025,062,000 WARNING main_het_teleport_mw_rb_yb_rb_er Starting Mw-to-Er teleportation trial 262 at 7830000025062000.
7,860,000,025,062,000 WARNING main_het_teleport_mw_rb_yb_rb_er Mw-to-Er teleportation trial 262 succeeded (completed=True, direct match=True, latency=11.1954021875 seconds).
7,860,000,025,062,000 WARNING main_het_teleport_mw_rb_yb_rb_er Starting Mw-to-Er teleportation trial 263 at 7860000025062000.
7,890,000,025,062,000 WARNING main_het_teleport_mw_rb_yb_rb_er Mw-to-Er teleportation trial 263 succeeded (completed=True, direct match=True, latency=6.3133618125 seconds).
7,890,000,025,062,000 WARNING main_het_teleport_mw_rb_yb_rb_er Starting Mw-to-Er teleportation trial 264 at 7890000025062000.
7,920,000,025,062,000 WARNING main_het_teleport_mw_rb_yb_rb_er Mw-to-Er teleportation trial 264 succeeded (completed=True, direct match=True, latency=5.5918329375 seconds).
7,920,000,025,062,000 WARNING main_het_teleport_mw_rb_yb_rb_er Starting Mw-to-Er teleportation trial 265 at 7920000025062000.
7,950,000,025,062,000 WARNING main_het_teleport_mw_rb_yb_rb_er Mw-to-Er teleportation trial 265 succeeded (completed=True, direct match=True, latency=3.519115 seconds).
7,950,000,025,062,000 WARNING main_het_teleport_mw_rb_yb_rb_er Starting Mw-to-Er teleportation trial 266 at 7950000025062000.
7,980,000,025,062,000 WARNING main_het_teleport_mw_rb_yb_rb_er Mw-to-Er teleportation trial 266 succeeded (completed=True, direct match=True, latency=4.171851125 seconds).
7,980,000,025,062,000 WARNING main_het_teleport_mw_rb_yb_rb_er Starting Mw-to-Er teleportation trial 267 at 7980000025062000.
8,010,000,025,062,000 WARNING main_het_teleport_mw_rb_yb_rb_er Mw-to-Er teleportation trial 267 failed (completed=True, direct match=False, latency=2.828637375 seconds).
8,010,000,025,062,000 WARNING main_het_teleport_mw_rb_yb_rb_er Starting Mw-to-Er teleportation trial 268 at 8010000025062000.
8,040,000,025,062,000 WARNING main_het_teleport_mw_rb_yb_rb_er Mw-to-Er teleportation trial 268 succeeded (completed=True, direct match=True, latency=4.965292875 seconds).
8,040,000,025,062,000 WARNING main_het_teleport_mw_rb_yb_rb_er Starting Mw-to-Er teleportation trial 269 at 8040000025062000.
8,070,000,025,062,000 WARNING main_het_teleport_mw_rb_yb_rb_er Mw-to-Er teleportation trial 269 succeeded (completed=True, direct match=True, latency=4.1454800625 seconds).
8,070,000,025,062,000 WARNING main_het_teleport_mw_rb_yb_rb_er Starting Mw-to-Er teleportation trial 270 at 8070000025062000.
8,100,000,025,062,000 WARNING main_het_teleport_mw_rb_yb_rb_er Mw-to-Er teleportation trial 270 succeeded (completed=True, direct match=True, latency=2.122859125 seconds).
8,100,000,025,062,000 WARNING main_het_teleport_mw_rb_yb_rb_er Starting Mw-to-Er teleportation trial 271 at 8100000025062000.
8,130,000,025,062,000 WARNING main_het_teleport_mw_rb_yb_rb_er Mw-to-Er teleportation trial 271 succeeded (completed=True, direct match=True, latency=2.847508125 seconds).
8,130,000,025,062,000 WARNING main_het_teleport_mw_rb_yb_rb_er Starting Mw-to-Er teleportation trial 272 at 8130000025062000.
8,160,000,025,062,000 WARNING main_het_teleport_mw_rb_yb_rb_er Mw-to-Er teleportation trial 272 failed (completed=True, direct match=False, latency=4.9106906875 seconds).
8,160,000,025,062,000 WARNING main_het_teleport_mw_rb_yb_rb_er Starting Mw-to-Er teleportation trial 273 at 8160000025062000.
8,190,000,025,062,000 WARNING main_het_teleport_mw_rb_yb_rb_er Mw-to-Er teleportation trial 273 failed (completed=True, direct match=False, latency=9.8116268125 seconds).
8,190,000,025,062,000 WARNING main_het_teleport_mw_rb_yb_rb_er Starting Mw-to-Er teleportation trial 274 at 8190000025062000.
8,220,000,025,062,000 WARNING main_het_teleport_mw_rb_yb_rb_er Mw-to-Er teleportation trial 274 succeeded (completed=True, direct match=True, latency=5.602753375 seconds).
8,220,000,025,062,000 WARNING main_het_teleport_mw_rb_yb_rb_er Starting Mw-to-Er teleportation trial 275 at 8220000025062000.
8,250,000,025,062,000 WARNING main_het_teleport_mw_rb_yb_rb_er Mw-to-Er teleportation trial 275 succeeded (completed=True, direct match=True, latency=7.0099296875 seconds).
8,250,000,025,062,000 WARNING main_het_teleport_mw_rb_yb_rb_er Starting Mw-to-Er teleportation trial 276 at 8250000025062000.
8,280,000,025,062,000 WARNING main_het_teleport_mw_rb_yb_rb_er Mw-to-Er teleportation trial 276 succeeded (completed=True, direct match=True, latency=2.116468875 seconds).
8,280,000,025,062,000 WARNING main_het_teleport_mw_rb_yb_rb_er Starting Mw-to-Er teleportation trial 277 at 8280000025062000.
8,310,000,025,062,000 WARNING main_het_teleport_mw_rb_yb_rb_er Mw-to-Er teleportation trial 277 succeeded (completed=True, direct match=True, latency=9.1433150625 seconds).
8,310,000,025,062,000 WARNING main_het_teleport_mw_rb_yb_rb_er Starting Mw-to-Er teleportation trial 278 at 8310000025062000.
8,340,000,025,062,000 WARNING main_het_teleport_mw_rb_yb_rb_er Mw-to-Er teleportation trial 278 succeeded (completed=True, direct match=True, latency=4.2016423125 seconds).
8,340,000,025,062,000 WARNING main_het_teleport_mw_rb_yb_rb_er Starting Mw-to-Er teleportation trial 279 at 8340000025062000.
8,370,000,025,062,000 WARNING main_het_teleport_mw_rb_yb_rb_er Mw-to-Er teleportation trial 279 succeeded (completed=True, direct match=True, latency=4.9606126875 seconds).
8,370,000,025,062,000 WARNING main_het_teleport_mw_rb_yb_rb_er Starting Mw-to-Er teleportation trial 280 at 8370000025062000.
8,400,000,025,062,000 WARNING main_het_teleport_mw_rb_yb_rb_er Mw-to-Er teleportation trial 280 succeeded (completed=True, direct match=True, latency=5.596188125 seconds).
8,400,000,025,062,000 WARNING main_het_teleport_mw_rb_yb_rb_er Starting Mw-to-Er teleportation trial 281 at 8400000025062000.
8,430,000,025,062,000 WARNING main_het_teleport_mw_rb_yb_rb_er Mw-to-Er teleportation trial 281 succeeded (completed=True, direct match=True, latency=5.5918329375 seconds).
8,430,000,025,062,000 WARNING main_het_teleport_mw_rb_yb_rb_er Starting Mw-to-Er teleportation trial 282 at 8430000025062000.
8,460,000,025,062,000 WARNING main_het_teleport_mw_rb_yb_rb_er Mw-to-Er teleportation trial 282 succeeded (completed=True, direct match=True, latency=2.7818355 seconds).
8,460,000,025,062,000 WARNING main_het_teleport_mw_rb_yb_rb_er Starting Mw-to-Er teleportation trial 283 at 8460000025062000.
8,490,000,025,062,000 WARNING main_het_teleport_mw_rb_yb_rb_er Mw-to-Er teleportation trial 283 succeeded (completed=True, direct match=True, latency=7.7155329375 seconds).
8,490,000,025,062,000 WARNING main_het_teleport_mw_rb_yb_rb_er Starting Mw-to-Er teleportation trial 284 at 8490000025062000.
8,520,000,025,062,000 WARNING main_het_teleport_mw_rb_yb_rb_er Mw-to-Er teleportation trial 284 failed (completed=True, direct match=False, latency=2.8053864375 seconds).
8,520,000,025,062,000 WARNING main_het_teleport_mw_rb_yb_rb_er Starting Mw-to-Er teleportation trial 285 at 8520000025062000.
8,550,000,025,062,000 WARNING main_het_teleport_mw_rb_yb_rb_er Mw-to-Er teleportation trial 285 succeeded (completed=True, direct match=True, latency=7.6969621875 seconds).
8,550,000,025,062,000 WARNING main_het_teleport_mw_rb_yb_rb_er Starting Mw-to-Er teleportation trial 286 at 8550000025062000.
8,580,000,025,062,000 WARNING main_het_teleport_mw_rb_yb_rb_er Mw-to-Er teleportation trial 286 succeeded (completed=True, direct match=True, latency=4.9791834375 seconds).
8,580,000,025,062,000 WARNING main_het_teleport_mw_rb_yb_rb_er Starting Mw-to-Er teleportation trial 287 at 8580000025062000.
8,610,000,025,062,000 WARNING main_het_teleport_mw_rb_yb_rb_er Mw-to-Er teleportation trial 287 failed (completed=True, direct match=False, latency=9.7490743125 seconds).
8,610,000,025,062,000 WARNING main_het_teleport_mw_rb_yb_rb_er Starting Mw-to-Er teleportation trial 288 at 8610000025062000.
8,640,000,025,062,000 WARNING main_het_teleport_mw_rb_yb_rb_er Mw-to-Er teleportation trial 288 succeeded (completed=True, direct match=True, latency=14.69540225 seconds).
8,640,000,025,062,000 WARNING main_het_teleport_mw_rb_yb_rb_er Starting Mw-to-Er teleportation trial 289 at 8640000025062000.
8,670,000,025,062,000 WARNING main_het_teleport_mw_rb_yb_rb_er Mw-to-Er teleportation trial 289 succeeded (completed=True, direct match=True, latency=4.2203630625 seconds).
8,670,000,025,062,000 WARNING main_het_teleport_mw_rb_yb_rb_er Starting Mw-to-Er teleportation trial 290 at 8670000025062000.
8,700,000,025,062,000 WARNING main_het_teleport_mw_rb_yb_rb_er Mw-to-Er teleportation trial 290 succeeded (completed=True, direct match=True, latency=2.93607685 seconds).
8,700,000,025,062,000 WARNING main_het_teleport_mw_rb_yb_rb_er Starting Mw-to-Er teleportation trial 291 at 8700000025062000.
8,730,000,025,062,000 WARNING main_het_teleport_mw_rb_yb_rb_er Mw-to-Er teleportation trial 291 succeeded (completed=True, direct match=True, latency=2.9928229 seconds).
8,730,000,025,062,000 WARNING main_het_teleport_mw_rb_yb_rb_er Starting Mw-to-Er teleportation trial 292 at 8730000025062000.
8,760,000,025,062,000 WARNING main_het_teleport_mw_rb_yb_rb_er Mw-to-Er teleportation trial 292 succeeded (completed=True, direct match=True, latency=2.772475125 seconds).
8,760,000,025,062,000 WARNING main_het_teleport_mw_rb_yb_rb_er Starting Mw-to-Er teleportation trial 293 at 8760000025062000.
8,790,000,025,062,000 WARNING main_het_teleport_mw_rb_yb_rb_er Mw-to-Er teleportation trial 293 succeeded (completed=True, direct match=True, latency=5.51226975 seconds).
8,790,000,025,062,000 WARNING main_het_teleport_mw_rb_yb_rb_er Starting Mw-to-Er teleportation trial 294 at 8790000025062000.
8,820,000,025,062,000 WARNING main_het_teleport_mw_rb_yb_rb_er Mw-to-Er teleportation trial 294 succeeded (completed=True, direct match=True, latency=2.819427 seconds).
8,820,000,025,062,000 WARNING main_het_teleport_mw_rb_yb_rb_er Starting Mw-to-Er teleportation trial 295 at 8820000025062000.
8,850,000,025,062,000 WARNING main_het_teleport_mw_rb_yb_rb_er Mw-to-Er teleportation trial 295 succeeded (completed=True, direct match=True, latency=8.543299825 seconds).
8,850,000,025,062,000 WARNING main_het_teleport_mw_rb_yb_rb_er Starting Mw-to-Er teleportation trial 296 at 8850000025062000.
8,880,000,025,062,000 WARNING main_het_teleport_mw_rb_yb_rb_er Mw-to-Er teleportation trial 296 failed (completed=True, direct match=False, latency=2.7305034375 seconds).
8,880,000,025,062,000 WARNING main_het_teleport_mw_rb_yb_rb_er Starting Mw-to-Er teleportation trial 297 at 8880000025062000.
8,910,000,025,062,000 WARNING main_het_teleport_mw_rb_yb_rb_er Mw-to-Er teleportation trial 297 succeeded (completed=True, direct match=True, latency=2.9376919125 seconds).
8,910,000,025,062,000 WARNING main_het_teleport_mw_rb_yb_rb_er Starting Mw-to-Er teleportation trial 298 at 8910000025062000.
8,940,000,025,062,000 WARNING main_het_teleport_mw_rb_yb_rb_er Mw-to-Er teleportation trial 298 succeeded (completed=True, direct match=True, latency=6.14938025 seconds).
8,940,000,025,062,000 WARNING main_het_teleport_mw_rb_yb_rb_er Starting Mw-to-Er teleportation trial 299 at 8940000025062000.
8,970,000,025,062,000 WARNING main_het_teleport_mw_rb_yb_rb_er Mw-to-Er teleportation trial 299 succeeded (completed=True, direct match=True, latency=7.62348925 seconds).
8,970,000,025,062,000 WARNING main_het_teleport_mw_rb_yb_rb_er Starting Mw-to-Er teleportation trial 300 at 8970000025062000.
9,000,000,025,062,000 WARNING main_het_teleport_mw_rb_yb_rb_er Mw-to-Er teleportation trial 300 succeeded (completed=True, direct match=True, latency=12.6027535 seconds).
9,000,000,025,062,000 WARNING main_het_teleport_mw_rb_yb_rb_er Starting Mw-to-Er teleportation trial 301 at 9000000025062000.
9,030,000,025,062,000 WARNING main_het_teleport_mw_rb_yb_rb_er Mw-to-Er teleportation trial 301 succeeded (completed=True, direct match=True, latency=12.5790275625 seconds).
9,030,000,025,062,000 WARNING main_het_teleport_mw_rb_yb_rb_er Starting Mw-to-Er teleportation trial 302 at 9030000025062000.
9,060,000,025,062,000 WARNING main_het_teleport_mw_rb_yb_rb_er Mw-to-Er teleportation trial 302 succeeded (completed=True, direct match=True, latency=2.7897858125 seconds).
9,060,000,025,062,000 WARNING main_het_teleport_mw_rb_yb_rb_er Starting Mw-to-Er teleportation trial 303 at 9060000025062000.
9,090,000,025,062,000 WARNING main_het_teleport_mw_rb_yb_rb_er Mw-to-Er teleportation trial 303 succeeded (completed=True, direct match=True, latency=5.6133488125 seconds).
9,090,000,025,062,000 WARNING main_het_teleport_mw_rb_yb_rb_er Starting Mw-to-Er teleportation trial 304 at 9090000025062000.
9,120,000,025,062,000 WARNING main_het_teleport_mw_rb_yb_rb_er Mw-to-Er teleportation trial 304 succeeded (completed=True, direct match=True, latency=2.9123109125 seconds).
9,120,000,025,062,000 WARNING main_het_teleport_mw_rb_yb_rb_er Starting Mw-to-Er teleportation trial 305 at 9120000025062000.
9,150,000,025,062,000 WARNING main_het_teleport_mw_rb_yb_rb_er Mw-to-Er teleportation trial 305 failed (completed=True, direct match=False, latency=5.5915079375 seconds).
9,150,000,025,062,000 WARNING main_het_teleport_mw_rb_yb_rb_er Starting Mw-to-Er teleportation trial 306 at 9150000025062000.
9,180,000,025,062,000 WARNING main_het_teleport_mw_rb_yb_rb_er Mw-to-Er teleportation trial 306 succeeded (completed=True, direct match=True, latency=1.4229868375 seconds).
9,180,000,025,062,000 WARNING main_het_teleport_mw_rb_yb_rb_er Starting Mw-to-Er teleportation trial 307 at 9180000025062000.
9,210,000,025,062,000 WARNING main_het_teleport_mw_rb_yb_rb_er Mw-to-Er teleportation trial 307 failed (completed=True, direct match=False, latency=6.3007063125 seconds).
9,210,000,025,062,000 WARNING main_het_teleport_mw_rb_yb_rb_er Starting Mw-to-Er teleportation trial 308 at 9210000025062000.
9,240,000,025,062,000 WARNING main_het_teleport_mw_rb_yb_rb_er Mw-to-Er teleportation trial 308 succeeded (completed=True, direct match=True, latency=6.9347216875 seconds).
9,240,000,025,062,000 WARNING main_het_teleport_mw_rb_yb_rb_er Starting Mw-to-Er teleportation trial 309 at 9240000025062000.
9,270,000,025,062,000 WARNING main_het_teleport_mw_rb_yb_rb_er Mw-to-Er teleportation trial 309 failed (completed=True, direct match=False, latency=3.58760775 seconds).
9,270,000,025,062,000 WARNING main_het_teleport_mw_rb_yb_rb_er Starting Mw-to-Er teleportation trial 310 at 9270000025062000.
9,300,000,025,062,000 WARNING main_het_teleport_mw_rb_yb_rb_er Mw-to-Er teleportation trial 310 succeeded (completed=True, direct match=True, latency=7.0348906875 seconds).
9,300,000,025,062,000 WARNING main_het_teleport_mw_rb_yb_rb_er Starting Mw-to-Er teleportation trial 311 at 9300000025062000.
9,330,000,025,062,000 WARNING main_het_teleport_mw_rb_yb_rb_er Mw-to-Er teleportation trial 311 succeeded (completed=True, direct match=True, latency=9.0902729375 seconds).
9,330,000,025,062,000 WARNING main_het_teleport_mw_rb_yb_rb_er Starting Mw-to-Er teleportation trial 312 at 9330000025062000.
9,360,000,025,062,000 WARNING main_het_teleport_mw_rb_yb_rb_er Mw-to-Er teleportation trial 312 succeeded (completed=True, direct match=True, latency=3.51304975 seconds).
9,360,000,025,062,000 WARNING main_het_teleport_mw_rb_yb_rb_er Starting Mw-to-Er teleportation trial 313 at 9360000025062000.
9,390,000,025,062,000 WARNING main_het_teleport_mw_rb_yb_rb_er Mw-to-Er teleportation trial 313 succeeded (completed=True, direct match=True, latency=4.2108526875 seconds).
9,390,000,025,062,000 WARNING main_het_teleport_mw_rb_yb_rb_er Starting Mw-to-Er teleportation trial 314 at 9390000025062000.
9,420,000,025,062,000 WARNING main_het_teleport_mw_rb_yb_rb_er Mw-to-Er teleportation trial 314 succeeded (completed=True, direct match=True, latency=2.1322195 seconds).
9,420,000,025,062,000 WARNING main_het_teleport_mw_rb_yb_rb_er Starting Mw-to-Er teleportation trial 315 at 9420000025062000.
9,450,000,025,062,000 WARNING main_het_teleport_mw_rb_yb_rb_er Mw-to-Er teleportation trial 315 succeeded (completed=True, direct match=True, latency=2.1398698125 seconds).
9,450,000,025,062,000 WARNING main_het_teleport_mw_rb_yb_rb_er Starting Mw-to-Er teleportation trial 316 at 9450000025062000.
9,480,000,025,062,000 WARNING main_het_teleport_mw_rb_yb_rb_er Mw-to-Er teleportation trial 316 succeeded (completed=True, direct match=True, latency=3.5174049375 seconds).
9,480,000,025,062,000 WARNING main_het_teleport_mw_rb_yb_rb_er Starting Mw-to-Er teleportation trial 317 at 9480000025062000.
9,510,000,025,062,000 WARNING main_het_teleport_mw_rb_yb_rb_er Mw-to-Er teleportation trial 317 succeeded (completed=True, direct match=True, latency=5.618354 seconds).
9,510,000,025,062,000 WARNING main_het_teleport_mw_rb_yb_rb_er Starting Mw-to-Er teleportation trial 318 at 9510000025062000.
9,540,000,025,062,000 WARNING main_het_teleport_mw_rb_yb_rb_er Mw-to-Er teleportation trial 318 succeeded (completed=True, direct match=True, latency=3.51287475 seconds).
9,540,000,025,062,000 WARNING main_het_teleport_mw_rb_yb_rb_er Starting Mw-to-Er teleportation trial 319 at 9540000025062000.
9,570,000,025,062,000 WARNING main_het_teleport_mw_rb_yb_rb_er Mw-to-Er teleportation trial 319 succeeded (completed=True, direct match=True, latency=3.6173989375 seconds).
9,570,000,025,062,000 WARNING main_het_teleport_mw_rb_yb_rb_er Starting Mw-to-Er teleportation trial 320 at 9570000025062000.
9,600,000,025,062,000 WARNING main_het_teleport_mw_rb_yb_rb_er Mw-to-Er teleportation trial 320 succeeded (completed=True, direct match=True, latency=5.6386348125 seconds).
9,600,000,025,062,000 WARNING main_het_teleport_mw_rb_yb_rb_er Starting Mw-to-Er teleportation trial 321 at 9600000025062000.
9,630,000,025,062,000 WARNING main_het_teleport_mw_rb_yb_rb_er Mw-to-Er teleportation trial 321 succeeded (completed=True, direct match=True, latency=2.8208370625 seconds).
9,630,000,025,062,000 WARNING main_het_teleport_mw_rb_yb_rb_er Starting Mw-to-Er teleportation trial 322 at 9630000025062000.
9,660,000,025,062,000 WARNING main_het_teleport_mw_rb_yb_rb_er Mw-to-Er teleportation trial 322 succeeded (completed=True, direct match=True, latency=4.21256275 seconds).
9,660,000,025,062,000 WARNING main_het_teleport_mw_rb_yb_rb_er Starting Mw-to-Er teleportation trial 323 at 9660000025062000.
9,690,000,025,062,000 WARNING main_het_teleport_mw_rb_yb_rb_er Mw-to-Er teleportation trial 323 succeeded (completed=True, direct match=True, latency=1.4278513125 seconds).
9,690,000,025,062,000 WARNING main_het_teleport_mw_rb_yb_rb_er Starting Mw-to-Er teleportation trial 324 at 9690000025062000.
9,720,000,025,062,000 WARNING main_het_teleport_mw_rb_yb_rb_er Mw-to-Er teleportation trial 324 succeeded (completed=True, direct match=True, latency=11.231133625 seconds).
9,720,000,025,062,000 WARNING main_het_teleport_mw_rb_yb_rb_er Starting Mw-to-Er teleportation trial 325 at 9720000025062000.
9,750,000,025,062,000 WARNING main_het_teleport_mw_rb_yb_rb_er Mw-to-Er teleportation trial 325 succeeded (completed=True, direct match=True, latency=7.701492375 seconds).
9,750,000,025,062,000 WARNING main_het_teleport_mw_rb_yb_rb_er Starting Mw-to-Er teleportation trial 326 at 9750000025062000.
9,780,000,025,062,000 WARNING main_het_teleport_mw_rb_yb_rb_er Mw-to-Er teleportation trial 326 succeeded (completed=True, direct match=True, latency=7.0050745 seconds).
9,780,000,025,062,000 WARNING main_het_teleport_mw_rb_yb_rb_er Starting Mw-to-Er teleportation trial 327 at 9780000025062000.
9,810,000,025,062,000 WARNING main_het_teleport_mw_rb_yb_rb_er Mw-to-Er teleportation trial 327 succeeded (completed=True, direct match=True, latency=8.42334625 seconds).
9,810,000,025,062,000 WARNING main_het_teleport_mw_rb_yb_rb_er Starting Mw-to-Er teleportation trial 328 at 9810000025062000.
9,840,000,025,062,000 WARNING main_het_teleport_mw_rb_yb_rb_er Mw-to-Er teleportation trial 328 succeeded (completed=True, direct match=True, latency=2.1693279875 seconds).
9,840,000,025,062,000 WARNING main_het_teleport_mw_rb_yb_rb_er Starting Mw-to-Er teleportation trial 329 at 9840000025062000.
9,870,000,025,062,000 WARNING main_het_teleport_mw_rb_yb_rb_er Mw-to-Er teleportation trial 329 succeeded (completed=True, direct match=True, latency=5.63674975 seconds).
9,870,000,025,062,000 WARNING main_het_teleport_mw_rb_yb_rb_er Starting Mw-to-Er teleportation trial 330 at 9870000025062000.
9,900,000,025,062,000 WARNING main_het_teleport_mw_rb_yb_rb_er Mw-to-Er teleportation trial 330 succeeded (completed=True, direct match=True, latency=5.527695375 seconds).
9,900,000,025,062,000 WARNING main_het_teleport_mw_rb_yb_rb_er Starting Mw-to-Er teleportation trial 331 at 9900000025062000.
9,930,000,025,062,000 WARNING main_het_teleport_mw_rb_yb_rb_er Mw-to-Er teleportation trial 331 failed (completed=True, direct match=False, latency=7.795246125 seconds).
9,930,000,025,062,000 WARNING main_het_teleport_mw_rb_yb_rb_er Starting Mw-to-Er teleportation trial 332 at 9930000025062000.
9,960,000,025,062,000 WARNING main_het_teleport_mw_rb_yb_rb_er Mw-to-Er teleportation trial 332 succeeded (completed=True, direct match=True, latency=2.7679449375 seconds).
9,960,000,025,062,000 WARNING main_het_teleport_mw_rb_yb_rb_er Starting Mw-to-Er teleportation trial 333 at 9960000025062000.
9,990,000,025,062,000 WARNING main_het_teleport_mw_rb_yb_rb_er Mw-to-Er teleportation trial 333 succeeded (completed=True, direct match=True, latency=7.0035144375 seconds).
9,990,000,025,062,000 WARNING main_het_teleport_mw_rb_yb_rb_er Starting Mw-to-Er teleportation trial 334 at 9990000025062000.
10,020,000,025,062,000 WARNING main_het_teleport_mw_rb_yb_rb_er Mw-to-Er teleportation trial 334 failed (completed=True, direct match=False, latency=6.3161569375 seconds).
10,020,000,025,062,000 WARNING main_het_teleport_mw_rb_yb_rb_er Starting Mw-to-Er teleportation trial 335 at 10020000025062000.
10,050,000,025,062,000 WARNING main_het_teleport_mw_rb_yb_rb_er Mw-to-Er teleportation trial 335 failed (completed=True, direct match=False, latency=1.345168 seconds).
10,050,000,025,062,000 WARNING main_het_teleport_mw_rb_yb_rb_er Starting Mw-to-Er teleportation trial 336 at 10050000025062000.
10,080,000,025,062,000 WARNING main_het_teleport_mw_rb_yb_rb_er Mw-to-Er teleportation trial 336 succeeded (completed=True, direct match=True, latency=2.8334675625 seconds).
10,080,000,025,062,000 WARNING main_het_teleport_mw_rb_yb_rb_er Starting Mw-to-Er teleportation trial 337 at 10080000025062000.
10,110,000,025,062,000 WARNING main_het_teleport_mw_rb_yb_rb_er Mw-to-Er teleportation trial 337 succeeded (completed=True, direct match=True, latency=2.1464350625 seconds).
10,110,000,025,062,000 WARNING main_het_teleport_mw_rb_yb_rb_er Starting Mw-to-Er teleportation trial 338 at 10110000025062000.
10,140,000,025,062,000 WARNING main_het_teleport_mw_rb_yb_rb_er Mw-to-Er teleportation trial 338 succeeded (completed=True, direct match=True, latency=3.494154 seconds).
10,140,000,025,062,000 WARNING main_het_teleport_mw_rb_yb_rb_er Starting Mw-to-Er teleportation trial 339 at 10140000025062000.
10,170,000,025,062,000 WARNING main_het_teleport_mw_rb_yb_rb_er Mw-to-Er teleportation trial 339 failed (completed=True, direct match=False, latency=2.119739 seconds).
10,170,000,025,062,000 WARNING main_het_teleport_mw_rb_yb_rb_er Starting Mw-to-Er teleportation trial 340 at 10170000025062000.
10,200,000,025,062,000 WARNING main_het_teleport_mw_rb_yb_rb_er Mw-to-Er teleportation trial 340 succeeded (completed=True, direct match=True, latency=7.017555 seconds).
10,200,000,025,062,000 WARNING main_het_teleport_mw_rb_yb_rb_er Starting Mw-to-Er teleportation trial 341 at 10200000025062000.
10,230,000,025,062,000 WARNING main_het_teleport_mw_rb_yb_rb_er Mw-to-Er teleportation trial 341 succeeded (completed=True, direct match=True, latency=18.9294116875 seconds).
10,230,000,025,062,000 WARNING main_het_teleport_mw_rb_yb_rb_er Starting Mw-to-Er teleportation trial 342 at 10230000025062000.
10,260,000,025,062,000 WARNING main_het_teleport_mw_rb_yb_rb_er Mw-to-Er teleportation trial 342 succeeded (completed=True, direct match=True, latency=2.830603825 seconds).
10,260,000,025,062,000 WARNING main_het_teleport_mw_rb_yb_rb_er Starting Mw-to-Er teleportation trial 343 at 10260000025062000.
10,290,000,025,062,000 WARNING main_het_teleport_mw_rb_yb_rb_er Mw-to-Er teleportation trial 343 succeeded (completed=True, direct match=True, latency=6.29932125 seconds).
10,290,000,025,062,000 WARNING main_het_teleport_mw_rb_yb_rb_er Starting Mw-to-Er teleportation trial 344 at 10290000025062000.
10,320,000,025,062,000 WARNING main_het_teleport_mw_rb_yb_rb_er Mw-to-Er teleportation trial 344 succeeded (completed=True, direct match=True, latency=4.9262913125 seconds).
10,320,000,025,062,000 WARNING main_het_teleport_mw_rb_yb_rb_er Starting Mw-to-Er teleportation trial 345 at 10320000025062000.
10,350,000,025,062,000 WARNING main_het_teleport_mw_rb_yb_rb_er Mw-to-Er teleportation trial 345 succeeded (completed=True, direct match=True, latency=6.3163069375 seconds).
10,350,000,025,062,000 WARNING main_het_teleport_mw_rb_yb_rb_er Starting Mw-to-Er teleportation trial 346 at 10350000025062000.
10,380,000,025,062,000 WARNING main_het_teleport_mw_rb_yb_rb_er Mw-to-Er teleportation trial 346 succeeded (completed=True, direct match=True, latency=6.9940040625 seconds).
10,380,000,025,062,000 WARNING main_het_teleport_mw_rb_yb_rb_er Starting Mw-to-Er teleportation trial 347 at 10380000025062000.
10,410,000,025,062,000 WARNING main_het_teleport_mw_rb_yb_rb_er Mw-to-Er teleportation trial 347 succeeded (completed=True, direct match=True, latency=10.587757875 seconds).
10,410,000,025,062,000 WARNING main_het_teleport_mw_rb_yb_rb_er Starting Mw-to-Er teleportation trial 348 at 10410000025062000.
10,440,000,025,062,000 WARNING main_het_teleport_mw_rb_yb_rb_er Mw-to-Er teleportation trial 348 succeeded (completed=True, direct match=True, latency=8.382784625 seconds).
10,440,000,025,062,000 WARNING main_het_teleport_mw_rb_yb_rb_er Starting Mw-to-Er teleportation trial 349 at 10440000025062000.
10,470,000,025,062,000 WARNING main_het_teleport_mw_rb_yb_rb_er Mw-to-Er teleportation trial 349 succeeded (completed=True, direct match=True, latency=9.8553085625 seconds).
10,470,000,025,062,000 WARNING main_het_teleport_mw_rb_yb_rb_er Starting Mw-to-Er teleportation trial 350 at 10470000025062000.
10,500,000,025,062,000 WARNING main_het_teleport_mw_rb_yb_rb_er Mw-to-Er teleportation trial 350 succeeded (completed=True, direct match=True, latency=9.850803375 seconds).
10,500,000,025,062,000 WARNING main_het_teleport_mw_rb_yb_rb_er Starting Mw-to-Er teleportation trial 351 at 10500000025062000.
10,530,000,025,062,000 WARNING main_het_teleport_mw_rb_yb_rb_er Mw-to-Er teleportation trial 351 succeeded (completed=True, direct match=True, latency=7.6749713125 seconds).
10,530,000,025,062,000 WARNING main_het_teleport_mw_rb_yb_rb_er Starting Mw-to-Er teleportation trial 352 at 10530000025062000.
10,560,000,025,062,000 WARNING main_het_teleport_mw_rb_yb_rb_er Mw-to-Er teleportation trial 352 succeeded (completed=True, direct match=True, latency=11.9108658125 seconds).
10,560,000,025,062,000 WARNING main_het_teleport_mw_rb_yb_rb_er Starting Mw-to-Er teleportation trial 353 at 10560000025062000.
10,590,000,025,062,000 WARNING main_het_teleport_mw_rb_yb_rb_er Mw-to-Er teleportation trial 353 succeeded (completed=True, direct match=True, latency=4.22504325 seconds).
10,590,000,025,062,000 WARNING main_het_teleport_mw_rb_yb_rb_er Starting Mw-to-Er teleportation trial 354 at 10590000025062000.
10,620,000,025,062,000 WARNING main_het_teleport_mw_rb_yb_rb_er Mw-to-Er teleportation trial 354 succeeded (completed=True, direct match=True, latency=16.1367499375 seconds).
10,620,000,025,062,000 WARNING main_het_teleport_mw_rb_yb_rb_er Starting Mw-to-Er teleportation trial 355 at 10620000025062000.
10,650,000,025,062,000 WARNING main_het_teleport_mw_rb_yb_rb_er Mw-to-Er teleportation trial 355 succeeded (completed=True, direct match=True, latency=7.6938420625 seconds).
10,650,000,025,062,000 WARNING main_het_teleport_mw_rb_yb_rb_er Starting Mw-to-Er teleportation trial 356 at 10650000025062000.
10,680,000,025,062,000 WARNING main_het_teleport_mw_rb_yb_rb_er Mw-to-Er teleportation trial 356 succeeded (completed=True, direct match=True, latency=4.92473125 seconds).
10,680,000,025,062,000 WARNING main_het_teleport_mw_rb_yb_rb_er Starting Mw-to-Er teleportation trial 357 at 10680000025062000.
10,710,000,025,062,000 WARNING main_het_teleport_mw_rb_yb_rb_er Mw-to-Er teleportation trial 357 succeeded (completed=True, direct match=True, latency=6.31180175 seconds).
10,710,000,025,062,000 WARNING main_het_teleport_mw_rb_yb_rb_er Starting Mw-to-Er teleportation trial 358 at 10710000025062000.
10,740,000,025,062,000 WARNING main_het_teleport_mw_rb_yb_rb_er Mw-to-Er teleportation trial 358 succeeded (completed=True, direct match=True, latency=12.615059 seconds).
10,740,000,025,062,000 WARNING main_het_teleport_mw_rb_yb_rb_er Starting Mw-to-Er teleportation trial 359 at 10740000025062000.
10,770,000,025,062,000 WARNING main_het_teleport_mw_rb_yb_rb_er Mw-to-Er teleportation trial 359 failed (completed=True, direct match=False, latency=7.695402125 seconds).
10,770,000,025,062,000 WARNING main_het_teleport_mw_rb_yb_rb_er Starting Mw-to-Er teleportation trial 360 at 10770000025062000.
10,800,000,025,062,000 WARNING main_het_teleport_mw_rb_yb_rb_er Mw-to-Er teleportation trial 360 succeeded (completed=True, direct match=True, latency=1.9984245375 seconds).
10,800,000,025,062,000 WARNING main_het_teleport_mw_rb_yb_rb_er Starting Mw-to-Er teleportation trial 361 at 10800000025062000.
10,830,000,025,062,000 WARNING main_het_teleport_mw_rb_yb_rb_er Mw-to-Er teleportation trial 361 succeeded (completed=True, direct match=True, latency=0.720363 seconds).
10,830,000,025,062,000 WARNING main_het_teleport_mw_rb_yb_rb_er Starting Mw-to-Er teleportation trial 362 at 10830000025062000.
10,860,000,025,062,000 WARNING main_het_teleport_mw_rb_yb_rb_er Mw-to-Er teleportation trial 362 succeeded (completed=True, direct match=True, latency=4.9545474375 seconds).
10,860,000,025,062,000 WARNING main_het_teleport_mw_rb_yb_rb_er Starting Mw-to-Er teleportation trial 363 at 10860000025062000.
10,890,000,025,062,000 WARNING main_het_teleport_mw_rb_yb_rb_er Mw-to-Er teleportation trial 363 succeeded (completed=True, direct match=True, latency=4.9138108125 seconds).
10,890,000,025,062,000 WARNING main_het_teleport_mw_rb_yb_rb_er Starting Mw-to-Er teleportation trial 364 at 10890000025062000.
10,920,000,025,062,000 WARNING main_het_teleport_mw_rb_yb_rb_er Mw-to-Er teleportation trial 364 succeeded (completed=True, direct match=True, latency=11.8701291875 seconds).
10,920,000,025,062,000 WARNING main_het_teleport_mw_rb_yb_rb_er Starting Mw-to-Er teleportation trial 365 at 10920000025062000.
10,950,000,025,062,000 WARNING main_het_teleport_mw_rb_yb_rb_er Mw-to-Er teleportation trial 365 succeeded (completed=True, direct match=True, latency=9.06045675 seconds).
10,950,000,025,062,000 WARNING main_het_teleport_mw_rb_yb_rb_er Starting Mw-to-Er teleportation trial 366 at 10950000025062000.
10,980,000,025,062,000 WARNING main_het_teleport_mw_rb_yb_rb_er Mw-to-Er teleportation trial 366 succeeded (completed=True, direct match=True, latency=9.8147469375 seconds).
10,980,000,025,062,000 WARNING main_het_teleport_mw_rb_yb_rb_er Starting Mw-to-Er teleportation trial 367 at 10980000025062000.
11,010,000,025,062,000 WARNING main_het_teleport_mw_rb_yb_rb_er Mw-to-Er teleportation trial 367 succeeded (completed=True, direct match=True, latency=1.423171125 seconds).
11,010,000,025,062,000 WARNING main_het_teleport_mw_rb_yb_rb_er Starting Mw-to-Er teleportation trial 368 at 11010000025062000.
11,040,000,025,062,000 WARNING main_het_teleport_mw_rb_yb_rb_er Mw-to-Er teleportation trial 368 succeeded (completed=True, direct match=True, latency=2.091507875 seconds).
11,040,000,025,062,000 WARNING main_het_teleport_mw_rb_yb_rb_er Starting Mw-to-Er teleportation trial 369 at 11040000025062000.
11,070,000,025,062,000 WARNING main_het_teleport_mw_rb_yb_rb_er Mw-to-Er teleportation trial 369 succeeded (completed=True, direct match=True, latency=4.265604875 seconds).
11,070,000,025,062,000 WARNING main_het_teleport_mw_rb_yb_rb_er Starting Mw-to-Er teleportation trial 370 at 11070000025062000.
11,100,000,025,062,000 WARNING main_het_teleport_mw_rb_yb_rb_er Mw-to-Er teleportation trial 370 failed (completed=True, direct match=False, latency=4.2014923125 seconds).
11,100,000,025,062,000 WARNING main_het_teleport_mw_rb_yb_rb_er Starting Mw-to-Er teleportation trial 371 at 11100000025062000.
11,130,000,025,062,000 WARNING main_het_teleport_mw_rb_yb_rb_er Mw-to-Er teleportation trial 371 succeeded (completed=True, direct match=True, latency=2.14455 seconds).
11,130,000,025,062,000 WARNING main_het_teleport_mw_rb_yb_rb_er Starting Mw-to-Er teleportation trial 372 at 11130000025062000.
11,160,000,025,062,000 WARNING main_het_teleport_mw_rb_yb_rb_er Mw-to-Er teleportation trial 372 succeeded (completed=True, direct match=True, latency=10.4955641875 seconds).
11,160,000,025,062,000 WARNING main_het_teleport_mw_rb_yb_rb_er Starting Mw-to-Er teleportation trial 373 at 11160000025062000.
11,190,000,025,062,000 WARNING main_het_teleport_mw_rb_yb_rb_er Mw-to-Er teleportation trial 373 succeeded (completed=True, direct match=True, latency=10.5113148125 seconds).
11,190,000,025,062,000 WARNING main_het_teleport_mw_rb_yb_rb_er Starting Mw-to-Er teleportation trial 374 at 11190000025062000.
11,220,000,025,062,000 WARNING main_het_teleport_mw_rb_yb_rb_er Mw-to-Er teleportation trial 374 succeeded (completed=True, direct match=True, latency=6.3537484375 seconds).
11,220,000,025,062,000 WARNING main_het_teleport_mw_rb_yb_rb_er Starting Mw-to-Er teleportation trial 375 at 11220000025062000.
11,250,000,025,062,000 WARNING main_het_teleport_mw_rb_yb_rb_er Mw-to-Er teleportation trial 375 succeeded (completed=True, direct match=True, latency=5.5666969375 seconds).
11,250,000,025,062,000 WARNING main_het_teleport_mw_rb_yb_rb_er Starting Mw-to-Er teleportation trial 376 at 11250000025062000.
11,280,000,025,062,000 WARNING main_het_teleport_mw_rb_yb_rb_er Mw-to-Er teleportation trial 376 succeeded (completed=True, direct match=True, latency=4.990253875 seconds).
11,280,000,025,062,000 WARNING main_het_teleport_mw_rb_yb_rb_er Starting Mw-to-Er teleportation trial 377 at 11280000025062000.
11,310,000,025,062,000 WARNING main_het_teleport_mw_rb_yb_rb_er Mw-to-Er teleportation trial 377 succeeded (completed=True, direct match=True, latency=4.86250375 seconds).
11,310,000,025,062,000 WARNING main_het_teleport_mw_rb_yb_rb_er Starting Mw-to-Er teleportation trial 378 at 11310000025062000.
11,340,000,025,062,000 WARNING main_het_teleport_mw_rb_yb_rb_er Mw-to-Er teleportation trial 378 succeeded (completed=True, direct match=True, latency=7.064531875 seconds).
11,340,000,025,062,000 WARNING main_het_teleport_mw_rb_yb_rb_er Starting Mw-to-Er teleportation trial 379 at 11340000025062000.
11,370,000,025,062,000 WARNING main_het_teleport_mw_rb_yb_rb_er Mw-to-Er teleportation trial 379 succeeded (completed=True, direct match=True, latency=3.578572375 seconds).
11,370,000,025,062,000 WARNING main_het_teleport_mw_rb_yb_rb_er Starting Mw-to-Er teleportation trial 380 at 11370000025062000.
11,400,000,025,062,000 WARNING main_het_teleport_mw_rb_yb_rb_er Mw-to-Er teleportation trial 380 succeeded (completed=True, direct match=True, latency=6.2442904125 seconds).
11,400,000,025,062,000 WARNING main_het_teleport_mw_rb_yb_rb_er Starting Mw-to-Er teleportation trial 381 at 11400000025062000.
11,430,000,025,062,000 WARNING main_het_teleport_mw_rb_yb_rb_er Mw-to-Er teleportation trial 381 succeeded (completed=True, direct match=True, latency=4.8607686875 seconds).
11,430,000,025,062,000 WARNING main_het_teleport_mw_rb_yb_rb_er Starting Mw-to-Er teleportation trial 382 at 11430000025062000.
11,460,000,025,062,000 WARNING main_het_teleport_mw_rb_yb_rb_er Mw-to-Er teleportation trial 382 succeeded (completed=True, direct match=True, latency=7.020525125 seconds).
11,460,000,025,062,000 WARNING main_het_teleport_mw_rb_yb_rb_er Starting Mw-to-Er teleportation trial 383 at 11460000025062000.
11,490,000,025,062,000 WARNING main_het_teleport_mw_rb_yb_rb_er Mw-to-Er teleportation trial 383 succeeded (completed=True, direct match=True, latency=2.8085065625 seconds).
11,490,000,025,062,000 WARNING main_het_teleport_mw_rb_yb_rb_er Starting Mw-to-Er teleportation trial 384 at 11490000025062000.
11,520,000,025,062,000 WARNING main_het_teleport_mw_rb_yb_rb_er Mw-to-Er teleportation trial 384 succeeded (completed=True, direct match=True, latency=2.878709375 seconds).
11,520,000,025,062,000 WARNING main_het_teleport_mw_rb_yb_rb_er Starting Mw-to-Er teleportation trial 385 at 11520000025062000.
11,550,000,025,062,000 WARNING main_het_teleport_mw_rb_yb_rb_er Mw-to-Er teleportation trial 385 succeeded (completed=True, direct match=True, latency=1.4278513125 seconds).
11,550,000,025,062,000 WARNING main_het_teleport_mw_rb_yb_rb_er Starting Mw-to-Er teleportation trial 386 at 11550000025062000.
11,580,000,025,062,000 WARNING main_het_teleport_mw_rb_yb_rb_er Mw-to-Er teleportation trial 386 succeeded (completed=True, direct match=True, latency=3.509754625 seconds).
11,580,000,025,062,000 WARNING main_het_teleport_mw_rb_yb_rb_er Starting Mw-to-Er teleportation trial 387 at 11580000025062000.
11,610,000,025,062,000 WARNING main_het_teleport_mw_rb_yb_rb_er Mw-to-Er teleportation trial 387 succeeded (completed=True, direct match=True, latency=2.2325723875 seconds).
11,610,000,025,062,000 WARNING main_het_teleport_mw_rb_yb_rb_er Starting Mw-to-Er teleportation trial 388 at 11610000025062000.
11,640,000,025,062,000 WARNING main_het_teleport_mw_rb_yb_rb_er Mw-to-Er teleportation trial 388 failed (completed=True, direct match=False, latency=14.75780475 seconds).
11,640,000,025,062,000 WARNING main_het_teleport_mw_rb_yb_rb_er Starting Mw-to-Er teleportation trial 389 at 11640000025062000.
11,670,000,025,062,000 WARNING main_het_teleport_mw_rb_yb_rb_er Mw-to-Er teleportation trial 389 succeeded (completed=True, direct match=True, latency=8.4122508125 seconds).
11,670,000,025,062,000 WARNING main_het_teleport_mw_rb_yb_rb_er Starting Mw-to-Er teleportation trial 390 at 11670000025062000.
11,700,000,025,062,000 WARNING main_het_teleport_mw_rb_yb_rb_er Mw-to-Er teleportation trial 390 succeeded (completed=True, direct match=True, latency=6.3225471875 seconds).
11,700,000,025,062,000 WARNING main_het_teleport_mw_rb_yb_rb_er Starting Mw-to-Er teleportation trial 391 at 11700000025062000.
11,730,000,025,062,000 WARNING main_het_teleport_mw_rb_yb_rb_er Mw-to-Er teleportation trial 391 succeeded (completed=True, direct match=True, latency=4.8982101875 seconds).
11,730,000,025,062,000 WARNING main_het_teleport_mw_rb_yb_rb_er Starting Mw-to-Er teleportation trial 392 at 11730000025062000.
11,760,000,025,062,000 WARNING main_het_teleport_mw_rb_yb_rb_er Mw-to-Er teleportation trial 392 succeeded (completed=True, direct match=True, latency=2.834877625 seconds).
11,760,000,025,062,000 WARNING main_het_teleport_mw_rb_yb_rb_er Starting Mw-to-Er teleportation trial 393 at 11760000025062000.
11,790,000,025,062,000 WARNING main_het_teleport_mw_rb_yb_rb_er Mw-to-Er teleportation trial 393 succeeded (completed=True, direct match=True, latency=13.6947971875 seconds).
11,790,000,025,062,000 WARNING main_het_teleport_mw_rb_yb_rb_er Starting Mw-to-Er teleportation trial 394 at 11790000025062000.
11,820,000,025,062,000 WARNING main_het_teleport_mw_rb_yb_rb_er Mw-to-Er teleportation trial 394 succeeded (completed=True, direct match=True, latency=7.739258875 seconds).
11,820,000,025,062,000 WARNING main_het_teleport_mw_rb_yb_rb_er Starting Mw-to-Er teleportation trial 395 at 11820000025062000.
11,850,000,025,062,000 WARNING main_het_teleport_mw_rb_yb_rb_er Mw-to-Er teleportation trial 395 succeeded (completed=True, direct match=True, latency=2.8241071875 seconds).
11,850,000,025,062,000 WARNING main_het_teleport_mw_rb_yb_rb_er Starting Mw-to-Er teleportation trial 396 at 11850000025062000.
11,880,000,025,062,000 WARNING main_het_teleport_mw_rb_yb_rb_er Mw-to-Er teleportation trial 396 succeeded (completed=True, direct match=True, latency=6.308506625 seconds).
11,880,000,025,062,000 WARNING main_het_teleport_mw_rb_yb_rb_er Starting Mw-to-Er teleportation trial 397 at 11880000025062000.
11,910,000,025,062,000 WARNING main_het_teleport_mw_rb_yb_rb_er Mw-to-Er teleportation trial 397 failed (completed=True, direct match=False, latency=7.0158449375 seconds).
11,910,000,025,062,000 WARNING main_het_teleport_mw_rb_yb_rb_er Starting Mw-to-Er teleportation trial 398 at 11910000025062000.
11,940,000,025,062,000 WARNING main_het_teleport_mw_rb_yb_rb_er Mw-to-Er teleportation trial 398 failed (completed=True, direct match=False, latency=3.5458110625 seconds).
11,940,000,025,062,000 WARNING main_het_teleport_mw_rb_yb_rb_er Starting Mw-to-Er teleportation trial 399 at 11940000025062000.
11,970,000,025,062,000 WARNING main_het_teleport_mw_rb_yb_rb_er Mw-to-Er teleportation trial 399 failed (completed=True, direct match=False, latency=0.788888925 seconds).
11,970,000,025,062,000 WARNING main_het_teleport_mw_rb_yb_rb_er Starting Mw-to-Er teleportation trial 400 at 11970000025062000.
12,000,000,025,062,000 WARNING main_het_teleport_mw_rb_yb_rb_er Mw-to-Er teleportation trial 400 succeeded (completed=True, direct match=True, latency=5.493224 seconds).
12,000,000,025,062,000 WARNING main_het_teleport_mw_rb_yb_rb_er Starting Mw-to-Er teleportation trial 401 at 12000000025062000.
12,030,000,025,062,000 WARNING main_het_teleport_mw_rb_yb_rb_er Mw-to-Er teleportation trial 401 succeeded (completed=True, direct match=True, latency=3.53801075 seconds).
12,030,000,025,062,000 WARNING main_het_teleport_mw_rb_yb_rb_er Starting Mw-to-Er teleportation trial 402 at 12030000025062000.
12,060,000,025,062,000 WARNING main_het_teleport_mw_rb_yb_rb_er Mw-to-Er teleportation trial 402 succeeded (completed=True, direct match=True, latency=4.184331625 seconds).
12,060,000,025,062,000 WARNING main_het_teleport_mw_rb_yb_rb_er Starting Mw-to-Er teleportation trial 403 at 12060000025062000.
12,090,000,025,062,000 WARNING main_het_teleport_mw_rb_yb_rb_er Mw-to-Er teleportation trial 403 succeeded (completed=True, direct match=True, latency=3.6704224875 seconds).
12,090,000,025,062,000 WARNING main_het_teleport_mw_rb_yb_rb_er Starting Mw-to-Er teleportation trial 404 at 12090000025062000.
12,120,000,025,062,000 WARNING main_het_teleport_mw_rb_yb_rb_er Mw-to-Er teleportation trial 404 succeeded (completed=True, direct match=True, latency=9.900725375 seconds).
12,120,000,025,062,000 WARNING main_het_teleport_mw_rb_yb_rb_er Starting Mw-to-Er teleportation trial 405 at 12120000025062000.
12,150,000,025,062,000 WARNING main_het_teleport_mw_rb_yb_rb_er Mw-to-Er teleportation trial 405 succeeded (completed=True, direct match=True, latency=4.209442625 seconds).
12,150,000,025,062,000 WARNING main_het_teleport_mw_rb_yb_rb_er Starting Mw-to-Er teleportation trial 406 at 12150000025062000.
12,180,000,025,062,000 WARNING main_het_teleport_mw_rb_yb_rb_er Mw-to-Er teleportation trial 406 succeeded (completed=True, direct match=True, latency=5.633629625 seconds).
12,180,000,025,062,000 WARNING main_het_teleport_mw_rb_yb_rb_er Starting Mw-to-Er teleportation trial 407 at 12180000025062000.
12,210,000,025,062,000 WARNING main_het_teleport_mw_rb_yb_rb_er Mw-to-Er teleportation trial 407 succeeded (completed=True, direct match=True, latency=4.203052375 seconds).
12,210,000,025,062,000 WARNING main_het_teleport_mw_rb_yb_rb_er Starting Mw-to-Er teleportation trial 408 at 12210000025062000.
12,240,000,025,062,000 WARNING main_het_teleport_mw_rb_yb_rb_er Mw-to-Er teleportation trial 408 succeeded (completed=True, direct match=True, latency=2.1212990625 seconds).
12,240,000,025,062,000 WARNING main_het_teleport_mw_rb_yb_rb_er Starting Mw-to-Er teleportation trial 409 at 12240000025062000.
12,270,000,025,062,000 WARNING main_het_teleport_mw_rb_yb_rb_er Mw-to-Er teleportation trial 409 succeeded (completed=True, direct match=True, latency=9.1713961875 seconds).
12,270,000,025,062,000 WARNING main_het_teleport_mw_rb_yb_rb_er Starting Mw-to-Er teleportation trial 410 at 12270000025062000.
12,300,000,025,062,000 WARNING main_het_teleport_mw_rb_yb_rb_er Mw-to-Er teleportation trial 410 succeeded (completed=True, direct match=True, latency=7.6720011875 seconds).
12,300,000,025,062,000 WARNING main_het_teleport_mw_rb_yb_rb_er Starting Mw-to-Er teleportation trial 411 at 12300000025062000.
12,330,000,025,062,000 WARNING main_het_teleport_mw_rb_yb_rb_er Mw-to-Er teleportation trial 411 succeeded (completed=True, direct match=True, latency=9.091658 seconds).
12,330,000,025,062,000 WARNING main_het_teleport_mw_rb_yb_rb_er Starting Mw-to-Er teleportation trial 412 at 12330000025062000.
12,360,000,025,062,000 WARNING main_het_teleport_mw_rb_yb_rb_er Mw-to-Er teleportation trial 412 succeeded (completed=True, direct match=True, latency=6.3040014375 seconds).
12,360,000,025,062,000 WARNING main_het_teleport_mw_rb_yb_rb_er Starting Mw-to-Er teleportation trial 413 at 12360000025062000.
12,390,000,025,062,000 WARNING main_het_teleport_mw_rb_yb_rb_er Mw-to-Er teleportation trial 413 succeeded (completed=True, direct match=True, latency=8.3872898125 seconds).
12,390,000,025,062,000 WARNING main_het_teleport_mw_rb_yb_rb_er Starting Mw-to-Er teleportation trial 414 at 12390000025062000.
12,420,000,025,062,000 WARNING main_het_teleport_mw_rb_yb_rb_er Mw-to-Er teleportation trial 414 failed (completed=True, direct match=False, latency=2.2246217875 seconds).
12,420,000,025,062,000 WARNING main_het_teleport_mw_rb_yb_rb_er Starting Mw-to-Er teleportation trial 415 at 12420000025062000.
12,450,000,025,062,000 WARNING main_het_teleport_mw_rb_yb_rb_er Mw-to-Er teleportation trial 415 succeeded (completed=True, direct match=True, latency=8.4153709375 seconds).
12,450,000,025,062,000 WARNING main_het_teleport_mw_rb_yb_rb_er Starting Mw-to-Er teleportation trial 416 at 12450000025062000.
12,480,000,025,062,000 WARNING main_het_teleport_mw_rb_yb_rb_er Mw-to-Er teleportation trial 416 succeeded (completed=True, direct match=True, latency=11.2110028125 seconds).
12,480,000,025,062,000 WARNING main_het_teleport_mw_rb_yb_rb_er Starting Mw-to-Er teleportation trial 417 at 12480000025062000.
12,510,000,025,062,000 WARNING main_het_teleport_mw_rb_yb_rb_er Mw-to-Er teleportation trial 417 succeeded (completed=True, direct match=True, latency=1.4403318125 seconds).
12,510,000,025,062,000 WARNING main_het_teleport_mw_rb_yb_rb_er Starting Mw-to-Er teleportation trial 418 at 12510000025062000.
12,540,000,025,062,000 WARNING main_het_teleport_mw_rb_yb_rb_er Mw-to-Er teleportation trial 418 succeeded (completed=True, direct match=True, latency=2.1025783125 seconds).
12,540,000,025,062,000 WARNING main_het_teleport_mw_rb_yb_rb_er Starting Mw-to-Er teleportation trial 419 at 12540000025062000.
12,570,000,025,062,000 WARNING main_het_teleport_mw_rb_yb_rb_er Mw-to-Er teleportation trial 419 succeeded (completed=True, direct match=True, latency=6.1977421875 seconds).
12,570,000,025,062,000 WARNING main_het_teleport_mw_rb_yb_rb_er Starting Mw-to-Er teleportation trial 420 at 12570000025062000.
12,600,000,025,062,000 WARNING main_het_teleport_mw_rb_yb_rb_er Mw-to-Er teleportation trial 420 succeeded (completed=True, direct match=True, latency=7.0003943125 seconds).
12,600,000,025,062,000 WARNING main_het_teleport_mw_rb_yb_rb_er Starting Mw-to-Er teleportation trial 421 at 12600000025062000.
12,630,000,025,062,000 WARNING main_het_teleport_mw_rb_yb_rb_er Mw-to-Er teleportation trial 421 succeeded (completed=True, direct match=True, latency=3.59734215 seconds).
12,630,000,025,062,000 WARNING main_het_teleport_mw_rb_yb_rb_er Starting Mw-to-Er teleportation trial 422 at 12630000025062000.
12,660,000,025,062,000 WARNING main_het_teleport_mw_rb_yb_rb_er Mw-to-Er teleportation trial 422 succeeded (completed=True, direct match=True, latency=7.6908969375 seconds).
12,660,000,025,062,000 WARNING main_het_teleport_mw_rb_yb_rb_er Starting Mw-to-Er teleportation trial 423 at 12660000025062000.
12,690,000,025,062,000 WARNING main_het_teleport_mw_rb_yb_rb_er Mw-to-Er teleportation trial 423 failed (completed=True, direct match=False, latency=16.10743375 seconds).
12,690,000,025,062,000 WARNING main_het_teleport_mw_rb_yb_rb_er Starting Mw-to-Er teleportation trial 424 at 12690000025062000.
12,720,000,025,062,000 WARNING main_het_teleport_mw_rb_yb_rb_er Mw-to-Er teleportation trial 424 succeeded (completed=True, direct match=True, latency=2.9123809125 seconds).
12,720,000,025,062,000 WARNING main_het_teleport_mw_rb_yb_rb_er Starting Mw-to-Er teleportation trial 425 at 12720000025062000.
12,750,000,025,062,000 WARNING main_het_teleport_mw_rb_yb_rb_er Mw-to-Er teleportation trial 425 succeeded (completed=True, direct match=True, latency=7.017555 seconds).
12,750,000,025,062,000 WARNING main_het_teleport_mw_rb_yb_rb_er Starting Mw-to-Er teleportation trial 426 at 12750000025062000.
12,780,000,025,062,000 WARNING main_het_teleport_mw_rb_yb_rb_er Mw-to-Er teleportation trial 426 failed (completed=True, direct match=False, latency=2.8145968125 seconds).
12,780,000,025,062,000 WARNING main_het_teleport_mw_rb_yb_rb_er Starting Mw-to-Er teleportation trial 427 at 12780000025062000.
12,810,000,025,062,000 WARNING main_het_teleport_mw_rb_yb_rb_er Mw-to-Er teleportation trial 427 succeeded (completed=True, direct match=True, latency=9.8539235 seconds).
12,810,000,025,062,000 WARNING main_het_teleport_mw_rb_yb_rb_er Starting Mw-to-Er teleportation trial 428 at 12810000025062000.
12,840,000,025,062,000 WARNING main_het_teleport_mw_rb_yb_rb_er Mw-to-Er teleportation trial 428 succeeded (completed=True, direct match=True, latency=6.3506283125 seconds).
12,840,000,025,062,000 WARNING main_het_teleport_mw_rb_yb_rb_er Starting Mw-to-Er teleportation trial 429 at 12840000025062000.
12,870,000,025,062,000 WARNING main_het_teleport_mw_rb_yb_rb_er Mw-to-Er teleportation trial 429 failed (completed=True, direct match=False, latency=2.1368996875 seconds).
12,870,000,025,062,000 WARNING main_het_teleport_mw_rb_yb_rb_er Starting Mw-to-Er teleportation trial 430 at 12870000025062000.
12,900,000,025,062,000 WARNING main_het_teleport_mw_rb_yb_rb_er Mw-to-Er teleportation trial 430 succeeded (completed=True, direct match=True, latency=11.912250875 seconds).
12,900,000,025,062,000 WARNING main_het_teleport_mw_rb_yb_rb_er Starting Mw-to-Er teleportation trial 431 at 12900000025062000.
12,930,000,025,062,000 WARNING main_het_teleport_mw_rb_yb_rb_er Mw-to-Er teleportation trial 431 succeeded (completed=True, direct match=True, latency=9.0805875625 seconds).
12,930,000,025,062,000 WARNING main_het_teleport_mw_rb_yb_rb_er Starting Mw-to-Er teleportation trial 432 at 12930000025062000.
12,960,000,025,062,000 WARNING main_het_teleport_mw_rb_yb_rb_er Mw-to-Er teleportation trial 432 succeeded (completed=True, direct match=True, latency=0.7651029875 seconds).
12,960,000,025,062,000 WARNING main_het_teleport_mw_rb_yb_rb_er Starting Mw-to-Er teleportation trial 433 at 12960000025062000.
12,990,000,025,062,000 WARNING main_het_teleport_mw_rb_yb_rb_er Mw-to-Er teleportation trial 433 succeeded (completed=True, direct match=True, latency=4.9013303125 seconds).
12,990,000,025,062,000 WARNING main_het_teleport_mw_rb_yb_rb_er Starting Mw-to-Er teleportation trial 434 at 12990000025062000.
13,020,000,025,062,000 WARNING main_het_teleport_mw_rb_yb_rb_er Mw-to-Er teleportation trial 434 succeeded (completed=True, direct match=True, latency=5.58697775 seconds).
13,020,000,025,062,000 WARNING main_het_teleport_mw_rb_yb_rb_er Starting Mw-to-Er teleportation trial 435 at 13020000025062000.
13,050,000,025,062,000 WARNING main_het_teleport_mw_rb_yb_rb_er Mw-to-Er teleportation trial 435 succeeded (completed=True, direct match=True, latency=1.4370616875 seconds).
13,050,000,025,062,000 WARNING main_het_teleport_mw_rb_yb_rb_er Starting Mw-to-Er teleportation trial 436 at 13050000025062000.
13,080,000,025,062,000 WARNING main_het_teleport_mw_rb_yb_rb_er Mw-to-Er teleportation trial 436 succeeded (completed=True, direct match=True, latency=4.2359636875 seconds).
13,080,000,025,062,000 WARNING main_het_teleport_mw_rb_yb_rb_er Starting Mw-to-Er teleportation trial 437 at 13080000025062000.
13,110,000,025,062,000 WARNING main_het_teleport_mw_rb_yb_rb_er Mw-to-Er teleportation trial 437 succeeded (completed=True, direct match=True, latency=4.921611125 seconds).
13,110,000,025,062,000 WARNING main_het_teleport_mw_rb_yb_rb_er Starting Mw-to-Er teleportation trial 438 at 13110000025062000.
13,140,000,025,062,000 WARNING main_het_teleport_mw_rb_yb_rb_er Mw-to-Er teleportation trial 438 succeeded (completed=True, direct match=True, latency=2.0774673125 seconds).
13,140,000,025,062,000 WARNING main_het_teleport_mw_rb_yb_rb_er Starting Mw-to-Er teleportation trial 439 at 13140000025062000.
13,170,000,025,062,000 WARNING main_het_teleport_mw_rb_yb_rb_er Mw-to-Er teleportation trial 439 succeeded (completed=True, direct match=True, latency=2.1699330375 seconds).
13,170,000,025,062,000 WARNING main_het_teleport_mw_rb_yb_rb_er Starting Mw-to-Er teleportation trial 440 at 13170000025062000.
13,200,000,025,062,000 WARNING main_het_teleport_mw_rb_yb_rb_er Mw-to-Er teleportation trial 440 failed (completed=True, direct match=False, latency=5.62441925 seconds).
13,200,000,025,062,000 WARNING main_het_teleport_mw_rb_yb_rb_er Starting Mw-to-Er teleportation trial 441 at 13200000025062000.
13,230,000,025,062,000 WARNING main_het_teleport_mw_rb_yb_rb_er Mw-to-Er teleportation trial 441 succeeded (completed=True, direct match=True, latency=1.41381075 seconds).
13,230,000,025,062,000 WARNING main_het_teleport_mw_rb_yb_rb_er Starting Mw-to-Er teleportation trial 442 at 13230000025062000.
13,260,000,025,062,000 WARNING main_het_teleport_mw_rb_yb_rb_er Mw-to-Er teleportation trial 442 succeeded (completed=True, direct match=True, latency=7.767165 seconds).
13,260,000,025,062,000 WARNING main_het_teleport_mw_rb_yb_rb_er Starting Mw-to-Er teleportation trial 443 at 13260000025062000.
13,290,000,025,062,000 WARNING main_het_teleport_mw_rb_yb_rb_er Mw-to-Er teleportation trial 443 succeeded (completed=True, direct match=True, latency=2.85080325 seconds).
13,290,000,025,062,000 WARNING main_het_teleport_mw_rb_yb_rb_er Starting Mw-to-Er teleportation trial 444 at 13290000025062000.
13,320,000,025,062,000 WARNING main_het_teleport_mw_rb_yb_rb_er Mw-to-Er teleportation trial 444 succeeded (completed=True, direct match=True, latency=2.7492241875 seconds).
13,320,000,025,062,000 WARNING main_het_teleport_mw_rb_yb_rb_er Starting Mw-to-Er teleportation trial 445 at 13320000025062000.
13,350,000,025,062,000 WARNING main_het_teleport_mw_rb_yb_rb_er Mw-to-Er teleportation trial 445 succeeded (completed=True, direct match=True, latency=2.8085065625 seconds).
13,350,000,025,062,000 WARNING main_het_teleport_mw_rb_yb_rb_er Starting Mw-to-Er teleportation trial 446 at 13350000025062000.
13,380,000,025,062,000 WARNING main_het_teleport_mw_rb_yb_rb_er Mw-to-Er teleportation trial 446 succeeded (completed=True, direct match=True, latency=2.17607625 seconds).
13,380,000,025,062,000 WARNING main_het_teleport_mw_rb_yb_rb_er Starting Mw-to-Er teleportation trial 447 at 13380000025062000.
13,410,000,025,062,000 WARNING main_het_teleport_mw_rb_yb_rb_er Mw-to-Er teleportation trial 447 succeeded (completed=True, direct match=True, latency=4.1267593125 seconds).
13,410,000,025,062,000 WARNING main_het_teleport_mw_rb_yb_rb_er Starting Mw-to-Er teleportation trial 448 at 13410000025062000.
13,440,000,025,062,000 WARNING main_het_teleport_mw_rb_yb_rb_er Mw-to-Er teleportation trial 448 failed (completed=True, direct match=False, latency=7.692282 seconds).
13,440,000,025,062,000 WARNING main_het_teleport_mw_rb_yb_rb_er Starting Mw-to-Er teleportation trial 449 at 13440000025062000.
13,470,000,025,062,000 WARNING main_het_teleport_mw_rb_yb_rb_er Mw-to-Er teleportation trial 449 succeeded (completed=True, direct match=True, latency=2.901057375 seconds).
13,470,000,025,062,000 WARNING main_het_teleport_mw_rb_yb_rb_er Starting Mw-to-Er teleportation trial 450 at 13470000025062000.
13,500,000,025,062,000 WARNING main_het_teleport_mw_rb_yb_rb_er Mw-to-Er teleportation trial 450 failed (completed=True, direct match=False, latency=11.2110028125 seconds).
13,500,000,025,062,000 WARNING main_het_teleport_mw_rb_yb_rb_er Starting Mw-to-Er teleportation trial 451 at 13500000025062000.
13,530,000,025,062,000 WARNING main_het_teleport_mw_rb_yb_rb_er Mw-to-Er teleportation trial 451 succeeded (completed=True, direct match=True, latency=21.71709325 seconds).
13,530,000,025,062,000 WARNING main_het_teleport_mw_rb_yb_rb_er Starting Mw-to-Er teleportation trial 452 at 13530000025062000.
13,560,000,025,062,000 WARNING main_het_teleport_mw_rb_yb_rb_er Mw-to-Er teleportation trial 452 succeeded (completed=True, direct match=True, latency=4.2314585 seconds).
13,560,000,025,062,000 WARNING main_het_teleport_mw_rb_yb_rb_er Starting Mw-to-Er teleportation trial 453 at 13560000025062000.
13,590,000,025,062,000 WARNING main_het_teleport_mw_rb_yb_rb_er Mw-to-Er teleportation trial 453 succeeded (completed=True, direct match=True, latency=6.3194270625 seconds).
13,590,000,025,062,000 WARNING main_het_teleport_mw_rb_yb_rb_er Starting Mw-to-Er teleportation trial 454 at 13590000025062000.
13,620,000,025,062,000 WARNING main_het_teleport_mw_rb_yb_rb_er Mw-to-Er teleportation trial 454 succeeded (completed=True, direct match=True, latency=5.62441925 seconds).
13,620,000,025,062,000 WARNING main_het_teleport_mw_rb_yb_rb_er Starting Mw-to-Er teleportation trial 455 at 13620000025062000.
13,650,000,025,062,000 WARNING main_het_teleport_mw_rb_yb_rb_er Mw-to-Er teleportation trial 455 succeeded (completed=True, direct match=True, latency=9.1119388125 seconds).
13,650,000,025,062,000 WARNING main_het_teleport_mw_rb_yb_rb_er Starting Mw-to-Er teleportation trial 456 at 13650000025062000.
13,680,000,025,062,000 WARNING main_het_teleport_mw_rb_yb_rb_er Mw-to-Er teleportation trial 456 succeeded (completed=True, direct match=True, latency=9.0713771875 seconds).
13,680,000,025,062,000 WARNING main_het_teleport_mw_rb_yb_rb_er Starting Mw-to-Er teleportation trial 457 at 13680000025062000.
13,710,000,025,062,000 WARNING main_het_teleport_mw_rb_yb_rb_er Mw-to-Er teleportation trial 457 failed (completed=True, direct match=False, latency=4.2312835 seconds).
13,710,000,025,062,000 WARNING main_het_teleport_mw_rb_yb_rb_er Starting Mw-to-Er teleportation trial 458 at 13710000025062000.
13,740,000,025,062,000 WARNING main_het_teleport_mw_rb_yb_rb_er Mw-to-Er teleportation trial 458 succeeded (completed=True, direct match=True, latency=14.517730125 seconds).
13,740,000,025,062,000 WARNING main_het_teleport_mw_rb_yb_rb_er Starting Mw-to-Er teleportation trial 459 at 13740000025062000.
13,770,000,025,062,000 WARNING main_het_teleport_mw_rb_yb_rb_er Mw-to-Er teleportation trial 459 failed (completed=True, direct match=False, latency=4.2108526875 seconds).
13,770,000,025,062,000 WARNING main_het_teleport_mw_rb_yb_rb_er Starting Mw-to-Er teleportation trial 460 at 13770000025062000.
13,800,000,025,062,000 WARNING main_het_teleport_mw_rb_yb_rb_er Mw-to-Er teleportation trial 460 succeeded (completed=True, direct match=True, latency=4.265454875 seconds).
13,800,000,025,062,000 WARNING main_het_teleport_mw_rb_yb_rb_er Starting Mw-to-Er teleportation trial 461 at 13800000025062000.
13,830,000,025,062,000 WARNING main_het_teleport_mw_rb_yb_rb_er Mw-to-Er teleportation trial 461 failed (completed=True, direct match=False, latency=5.652500375 seconds).
13,830,000,025,062,000 WARNING main_het_teleport_mw_rb_yb_rb_er Starting Mw-to-Er teleportation trial 462 at 13830000025062000.
13,860,000,025,062,000 WARNING main_het_teleport_mw_rb_yb_rb_er Mw-to-Er teleportation trial 462 succeeded (completed=True, direct match=True, latency=6.317717 seconds).
13,860,000,025,062,000 WARNING main_het_teleport_mw_rb_yb_rb_er Starting Mw-to-Er teleportation trial 463 at 13860000025062000.
13,890,000,025,062,000 WARNING main_het_teleport_mw_rb_yb_rb_er Mw-to-Er teleportation trial 463 failed (completed=True, direct match=False, latency=3.5066345 seconds).
13,890,000,025,062,000 WARNING main_het_teleport_mw_rb_yb_rb_er Starting Mw-to-Er teleportation trial 464 at 13890000025062000.
13,920,000,025,062,000 WARNING main_het_teleport_mw_rb_yb_rb_er Mw-to-Er teleportation trial 464 succeeded (completed=True, direct match=True, latency=5.618029 seconds).
13,920,000,025,062,000 WARNING main_het_teleport_mw_rb_yb_rb_er Starting Mw-to-Er teleportation trial 465 at 13920000025062000.
13,950,000,025,062,000 WARNING main_het_teleport_mw_rb_yb_rb_er Mw-to-Er teleportation trial 465 succeeded (completed=True, direct match=True, latency=4.2233331875 seconds).
13,950,000,025,062,000 WARNING main_het_teleport_mw_rb_yb_rb_er Starting Mw-to-Er teleportation trial 466 at 13950000025062000.
13,980,000,025,062,000 WARNING main_het_teleport_mw_rb_yb_rb_er Mw-to-Er teleportation trial 466 succeeded (completed=True, direct match=True, latency=6.345798125 seconds).
13,980,000,025,062,000 WARNING main_het_teleport_mw_rb_yb_rb_er Starting Mw-to-Er teleportation trial 467 at 13980000025062000.
14,010,000,025,062,000 WARNING main_het_teleport_mw_rb_yb_rb_er Mw-to-Er teleportation trial 467 succeeded (completed=True, direct match=True, latency=6.3381478125 seconds).
14,010,000,025,062,000 WARNING main_het_teleport_mw_rb_yb_rb_er Starting Mw-to-Er teleportation trial 468 at 14010000025062000.
14,040,000,025,062,000 WARNING main_het_teleport_mw_rb_yb_rb_er Mw-to-Er teleportation trial 468 succeeded (completed=True, direct match=True, latency=5.568257 seconds).
14,040,000,025,062,000 WARNING main_het_teleport_mw_rb_yb_rb_er Starting Mw-to-Er teleportation trial 469 at 14040000025062000.
14,070,000,025,062,000 WARNING main_het_teleport_mw_rb_yb_rb_er Mw-to-Er teleportation trial 469 succeeded (completed=True, direct match=True, latency=6.3196020625 seconds).
14,070,000,025,062,000 WARNING main_het_teleport_mw_rb_yb_rb_er Starting Mw-to-Er teleportation trial 470 at 14070000025062000.
14,100,000,025,062,000 WARNING main_het_teleport_mw_rb_yb_rb_er Mw-to-Er teleportation trial 470 succeeded (completed=True, direct match=True, latency=9.8365878125 seconds).
14,100,000,025,062,000 WARNING main_het_teleport_mw_rb_yb_rb_er Starting Mw-to-Er teleportation trial 471 at 14100000025062000.
14,130,000,025,062,000 WARNING main_het_teleport_mw_rb_yb_rb_er Mw-to-Er teleportation trial 471 failed (completed=True, direct match=False, latency=6.98635375 seconds).
14,130,000,025,062,000 WARNING main_het_teleport_mw_rb_yb_rb_er Starting Mw-to-Er teleportation trial 472 at 14130000025062000.
14,160,000,025,062,000 WARNING main_het_teleport_mw_rb_yb_rb_er Mw-to-Er teleportation trial 472 failed (completed=True, direct match=False, latency=11.190722 seconds).
14,160,000,025,062,000 WARNING main_het_teleport_mw_rb_yb_rb_er Starting Mw-to-Er teleportation trial 473 at 14160000025062000.
14,190,000,025,062,000 WARNING main_het_teleport_mw_rb_yb_rb_er Mw-to-Er teleportation trial 473 succeeded (completed=True, direct match=True, latency=6.3036764375 seconds).
14,190,000,025,062,000 WARNING main_het_teleport_mw_rb_yb_rb_er Starting Mw-to-Er teleportation trial 474 at 14190000025062000.
14,220,000,025,062,000 WARNING main_het_teleport_mw_rb_yb_rb_er Mw-to-Er teleportation trial 474 succeeded (completed=True, direct match=True, latency=4.2202130625 seconds).
14,220,000,025,062,000 WARNING main_het_teleport_mw_rb_yb_rb_er Starting Mw-to-Er teleportation trial 475 at 14220000025062000.
14,250,000,025,062,000 WARNING main_het_teleport_mw_rb_yb_rb_er Mw-to-Er teleportation trial 475 succeeded (completed=True, direct match=True, latency=13.830522625 seconds).
14,250,000,025,062,000 WARNING main_het_teleport_mw_rb_yb_rb_er Starting Mw-to-Er teleportation trial 476 at 14250000025062000.
14,280,000,025,062,000 WARNING main_het_teleport_mw_rb_yb_rb_er Mw-to-Er teleportation trial 476 succeeded (completed=True, direct match=True, latency=1.429411375 seconds).
14,280,000,025,062,000 WARNING main_het_teleport_mw_rb_yb_rb_er Starting Mw-to-Er teleportation trial 477 at 14280000025062000.
14,310,000,025,062,000 WARNING main_het_teleport_mw_rb_yb_rb_er Mw-to-Er teleportation trial 477 failed (completed=True, direct match=False, latency=4.8295674375 seconds).
14,310,000,025,062,000 WARNING main_het_teleport_mw_rb_yb_rb_er Starting Mw-to-Er teleportation trial 478 at 14310000025062000.
14,340,000,025,062,000 WARNING main_het_teleport_mw_rb_yb_rb_er Mw-to-Er teleportation trial 478 succeeded (completed=True, direct match=True, latency=6.2944660625 seconds).
14,340,000,025,062,000 WARNING main_het_teleport_mw_rb_yb_rb_er Starting Mw-to-Er teleportation trial 479 at 14340000025062000.
14,370,000,025,062,000 WARNING main_het_teleport_mw_rb_yb_rb_er Mw-to-Er teleportation trial 479 succeeded (completed=True, direct match=True, latency=8.4184910625 seconds).
14,370,000,025,062,000 WARNING main_het_teleport_mw_rb_yb_rb_er Starting Mw-to-Er teleportation trial 480 at 14370000025062000.
14,400,000,025,062,000 WARNING main_het_teleport_mw_rb_yb_rb_er Mw-to-Er teleportation trial 480 succeeded (completed=True, direct match=True, latency=2.1336295625 seconds).
14,400,000,025,062,000 WARNING main_het_teleport_mw_rb_yb_rb_er Starting Mw-to-Er teleportation trial 481 at 14400000025062000.
14,430,000,025,062,000 WARNING main_het_teleport_mw_rb_yb_rb_er Mw-to-Er teleportation trial 481 succeeded (completed=True, direct match=True, latency=5.6447000625 seconds).
14,430,000,025,062,000 WARNING main_het_teleport_mw_rb_yb_rb_er Starting Mw-to-Er teleportation trial 482 at 14430000025062000.
14,460,000,025,062,000 WARNING main_het_teleport_mw_rb_yb_rb_er Mw-to-Er teleportation trial 482 failed (completed=True, direct match=False, latency=12.549711375 seconds).
14,460,000,025,062,000 WARNING main_het_teleport_mw_rb_yb_rb_er Starting Mw-to-Er teleportation trial 483 at 14460000025062000.
14,490,000,025,062,000 WARNING main_het_teleport_mw_rb_yb_rb_er Mw-to-Er teleportation trial 483 succeeded (completed=True, direct match=True, latency=7.7439390625 seconds).
14,490,000,025,062,000 WARNING main_het_teleport_mw_rb_yb_rb_er Starting Mw-to-Er teleportation trial 484 at 14490000025062000.
14,520,000,025,062,000 WARNING main_het_teleport_mw_rb_yb_rb_er Mw-to-Er teleportation trial 484 succeeded (completed=True, direct match=True, latency=9.2021913 seconds).
14,520,000,025,062,000 WARNING main_het_teleport_mw_rb_yb_rb_er Starting Mw-to-Er teleportation trial 485 at 14520000025062000.
14,550,000,025,062,000 WARNING main_het_teleport_mw_rb_yb_rb_er Mw-to-Er teleportation trial 485 succeeded (completed=True, direct match=True, latency=4.2080575625 seconds).
14,550,000,025,062,000 WARNING main_het_teleport_mw_rb_yb_rb_er Starting Mw-to-Er teleportation trial 486 at 14550000025062000.
14,580,000,025,062,000 WARNING main_het_teleport_mw_rb_yb_rb_er Mw-to-Er teleportation trial 486 failed (completed=True, direct match=False, latency=2.844238 seconds).
14,580,000,025,062,000 WARNING main_het_teleport_mw_rb_yb_rb_er Starting Mw-to-Er teleportation trial 487 at 14580000025062000.
14,610,000,025,062,000 WARNING main_het_teleport_mw_rb_yb_rb_er Mw-to-Er teleportation trial 487 succeeded (completed=True, direct match=True, latency=5.6946220625 seconds).
14,610,000,025,062,000 WARNING main_het_teleport_mw_rb_yb_rb_er Starting Mw-to-Er teleportation trial 488 at 14610000025062000.
14,640,000,025,062,000 WARNING main_het_teleport_mw_rb_yb_rb_er Mw-to-Er teleportation trial 488 succeeded (completed=True, direct match=True, latency=5.571377125 seconds).
14,640,000,025,062,000 WARNING main_het_teleport_mw_rb_yb_rb_er Starting Mw-to-Er teleportation trial 489 at 14640000025062000.
14,670,000,025,062,000 WARNING main_het_teleport_mw_rb_yb_rb_er Mw-to-Er teleportation trial 489 succeeded (completed=True, direct match=True, latency=2.7818355 seconds).
14,670,000,025,062,000 WARNING main_het_teleport_mw_rb_yb_rb_er Starting Mw-to-Er teleportation trial 490 at 14670000025062000.
14,700,000,025,062,000 WARNING main_het_teleport_mw_rb_yb_rb_er Mw-to-Er teleportation trial 490 failed (completed=True, direct match=False, latency=2.20071225 seconds).
14,700,000,025,062,000 WARNING main_het_teleport_mw_rb_yb_rb_er Starting Mw-to-Er teleportation trial 491 at 14700000025062000.
14,730,000,025,062,000 WARNING main_het_teleport_mw_rb_yb_rb_er Mw-to-Er teleportation trial 491 failed (completed=True, direct match=False, latency=7.6799765 seconds).
14,730,000,025,062,000 WARNING main_het_teleport_mw_rb_yb_rb_er Starting Mw-to-Er teleportation trial 492 at 14730000025062000.
14,760,000,025,062,000 WARNING main_het_teleport_mw_rb_yb_rb_er Mw-to-Er teleportation trial 492 succeeded (completed=True, direct match=True, latency=4.1766813125 seconds).
14,760,000,025,062,000 WARNING main_het_teleport_mw_rb_yb_rb_er Starting Mw-to-Er teleportation trial 493 at 14760000025062000.
14,790,000,025,062,000 WARNING main_het_teleport_mw_rb_yb_rb_er Mw-to-Er teleportation trial 493 succeeded (completed=True, direct match=True, latency=9.132219625 seconds).
14,790,000,025,062,000 WARNING main_het_teleport_mw_rb_yb_rb_er Starting Mw-to-Er teleportation trial 494 at 14790000025062000.
14,820,000,025,062,000 WARNING main_het_teleport_mw_rb_yb_rb_er Mw-to-Er teleportation trial 494 succeeded (completed=True, direct match=True, latency=3.4863536875 seconds).
14,820,000,025,062,000 WARNING main_het_teleport_mw_rb_yb_rb_er Starting Mw-to-Er teleportation trial 495 at 14820000025062000.
14,850,000,025,062,000 WARNING main_het_teleport_mw_rb_yb_rb_er Mw-to-Er teleportation trial 495 succeeded (completed=True, direct match=True, latency=10.54737125 seconds).
14,850,000,025,062,000 WARNING main_het_teleport_mw_rb_yb_rb_er Starting Mw-to-Er teleportation trial 496 at 14850000025062000.
14,880,000,025,062,000 WARNING main_het_teleport_mw_rb_yb_rb_er Mw-to-Er teleportation trial 496 succeeded (completed=True, direct match=True, latency=4.252974375 seconds).
14,880,000,025,062,000 WARNING main_het_teleport_mw_rb_yb_rb_er Starting Mw-to-Er teleportation trial 497 at 14880000025062000.
14,910,000,025,062,000 WARNING main_het_teleport_mw_rb_yb_rb_er Mw-to-Er teleportation trial 497 succeeded (completed=True, direct match=True, latency=4.3591745 seconds).
14,910,000,025,062,000 WARNING main_het_teleport_mw_rb_yb_rb_er Starting Mw-to-Er teleportation trial 498 at 14910000025062000.
14,940,000,025,062,000 WARNING main_het_teleport_mw_rb_yb_rb_er Mw-to-Er teleportation trial 498 succeeded (completed=True, direct match=True, latency=3.5174049375 seconds).
14,940,000,025,062,000 WARNING main_het_teleport_mw_rb_yb_rb_er Starting Mw-to-Er teleportation trial 499 at 14940000025062000.
14,970,000,025,062,000 WARNING main_het_teleport_mw_rb_yb_rb_er Mw-to-Er teleportation trial 499 succeeded (completed=True, direct match=True, latency=4.0893178125 seconds).
14,970,000,025,062,000 WARNING main_het_teleport_mw_rb_yb_rb_er Starting Mw-to-Er teleportation trial 500 at 14970000025062000.
15,000,000,025,062,000 WARNING main_het_teleport_mw_rb_yb_rb_er Mw-to-Er teleportation trial 500 succeeded (completed=True, direct match=True, latency=2.791520875 seconds).
15,000,000,025,062,000 WARNING main_het_teleport_mw_rb_yb_rb_er Starting Mw-to-Er teleportation trial 501 at 15000000025062000.
15,030,000,025,062,000 WARNING main_het_teleport_mw_rb_yb_rb_er Mw-to-Er teleportation trial 501 succeeded (completed=True, direct match=True, latency=4.8578235625 seconds).
15,030,000,025,062,000 WARNING main_het_teleport_mw_rb_yb_rb_er Starting Mw-to-Er teleportation trial 502 at 15030000025062000.
15,060,000,025,062,000 WARNING main_het_teleport_mw_rb_yb_rb_er Mw-to-Er teleportation trial 502 succeeded (completed=True, direct match=True, latency=3.515844875 seconds).
15,060,000,025,062,000 WARNING main_het_teleport_mw_rb_yb_rb_er Starting Mw-to-Er teleportation trial 503 at 15060000025062000.
15,090,000,025,062,000 WARNING main_het_teleport_mw_rb_yb_rb_er Mw-to-Er teleportation trial 503 succeeded (completed=True, direct match=True, latency=1.5244251875 seconds).
15,090,000,025,062,000 WARNING main_het_teleport_mw_rb_yb_rb_er Starting Mw-to-Er teleportation trial 504 at 15090000025062000.
15,120,000,025,062,000 WARNING main_het_teleport_mw_rb_yb_rb_er Mw-to-Er teleportation trial 504 succeeded (completed=True, direct match=True, latency=2.906721275 seconds).
15,120,000,025,062,000 WARNING main_het_teleport_mw_rb_yb_rb_er Starting Mw-to-Er teleportation trial 505 at 15120000025062000.
15,150,000,025,062,000 WARNING main_het_teleport_mw_rb_yb_rb_er Mw-to-Er teleportation trial 505 succeeded (completed=True, direct match=True, latency=9.7053925625 seconds).
15,150,000,025,062,000 WARNING main_het_teleport_mw_rb_yb_rb_er Starting Mw-to-Er teleportation trial 506 at 15150000025062000.
15,180,000,025,062,000 WARNING main_het_teleport_mw_rb_yb_rb_er Mw-to-Er teleportation trial 506 succeeded (completed=True, direct match=True, latency=2.7819855 seconds).
15,180,000,025,062,000 WARNING main_het_teleport_mw_rb_yb_rb_er Starting Mw-to-Er teleportation trial 507 at 15180000025062000.
15,210,000,025,062,000 WARNING main_het_teleport_mw_rb_yb_rb_er Mw-to-Er teleportation trial 507 succeeded (completed=True, direct match=True, latency=1.4464220625 seconds).
15,210,000,025,062,000 WARNING main_het_teleport_mw_rb_yb_rb_er Starting Mw-to-Er teleportation trial 508 at 15210000025062000.
15,240,000,025,062,000 WARNING main_het_teleport_mw_rb_yb_rb_er Mw-to-Er teleportation trial 508 succeeded (completed=True, direct match=True, latency=9.0963381875 seconds).
15,240,000,025,062,000 WARNING main_het_teleport_mw_rb_yb_rb_er Starting Mw-to-Er teleportation trial 509 at 15240000025062000.
15,270,000,025,062,000 WARNING main_het_teleport_mw_rb_yb_rb_er Mw-to-Er teleportation trial 509 succeeded (completed=True, direct match=True, latency=3.51272475 seconds).
15,270,000,025,062,000 WARNING main_het_teleport_mw_rb_yb_rb_er Starting Mw-to-Er teleportation trial 510 at 15270000025062000.
15,300,000,025,062,000 WARNING main_het_teleport_mw_rb_yb_rb_er Mw-to-Er teleportation trial 510 succeeded (completed=True, direct match=True, latency=2.8145968125 seconds).
15,300,000,025,062,000 WARNING main_het_teleport_mw_rb_yb_rb_er Starting Mw-to-Er teleportation trial 511 at 15300000025062000.
15,330,000,025,062,000 WARNING main_het_teleport_mw_rb_yb_rb_er Mw-to-Er teleportation trial 511 succeeded (completed=True, direct match=True, latency=14.1191341875 seconds).
15,330,000,025,062,000 WARNING main_het_teleport_mw_rb_yb_rb_er Starting Mw-to-Er teleportation trial 512 at 15330000025062000.
15,360,000,025,062,000 WARNING main_het_teleport_mw_rb_yb_rb_er Mw-to-Er teleportation trial 512 failed (completed=True, direct match=False, latency=4.3953347375 seconds).
15,360,000,025,062,000 WARNING main_het_teleport_mw_rb_yb_rb_er Starting Mw-to-Er teleportation trial 513 at 15360000025062000.
15,390,000,025,062,000 WARNING main_het_teleport_mw_rb_yb_rb_er Mw-to-Er teleportation trial 513 succeeded (completed=True, direct match=True, latency=4.9450120625 seconds).
15,390,000,025,062,000 WARNING main_het_teleport_mw_rb_yb_rb_er Starting Mw-to-Er teleportation trial 514 at 15390000025062000.
15,420,000,025,062,000 WARNING main_het_teleport_mw_rb_yb_rb_er Mw-to-Er teleportation trial 514 succeeded (completed=True, direct match=True, latency=3.494154 seconds).
15,420,000,025,062,000 WARNING main_het_teleport_mw_rb_yb_rb_er Starting Mw-to-Er teleportation trial 515 at 15420000025062000.
15,450,000,025,062,000 WARNING main_het_teleport_mw_rb_yb_rb_er Mw-to-Er teleportation trial 515 failed (completed=True, direct match=False, latency=4.9325315625 seconds).
15,450,000,025,062,000 WARNING main_het_teleport_mw_rb_yb_rb_er Starting Mw-to-Er teleportation trial 516 at 15450000025062000.
15,480,000,025,062,000 WARNING main_het_teleport_mw_rb_yb_rb_er Mw-to-Er teleportation trial 516 succeeded (completed=True, direct match=True, latency=4.9523043625 seconds).
15,480,000,025,062,000 WARNING main_het_teleport_mw_rb_yb_rb_er Starting Mw-to-Er teleportation trial 517 at 15480000025062000.
15,510,000,025,062,000 WARNING main_het_teleport_mw_rb_yb_rb_er Mw-to-Er teleportation trial 517 succeeded (completed=True, direct match=True, latency=8.426291375 seconds).
15,510,000,025,062,000 WARNING main_het_teleport_mw_rb_yb_rb_er Starting Mw-to-Er teleportation trial 518 at 15510000025062000.
15,540,000,025,062,000 WARNING main_het_teleport_mw_rb_yb_rb_er Mw-to-Er teleportation trial 518 succeeded (completed=True, direct match=True, latency=3.4863536875 seconds).
15,540,000,025,062,000 WARNING main_het_teleport_mw_rb_yb_rb_er Starting Mw-to-Er teleportation trial 519 at 15540000025062000.
15,570,000,025,062,000 WARNING main_het_teleport_mw_rb_yb_rb_er Mw-to-Er teleportation trial 519 succeeded (completed=True, direct match=True, latency=3.5206750625 seconds).
15,570,000,025,062,000 WARNING main_het_teleport_mw_rb_yb_rb_er Starting Mw-to-Er teleportation trial 520 at 15570000025062000.
15,600,000,025,062,000 WARNING main_het_teleport_mw_rb_yb_rb_er Mw-to-Er teleportation trial 520 succeeded (completed=True, direct match=True, latency=6.302441375 seconds).
15,600,000,025,062,000 WARNING main_het_teleport_mw_rb_yb_rb_er Starting Mw-to-Er teleportation trial 521 at 15600000025062000.
15,630,000,025,062,000 WARNING main_het_teleport_mw_rb_yb_rb_er Mw-to-Er teleportation trial 521 succeeded (completed=True, direct match=True, latency=2.82566725 seconds).
15,630,000,025,062,000 WARNING main_het_teleport_mw_rb_yb_rb_er Starting Mw-to-Er teleportation trial 522 at 15630000025062000.
15,660,000,025,062,000 WARNING main_het_teleport_mw_rb_yb_rb_er Mw-to-Er teleportation trial 522 succeeded (completed=True, direct match=True, latency=4.23737375 seconds).
15,660,000,025,062,000 WARNING main_het_teleport_mw_rb_yb_rb_er Starting Mw-to-Er teleportation trial 523 at 15660000025062000.
15,690,000,025,062,000 WARNING main_het_teleport_mw_rb_yb_rb_er Mw-to-Er teleportation trial 523 succeeded (completed=True, direct match=True, latency=12.5791775625 seconds).
15,690,000,025,062,000 WARNING main_het_teleport_mw_rb_yb_rb_er Starting Mw-to-Er teleportation trial 524 at 15690000025062000.
15,720,000,025,062,000 WARNING main_het_teleport_mw_rb_yb_rb_er Mw-to-Er teleportation trial 524 succeeded (completed=True, direct match=True, latency=1.4478425375 seconds).
15,720,000,025,062,000 WARNING main_het_teleport_mw_rb_yb_rb_er Starting Mw-to-Er teleportation trial 525 at 15720000025062000.
15,750,000,025,062,000 WARNING main_het_teleport_mw_rb_yb_rb_er Mw-to-Er teleportation trial 525 succeeded (completed=True, direct match=True, latency=4.93721175 seconds).
15,750,000,025,062,000 WARNING main_het_teleport_mw_rb_yb_rb_er Starting Mw-to-Er teleportation trial 526 at 15750000025062000.
15,780,000,025,062,000 WARNING main_het_teleport_mw_rb_yb_rb_er Mw-to-Er teleportation trial 526 succeeded (completed=True, direct match=True, latency=3.5050744375 seconds).
15,780,000,025,062,000 WARNING main_het_teleport_mw_rb_yb_rb_er Starting Mw-to-Er teleportation trial 527 at 15780000025062000.
15,810,000,025,062,000 WARNING main_het_teleport_mw_rb_yb_rb_er Mw-to-Er teleportation trial 527 succeeded (completed=True, direct match=True, latency=8.419901125 seconds).
15,810,000,025,062,000 WARNING main_het_teleport_mw_rb_yb_rb_er Starting Mw-to-Er teleportation trial 528 at 15810000025062000.
15,840,000,025,062,000 WARNING main_het_teleport_mw_rb_yb_rb_er Mw-to-Er teleportation trial 528 succeeded (completed=True, direct match=True, latency=4.8560885 seconds).
15,840,000,025,062,000 WARNING main_het_teleport_mw_rb_yb_rb_er Starting Mw-to-Er teleportation trial 529 at 15840000025062000.
15,870,000,025,062,000 WARNING main_het_teleport_mw_rb_yb_rb_er Mw-to-Er teleportation trial 529 failed (completed=True, direct match=False, latency=5.667951 seconds).
15,870,000,025,062,000 WARNING main_het_teleport_mw_rb_yb_rb_er Starting Mw-to-Er teleportation trial 530 at 15870000025062000.
15,900,000,025,062,000 WARNING main_het_teleport_mw_rb_yb_rb_er Mw-to-Er teleportation trial 530 succeeded (completed=True, direct match=True, latency=2.7521943125 seconds).
15,900,000,025,062,000 WARNING main_het_teleport_mw_rb_yb_rb_er Starting Mw-to-Er teleportation trial 531 at 15900000025062000.
15,930,000,025,062,000 WARNING main_het_teleport_mw_rb_yb_rb_er Mw-to-Er teleportation trial 531 succeeded (completed=True, direct match=True, latency=9.125979375 seconds).
15,930,000,025,062,000 WARNING main_het_teleport_mw_rb_yb_rb_er Starting Mw-to-Er teleportation trial 532 at 15930000025062000.
15,960,000,051,187,000 WARNING main_het_teleport_mw_rb_yb_rb_er Mw-to-Er teleportation trial 532 failed (completed=False, direct match=False, latency=None seconds).
15,960,000,051,187,000 WARNING main_het_teleport_mw_rb_yb_rb_er Starting Mw-to-Er teleportation trial 533 at 15960000051187000.
15,990,000,051,187,000 WARNING main_het_teleport_mw_rb_yb_rb_er Mw-to-Er teleportation trial 533 succeeded (completed=True, direct match=True, latency=6.3629588125 seconds).
15,990,000,051,187,000 WARNING main_het_teleport_mw_rb_yb_rb_er Starting Mw-to-Er teleportation trial 534 at 15990000051187000.
16,020,000,051,187,000 WARNING main_het_teleport_mw_rb_yb_rb_er Mw-to-Er teleportation trial 534 succeeded (completed=True, direct match=True, latency=4.1766813125 seconds).
16,020,000,051,187,000 WARNING main_het_teleport_mw_rb_yb_rb_er Starting Mw-to-Er teleportation trial 535 at 16020000051187000.
16,050,000,051,187,000 WARNING main_het_teleport_mw_rb_yb_rb_er Mw-to-Er teleportation trial 535 failed (completed=True, direct match=False, latency=7.0159949375 seconds).
16,050,000,051,187,000 WARNING main_het_teleport_mw_rb_yb_rb_er Starting Mw-to-Er teleportation trial 536 at 16050000051187000.
16,080,000,051,187,000 WARNING main_het_teleport_mw_rb_yb_rb_er Mw-to-Er teleportation trial 536 succeeded (completed=True, direct match=True, latency=11.206172625 seconds).
16,080,000,051,187,000 WARNING main_het_teleport_mw_rb_yb_rb_er Starting Mw-to-Er teleportation trial 537 at 16080000051187000.
16,110,000,051,187,000 WARNING main_het_teleport_mw_rb_yb_rb_er Mw-to-Er teleportation trial 537 succeeded (completed=True, direct match=True, latency=8.3997703125 seconds).
16,110,000,051,187,000 WARNING main_het_teleport_mw_rb_yb_rb_er Starting Mw-to-Er teleportation trial 538 at 16110000051187000.
16,140,000,051,187,000 WARNING main_het_teleport_mw_rb_yb_rb_er Mw-to-Er teleportation trial 538 succeeded (completed=True, direct match=True, latency=8.438621875 seconds).
16,140,000,051,187,000 WARNING main_het_teleport_mw_rb_yb_rb_er Starting Mw-to-Er teleportation trial 539 at 16140000051187000.
16,170,000,051,187,000 WARNING main_het_teleport_mw_rb_yb_rb_er Mw-to-Er teleportation trial 539 succeeded (completed=True, direct match=True, latency=8.416931 seconds).
16,170,000,051,187,000 WARNING main_het_teleport_mw_rb_yb_rb_er Starting Mw-to-Er teleportation trial 540 at 16170000051187000.
16,200,000,051,187,000 WARNING main_het_teleport_mw_rb_yb_rb_er Mw-to-Er teleportation trial 540 succeeded (completed=True, direct match=True, latency=5.7164629375 seconds).
16,200,000,051,187,000 WARNING main_het_teleport_mw_rb_yb_rb_er Starting Mw-to-Er teleportation trial 541 at 16200000051187000.
16,230,000,051,187,000 WARNING main_het_teleport_mw_rb_yb_rb_er Mw-to-Er teleportation trial 541 succeeded (completed=True, direct match=True, latency=5.6228591875 seconds).
16,230,000,051,187,000 WARNING main_het_teleport_mw_rb_yb_rb_er Starting Mw-to-Er teleportation trial 542 at 16230000051187000.
16,260,000,051,187,000 WARNING main_het_teleport_mw_rb_yb_rb_er Mw-to-Er teleportation trial 542 succeeded (completed=True, direct match=True, latency=6.1511153125 seconds).
16,260,000,051,187,000 WARNING main_het_teleport_mw_rb_yb_rb_er Starting Mw-to-Er teleportation trial 543 at 16260000051187000.
16,290,000,051,187,000 WARNING main_het_teleport_mw_rb_yb_rb_er Mw-to-Er teleportation trial 543 failed (completed=True, direct match=False, latency=3.5066345 seconds).
16,290,000,051,187,000 WARNING main_het_teleport_mw_rb_yb_rb_er Starting Mw-to-Er teleportation trial 544 at 16290000051187000.
16,320,000,051,187,000 WARNING main_het_teleport_mw_rb_yb_rb_er Mw-to-Er teleportation trial 544 succeeded (completed=True, direct match=True, latency=4.2078825625 seconds).
16,320,000,051,187,000 WARNING main_het_teleport_mw_rb_yb_rb_er Starting Mw-to-Er teleportation trial 545 at 16320000051187000.
16,350,000,051,187,000 WARNING main_het_teleport_mw_rb_yb_rb_er Mw-to-Er teleportation trial 545 succeeded (completed=True, direct match=True, latency=6.31162675 seconds).
16,350,000,051,187,000 WARNING main_het_teleport_mw_rb_yb_rb_er Starting Mw-to-Er teleportation trial 546 at 16350000051187000.
16,380,000,051,187,000 WARNING main_het_teleport_mw_rb_yb_rb_er Mw-to-Er teleportation trial 546 succeeded (completed=True, direct match=True, latency=6.32428225 seconds).
16,380,000,051,187,000 WARNING main_het_teleport_mw_rb_yb_rb_er Starting Mw-to-Er teleportation trial 547 at 16380000051187000.
16,410,000,051,187,000 WARNING main_het_teleport_mw_rb_yb_rb_er Mw-to-Er teleportation trial 547 succeeded (completed=True, direct match=True, latency=5.593393 seconds).
16,410,000,051,187,000 WARNING main_het_teleport_mw_rb_yb_rb_er Starting Mw-to-Er teleportation trial 548 at 16410000051187000.
16,440,000,051,187,000 WARNING main_het_teleport_mw_rb_yb_rb_er Mw-to-Er teleportation trial 548 succeeded (completed=True, direct match=True, latency=3.544076 seconds).
16,440,000,051,187,000 WARNING main_het_teleport_mw_rb_yb_rb_er Starting Mw-to-Er teleportation trial 549 at 16440000051187000.
16,470,000,051,187,000 WARNING main_het_teleport_mw_rb_yb_rb_er Mw-to-Er teleportation trial 549 succeeded (completed=True, direct match=True, latency=4.8950900625 seconds).
16,470,000,051,187,000 WARNING main_het_teleport_mw_rb_yb_rb_er Starting Mw-to-Er teleportation trial 550 at 16470000051187000.
16,500,000,051,187,000 WARNING main_het_teleport_mw_rb_yb_rb_er Mw-to-Er teleportation trial 550 succeeded (completed=True, direct match=True, latency=6.3506283125 seconds).
16,500,000,051,187,000 WARNING main_het_teleport_mw_rb_yb_rb_er Starting Mw-to-Er teleportation trial 551 at 16500000051187000.
16,530,000,051,187,000 WARNING main_het_teleport_mw_rb_yb_rb_er Mw-to-Er teleportation trial 551 succeeded (completed=True, direct match=True, latency=2.110228625 seconds).
16,530,000,051,187,000 WARNING main_het_teleport_mw_rb_yb_rb_er Starting Mw-to-Er teleportation trial 552 at 16530000051187000.
16,560,000,051,187,000 WARNING main_het_teleport_mw_rb_yb_rb_er Mw-to-Er teleportation trial 552 succeeded (completed=True, direct match=True, latency=2.2165336625 seconds).
16,560,000,051,187,000 WARNING main_het_teleport_mw_rb_yb_rb_er Starting Mw-to-Er teleportation trial 553 at 16560000051187000.
16,590,000,051,187,000 WARNING main_het_teleport_mw_rb_yb_rb_er Mw-to-Er teleportation trial 553 succeeded (completed=True, direct match=True, latency=8.4044505 seconds).
16,590,000,051,187,000 WARNING main_het_teleport_mw_rb_yb_rb_er Starting Mw-to-Er teleportation trial 554 at 16590000051187000.
16,620,000,051,187,000 WARNING main_het_teleport_mw_rb_yb_rb_er Mw-to-Er teleportation trial 554 succeeded (completed=True, direct match=True, latency=3.4893238125 seconds).
16,620,000,051,187,000 WARNING main_het_teleport_mw_rb_yb_rb_er Starting Mw-to-Er teleportation trial 555 at 16620000051187000.
16,650,000,051,187,000 WARNING main_het_teleport_mw_rb_yb_rb_er Mw-to-Er teleportation trial 555 succeeded (completed=True, direct match=True, latency=9.151115375 seconds).
16,650,000,051,187,000 WARNING main_het_teleport_mw_rb_yb_rb_er Starting Mw-to-Er teleportation trial 556 at 16650000051187000.
16,680,000,051,187,000 WARNING main_het_teleport_mw_rb_yb_rb_er Mw-to-Er teleportation trial 556 succeeded (completed=True, direct match=True, latency=6.89916525 seconds).
16,680,000,051,187,000 WARNING main_het_teleport_mw_rb_yb_rb_er Starting Mw-to-Er teleportation trial 557 at 16680000051187000.
16,710,000,051,187,000 WARNING main_het_teleport_mw_rb_yb_rb_er Mw-to-Er teleportation trial 557 succeeded (completed=True, direct match=True, latency=9.78528075 seconds).
16,710,000,051,187,000 WARNING main_het_teleport_mw_rb_yb_rb_er Starting Mw-to-Er teleportation trial 558 at 16710000051187000.
16,740,000,051,187,000 WARNING main_het_teleport_mw_rb_yb_rb_er Mw-to-Er teleportation trial 558 succeeded (completed=True, direct match=True, latency=6.96124275 seconds).
16,740,000,051,187,000 WARNING main_het_teleport_mw_rb_yb_rb_er Starting Mw-to-Er teleportation trial 559 at 16740000051187000.
16,770,000,051,187,000 WARNING main_het_teleport_mw_rb_yb_rb_er Mw-to-Er teleportation trial 559 failed (completed=True, direct match=False, latency=9.1305095625 seconds).
16,770,000,051,187,000 WARNING main_het_teleport_mw_rb_yb_rb_er Starting Mw-to-Er teleportation trial 560 at 16770000051187000.
16,800,000,051,187,000 WARNING main_het_teleport_mw_rb_yb_rb_er Mw-to-Er teleportation trial 560 failed (completed=True, direct match=False, latency=4.221773125 seconds).
16,800,000,051,187,000 WARNING main_het_teleport_mw_rb_yb_rb_er Starting Mw-to-Er teleportation trial 561 at 16800000051187000.
16,830,000,051,187,000 WARNING main_het_teleport_mw_rb_yb_rb_er Mw-to-Er teleportation trial 561 failed (completed=True, direct match=False, latency=6.317717 seconds).
16,830,000,051,187,000 WARNING main_het_teleport_mw_rb_yb_rb_er Starting Mw-to-Er teleportation trial 562 at 16830000051187000.
16,860,000,051,187,000 WARNING main_het_teleport_mw_rb_yb_rb_er Mw-to-Er teleportation trial 562 succeeded (completed=True, direct match=True, latency=5.602578375 seconds).
16,860,000,051,187,000 WARNING main_het_teleport_mw_rb_yb_rb_er Starting Mw-to-Er teleportation trial 563 at 16860000051187000.
16,890,000,051,187,000 WARNING main_het_teleport_mw_rb_yb_rb_er Mw-to-Er teleportation trial 563 succeeded (completed=True, direct match=True, latency=22.39182025 seconds).
16,890,000,051,187,000 WARNING main_het_teleport_mw_rb_yb_rb_er Starting Mw-to-Er teleportation trial 564 at 16890000051187000.
16,920,000,051,187,000 WARNING main_het_teleport_mw_rb_yb_rb_er Mw-to-Er teleportation trial 564 succeeded (completed=True, direct match=True, latency=9.088537875 seconds).
16,920,000,051,187,000 WARNING main_het_teleport_mw_rb_yb_rb_er Starting Mw-to-Er teleportation trial 565 at 16920000051187000.
16,950,000,051,187,000 WARNING main_het_teleport_mw_rb_yb_rb_er Mw-to-Er teleportation trial 565 succeeded (completed=True, direct match=True, latency=7.017555 seconds).
16,950,000,051,187,000 WARNING main_het_teleport_mw_rb_yb_rb_er Starting Mw-to-Er teleportation trial 566 at 16950000051187000.
16,980,000,051,187,000 WARNING main_het_teleport_mw_rb_yb_rb_er Mw-to-Er teleportation trial 566 failed (completed=True, direct match=False, latency=9.1401949375 seconds).
16,980,000,051,187,000 WARNING main_het_teleport_mw_rb_yb_rb_er Starting Mw-to-Er teleportation trial 567 at 16980000051187000.
17,010,000,051,187,000 WARNING main_het_teleport_mw_rb_yb_rb_er Mw-to-Er teleportation trial 567 succeeded (completed=True, direct match=True, latency=2.8334675625 seconds).
17,010,000,051,187,000 WARNING main_het_teleport_mw_rb_yb_rb_er Starting Mw-to-Er teleportation trial 568 at 17010000051187000.
17,040,000,051,187,000 WARNING main_het_teleport_mw_rb_yb_rb_er Mw-to-Er teleportation trial 568 succeeded (completed=True, direct match=True, latency=4.2141228125 seconds).
17,040,000,051,187,000 WARNING main_het_teleport_mw_rb_yb_rb_er Starting Mw-to-Er teleportation trial 569 at 17040000051187000.
17,070,000,051,187,000 WARNING main_het_teleport_mw_rb_yb_rb_er Mw-to-Er teleportation trial 569 succeeded (completed=True, direct match=True, latency=0.748444125 seconds).
17,070,000,051,187,000 WARNING main_het_teleport_mw_rb_yb_rb_er Starting Mw-to-Er teleportation trial 570 at 17070000051187000.
17,100,000,051,187,000 WARNING main_het_teleport_mw_rb_yb_rb_er Mw-to-Er teleportation trial 570 succeeded (completed=True, direct match=True, latency=1.4403318125 seconds).
17,100,000,051,187,000 WARNING main_het_teleport_mw_rb_yb_rb_er Starting Mw-to-Er teleportation trial 571 at 17100000051187000.
17,130,000,051,187,000 WARNING main_het_teleport_mw_rb_yb_rb_er Mw-to-Er teleportation trial 571 succeeded (completed=True, direct match=True, latency=8.432706625 seconds).
17,130,000,051,187,000 WARNING main_het_teleport_mw_rb_yb_rb_er Starting Mw-to-Er teleportation trial 572 at 17130000051187000.
17,160,000,051,187,000 WARNING main_het_teleport_mw_rb_yb_rb_er Mw-to-Er teleportation trial 572 succeeded (completed=True, direct match=True, latency=4.1564005 seconds).
17,160,000,051,187,000 WARNING main_het_teleport_mw_rb_yb_rb_er Starting Mw-to-Er teleportation trial 573 at 17160000051187000.
17,190,000,051,187,000 WARNING main_het_teleport_mw_rb_yb_rb_er Mw-to-Er teleportation trial 573 succeeded (completed=True, direct match=True, latency=5.6322195625 seconds).
17,190,000,051,187,000 WARNING main_het_teleport_mw_rb_yb_rb_er Starting Mw-to-Er teleportation trial 574 at 17190000051187000.
17,220,000,051,187,000 WARNING main_het_teleport_mw_rb_yb_rb_er Mw-to-Er teleportation trial 574 succeeded (completed=True, direct match=True, latency=2.110378625 seconds).
17,220,000,051,187,000 WARNING main_het_teleport_mw_rb_yb_rb_er Starting Mw-to-Er teleportation trial 575 at 17220000051187000.
17,250,000,051,187,000 WARNING main_het_teleport_mw_rb_yb_rb_er Mw-to-Er teleportation trial 575 succeeded (completed=True, direct match=True, latency=22.8656241875 seconds).
17,250,000,051,187,000 WARNING main_het_teleport_mw_rb_yb_rb_er Starting Mw-to-Er teleportation trial 576 at 17250000051187000.
17,280,000,051,187,000 WARNING main_het_teleport_mw_rb_yb_rb_er Mw-to-Er teleportation trial 576 failed (completed=True, direct match=False, latency=2.1025783125 seconds).
17,280,000,051,187,000 WARNING main_het_teleport_mw_rb_yb_rb_er Starting Mw-to-Er teleportation trial 577 at 17280000051187000.
17,310,000,051,187,000 WARNING main_het_teleport_mw_rb_yb_rb_er Mw-to-Er teleportation trial 577 succeeded (completed=True, direct match=True, latency=2.81318675 seconds).
17,310,000,051,187,000 WARNING main_het_teleport_mw_rb_yb_rb_er Starting Mw-to-Er teleportation trial 578 at 17310000051187000.
17,340,000,051,187,000 WARNING main_het_teleport_mw_rb_yb_rb_er Mw-to-Er teleportation trial 578 succeeded (completed=True, direct match=True, latency=7.0128748125 seconds).
17,340,000,051,187,000 WARNING main_het_teleport_mw_rb_yb_rb_er Starting Mw-to-Er teleportation trial 579 at 17340000051187000.
17,370,000,051,187,000 WARNING main_het_teleport_mw_rb_yb_rb_er Mw-to-Er teleportation trial 579 succeeded (completed=True, direct match=True, latency=4.91242575 seconds).
17,370,000,051,187,000 WARNING main_het_teleport_mw_rb_yb_rb_er Starting Mw-to-Er teleportation trial 580 at 17370000051187000.
17,400,000,051,187,000 WARNING main_het_teleport_mw_rb_yb_rb_er Mw-to-Er teleportation trial 580 succeeded (completed=True, direct match=True, latency=3.5050744375 seconds).
17,400,000,051,187,000 WARNING main_het_teleport_mw_rb_yb_rb_er Starting Mw-to-Er teleportation trial 581 at 17400000051187000.
17,430,000,051,187,000 WARNING main_het_teleport_mw_rb_yb_rb_er Mw-to-Er teleportation trial 581 succeeded (completed=True, direct match=True, latency=14.6281695625 seconds).
17,430,000,051,187,000 WARNING main_het_teleport_mw_rb_yb_rb_er Starting Mw-to-Er teleportation trial 582 at 17430000051187000.
17,460,000,051,187,000 WARNING main_het_teleport_mw_rb_yb_rb_er Mw-to-Er teleportation trial 582 failed (completed=True, direct match=False, latency=6.345948125 seconds).
17,460,000,051,187,000 WARNING main_het_teleport_mw_rb_yb_rb_er Starting Mw-to-Er teleportation trial 583 at 17460000051187000.
17,490,000,051,187,000 WARNING main_het_teleport_mw_rb_yb_rb_er Mw-to-Er teleportation trial 583 succeeded (completed=True, direct match=True, latency=2.8551584375 seconds).
17,490,000,051,187,000 WARNING main_het_teleport_mw_rb_yb_rb_er Starting Mw-to-Er teleportation trial 584 at 17490000051187000.
17,520,000,051,187,000 WARNING main_het_teleport_mw_rb_yb_rb_er Mw-to-Er teleportation trial 584 succeeded (completed=True, direct match=True, latency=13.7135179375 seconds).
17,520,000,051,187,000 WARNING main_het_teleport_mw_rb_yb_rb_er Starting Mw-to-Er teleportation trial 585 at 17520000051187000.
17,550,000,051,187,000 WARNING main_het_teleport_mw_rb_yb_rb_er Mw-to-Er teleportation trial 585 succeeded (completed=True, direct match=True, latency=11.924731375 seconds).
17,550,000,051,187,000 WARNING main_het_teleport_mw_rb_yb_rb_er Starting Mw-to-Er teleportation trial 586 at 17550000051187000.
17,580,000,051,187,000 WARNING main_het_teleport_mw_rb_yb_rb_er Mw-to-Er teleportation trial 586 succeeded (completed=True, direct match=True, latency=20.05595175 seconds).
17,580,000,051,187,000 WARNING main_het_teleport_mw_rb_yb_rb_er Starting Mw-to-Er teleportation trial 587 at 17580000051187000.
17,610,000,051,187,000 WARNING main_het_teleport_mw_rb_yb_rb_er Mw-to-Er teleportation trial 587 succeeded (completed=True, direct match=True, latency=10.491034 seconds).
17,610,000,051,187,000 WARNING main_het_teleport_mw_rb_yb_rb_er Starting Mw-to-Er teleportation trial 588 at 17610000051187000.
17,640,000,051,187,000 WARNING main_het_teleport_mw_rb_yb_rb_er Mw-to-Er teleportation trial 588 succeeded (completed=True, direct match=True, latency=5.6072585625 seconds).
17,640,000,051,187,000 WARNING main_het_teleport_mw_rb_yb_rb_er Starting Mw-to-Er teleportation trial 589 at 17640000051187000.
17,670,000,051,187,000 WARNING main_het_teleport_mw_rb_yb_rb_er Mw-to-Er teleportation trial 589 succeeded (completed=True, direct match=True, latency=4.2514143125 seconds).
17,670,000,051,187,000 WARNING main_het_teleport_mw_rb_yb_rb_er Starting Mw-to-Er teleportation trial 590 at 17670000051187000.
17,700,000,051,187,000 WARNING main_het_teleport_mw_rb_yb_rb_er Mw-to-Er teleportation trial 590 succeeded (completed=True, direct match=True, latency=7.01131475 seconds).
17,700,000,051,187,000 WARNING main_het_teleport_mw_rb_yb_rb_er Starting Mw-to-Er teleportation trial 591 at 17700000051187000.
17,730,000,051,187,000 WARNING main_het_teleport_mw_rb_yb_rb_er Mw-to-Er teleportation trial 591 succeeded (completed=True, direct match=True, latency=12.5791775625 seconds).
17,730,000,051,187,000 WARNING main_het_teleport_mw_rb_yb_rb_er Starting Mw-to-Er teleportation trial 592 at 17730000051187000.
17,760,000,051,187,000 WARNING main_het_teleport_mw_rb_yb_rb_er Mw-to-Er teleportation trial 592 succeeded (completed=True, direct match=True, latency=2.1993021875 seconds).
17,760,000,051,187,000 WARNING main_het_teleport_mw_rb_yb_rb_er Starting Mw-to-Er teleportation trial 593 at 17760000051187000.
17,790,000,051,187,000 WARNING main_het_teleport_mw_rb_yb_rb_er Mw-to-Er teleportation trial 593 succeeded (completed=True, direct match=True, latency=12.6355148125 seconds).
17,790,000,051,187,000 WARNING main_het_teleport_mw_rb_yb_rb_er Starting Mw-to-Er teleportation trial 594 at 17790000051187000.
17,820,000,051,187,000 WARNING main_het_teleport_mw_rb_yb_rb_er Mw-to-Er teleportation trial 594 succeeded (completed=True, direct match=True, latency=13.311801875 seconds).
17,820,000,051,187,000 WARNING main_het_teleport_mw_rb_yb_rb_er Starting Mw-to-Er teleportation trial 595 at 17820000051187000.
17,850,000,051,187,000 WARNING main_het_teleport_mw_rb_yb_rb_er Mw-to-Er teleportation trial 595 succeeded (completed=True, direct match=True, latency=0.7432468625 seconds).
17,850,000,051,187,000 WARNING main_het_teleport_mw_rb_yb_rb_er Starting Mw-to-Er teleportation trial 596 at 17850000051187000.
17,880,000,051,187,000 WARNING main_het_teleport_mw_rb_yb_rb_er Mw-to-Er teleportation trial 596 succeeded (completed=True, direct match=True, latency=7.757804625 seconds).
17,880,000,051,187,000 WARNING main_het_teleport_mw_rb_yb_rb_er Starting Mw-to-Er teleportation trial 597 at 17880000051187000.
17,910,000,051,187,000 WARNING main_het_teleport_mw_rb_yb_rb_er Mw-to-Er teleportation trial 597 succeeded (completed=True, direct match=True, latency=10.4551525625 seconds).
17,910,000,051,187,000 WARNING main_het_teleport_mw_rb_yb_rb_er Starting Mw-to-Er teleportation trial 598 at 17910000051187000.
17,940,000,051,187,000 WARNING main_het_teleport_mw_rb_yb_rb_er Mw-to-Er teleportation trial 598 succeeded (completed=True, direct match=True, latency=7.59867825 seconds).
17,940,000,051,187,000 WARNING main_het_teleport_mw_rb_yb_rb_er Starting Mw-to-Er teleportation trial 599 at 17940000051187000.
17,970,000,051,187,000 WARNING main_het_teleport_mw_rb_yb_rb_er Mw-to-Er teleportation trial 599 succeeded (completed=True, direct match=True, latency=6.3225471875 seconds).
17,970,000,051,187,000 WARNING main_het_teleport_mw_rb_yb_rb_er Starting Mw-to-Er teleportation trial 600 at 17970000051187000.
18,000,000,051,187,000 WARNING main_het_teleport_mw_rb_yb_rb_er Mw-to-Er teleportation trial 600 succeeded (completed=True, direct match=True, latency=2.82551725 seconds).
18,000,000,051,187,000 WARNING main_het_teleport_mw_rb_yb_rb_er Starting Mw-to-Er teleportation trial 601 at 18000000051187000.
18,030,000,051,187,000 WARNING main_het_teleport_mw_rb_yb_rb_er Mw-to-Er teleportation trial 601 succeeded (completed=True, direct match=True, latency=2.7989961875 seconds).
18,030,000,051,187,000 WARNING main_het_teleport_mw_rb_yb_rb_er Starting Mw-to-Er teleportation trial 602 at 18030000051187000.
18,060,000,051,187,000 WARNING main_het_teleport_mw_rb_yb_rb_er Mw-to-Er teleportation trial 602 succeeded (completed=True, direct match=True, latency=5.690116875 seconds).
18,060,000,051,187,000 WARNING main_het_teleport_mw_rb_yb_rb_er Starting Mw-to-Er teleportation trial 603 at 18060000051187000.
18,090,000,051,187,000 WARNING main_het_teleport_mw_rb_yb_rb_er Mw-to-Er teleportation trial 603 succeeded (completed=True, direct match=True, latency=6.2258233125 seconds).
18,090,000,051,187,000 WARNING main_het_teleport_mw_rb_yb_rb_er Starting Mw-to-Er teleportation trial 604 at 18090000051187000.
18,120,000,051,187,000 WARNING main_het_teleport_mw_rb_yb_rb_er Mw-to-Er teleportation trial 604 succeeded (completed=True, direct match=True, latency=1.373249125 seconds).
18,120,000,051,187,000 WARNING main_het_teleport_mw_rb_yb_rb_er Starting Mw-to-Er teleportation trial 605 at 18120000051187000.
18,150,000,051,187,000 WARNING main_het_teleport_mw_rb_yb_rb_er Mw-to-Er teleportation trial 605 succeeded (completed=True, direct match=True, latency=2.8492431875 seconds).
18,150,000,051,187,000 WARNING main_het_teleport_mw_rb_yb_rb_er Starting Mw-to-Er teleportation trial 606 at 18150000051187000.
18,180,000,051,187,000 WARNING main_het_teleport_mw_rb_yb_rb_er Mw-to-Er teleportation trial 606 succeeded (completed=True, direct match=True, latency=12.6230343125 seconds).
18,180,000,051,187,000 WARNING main_het_teleport_mw_rb_yb_rb_er Starting Mw-to-Er teleportation trial 607 at 18180000051187000.
18,210,000,051,187,000 WARNING main_het_teleport_mw_rb_yb_rb_er Mw-to-Er teleportation trial 607 failed (completed=True, direct match=False, latency=3.51929 seconds).
18,210,000,051,187,000 WARNING main_het_teleport_mw_rb_yb_rb_er Starting Mw-to-Er teleportation trial 608 at 18210000051187000.
18,240,000,051,187,000 WARNING main_het_teleport_mw_rb_yb_rb_er Mw-to-Er teleportation trial 608 succeeded (completed=True, direct match=True, latency=2.149107475 seconds).
18,240,000,051,187,000 WARNING main_het_teleport_mw_rb_yb_rb_er Starting Mw-to-Er teleportation trial 609 at 18240000051187000.
18,270,000,051,187,000 WARNING main_het_teleport_mw_rb_yb_rb_er Mw-to-Er teleportation trial 609 succeeded (completed=True, direct match=True, latency=2.8646688125 seconds).
18,270,000,051,187,000 WARNING main_het_teleport_mw_rb_yb_rb_er Starting Mw-to-Er teleportation trial 610 at 18270000051187000.
18,300,000,051,187,000 WARNING main_het_teleport_mw_rb_yb_rb_er Mw-to-Er teleportation trial 610 succeeded (completed=True, direct match=True, latency=3.4832335625 seconds).
18,300,000,051,187,000 WARNING main_het_teleport_mw_rb_yb_rb_er Starting Mw-to-Er teleportation trial 611 at 18300000051187000.
18,330,000,051,187,000 WARNING main_het_teleport_mw_rb_yb_rb_er Mw-to-Er teleportation trial 611 succeeded (completed=True, direct match=True, latency=2.80070625 seconds).
18,330,000,051,187,000 WARNING main_het_teleport_mw_rb_yb_rb_er Starting Mw-to-Er teleportation trial 612 at 18330000051187000.
18,360,000,051,187,000 WARNING main_het_teleport_mw_rb_yb_rb_er Mw-to-Er teleportation trial 612 failed (completed=True, direct match=False, latency=2.8301974375 seconds).
18,360,000,051,187,000 WARNING main_het_teleport_mw_rb_yb_rb_er Starting Mw-to-Er teleportation trial 613 at 18360000051187000.
18,390,000,051,187,000 WARNING main_het_teleport_mw_rb_yb_rb_er Mw-to-Er teleportation trial 613 succeeded (completed=True, direct match=True, latency=15.4061856875 seconds).
18,390,000,051,187,000 WARNING main_het_teleport_mw_rb_yb_rb_er Starting Mw-to-Er teleportation trial 614 at 18390000051187000.
18,420,000,051,187,000 WARNING main_het_teleport_mw_rb_yb_rb_er Mw-to-Er teleportation trial 614 succeeded (completed=True, direct match=True, latency=2.719583 seconds).
18,420,000,051,187,000 WARNING main_het_teleport_mw_rb_yb_rb_er Starting Mw-to-Er teleportation trial 615 at 18420000051187000.
18,450,000,051,187,000 WARNING main_het_teleport_mw_rb_yb_rb_er Mw-to-Er teleportation trial 615 succeeded (completed=True, direct match=True, latency=7.0158449375 seconds).
18,450,000,051,187,000 WARNING main_het_teleport_mw_rb_yb_rb_er Starting Mw-to-Er teleportation trial 616 at 18450000051187000.
18,480,000,051,187,000 WARNING main_het_teleport_mw_rb_yb_rb_er Mw-to-Er teleportation trial 616 succeeded (completed=True, direct match=True, latency=5.56201675 seconds).
18,480,000,051,187,000 WARNING main_het_teleport_mw_rb_yb_rb_er Starting Mw-to-Er teleportation trial 617 at 18480000051187000.
18,510,000,051,187,000 WARNING main_het_teleport_mw_rb_yb_rb_er Mw-to-Er teleportation trial 617 succeeded (completed=True, direct match=True, latency=3.528475375 seconds).
18,510,000,051,187,000 WARNING main_het_teleport_mw_rb_yb_rb_er Starting Mw-to-Er teleportation trial 618 at 18510000051187000.
18,540,000,051,187,000 WARNING main_het_teleport_mw_rb_yb_rb_er Mw-to-Er teleportation trial 618 succeeded (completed=True, direct match=True, latency=6.939401875 seconds).
18,540,000,051,187,000 WARNING main_het_teleport_mw_rb_yb_rb_er Starting Mw-to-Er teleportation trial 619 at 18540000051187000.
18,570,000,051,187,000 WARNING main_het_teleport_mw_rb_yb_rb_er Mw-to-Er teleportation trial 619 succeeded (completed=True, direct match=True, latency=17.5063245 seconds).
18,570,000,051,187,000 WARNING main_het_teleport_mw_rb_yb_rb_er Starting Mw-to-Er teleportation trial 620 at 18570000051187000.
18,600,000,051,187,000 WARNING main_het_teleport_mw_rb_yb_rb_er Mw-to-Er teleportation trial 620 succeeded (completed=True, direct match=True, latency=11.8531435 seconds).
18,600,000,051,187,000 WARNING main_het_teleport_mw_rb_yb_rb_er Starting Mw-to-Er teleportation trial 621 at 18600000051187000.
18,630,000,051,187,000 WARNING main_het_teleport_mw_rb_yb_rb_er Mw-to-Er teleportation trial 621 failed (completed=True, direct match=False, latency=10.53489075 seconds).
18,630,000,051,187,000 WARNING main_het_teleport_mw_rb_yb_rb_er Starting Mw-to-Er teleportation trial 622 at 18630000051187000.
18,660,000,051,187,000 WARNING main_het_teleport_mw_rb_yb_rb_er Mw-to-Er teleportation trial 622 succeeded (completed=True, direct match=True, latency=4.2661693875 seconds).
18,660,000,051,187,000 WARNING main_het_teleport_mw_rb_yb_rb_er Starting Mw-to-Er teleportation trial 623 at 18660000051187000.
18,690,000,051,187,000 WARNING main_het_teleport_mw_rb_yb_rb_er Mw-to-Er teleportation trial 623 succeeded (completed=True, direct match=True, latency=5.0179070625 seconds).
18,690,000,051,187,000 WARNING main_het_teleport_mw_rb_yb_rb_er Starting Mw-to-Er teleportation trial 624 at 18690000051187000.
18,720,000,051,187,000 WARNING main_het_teleport_mw_rb_yb_rb_er Mw-to-Er teleportation trial 624 succeeded (completed=True, direct match=True, latency=3.519115 seconds).
18,720,000,051,187,000 WARNING main_het_teleport_mw_rb_yb_rb_er Starting Mw-to-Er teleportation trial 625 at 18720000051187000.
18,750,000,051,187,000 WARNING main_het_teleport_mw_rb_yb_rb_er Mw-to-Er teleportation trial 625 succeeded (completed=True, direct match=True, latency=9.119914125 seconds).
18,750,000,051,187,000 WARNING main_het_teleport_mw_rb_yb_rb_er Starting Mw-to-Er teleportation trial 626 at 18750000051187000.
18,780,000,051,187,000 WARNING main_het_teleport_mw_rb_yb_rb_er Mw-to-Er teleportation trial 626 succeeded (completed=True, direct match=True, latency=10.5174050625 seconds).
18,780,000,051,187,000 WARNING main_het_teleport_mw_rb_yb_rb_er Starting Mw-to-Er teleportation trial 627 at 18780000051187000.
18,810,000,051,187,000 WARNING main_het_teleport_mw_rb_yb_rb_er Mw-to-Er teleportation trial 627 failed (completed=True, direct match=False, latency=7.7094426875 seconds).
18,810,000,051,187,000 WARNING main_het_teleport_mw_rb_yb_rb_er Starting Mw-to-Er teleportation trial 628 at 18810000051187000.
18,840,000,085,749,500 WARNING main_het_teleport_mw_rb_yb_rb_er Mw-to-Er teleportation trial 628 failed (completed=False, direct match=False, latency=None seconds).
18,840,000,085,749,500 WARNING main_het_teleport_mw_rb_yb_rb_er Starting Mw-to-Er teleportation trial 629 at 18840000085749500.
18,870,000,085,749,500 WARNING main_het_teleport_mw_rb_yb_rb_er Mw-to-Er teleportation trial 629 succeeded (completed=True, direct match=True, latency=2.11334875 seconds).
18,870,000,085,749,500 WARNING main_het_teleport_mw_rb_yb_rb_er Starting Mw-to-Er teleportation trial 630 at 18870000085749500.
18,900,000,085,749,500 WARNING main_het_teleport_mw_rb_yb_rb_er Mw-to-Er teleportation trial 630 succeeded (completed=True, direct match=True, latency=7.74844425 seconds).
18,900,000,085,749,500 WARNING main_het_teleport_mw_rb_yb_rb_er Starting Mw-to-Er teleportation trial 631 at 18900000085749500.
18,930,000,085,749,500 WARNING main_het_teleport_mw_rb_yb_rb_er Mw-to-Er teleportation trial 631 succeeded (completed=True, direct match=True, latency=1.4464220625 seconds).
18,930,000,085,749,500 WARNING main_het_teleport_mw_rb_yb_rb_er Starting Mw-to-Er teleportation trial 632 at 18930000085749500.
18,960,000,085,749,500 WARNING main_het_teleport_mw_rb_yb_rb_er Mw-to-Er teleportation trial 632 succeeded (completed=True, direct match=True, latency=10.44752725 seconds).
18,960,000,085,749,500 WARNING main_het_teleport_mw_rb_yb_rb_er Starting Mw-to-Er teleportation trial 633 at 18960000085749500.
18,990,000,085,749,500 WARNING main_het_teleport_mw_rb_yb_rb_er Mw-to-Er teleportation trial 633 succeeded (completed=True, direct match=True, latency=4.1955770625 seconds).
18,990,000,085,749,500 WARNING main_het_teleport_mw_rb_yb_rb_er Starting Mw-to-Er teleportation trial 634 at 18990000085749500.
19,020,000,085,749,500 WARNING main_het_teleport_mw_rb_yb_rb_er Mw-to-Er teleportation trial 634 succeeded (completed=True, direct match=True, latency=1.410690625 seconds).
19,020,000,085,749,500 WARNING main_het_teleport_mw_rb_yb_rb_er Starting Mw-to-Er teleportation trial 635 at 19020000085749500.
19,050,000,085,749,500 WARNING main_het_teleport_mw_rb_yb_rb_er Mw-to-Er teleportation trial 635 failed (completed=True, direct match=False, latency=3.5206750625 seconds).
19,050,000,085,749,500 WARNING main_het_teleport_mw_rb_yb_rb_er Starting Mw-to-Er teleportation trial 636 at 19050000085749500.
19,080,000,085,749,500 WARNING main_het_teleport_mw_rb_yb_rb_er Mw-to-Er teleportation trial 636 succeeded (completed=True, direct match=True, latency=6.3100666875 seconds).
19,080,000,085,749,500 WARNING main_het_teleport_mw_rb_yb_rb_er Starting Mw-to-Er teleportation trial 637 at 19080000085749500.
19,110,000,085,749,500 WARNING main_het_teleport_mw_rb_yb_rb_er Mw-to-Er teleportation trial 637 succeeded (completed=True, direct match=True, latency=6.327227375 seconds).
19,110,000,085,749,500 WARNING main_het_teleport_mw_rb_yb_rb_er Starting Mw-to-Er teleportation trial 638 at 19110000085749500.
19,140,000,085,749,500 WARNING main_het_teleport_mw_rb_yb_rb_er Mw-to-Er teleportation trial 638 succeeded (completed=True, direct match=True, latency=5.602428375 seconds).
19,140,000,085,749,500 WARNING main_het_teleport_mw_rb_yb_rb_er Starting Mw-to-Er teleportation trial 639 at 19140000085749500.
19,170,000,085,749,500 WARNING main_het_teleport_mw_rb_yb_rb_er Mw-to-Er teleportation trial 639 succeeded (completed=True, direct match=True, latency=4.890409875 seconds).
19,170,000,085,749,500 WARNING main_het_teleport_mw_rb_yb_rb_er Starting Mw-to-Er teleportation trial 640 at 19170000085749500.
19,200,000,085,749,500 WARNING main_het_teleport_mw_rb_yb_rb_er Mw-to-Er teleportation trial 640 succeeded (completed=True, direct match=True, latency=7.7404939375 seconds).
19,200,000,085,749,500 WARNING main_het_teleport_mw_rb_yb_rb_er Starting Mw-to-Er teleportation trial 641 at 19200000085749500.
19,230,000,085,749,500 WARNING main_het_teleport_mw_rb_yb_rb_er Mw-to-Er teleportation trial 641 succeeded (completed=True, direct match=True, latency=1.3652988125 seconds).
19,230,000,085,749,500 WARNING main_het_teleport_mw_rb_yb_rb_er Starting Mw-to-Er teleportation trial 642 at 19230000085749500.
19,260,000,085,749,500 WARNING main_het_teleport_mw_rb_yb_rb_er Mw-to-Er teleportation trial 642 succeeded (completed=True, direct match=True, latency=3.5676519375 seconds).
19,260,000,085,749,500 WARNING main_het_teleport_mw_rb_yb_rb_er Starting Mw-to-Er teleportation trial 643 at 19260000085749500.
19,290,000,085,749,500 WARNING main_het_teleport_mw_rb_yb_rb_er Mw-to-Er teleportation trial 643 succeeded (completed=True, direct match=True, latency=10.5142849375 seconds).
19,290,000,085,749,500 WARNING main_het_teleport_mw_rb_yb_rb_er Starting Mw-to-Er teleportation trial 644 at 19290000085749500.
19,320,000,085,749,500 WARNING main_het_teleport_mw_rb_yb_rb_er Mw-to-Er teleportation trial 644 failed (completed=True, direct match=False, latency=4.977948375 seconds).
19,320,000,085,749,500 WARNING main_het_teleport_mw_rb_yb_rb_er Starting Mw-to-Er teleportation trial 645 at 19320000085749500.
19,350,000,085,749,500 WARNING main_het_teleport_mw_rb_yb_rb_er Mw-to-Er teleportation trial 645 succeeded (completed=True, direct match=True, latency=6.2755953125 seconds).
19,350,000,085,749,500 WARNING main_het_teleport_mw_rb_yb_rb_er Starting Mw-to-Er teleportation trial 646 at 19350000085749500.
19,380,000,085,749,500 WARNING main_het_teleport_mw_rb_yb_rb_er Mw-to-Er teleportation trial 646 succeeded (completed=True, direct match=True, latency=3.5269153125 seconds).
19,380,000,085,749,500 WARNING main_het_teleport_mw_rb_yb_rb_er Starting Mw-to-Er teleportation trial 647 at 19380000085749500.
19,410,000,085,749,500 WARNING main_het_teleport_mw_rb_yb_rb_er Mw-to-Er teleportation trial 647 failed (completed=True, direct match=False, latency=7.7047625 seconds).
19,410,000,085,749,500 WARNING main_het_teleport_mw_rb_yb_rb_er Starting Mw-to-Er teleportation trial 648 at 19410000085749500.
19,440,000,085,749,500 WARNING main_het_teleport_mw_rb_yb_rb_er Mw-to-Er teleportation trial 648 succeeded (completed=True, direct match=True, latency=9.1495553125 seconds).
19,440,000,085,749,500 WARNING main_het_teleport_mw_rb_yb_rb_er Starting Mw-to-Er teleportation trial 649 at 19440000085749500.
19,470,000,085,749,500 WARNING main_het_teleport_mw_rb_yb_rb_er Mw-to-Er teleportation trial 649 succeeded (completed=True, direct match=True, latency=1.4372116875 seconds).
19,470,000,085,749,500 WARNING main_het_teleport_mw_rb_yb_rb_er Starting Mw-to-Er teleportation trial 650 at 19470000085749500.
19,500,000,085,749,500 WARNING main_het_teleport_mw_rb_yb_rb_er Mw-to-Er teleportation trial 650 succeeded (completed=True, direct match=True, latency=3.4830835625 seconds).
19,500,000,085,749,500 WARNING main_het_teleport_mw_rb_yb_rb_er Starting Mw-to-Er teleportation trial 651 at 19500000085749500.
19,530,000,085,749,500 WARNING main_het_teleport_mw_rb_yb_rb_er Mw-to-Er teleportation trial 651 succeeded (completed=True, direct match=True, latency=5.615058875 seconds).
19,530,000,085,749,500 WARNING main_het_teleport_mw_rb_yb_rb_er Starting Mw-to-Er teleportation trial 652 at 19530000085749500.
19,560,000,085,749,500 WARNING main_het_teleport_mw_rb_yb_rb_er Mw-to-Er teleportation trial 652 succeeded (completed=True, direct match=True, latency=4.9230211875 seconds).
19,560,000,085,749,500 WARNING main_het_teleport_mw_rb_yb_rb_er Starting Mw-to-Er teleportation trial 653 at 19560000085749500.
19,590,000,085,749,500 WARNING main_het_teleport_mw_rb_yb_rb_er Mw-to-Er teleportation trial 653 succeeded (completed=True, direct match=True, latency=8.2969811875 seconds).
19,590,000,085,749,500 WARNING main_het_teleport_mw_rb_yb_rb_er Starting Mw-to-Er teleportation trial 654 at 19590000085749500.
19,620,000,085,749,500 WARNING main_het_teleport_mw_rb_yb_rb_er Mw-to-Er teleportation trial 654 succeeded (completed=True, direct match=True, latency=2.822547125 seconds).
19,620,000,085,749,500 WARNING main_het_teleport_mw_rb_yb_rb_er Starting Mw-to-Er teleportation trial 655 at 19620000085749500.
19,650,000,085,749,500 WARNING main_het_teleport_mw_rb_yb_rb_er Mw-to-Er teleportation trial 655 succeeded (completed=True, direct match=True, latency=4.927851375 seconds).
19,650,000,085,749,500 WARNING main_het_teleport_mw_rb_yb_rb_er Starting Mw-to-Er teleportation trial 656 at 19650000085749500.
19,680,000,085,749,500 WARNING main_het_teleport_mw_rb_yb_rb_er Mw-to-Er teleportation trial 656 succeeded (completed=True, direct match=True, latency=2.8114766875 seconds).
19,680,000,085,749,500 WARNING main_het_teleport_mw_rb_yb_rb_er Starting Mw-to-Er teleportation trial 657 at 19680000085749500.
19,710,000,085,749,500 WARNING main_het_teleport_mw_rb_yb_rb_er Mw-to-Er teleportation trial 657 succeeded (completed=True, direct match=True, latency=9.6963571875 seconds).
19,710,000,085,749,500 WARNING main_het_teleport_mw_rb_yb_rb_er Starting Mw-to-Er teleportation trial 658 at 19710000085749500.
19,740,000,085,749,500 WARNING main_het_teleport_mw_rb_yb_rb_er Mw-to-Er teleportation trial 658 succeeded (completed=True, direct match=True, latency=17.587933 seconds).
19,740,000,085,749,500 WARNING main_het_teleport_mw_rb_yb_rb_er Starting Mw-to-Er teleportation trial 659 at 19740000085749500.
19,770,000,085,749,500 WARNING main_het_teleport_mw_rb_yb_rb_er Mw-to-Er teleportation trial 659 succeeded (completed=True, direct match=True, latency=9.13533975 seconds).
19,770,000,085,749,500 WARNING main_het_teleport_mw_rb_yb_rb_er Starting Mw-to-Er teleportation trial 660 at 19770000085749500.
19,800,000,085,749,500 WARNING main_het_teleport_mw_rb_yb_rb_er Mw-to-Er teleportation trial 660 succeeded (completed=True, direct match=True, latency=4.221773125 seconds).
19,800,000,085,749,500 WARNING main_het_teleport_mw_rb_yb_rb_er Starting Mw-to-Er teleportation trial 661 at 19800000085749500.
19,830,000,085,749,500 WARNING main_het_teleport_mw_rb_yb_rb_er Mw-to-Er teleportation trial 661 succeeded (completed=True, direct match=True, latency=0.7156828125 seconds).
19,830,000,085,749,500 WARNING main_het_teleport_mw_rb_yb_rb_er Starting Mw-to-Er teleportation trial 662 at 19830000085749500.
19,860,000,085,749,500 WARNING main_het_teleport_mw_rb_yb_rb_er Mw-to-Er teleportation trial 662 succeeded (completed=True, direct match=True, latency=14.6766815 seconds).
19,860,000,085,749,500 WARNING main_het_teleport_mw_rb_yb_rb_er Starting Mw-to-Er teleportation trial 663 at 19860000085749500.
19,890,000,085,749,500 WARNING main_het_teleport_mw_rb_yb_rb_er Mw-to-Er teleportation trial 663 succeeded (completed=True, direct match=True, latency=14.0286505625 seconds).
19,890,000,085,749,500 WARNING main_het_teleport_mw_rb_yb_rb_er Starting Mw-to-Er teleportation trial 664 at 19890000085749500.
19,920,000,085,749,500 WARNING main_het_teleport_mw_rb_yb_rb_er Mw-to-Er teleportation trial 664 succeeded (completed=True, direct match=True, latency=10.97248825 seconds).
19,920,000,085,749,500 WARNING main_het_teleport_mw_rb_yb_rb_er Starting Mw-to-Er teleportation trial 665 at 19920000085749500.
19,950,000,085,749,500 WARNING main_het_teleport_mw_rb_yb_rb_er Mw-to-Er teleportation trial 665 succeeded (completed=True, direct match=True, latency=5.402890375 seconds).
19,950,000,085,749,500 WARNING main_het_teleport_mw_rb_yb_rb_er Starting Mw-to-Er teleportation trial 666 at 19950000085749500.
19,980,000,085,749,500 WARNING main_het_teleport_mw_rb_yb_rb_er Mw-to-Er teleportation trial 666 succeeded (completed=True, direct match=True, latency=11.2780855 seconds).
19,980,000,085,749,500 WARNING main_het_teleport_mw_rb_yb_rb_er Starting Mw-to-Er teleportation trial 667 at 19980000085749500.
20,010,000,085,749,500 WARNING main_het_teleport_mw_rb_yb_rb_er Mw-to-Er teleportation trial 667 succeeded (completed=True, direct match=True, latency=5.6166189375 seconds).
20,010,000,085,749,500 WARNING main_het_teleport_mw_rb_yb_rb_er Starting Mw-to-Er teleportation trial 668 at 20010000085749500.
20,040,000,085,749,500 WARNING main_het_teleport_mw_rb_yb_rb_er Mw-to-Er teleportation trial 668 failed (completed=True, direct match=False, latency=5.6290994375 seconds).
20,040,000,085,749,500 WARNING main_het_teleport_mw_rb_yb_rb_er Starting Mw-to-Er teleportation trial 669 at 20040000085749500.
20,070,000,085,749,500 WARNING main_het_teleport_mw_rb_yb_rb_er Mw-to-Er teleportation trial 669 failed (completed=True, direct match=False, latency=4.1331745625 seconds).
20,070,000,085,749,500 WARNING main_het_teleport_mw_rb_yb_rb_er Starting Mw-to-Er teleportation trial 670 at 20070000085749500.
20,100,000,085,749,500 WARNING main_het_teleport_mw_rb_yb_rb_er Mw-to-Er teleportation trial 670 succeeded (completed=True, direct match=True, latency=5.502909375 seconds).
20,100,000,085,749,500 WARNING main_het_teleport_mw_rb_yb_rb_er Starting Mw-to-Er teleportation trial 671 at 20100000085749500.
20,130,000,085,749,500 WARNING main_het_teleport_mw_rb_yb_rb_er Mw-to-Er teleportation trial 671 failed (completed=True, direct match=False, latency=2.222703125 seconds).
20,130,000,085,749,500 WARNING main_het_teleport_mw_rb_yb_rb_er Starting Mw-to-Er teleportation trial 672 at 20130000085749500.
20,160,000,085,749,500 WARNING main_het_teleport_mw_rb_yb_rb_er Mw-to-Er teleportation trial 672 succeeded (completed=True, direct match=True, latency=5.571227125 seconds).
20,160,000,085,749,500 WARNING main_het_teleport_mw_rb_yb_rb_er Starting Mw-to-Er teleportation trial 673 at 20160000085749500.
20,190,000,085,749,500 WARNING main_het_teleport_mw_rb_yb_rb_er Mw-to-Er teleportation trial 673 succeeded (completed=True, direct match=True, latency=2.1150588125 seconds).
20,190,000,085,749,500 WARNING main_het_teleport_mw_rb_yb_rb_er Starting Mw-to-Er teleportation trial 674 at 20190000085749500.
20,220,000,085,749,500 WARNING main_het_teleport_mw_rb_yb_rb_er Mw-to-Er teleportation trial 674 succeeded (completed=True, direct match=True, latency=8.3781044375 seconds).
20,220,000,085,749,500 WARNING main_het_teleport_mw_rb_yb_rb_er Starting Mw-to-Er teleportation trial 675 at 20220000085749500.
20,250,000,085,749,500 WARNING main_het_teleport_mw_rb_yb_rb_er Mw-to-Er teleportation trial 675 succeeded (completed=True, direct match=True, latency=11.2281635 seconds).
20,250,000,085,749,500 WARNING main_het_teleport_mw_rb_yb_rb_er Starting Mw-to-Er teleportation trial 676 at 20250000085749500.
20,280,000,085,749,500 WARNING main_het_teleport_mw_rb_yb_rb_er Mw-to-Er teleportation trial 676 succeeded (completed=True, direct match=True, latency=4.9046254375 seconds).
20,280,000,085,749,500 WARNING main_het_teleport_mw_rb_yb_rb_er Starting Mw-to-Er teleportation trial 677 at 20280000085749500.
20,310,000,085,749,500 WARNING main_het_teleport_mw_rb_yb_rb_er Mw-to-Er teleportation trial 677 succeeded (completed=True, direct match=True, latency=2.8239571875 seconds).
20,310,000,085,749,500 WARNING main_het_teleport_mw_rb_yb_rb_er Starting Mw-to-Er teleportation trial 678 at 20310000085749500.
20,340,000,085,749,500 WARNING main_het_teleport_mw_rb_yb_rb_er Mw-to-Er teleportation trial 678 succeeded (completed=True, direct match=True, latency=6.3053865 seconds).
20,340,000,085,749,500 WARNING main_het_teleport_mw_rb_yb_rb_er Starting Mw-to-Er teleportation trial 679 at 20340000085749500.
20,370,000,085,749,500 WARNING main_het_teleport_mw_rb_yb_rb_er Mw-to-Er teleportation trial 679 succeeded (completed=True, direct match=True, latency=6.1696610625 seconds).
20,370,000,085,749,500 WARNING main_het_teleport_mw_rb_yb_rb_er Starting Mw-to-Er teleportation trial 680 at 20370000085749500.
20,400,000,085,749,500 WARNING main_het_teleport_mw_rb_yb_rb_er Mw-to-Er teleportation trial 680 succeeded (completed=True, direct match=True, latency=5.5854176875 seconds).
20,400,000,085,749,500 WARNING main_het_teleport_mw_rb_yb_rb_er Starting Mw-to-Er teleportation trial 681 at 20400000085749500.
20,430,000,085,749,500 WARNING main_het_teleport_mw_rb_yb_rb_er Mw-to-Er teleportation trial 681 failed (completed=True, direct match=False, latency=4.2312835 seconds).
20,430,000,085,749,500 WARNING main_het_teleport_mw_rb_yb_rb_er Starting Mw-to-Er teleportation trial 682 at 20430000085749500.
20,460,000,085,749,500 WARNING main_het_teleport_mw_rb_yb_rb_er Mw-to-Er teleportation trial 682 succeeded (completed=True, direct match=True, latency=4.2297234375 seconds).
20,460,000,085,749,500 WARNING main_het_teleport_mw_rb_yb_rb_er Starting Mw-to-Er teleportation trial 683 at 20460000085749500.
20,490,000,085,749,500 WARNING main_het_teleport_mw_rb_yb_rb_er Mw-to-Er teleportation trial 683 succeeded (completed=True, direct match=True, latency=6.2944660625 seconds).
20,490,000,085,749,500 WARNING main_het_teleport_mw_rb_yb_rb_er Starting Mw-to-Er teleportation trial 684 at 20490000085749500.
20,520,000,085,749,500 WARNING main_het_teleport_mw_rb_yb_rb_er Mw-to-Er teleportation trial 684 succeeded (completed=True, direct match=True, latency=5.5729371875 seconds).
20,520,000,085,749,500 WARNING main_het_teleport_mw_rb_yb_rb_er Starting Mw-to-Er teleportation trial 685 at 20520000085749500.
20,550,000,085,749,500 WARNING main_het_teleport_mw_rb_yb_rb_er Mw-to-Er teleportation trial 685 succeeded (completed=True, direct match=True, latency=6.3506283125 seconds).
20,550,000,085,749,500 WARNING main_het_teleport_mw_rb_yb_rb_er Starting Mw-to-Er teleportation trial 686 at 20550000085749500.
20,580,000,085,749,500 WARNING main_het_teleport_mw_rb_yb_rb_er Mw-to-Er teleportation trial 686 succeeded (completed=True, direct match=True, latency=6.977168375 seconds).
20,580,000,085,749,500 WARNING main_het_teleport_mw_rb_yb_rb_er Starting Mw-to-Er teleportation trial 687 at 20580000085749500.
20,610,000,085,749,500 WARNING main_het_teleport_mw_rb_yb_rb_er Mw-to-Er teleportation trial 687 failed (completed=True, direct match=False, latency=4.1515703125 seconds).
20,610,000,085,749,500 WARNING main_het_teleport_mw_rb_yb_rb_er Starting Mw-to-Er teleportation trial 688 at 20610000085749500.
20,640,000,085,749,500 WARNING main_het_teleport_mw_rb_yb_rb_er Mw-to-Er teleportation trial 688 failed (completed=True, direct match=False, latency=1.4325315 seconds).
20,640,000,085,749,500 WARNING main_het_teleport_mw_rb_yb_rb_er Starting Mw-to-Er teleportation trial 689 at 20640000085749500.
20,670,000,085,749,500 WARNING main_het_teleport_mw_rb_yb_rb_er Mw-to-Er teleportation trial 689 succeeded (completed=True, direct match=True, latency=10.4490873125 seconds).
20,670,000,085,749,500 WARNING main_het_teleport_mw_rb_yb_rb_er Starting Mw-to-Er teleportation trial 690 at 20670000085749500.
20,700,000,085,749,500 WARNING main_het_teleport_mw_rb_yb_rb_er Mw-to-Er teleportation trial 690 succeeded (completed=True, direct match=True, latency=4.9292614375 seconds).
20,700,000,085,749,500 WARNING main_het_teleport_mw_rb_yb_rb_er Starting Mw-to-Er teleportation trial 691 at 20700000085749500.
20,730,000,085,749,500 WARNING main_het_teleport_mw_rb_yb_rb_er Mw-to-Er teleportation trial 691 failed (completed=True, direct match=False, latency=3.5581165625 seconds).
20,730,000,085,749,500 WARNING main_het_teleport_mw_rb_yb_rb_er Starting Mw-to-Er teleportation trial 692 at 20730000085749500.
20,760,000,085,749,500 WARNING main_het_teleport_mw_rb_yb_rb_er Mw-to-Er teleportation trial 692 succeeded (completed=True, direct match=True, latency=7.13611975 seconds).
20,760,000,085,749,500 WARNING main_het_teleport_mw_rb_yb_rb_er Starting Mw-to-Er teleportation trial 693 at 20760000085749500.
20,790,000,085,749,500 WARNING main_het_teleport_mw_rb_yb_rb_er Mw-to-Er teleportation trial 693 succeeded (completed=True, direct match=True, latency=1.3966500625 seconds).
20,790,000,085,749,500 WARNING main_het_teleport_mw_rb_yb_rb_er Starting Mw-to-Er teleportation trial 694 at 20790000085749500.
20,820,000,085,749,500 WARNING main_het_teleport_mw_rb_yb_rb_er Mw-to-Er teleportation trial 694 succeeded (completed=True, direct match=True, latency=8.413810875 seconds).
20,820,000,085,749,500 WARNING main_het_teleport_mw_rb_yb_rb_er Starting Mw-to-Er teleportation trial 695 at 20820000085749500.
20,850,000,085,749,500 WARNING main_het_teleport_mw_rb_yb_rb_er Mw-to-Er teleportation trial 695 succeeded (completed=True, direct match=True, latency=1.2810554375 seconds).
20,850,000,085,749,500 WARNING main_het_teleport_mw_rb_yb_rb_er Starting Mw-to-Er teleportation trial 696 at 20850000085749500.
20,880,000,085,749,500 WARNING main_het_teleport_mw_rb_yb_rb_er Mw-to-Er teleportation trial 696 failed (completed=True, direct match=False, latency=4.927851375 seconds).
20,880,000,085,749,500 WARNING main_het_teleport_mw_rb_yb_rb_er Starting Mw-to-Er teleportation trial 697 at 20880000085749500.
20,910,000,085,749,500 WARNING main_het_teleport_mw_rb_yb_rb_er Mw-to-Er teleportation trial 697 failed (completed=True, direct match=False, latency=2.8209870625 seconds).
20,910,000,085,749,500 WARNING main_het_teleport_mw_rb_yb_rb_er Starting Mw-to-Er teleportation trial 698 at 20910000085749500.
20,940,000,085,749,500 WARNING main_het_teleport_mw_rb_yb_rb_er Mw-to-Er teleportation trial 698 succeeded (completed=True, direct match=True, latency=9.869199125 seconds).
20,940,000,085,749,500 WARNING main_het_teleport_mw_rb_yb_rb_er Starting Mw-to-Er teleportation trial 699 at 20940000085749500.
20,970,000,085,749,500 WARNING main_het_teleport_mw_rb_yb_rb_er Mw-to-Er teleportation trial 699 succeeded (completed=True, direct match=True, latency=9.7587596875 seconds).
20,970,000,085,749,500 WARNING main_het_teleport_mw_rb_yb_rb_er Starting Mw-to-Er teleportation trial 700 at 20970000085749500.
21,000,000,085,749,500 WARNING main_het_teleport_mw_rb_yb_rb_er Mw-to-Er teleportation trial 700 failed (completed=True, direct match=False, latency=6.3163069375 seconds).
21,000,000,085,749,500 WARNING main_het_teleport_mw_rb_yb_rb_er Starting Mw-to-Er teleportation trial 701 at 21000000085749500.
21,030,000,085,749,500 WARNING main_het_teleport_mw_rb_yb_rb_er Mw-to-Er teleportation trial 701 succeeded (completed=True, direct match=True, latency=4.1890118125 seconds).
21,030,000,085,749,500 WARNING main_het_teleport_mw_rb_yb_rb_er Starting Mw-to-Er teleportation trial 702 at 21030000085749500.
21,060,000,085,749,500 WARNING main_het_teleport_mw_rb_yb_rb_er Mw-to-Er teleportation trial 702 succeeded (completed=True, direct match=True, latency=5.848410475 seconds).
21,060,000,085,749,500 WARNING main_het_teleport_mw_rb_yb_rb_er Starting Mw-to-Er teleportation trial 703 at 21060000085749500.
21,090,000,085,749,500 WARNING main_het_teleport_mw_rb_yb_rb_er Mw-to-Er teleportation trial 703 succeeded (completed=True, direct match=True, latency=7.8500233125 seconds).
21,090,000,085,749,500 WARNING main_het_teleport_mw_rb_yb_rb_er Starting Mw-to-Er teleportation trial 704 at 21090000085749500.
21,120,000,085,749,500 WARNING main_het_teleport_mw_rb_yb_rb_er Mw-to-Er teleportation trial 704 failed (completed=True, direct match=False, latency=16.8149220625 seconds).
21,120,000,085,749,500 WARNING main_het_teleport_mw_rb_yb_rb_er Starting Mw-to-Er teleportation trial 705 at 21120000085749500.
21,150,000,085,749,500 WARNING main_het_teleport_mw_rb_yb_rb_er Mw-to-Er teleportation trial 705 succeeded (completed=True, direct match=True, latency=3.4924439375 seconds).
21,150,000,085,749,500 WARNING main_het_teleport_mw_rb_yb_rb_er Starting Mw-to-Er teleportation trial 706 at 21150000085749500.
21,180,000,085,749,500 WARNING main_het_teleport_mw_rb_yb_rb_er Mw-to-Er teleportation trial 706 succeeded (completed=True, direct match=True, latency=2.1273893125 seconds).
21,180,000,085,749,500 WARNING main_het_teleport_mw_rb_yb_rb_er Starting Mw-to-Er teleportation trial 707 at 21180000085749500.
21,210,000,085,749,500 WARNING main_het_teleport_mw_rb_yb_rb_er Mw-to-Er teleportation trial 707 succeeded (completed=True, direct match=True, latency=12.59651325 seconds).
21,210,000,085,749,500 WARNING main_het_teleport_mw_rb_yb_rb_er Starting Mw-to-Er teleportation trial 708 at 21210000085749500.
21,240,000,085,749,500 WARNING main_het_teleport_mw_rb_yb_rb_er Mw-to-Er teleportation trial 708 succeeded (completed=True, direct match=True, latency=8.413810875 seconds).
21,240,000,085,749,500 WARNING main_het_teleport_mw_rb_yb_rb_er Starting Mw-to-Er teleportation trial 709 at 21240000085749500.
21,270,000,085,749,500 WARNING main_het_teleport_mw_rb_yb_rb_er Mw-to-Er teleportation trial 709 succeeded (completed=True, direct match=True, latency=6.345948125 seconds).
21,270,000,085,749,500 WARNING main_het_teleport_mw_rb_yb_rb_er Starting Mw-to-Er teleportation trial 710 at 21270000085749500.
21,300,000,085,749,500 WARNING main_het_teleport_mw_rb_yb_rb_er Mw-to-Er teleportation trial 710 succeeded (completed=True, direct match=True, latency=4.868569 seconds).
21,300,000,085,749,500 WARNING main_het_teleport_mw_rb_yb_rb_er Starting Mw-to-Er teleportation trial 711 at 21300000085749500.
21,330,000,085,749,500 WARNING main_het_teleport_mw_rb_yb_rb_er Mw-to-Er teleportation trial 711 succeeded (completed=True, direct match=True, latency=1.448307125 seconds).
21,330,000,085,749,500 WARNING main_het_teleport_mw_rb_yb_rb_er Starting Mw-to-Er teleportation trial 712 at 21330000085749500.
21,360,000,085,749,500 WARNING main_het_teleport_mw_rb_yb_rb_er Mw-to-Er teleportation trial 712 succeeded (completed=True, direct match=True, latency=2.0774673125 seconds).
21,360,000,085,749,500 WARNING main_het_teleport_mw_rb_yb_rb_er Starting Mw-to-Er teleportation trial 713 at 21360000085749500.
21,390,000,085,749,500 WARNING main_het_teleport_mw_rb_yb_rb_er Mw-to-Er teleportation trial 713 succeeded (completed=True, direct match=True, latency=9.1495553125 seconds).
21,390,000,085,749,500 WARNING main_het_teleport_mw_rb_yb_rb_er Starting Mw-to-Er teleportation trial 714 at 21390000085749500.
21,420,000,085,749,500 WARNING main_het_teleport_mw_rb_yb_rb_er Mw-to-Er teleportation trial 714 succeeded (completed=True, direct match=True, latency=4.1955770625 seconds).
21,420,000,085,749,500 WARNING main_het_teleport_mw_rb_yb_rb_er Starting Mw-to-Er teleportation trial 715 at 21420000085749500.
21,450,000,085,749,500 WARNING main_het_teleport_mw_rb_yb_rb_er Mw-to-Er teleportation trial 715 succeeded (completed=True, direct match=True, latency=12.6445501875 seconds).
21,450,000,085,749,500 WARNING main_het_teleport_mw_rb_yb_rb_er Starting Mw-to-Er teleportation trial 716 at 21450000085749500.
21,480,000,085,749,500 WARNING main_het_teleport_mw_rb_yb_rb_er Mw-to-Er teleportation trial 716 failed (completed=True, direct match=False, latency=3.5426909375 seconds).
21,480,000,085,749,500 WARNING main_het_teleport_mw_rb_yb_rb_er Starting Mw-to-Er teleportation trial 717 at 21480000085749500.
21,510,000,085,749,500 WARNING main_het_teleport_mw_rb_yb_rb_er Mw-to-Er teleportation trial 717 succeeded (completed=True, direct match=True, latency=8.39806025 seconds).
21,510,000,085,749,500 WARNING main_het_teleport_mw_rb_yb_rb_er Starting Mw-to-Er teleportation trial 718 at 21510000085749500.
21,540,000,085,749,500 WARNING main_het_teleport_mw_rb_yb_rb_er Mw-to-Er teleportation trial 718 succeeded (completed=True, direct match=True, latency=9.1994773125 seconds).
21,540,000,085,749,500 WARNING main_het_teleport_mw_rb_yb_rb_er Starting Mw-to-Er teleportation trial 719 at 21540000085749500.
21,570,000,085,749,500 WARNING main_het_teleport_mw_rb_yb_rb_er Mw-to-Er teleportation trial 719 succeeded (completed=True, direct match=True, latency=11.0832526875 seconds).
21,570,000,085,749,500 WARNING main_het_teleport_mw_rb_yb_rb_er Starting Mw-to-Er teleportation trial 720 at 21570000085749500.
21,600,000,085,749,500 WARNING main_het_teleport_mw_rb_yb_rb_er Mw-to-Er teleportation trial 720 succeeded (completed=True, direct match=True, latency=16.797761375 seconds).
21,600,000,085,749,500 WARNING main_het_teleport_mw_rb_yb_rb_er Starting Mw-to-Er teleportation trial 721 at 21600000085749500.
21,630,000,085,749,500 WARNING main_het_teleport_mw_rb_yb_rb_er Mw-to-Er teleportation trial 721 succeeded (completed=True, direct match=True, latency=12.5949531875 seconds).
21,630,000,085,749,500 WARNING main_het_teleport_mw_rb_yb_rb_er Starting Mw-to-Er teleportation trial 722 at 21630000085749500.
21,660,000,085,749,500 WARNING main_het_teleport_mw_rb_yb_rb_er Mw-to-Er teleportation trial 722 succeeded (completed=True, direct match=True, latency=3.553611375 seconds).
21,660,000,085,749,500 WARNING main_het_teleport_mw_rb_yb_rb_er Starting Mw-to-Er teleportation trial 723 at 21660000085749500.
21,690,000,085,749,500 WARNING main_het_teleport_mw_rb_yb_rb_er Mw-to-Er teleportation trial 723 succeeded (completed=True, direct match=True, latency=7.0728398 seconds).
21,690,000,085,749,500 WARNING main_het_teleport_mw_rb_yb_rb_er Starting Mw-to-Er teleportation trial 724 at 21690000085749500.
21,720,000,085,749,500 WARNING main_het_teleport_mw_rb_yb_rb_er Mw-to-Er teleportation trial 724 succeeded (completed=True, direct match=True, latency=9.81024175 seconds).
21,720,000,085,749,500 WARNING main_het_teleport_mw_rb_yb_rb_er Starting Mw-to-Er teleportation trial 725 at 21720000085749500.
21,750,000,085,749,500 WARNING main_het_teleport_mw_rb_yb_rb_er Mw-to-Er teleportation trial 725 succeeded (completed=True, direct match=True, latency=8.4405069375 seconds).
21,750,000,085,749,500 WARNING main_het_teleport_mw_rb_yb_rb_er Starting Mw-to-Er teleportation trial 726 at 21750000085749500.
21,780,000,085,749,500 WARNING main_het_teleport_mw_rb_yb_rb_er Mw-to-Er teleportation trial 726 succeeded (completed=True, direct match=True, latency=4.9105406875 seconds).
21,780,000,085,749,500 WARNING main_het_teleport_mw_rb_yb_rb_er Starting Mw-to-Er teleportation trial 727 at 21780000085749500.
21,810,000,085,749,500 WARNING main_het_teleport_mw_rb_yb_rb_er Mw-to-Er teleportation trial 727 failed (completed=True, direct match=False, latency=4.2548594375 seconds).
21,810,000,085,749,500 WARNING main_het_teleport_mw_rb_yb_rb_er Starting Mw-to-Er teleportation trial 728 at 21810000085749500.
21,840,000,085,749,500 WARNING main_het_teleport_mw_rb_yb_rb_er Mw-to-Er teleportation trial 728 succeeded (completed=True, direct match=True, latency=2.6585905625 seconds).
21,840,000,085,749,500 WARNING main_het_teleport_mw_rb_yb_rb_er Starting Mw-to-Er teleportation trial 729 at 21840000085749500.
21,870,000,085,749,500 WARNING main_het_teleport_mw_rb_yb_rb_er Mw-to-Er teleportation trial 729 succeeded (completed=True, direct match=True, latency=3.547196125 seconds).
21,870,000,085,749,500 WARNING main_het_teleport_mw_rb_yb_rb_er Starting Mw-to-Er teleportation trial 730 at 21870000085749500.
21,900,000,085,749,500 WARNING main_het_teleport_mw_rb_yb_rb_er Mw-to-Er teleportation trial 730 succeeded (completed=True, direct match=True, latency=2.8397078125 seconds).
21,900,000,085,749,500 WARNING main_het_teleport_mw_rb_yb_rb_er Starting Mw-to-Er teleportation trial 731 at 21900000085749500.
21,930,000,085,749,500 WARNING main_het_teleport_mw_rb_yb_rb_er Mw-to-Er teleportation trial 731 failed (completed=True, direct match=False, latency=2.1086685625 seconds).
21,930,000,085,749,500 WARNING main_het_teleport_mw_rb_yb_rb_er Starting Mw-to-Er teleportation trial 732 at 21930000085749500.
21,960,000,085,749,500 WARNING main_het_teleport_mw_rb_yb_rb_er Mw-to-Er teleportation trial 732 failed (completed=True, direct match=False, latency=4.1891618125 seconds).
21,960,000,085,749,500 WARNING main_het_teleport_mw_rb_yb_rb_er Starting Mw-to-Er teleportation trial 733 at 21960000085749500.
21,990,000,085,749,500 WARNING main_het_teleport_mw_rb_yb_rb_er Mw-to-Er teleportation trial 733 succeeded (completed=True, direct match=True, latency=3.553611375 seconds).
21,990,000,085,749,500 WARNING main_het_teleport_mw_rb_yb_rb_er Starting Mw-to-Er teleportation trial 734 at 21990000085749500.
22,020,000,085,749,500 WARNING main_het_teleport_mw_rb_yb_rb_er Mw-to-Er teleportation trial 734 succeeded (completed=True, direct match=True, latency=2.816306875 seconds).
22,020,000,085,749,500 WARNING main_het_teleport_mw_rb_yb_rb_er Starting Mw-to-Er teleportation trial 735 at 22020000085749500.
22,050,000,085,749,500 WARNING main_het_teleport_mw_rb_yb_rb_er Mw-to-Er teleportation trial 735 failed (completed=True, direct match=False, latency=6.3130368125 seconds).
22,050,000,085,749,500 WARNING main_het_teleport_mw_rb_yb_rb_er Starting Mw-to-Er teleportation trial 736 at 22050000085749500.
22,080,000,085,749,500 WARNING main_het_teleport_mw_rb_yb_rb_er Mw-to-Er teleportation trial 736 succeeded (completed=True, direct match=True, latency=25.0146680875 seconds).
22,080,000,085,749,500 WARNING main_het_teleport_mw_rb_yb_rb_er Starting Mw-to-Er teleportation trial 737 at 22080000085749500.
22,110,000,085,749,500 WARNING main_het_teleport_mw_rb_yb_rb_er Mw-to-Er teleportation trial 737 succeeded (completed=True, direct match=True, latency=3.515844875 seconds).
22,110,000,085,749,500 WARNING main_het_teleport_mw_rb_yb_rb_er Starting Mw-to-Er teleportation trial 738 at 22110000085749500.
22,140,000,085,749,500 WARNING main_het_teleport_mw_rb_yb_rb_er Mw-to-Er teleportation trial 738 succeeded (completed=True, direct match=True, latency=2.166540875 seconds).
22,140,000,085,749,500 WARNING main_het_teleport_mw_rb_yb_rb_er Starting Mw-to-Er teleportation trial 739 at 22140000085749500.
22,170,000,085,749,500 WARNING main_het_teleport_mw_rb_yb_rb_er Mw-to-Er teleportation trial 739 succeeded (completed=True, direct match=True, latency=5.5854176875 seconds).
22,170,000,085,749,500 WARNING main_het_teleport_mw_rb_yb_rb_er Starting Mw-to-Er teleportation trial 740 at 22170000085749500.
22,200,000,085,749,500 WARNING main_het_teleport_mw_rb_yb_rb_er Mw-to-Er teleportation trial 740 succeeded (completed=True, direct match=True, latency=2.80070625 seconds).
22,200,000,085,749,500 WARNING main_het_teleport_mw_rb_yb_rb_er Starting Mw-to-Er teleportation trial 741 at 22200000085749500.
22,230,000,085,749,500 WARNING main_het_teleport_mw_rb_yb_rb_er Mw-to-Er teleportation trial 741 succeeded (completed=True, direct match=True, latency=7.645480125 seconds).
22,230,000,085,749,500 WARNING main_het_teleport_mw_rb_yb_rb_er Starting Mw-to-Er teleportation trial 742 at 22230000085749500.
22,260,000,085,749,500 WARNING main_het_teleport_mw_rb_yb_rb_er Mw-to-Er teleportation trial 742 succeeded (completed=True, direct match=True, latency=1.45125225 seconds).
22,260,000,085,749,500 WARNING main_het_teleport_mw_rb_yb_rb_er Starting Mw-to-Er teleportation trial 743 at 22260000085749500.
22,290,000,085,749,500 WARNING main_het_teleport_mw_rb_yb_rb_er Mw-to-Er teleportation trial 743 succeeded (completed=True, direct match=True, latency=10.6486003125 seconds).
22,290,000,085,749,500 WARNING main_het_teleport_mw_rb_yb_rb_er Starting Mw-to-Er teleportation trial 744 at 22290000085749500.
22,320,000,085,749,500 WARNING main_het_teleport_mw_rb_yb_rb_er Mw-to-Er teleportation trial 744 succeeded (completed=True, direct match=True, latency=6.1805815 seconds).
22,320,000,085,749,500 WARNING main_het_teleport_mw_rb_yb_rb_er Starting Mw-to-Er teleportation trial 745 at 22320000085749500.
22,350,000,085,749,500 WARNING main_het_teleport_mw_rb_yb_rb_er Mw-to-Er teleportation trial 745 succeeded (completed=True, direct match=True, latency=9.8085066875 seconds).
22,350,000,085,749,500 WARNING main_het_teleport_mw_rb_yb_rb_er Starting Mw-to-Er teleportation trial 746 at 22350000085749500.
22,380,000,085,749,500 WARNING main_het_teleport_mw_rb_yb_rb_er Mw-to-Er teleportation trial 746 failed (completed=True, direct match=False, latency=6.2787154375 seconds).
22,380,000,085,749,500 WARNING main_het_teleport_mw_rb_yb_rb_er Starting Mw-to-Er teleportation trial 747 at 22380000085749500.
22,410,000,085,749,500 WARNING main_het_teleport_mw_rb_yb_rb_er Mw-to-Er teleportation trial 747 succeeded (completed=True, direct match=True, latency=4.9233461875 seconds).
22,410,000,085,749,500 WARNING main_het_teleport_mw_rb_yb_rb_er Starting Mw-to-Er teleportation trial 748 at 22410000085749500.
22,440,000,085,749,500 WARNING main_het_teleport_mw_rb_yb_rb_er Mw-to-Er teleportation trial 748 succeeded (completed=True, direct match=True, latency=5.6821415625 seconds).
22,440,000,085,749,500 WARNING main_het_teleport_mw_rb_yb_rb_er Starting Mw-to-Er teleportation trial 749 at 22440000085749500.
22,470,000,085,749,500 WARNING main_het_teleport_mw_rb_yb_rb_er Mw-to-Er teleportation trial 749 succeeded (completed=True, direct match=True, latency=1.436797175 seconds).
22,470,000,085,749,500 WARNING main_het_teleport_mw_rb_yb_rb_er Starting Mw-to-Er teleportation trial 750 at 22470000085749500.
22,500,000,085,749,500 WARNING main_het_teleport_mw_rb_yb_rb_er Mw-to-Er teleportation trial 750 succeeded (completed=True, direct match=True, latency=7.0097546875 seconds).
22,500,000,085,749,500 WARNING main_het_teleport_mw_rb_yb_rb_er Starting Mw-to-Er teleportation trial 751 at 22500000085749500.
22,530,000,085,749,500 WARNING main_het_teleport_mw_rb_yb_rb_er Mw-to-Er teleportation trial 751 failed (completed=True, direct match=False, latency=4.19993225 seconds).
22,530,000,085,749,500 WARNING main_het_teleport_mw_rb_yb_rb_er Starting Mw-to-Er teleportation trial 752 at 22530000085749500.
22,560,000,085,749,500 WARNING main_het_teleport_mw_rb_yb_rb_er Mw-to-Er teleportation trial 752 succeeded (completed=True, direct match=True, latency=6.31147675 seconds).
22,560,000,085,749,500 WARNING main_het_teleport_mw_rb_yb_rb_er Starting Mw-to-Er teleportation trial 753 at 22560000085749500.
22,590,000,085,749,500 WARNING main_het_teleport_mw_rb_yb_rb_er Mw-to-Er teleportation trial 753 succeeded (completed=True, direct match=True, latency=3.541130875 seconds).
22,590,000,085,749,500 WARNING main_het_teleport_mw_rb_yb_rb_er Starting Mw-to-Er teleportation trial 754 at 22590000085749500.
22,620,000,085,749,500 WARNING main_het_teleport_mw_rb_yb_rb_er Mw-to-Er teleportation trial 754 succeeded (completed=True, direct match=True, latency=6.327227375 seconds).
22,620,000,085,749,500 WARNING main_het_teleport_mw_rb_yb_rb_er Starting Mw-to-Er teleportation trial 755 at 22620000085749500.
22,650,000,085,749,500 WARNING main_het_teleport_mw_rb_yb_rb_er Mw-to-Er teleportation trial 755 failed (completed=True, direct match=False, latency=5.6008683125 seconds).
22,650,000,085,749,500 WARNING main_het_teleport_mw_rb_yb_rb_er Starting Mw-to-Er teleportation trial 756 at 22650000085749500.
22,680,000,085,749,500 WARNING main_het_teleport_mw_rb_yb_rb_er Mw-to-Er teleportation trial 756 succeeded (completed=True, direct match=True, latency=3.509604625 seconds).
22,680,000,085,749,500 WARNING main_het_teleport_mw_rb_yb_rb_er Starting Mw-to-Er teleportation trial 757 at 22680000085749500.
22,710,000,085,749,500 WARNING main_het_teleport_mw_rb_yb_rb_er Mw-to-Er teleportation trial 757 failed (completed=True, direct match=False, latency=8.413985875 seconds).
22,710,000,085,749,500 WARNING main_het_teleport_mw_rb_yb_rb_er Starting Mw-to-Er teleportation trial 758 at 22710000085749500.
22,740,000,085,749,500 WARNING main_het_teleport_mw_rb_yb_rb_er Mw-to-Er teleportation trial 758 succeeded (completed=True, direct match=True, latency=3.497274125 seconds).
22,740,000,085,749,500 WARNING main_het_teleport_mw_rb_yb_rb_er Starting Mw-to-Er teleportation trial 759 at 22740000085749500.
22,770,000,085,749,500 WARNING main_het_teleport_mw_rb_yb_rb_er Mw-to-Er teleportation trial 759 succeeded (completed=True, direct match=True, latency=3.534715625 seconds).
22,770,000,085,749,500 WARNING main_het_teleport_mw_rb_yb_rb_er Starting Mw-to-Er teleportation trial 760 at 22770000085749500.
22,800,000,085,749,500 WARNING main_het_teleport_mw_rb_yb_rb_er Mw-to-Er teleportation trial 760 failed (completed=True, direct match=False, latency=7.6940170625 seconds).
22,800,000,085,749,500 WARNING main_het_teleport_mw_rb_yb_rb_er Starting Mw-to-Er teleportation trial 761 at 22800000085749500.
22,830,000,085,749,500 WARNING main_het_teleport_mw_rb_yb_rb_er Mw-to-Er teleportation trial 761 succeeded (completed=True, direct match=True, latency=14.711002875 seconds).
22,830,000,085,749,500 WARNING main_het_teleport_mw_rb_yb_rb_er Starting Mw-to-Er teleportation trial 762 at 22830000085749500.
22,860,000,085,749,500 WARNING main_het_teleport_mw_rb_yb_rb_er Mw-to-Er teleportation trial 762 succeeded (completed=True, direct match=True, latency=3.5064845 seconds).
22,860,000,085,749,500 WARNING main_het_teleport_mw_rb_yb_rb_er Starting Mw-to-Er teleportation trial 763 at 22860000085749500.
22,890,000,085,749,500 WARNING main_het_teleport_mw_rb_yb_rb_er Mw-to-Er teleportation trial 763 failed (completed=True, direct match=False, latency=5.0029232625 seconds).
22,890,000,085,749,500 WARNING main_het_teleport_mw_rb_yb_rb_er Starting Mw-to-Er teleportation trial 764 at 22890000085749500.
22,920,000,085,749,500 WARNING main_het_teleport_mw_rb_yb_rb_er Mw-to-Er teleportation trial 764 succeeded (completed=True, direct match=True, latency=6.3131868125 seconds).
22,920,000,085,749,500 WARNING main_het_teleport_mw_rb_yb_rb_er Starting Mw-to-Er teleportation trial 765 at 22920000085749500.
22,950,000,085,749,500 WARNING main_het_teleport_mw_rb_yb_rb_er Mw-to-Er teleportation trial 765 succeeded (completed=True, direct match=True, latency=12.6979173125 seconds).
22,950,000,085,749,500 WARNING main_het_teleport_mw_rb_yb_rb_er Starting Mw-to-Er teleportation trial 766 at 22950000085749500.
22,980,000,085,749,500 WARNING main_het_teleport_mw_rb_yb_rb_er Mw-to-Er teleportation trial 766 succeeded (completed=True, direct match=True, latency=4.9075705625 seconds).
22,980,000,085,749,500 WARNING main_het_teleport_mw_rb_yb_rb_er Starting Mw-to-Er teleportation trial 767 at 22980000085749500.
23,010,000,085,749,500 WARNING main_het_teleport_mw_rb_yb_rb_er Mw-to-Er teleportation trial 767 succeeded (completed=True, direct match=True, latency=2.8209870625 seconds).
23,010,000,085,749,500 WARNING main_het_teleport_mw_rb_yb_rb_er Starting Mw-to-Er teleportation trial 768 at 23010000085749500.
23,040,000,085,749,500 WARNING main_het_teleport_mw_rb_yb_rb_er Mw-to-Er teleportation trial 768 succeeded (completed=True, direct match=True, latency=4.215682875 seconds).
23,040,000,085,749,500 WARNING main_het_teleport_mw_rb_yb_rb_er Starting Mw-to-Er teleportation trial 769 at 23040000085749500.
23,070,000,085,749,500 WARNING main_het_teleport_mw_rb_yb_rb_er Mw-to-Er teleportation trial 769 succeeded (completed=True, direct match=True, latency=2.8052364375 seconds).
23,070,000,085,749,500 WARNING main_het_teleport_mw_rb_yb_rb_er Starting Mw-to-Er teleportation trial 770 at 23070000085749500.
23,100,000,085,749,500 WARNING main_het_teleport_mw_rb_yb_rb_er Mw-to-Er teleportation trial 770 succeeded (completed=True, direct match=True, latency=3.52535525 seconds).
23,100,000,085,749,500 WARNING main_het_teleport_mw_rb_yb_rb_er Starting Mw-to-Er teleportation trial 771 at 23100000085749500.
23,130,000,085,749,500 WARNING main_het_teleport_mw_rb_yb_rb_er Mw-to-Er teleportation trial 771 succeeded (completed=True, direct match=True, latency=13.9662480625 seconds).
23,130,000,085,749,500 WARNING main_het_teleport_mw_rb_yb_rb_er Starting Mw-to-Er teleportation trial 772 at 23130000085749500.
23,160,000,085,749,500 WARNING main_het_teleport_mw_rb_yb_rb_er Mw-to-Er teleportation trial 772 failed (completed=True, direct match=False, latency=5.62441925 seconds).
23,160,000,085,749,500 WARNING main_het_teleport_mw_rb_yb_rb_er Starting Mw-to-Er teleportation trial 773 at 23160000085749500.
23,190,000,085,749,500 WARNING main_het_teleport_mw_rb_yb_rb_er Mw-to-Er teleportation trial 773 failed (completed=True, direct match=False, latency=4.9105406875 seconds).
23,190,000,085,749,500 WARNING main_het_teleport_mw_rb_yb_rb_er Starting Mw-to-Er teleportation trial 774 at 23190000085749500.
23,220,000,085,749,500 WARNING main_het_teleport_mw_rb_yb_rb_er Mw-to-Er teleportation trial 774 failed (completed=True, direct match=False, latency=9.1180290625 seconds).
23,220,000,085,749,500 WARNING main_het_teleport_mw_rb_yb_rb_er Starting Mw-to-Er teleportation trial 775 at 23220000085749500.
23,250,000,085,749,500 WARNING main_het_teleport_mw_rb_yb_rb_er Mw-to-Er teleportation trial 775 succeeded (completed=True, direct match=True, latency=5.5807375 seconds).
23,250,000,085,749,500 WARNING main_het_teleport_mw_rb_yb_rb_er Starting Mw-to-Er teleportation trial 776 at 23250000085749500.
23,280,000,085,749,500 WARNING main_het_teleport_mw_rb_yb_rb_er Mw-to-Er teleportation trial 776 succeeded (completed=True, direct match=True, latency=10.5052495625 seconds).
23,280,000,085,749,500 WARNING main_het_teleport_mw_rb_yb_rb_er Starting Mw-to-Er teleportation trial 777 at 23280000085749500.
23,310,000,085,749,500 WARNING main_het_teleport_mw_rb_yb_rb_er Mw-to-Er teleportation trial 777 succeeded (completed=True, direct match=True, latency=10.4832336875 seconds).
23,310,000,085,749,500 WARNING main_het_teleport_mw_rb_yb_rb_er Starting Mw-to-Er teleportation trial 778 at 23310000085749500.
23,340,000,085,749,500 WARNING main_het_teleport_mw_rb_yb_rb_er Mw-to-Er teleportation trial 778 succeeded (completed=True, direct match=True, latency=8.39838525 seconds).
23,340,000,085,749,500 WARNING main_het_teleport_mw_rb_yb_rb_er Starting Mw-to-Er teleportation trial 779 at 23340000085749500.
23,370,000,085,749,500 WARNING main_het_teleport_mw_rb_yb_rb_er Mw-to-Er teleportation trial 779 succeeded (completed=True, direct match=True, latency=16.104138625 seconds).
23,370,000,085,749,500 WARNING main_het_teleport_mw_rb_yb_rb_er Starting Mw-to-Er teleportation trial 780 at 23370000085749500.
23,400,000,085,749,500 WARNING main_het_teleport_mw_rb_yb_rb_er Mw-to-Er teleportation trial 780 failed (completed=True, direct match=False, latency=9.800881375 seconds).
23,400,000,085,749,500 WARNING main_het_teleport_mw_rb_yb_rb_er Starting Mw-to-Er teleportation trial 781 at 23400000085749500.
23,430,000,085,749,500 WARNING main_het_teleport_mw_rb_yb_rb_er Mw-to-Er teleportation trial 781 succeeded (completed=True, direct match=True, latency=9.0777924375 seconds).
23,430,000,085,749,500 WARNING main_het_teleport_mw_rb_yb_rb_er Starting Mw-to-Er teleportation trial 782 at 23430000085749500.
23,460,000,085,749,500 WARNING main_het_teleport_mw_rb_yb_rb_er Mw-to-Er teleportation trial 782 succeeded (completed=True, direct match=True, latency=7.726603375 seconds).
23,460,000,085,749,500 WARNING main_het_teleport_mw_rb_yb_rb_er Starting Mw-to-Er teleportation trial 783 at 23460000085749500.
23,490,000,085,749,500 WARNING main_het_teleport_mw_rb_yb_rb_er Mw-to-Er teleportation trial 783 succeeded (completed=True, direct match=True, latency=2.8586035625 seconds).
23,490,000,085,749,500 WARNING main_het_teleport_mw_rb_yb_rb_er Starting Mw-to-Er teleportation trial 784 at 23490000085749500.
23,520,000,085,749,500 WARNING main_het_teleport_mw_rb_yb_rb_er Mw-to-Er teleportation trial 784 succeeded (completed=True, direct match=True, latency=4.1985221875 seconds).
23,520,000,085,749,500 WARNING main_het_teleport_mw_rb_yb_rb_er Starting Mw-to-Er teleportation trial 785 at 23520000085749500.
23,550,000,085,749,500 WARNING main_het_teleport_mw_rb_yb_rb_er Mw-to-Er teleportation trial 785 succeeded (completed=True, direct match=True, latency=4.2078825625 seconds).
23,550,000,085,749,500 WARNING main_het_teleport_mw_rb_yb_rb_er Starting Mw-to-Er teleportation trial 786 at 23550000085749500.
23,580,000,085,749,500 WARNING main_het_teleport_mw_rb_yb_rb_er Mw-to-Er teleportation trial 786 succeeded (completed=True, direct match=True, latency=2.828962375 seconds).
23,580,000,085,749,500 WARNING main_het_teleport_mw_rb_yb_rb_er Starting Mw-to-Er teleportation trial 787 at 23580000085749500.
23,610,000,085,749,500 WARNING main_het_teleport_mw_rb_yb_rb_er Mw-to-Er teleportation trial 787 succeeded (completed=True, direct match=True, latency=4.91210075 seconds).
23,610,000,085,749,500 WARNING main_het_teleport_mw_rb_yb_rb_er Starting Mw-to-Er teleportation trial 788 at 23610000085749500.
23,640,000,085,749,500 WARNING main_het_teleport_mw_rb_yb_rb_er Mw-to-Er teleportation trial 788 succeeded (completed=True, direct match=True, latency=6.9971241875 seconds).
23,640,000,085,749,500 WARNING main_het_teleport_mw_rb_yb_rb_er Starting Mw-to-Er teleportation trial 789 at 23640000085749500.
23,670,000,085,749,500 WARNING main_het_teleport_mw_rb_yb_rb_er Mw-to-Er teleportation trial 789 succeeded (completed=True, direct match=True, latency=13.2759204375 seconds).
23,670,000,085,749,500 WARNING main_het_teleport_mw_rb_yb_rb_er Starting Mw-to-Er teleportation trial 790 at 23670000085749500.
23,700,000,085,749,500 WARNING main_het_teleport_mw_rb_yb_rb_er Mw-to-Er teleportation trial 790 succeeded (completed=True, direct match=True, latency=11.9543725625 seconds).
23,700,000,085,749,500 WARNING main_het_teleport_mw_rb_yb_rb_er Starting Mw-to-Er teleportation trial 791 at 23700000085749500.
23,730,000,085,749,500 WARNING main_het_teleport_mw_rb_yb_rb_er Mw-to-Er teleportation trial 791 succeeded (completed=True, direct match=True, latency=2.779040375 seconds).
23,730,000,085,749,500 WARNING main_het_teleport_mw_rb_yb_rb_er Starting Mw-to-Er teleportation trial 792 at 23730000085749500.
23,760,000,085,749,500 WARNING main_het_teleport_mw_rb_yb_rb_er Mw-to-Er teleportation trial 792 failed (completed=True, direct match=False, latency=9.7927560625 seconds).
23,760,000,085,749,500 WARNING main_het_teleport_mw_rb_yb_rb_er Starting Mw-to-Er teleportation trial 793 at 23760000085749500.
23,790,000,085,749,500 WARNING main_het_teleport_mw_rb_yb_rb_er Mw-to-Er teleportation trial 793 succeeded (completed=True, direct match=True, latency=2.1320695 seconds).
23,790,000,085,749,500 WARNING main_het_teleport_mw_rb_yb_rb_er Starting Mw-to-Er teleportation trial 794 at 23790000085749500.
23,820,000,085,749,500 WARNING main_het_teleport_mw_rb_yb_rb_er Mw-to-Er teleportation trial 794 succeeded (completed=True, direct match=True, latency=7.0222351875 seconds).
23,820,000,085,749,500 WARNING main_het_teleport_mw_rb_yb_rb_er Starting Mw-to-Er teleportation trial 795 at 23820000085749500.
23,850,000,085,749,500 WARNING main_het_teleport_mw_rb_yb_rb_er Mw-to-Er teleportation trial 795 failed (completed=True, direct match=False, latency=2.8085065625 seconds).
23,850,000,085,749,500 WARNING main_het_teleport_mw_rb_yb_rb_er Starting Mw-to-Er teleportation trial 796 at 23850000085749500.
23,880,000,085,749,500 WARNING main_het_teleport_mw_rb_yb_rb_er Mw-to-Er teleportation trial 796 succeeded (completed=True, direct match=True, latency=15.4058606875 seconds).
23,880,000,085,749,500 WARNING main_het_teleport_mw_rb_yb_rb_er Starting Mw-to-Er teleportation trial 797 at 23880000085749500.
23,910,000,085,749,500 WARNING main_het_teleport_mw_rb_yb_rb_er Mw-to-Er teleportation trial 797 succeeded (completed=True, direct match=True, latency=2.819427 seconds).
23,910,000,085,749,500 WARNING main_het_teleport_mw_rb_yb_rb_er Starting Mw-to-Er teleportation trial 798 at 23910000085749500.
23,940,000,085,749,500 WARNING main_het_teleport_mw_rb_yb_rb_er Mw-to-Er teleportation trial 798 succeeded (completed=True, direct match=True, latency=2.8239571875 seconds).
23,940,000,085,749,500 WARNING main_het_teleport_mw_rb_yb_rb_er Starting Mw-to-Er teleportation trial 799 at 23940000085749500.
23,970,000,085,749,500 WARNING main_het_teleport_mw_rb_yb_rb_er Mw-to-Er teleportation trial 799 succeeded (completed=True, direct match=True, latency=9.150940375 seconds).
23,970,000,085,749,500 WARNING main_het_teleport_mw_rb_yb_rb_er Starting Mw-to-Er teleportation trial 800 at 23970000085749500.
24,000,000,085,749,500 WARNING main_het_teleport_mw_rb_yb_rb_er Mw-to-Er teleportation trial 800 succeeded (completed=True, direct match=True, latency=5.5354956875 seconds).
24,000,000,085,749,500 WARNING main_het_teleport_mw_rb_yb_rb_er Starting Mw-to-Er teleportation trial 801 at 24000000085749500.
24,030,000,085,749,500 WARNING main_het_teleport_mw_rb_yb_rb_er Mw-to-Er teleportation trial 801 succeeded (completed=True, direct match=True, latency=22.407420875 seconds).
24,030,000,085,749,500 WARNING main_het_teleport_mw_rb_yb_rb_er Starting Mw-to-Er teleportation trial 802 at 24030000085749500.
24,060,000,085,749,500 WARNING main_het_teleport_mw_rb_yb_rb_er Mw-to-Er teleportation trial 802 succeeded (completed=True, direct match=True, latency=4.221773125 seconds).
24,060,000,085,749,500 WARNING main_het_teleport_mw_rb_yb_rb_er Starting Mw-to-Er teleportation trial 803 at 24060000085749500.
24,090,000,085,749,500 WARNING main_het_teleport_mw_rb_yb_rb_er Mw-to-Er teleportation trial 803 succeeded (completed=True, direct match=True, latency=9.0292555 seconds).
24,090,000,085,749,500 WARNING main_het_teleport_mw_rb_yb_rb_er Starting Mw-to-Er teleportation trial 804 at 24090000085749500.
24,120,000,085,749,500 WARNING main_het_teleport_mw_rb_yb_rb_er Mw-to-Er teleportation trial 804 succeeded (completed=True, direct match=True, latency=4.1050934375 seconds).
24,120,000,085,749,500 WARNING main_het_teleport_mw_rb_yb_rb_er Starting Mw-to-Er teleportation trial 805 at 24120000085749500.
24,150,000,085,749,500 WARNING main_het_teleport_mw_rb_yb_rb_er Mw-to-Er teleportation trial 805 succeeded (completed=True, direct match=True, latency=6.3194270625 seconds).
24,150,000,085,749,500 WARNING main_het_teleport_mw_rb_yb_rb_er Starting Mw-to-Er teleportation trial 806 at 24150000085749500.
24,180,000,085,749,500 WARNING main_het_teleport_mw_rb_yb_rb_er Mw-to-Er teleportation trial 806 succeeded (completed=True, direct match=True, latency=2.8461230625 seconds).
24,180,000,085,749,500 WARNING main_het_teleport_mw_rb_yb_rb_er Starting Mw-to-Er teleportation trial 807 at 24180000085749500.
24,210,000,085,749,500 WARNING main_het_teleport_mw_rb_yb_rb_er Mw-to-Er teleportation trial 807 succeeded (completed=True, direct match=True, latency=1.441891875 seconds).
24,210,000,085,749,500 WARNING main_het_teleport_mw_rb_yb_rb_er Starting Mw-to-Er teleportation trial 808 at 24210000085749500.
24,240,000,085,749,500 WARNING main_het_teleport_mw_rb_yb_rb_er Mw-to-Er teleportation trial 808 succeeded (completed=True, direct match=True, latency=5.633629625 seconds).
24,240,000,085,749,500 WARNING main_het_teleport_mw_rb_yb_rb_er Starting Mw-to-Er teleportation trial 809 at 24240000085749500.
24,270,000,085,749,500 WARNING main_het_teleport_mw_rb_yb_rb_er Mw-to-Er teleportation trial 809 failed (completed=True, direct match=False, latency=6.3194270625 seconds).
24,270,000,085,749,500 WARNING main_het_teleport_mw_rb_yb_rb_er Starting Mw-to-Er teleportation trial 810 at 24270000085749500.
24,300,000,085,749,500 WARNING main_het_teleport_mw_rb_yb_rb_er Mw-to-Er teleportation trial 810 succeeded (completed=True, direct match=True, latency=9.119739125 seconds).
24,300,000,085,749,500 WARNING main_het_teleport_mw_rb_yb_rb_er Starting Mw-to-Er teleportation trial 811 at 24300000085749500.
24,330,000,085,749,500 WARNING main_het_teleport_mw_rb_yb_rb_er Mw-to-Er teleportation trial 811 succeeded (completed=True, direct match=True, latency=7.0224101875 seconds).
24,330,000,085,749,500 WARNING main_het_teleport_mw_rb_yb_rb_er Starting Mw-to-Er teleportation trial 812 at 24330000085749500.
24,360,000,085,749,500 WARNING main_het_teleport_mw_rb_yb_rb_er Mw-to-Er teleportation trial 812 succeeded (completed=True, direct match=True, latency=5.6228591875 seconds).
24,360,000,085,749,500 WARNING main_het_teleport_mw_rb_yb_rb_er Starting Mw-to-Er teleportation trial 813 at 24360000085749500.
24,390,000,085,749,500 WARNING main_het_teleport_mw_rb_yb_rb_er Mw-to-Er teleportation trial 813 failed (completed=True, direct match=False, latency=4.89994525 seconds).
24,390,000,085,749,500 WARNING main_het_teleport_mw_rb_yb_rb_er Starting Mw-to-Er teleportation trial 814 at 24390000085749500.
24,420,000,085,749,500 WARNING main_het_teleport_mw_rb_yb_rb_er Mw-to-Er teleportation trial 814 succeeded (completed=True, direct match=True, latency=4.2359636875 seconds).
24,420,000,085,749,500 WARNING main_het_teleport_mw_rb_yb_rb_er Starting Mw-to-Er teleportation trial 815 at 24420000085749500.
24,450,000,085,749,500 WARNING main_het_teleport_mw_rb_yb_rb_er Mw-to-Er teleportation trial 815 succeeded (completed=True, direct match=True, latency=7.7280134375 seconds).
24,450,000,085,749,500 WARNING main_het_teleport_mw_rb_yb_rb_er Starting Mw-to-Er teleportation trial 816 at 24450000085749500.
24,480,000,085,749,500 WARNING main_het_teleport_mw_rb_yb_rb_er Mw-to-Er teleportation trial 816 succeeded (completed=True, direct match=True, latency=11.2110028125 seconds).
24,480,000,085,749,500 WARNING main_het_teleport_mw_rb_yb_rb_er Starting Mw-to-Er teleportation trial 817 at 24480000085749500.
24,510,000,085,749,500 WARNING main_het_teleport_mw_rb_yb_rb_er Mw-to-Er teleportation trial 817 succeeded (completed=True, direct match=True, latency=5.0322255625 seconds).
24,510,000,085,749,500 WARNING main_het_teleport_mw_rb_yb_rb_er Starting Mw-to-Er teleportation trial 818 at 24510000085749500.
24,540,000,085,749,500 WARNING main_het_teleport_mw_rb_yb_rb_er Mw-to-Er teleportation trial 818 succeeded (completed=True, direct match=True, latency=7.6749713125 seconds).
24,540,000,085,749,500 WARNING main_het_teleport_mw_rb_yb_rb_er Starting Mw-to-Er teleportation trial 819 at 24540000085749500.
24,570,000,085,749,500 WARNING main_het_teleport_mw_rb_yb_rb_er Mw-to-Er teleportation trial 819 succeeded (completed=True, direct match=True, latency=4.9264663125 seconds).
24,570,000,085,749,500 WARNING main_het_teleport_mw_rb_yb_rb_er Starting Mw-to-Er teleportation trial 820 at 24570000085749500.
24,600,000,085,749,500 WARNING main_het_teleport_mw_rb_yb_rb_er Mw-to-Er teleportation trial 820 failed (completed=True, direct match=False, latency=4.221923125 seconds).
24,600,000,085,749,500 WARNING main_het_teleport_mw_rb_yb_rb_er Starting Mw-to-Er teleportation trial 821 at 24600000085749500.
24,630,000,085,749,500 WARNING main_het_teleport_mw_rb_yb_rb_er Mw-to-Er teleportation trial 821 succeeded (completed=True, direct match=True, latency=2.8617236875 seconds).
24,630,000,085,749,500 WARNING main_het_teleport_mw_rb_yb_rb_er Starting Mw-to-Er teleportation trial 822 at 24630000085749500.
24,660,000,085,749,500 WARNING main_het_teleport_mw_rb_yb_rb_er Mw-to-Er teleportation trial 822 succeeded (completed=True, direct match=True, latency=6.995714125 seconds).
24,660,000,085,749,500 WARNING main_het_teleport_mw_rb_yb_rb_er Starting Mw-to-Er teleportation trial 823 at 24660000085749500.
24,690,000,085,749,500 WARNING main_het_teleport_mw_rb_yb_rb_er Mw-to-Er teleportation trial 823 succeeded (completed=True, direct match=True, latency=9.763264875 seconds).
24,690,000,085,749,500 WARNING main_het_teleport_mw_rb_yb_rb_er Starting Mw-to-Er teleportation trial 824 at 24690000085749500.
24,720,000,085,749,500 WARNING main_het_teleport_mw_rb_yb_rb_er Mw-to-Er teleportation trial 824 succeeded (completed=True, direct match=True, latency=2.794641 seconds).
24,720,000,085,749,500 WARNING main_het_teleport_mw_rb_yb_rb_er Starting Mw-to-Er teleportation trial 825 at 24720000085749500.
24,750,000,085,749,500 WARNING main_het_teleport_mw_rb_yb_rb_er Mw-to-Er teleportation trial 825 succeeded (completed=True, direct match=True, latency=7.689336875 seconds).
24,750,000,085,749,500 WARNING main_het_teleport_mw_rb_yb_rb_er Starting Mw-to-Er teleportation trial 826 at 24750000085749500.
24,780,000,085,749,500 WARNING main_het_teleport_mw_rb_yb_rb_er Mw-to-Er teleportation trial 826 succeeded (completed=True, direct match=True, latency=4.92458125 seconds).
24,780,000,085,749,500 WARNING main_het_teleport_mw_rb_yb_rb_er Starting Mw-to-Er teleportation trial 827 at 24780000085749500.
24,810,000,085,749,500 WARNING main_het_teleport_mw_rb_yb_rb_er Mw-to-Er teleportation trial 827 succeeded (completed=True, direct match=True, latency=7.02379525 seconds).
24,810,000,085,749,500 WARNING main_het_teleport_mw_rb_yb_rb_er Starting Mw-to-Er teleportation trial 828 at 24810000085749500.
24,840,000,085,749,500 WARNING main_het_teleport_mw_rb_yb_rb_er Mw-to-Er teleportation trial 828 succeeded (completed=True, direct match=True, latency=2.8832395625 seconds).
24,840,000,085,749,500 WARNING main_het_teleport_mw_rb_yb_rb_er Starting Mw-to-Er teleportation trial 829 at 24840000085749500.
24,870,000,085,749,500 WARNING main_het_teleport_mw_rb_yb_rb_er Mw-to-Er teleportation trial 829 failed (completed=True, direct match=False, latency=7.0315955625 seconds).
24,870,000,085,749,500 WARNING main_het_teleport_mw_rb_yb_rb_er Starting Mw-to-Er teleportation trial 830 at 24870000085749500.
24,900,000,085,749,500 WARNING main_het_teleport_mw_rb_yb_rb_er Mw-to-Er teleportation trial 830 succeeded (completed=True, direct match=True, latency=4.198120525 seconds).
24,900,000,085,749,500 WARNING main_het_teleport_mw_rb_yb_rb_er Starting Mw-to-Er teleportation trial 831 at 24900000085749500.
24,930,000,085,749,500 WARNING main_het_teleport_mw_rb_yb_rb_er Mw-to-Er teleportation trial 831 failed (completed=True, direct match=False, latency=3.534565625 seconds).
24,930,000,085,749,500 WARNING main_het_teleport_mw_rb_yb_rb_er Starting Mw-to-Er teleportation trial 832 at 24930000085749500.
24,960,000,085,749,500 WARNING main_het_teleport_mw_rb_yb_rb_er Mw-to-Er teleportation trial 832 succeeded (completed=True, direct match=True, latency=3.5492131625 seconds).
24,960,000,085,749,500 WARNING main_het_teleport_mw_rb_yb_rb_er Starting Mw-to-Er teleportation trial 833 at 24960000085749500.
24,990,000,085,749,500 WARNING main_het_teleport_mw_rb_yb_rb_er Mw-to-Er teleportation trial 833 succeeded (completed=True, direct match=True, latency=3.5392458125 seconds).
24,990,000,085,749,500 WARNING main_het_teleport_mw_rb_yb_rb_er Starting Mw-to-Er teleportation trial 834 at 24990000085749500.
25,020,000,085,749,500 WARNING main_het_teleport_mw_rb_yb_rb_er Mw-to-Er teleportation trial 834 succeeded (completed=True, direct match=True, latency=6.9660729375 seconds).
25,020,000,085,749,500 WARNING main_het_teleport_mw_rb_yb_rb_er Starting Mw-to-Er teleportation trial 835 at 25020000085749500.
25,050,000,085,749,500 WARNING main_het_teleport_mw_rb_yb_rb_er Mw-to-Er teleportation trial 835 failed (completed=True, direct match=False, latency=4.2689 seconds).
25,050,000,085,749,500 WARNING main_het_teleport_mw_rb_yb_rb_er Starting Mw-to-Er teleportation trial 836 at 25050000085749500.
25,080,000,085,749,500 WARNING main_het_teleport_mw_rb_yb_rb_er Mw-to-Er teleportation trial 836 failed (completed=True, direct match=False, latency=1.4060104375 seconds).
25,080,000,085,749,500 WARNING main_het_teleport_mw_rb_yb_rb_er Starting Mw-to-Er teleportation trial 837 at 25080000085749500.
25,110,000,085,749,500 WARNING main_het_teleport_mw_rb_yb_rb_er Mw-to-Er teleportation trial 837 succeeded (completed=True, direct match=True, latency=3.5705970625 seconds).
25,110,000,085,749,500 WARNING main_het_teleport_mw_rb_yb_rb_er Starting Mw-to-Er teleportation trial 838 at 25110000085749500.
25,140,000,085,749,500 WARNING main_het_teleport_mw_rb_yb_rb_er Mw-to-Er teleportation trial 838 succeeded (completed=True, direct match=True, latency=4.902890375 seconds).
25,140,000,085,749,500 WARNING main_het_teleport_mw_rb_yb_rb_er Starting Mw-to-Er teleportation trial 839 at 25140000085749500.
25,170,000,085,749,500 WARNING main_het_teleport_mw_rb_yb_rb_er Mw-to-Er teleportation trial 839 succeeded (completed=True, direct match=True, latency=6.3227221875 seconds).
25,170,000,085,749,500 WARNING main_het_teleport_mw_rb_yb_rb_er Starting Mw-to-Er teleportation trial 840 at 25170000085749500.
25,200,000,085,749,500 WARNING main_het_teleport_mw_rb_yb_rb_er Mw-to-Er teleportation trial 840 succeeded (completed=True, direct match=True, latency=4.9387718125 seconds).
25,200,000,085,749,500 WARNING main_het_teleport_mw_rb_yb_rb_er Starting Mw-to-Er teleportation trial 841 at 25200000085749500.
25,230,000,085,749,500 WARNING main_het_teleport_mw_rb_yb_rb_er Mw-to-Er teleportation trial 841 succeeded (completed=True, direct match=True, latency=2.772475125 seconds).
25,230,000,085,749,500 WARNING main_het_teleport_mw_rb_yb_rb_er Starting Mw-to-Er teleportation trial 842 at 25230000085749500.
25,260,000,085,749,500 WARNING main_het_teleport_mw_rb_yb_rb_er Mw-to-Er teleportation trial 842 succeeded (completed=True, direct match=True, latency=5.5885378125 seconds).
25,260,000,085,749,500 WARNING main_het_teleport_mw_rb_yb_rb_er Starting Mw-to-Er teleportation trial 843 at 25260000085749500.
25,290,000,085,749,500 WARNING main_het_teleport_mw_rb_yb_rb_er Mw-to-Er teleportation trial 843 succeeded (completed=True, direct match=True, latency=5.61178875 seconds).
25,290,000,085,749,500 WARNING main_het_teleport_mw_rb_yb_rb_er Starting Mw-to-Er teleportation trial 844 at 25290000085749500.
25,320,000,085,749,500 WARNING main_het_teleport_mw_rb_yb_rb_er Mw-to-Er teleportation trial 844 succeeded (completed=True, direct match=True, latency=4.921461125 seconds).
25,320,000,085,749,500 WARNING main_het_teleport_mw_rb_yb_rb_er Starting Mw-to-Er teleportation trial 845 at 25320000085749500.
25,350,000,085,749,500 WARNING main_het_teleport_mw_rb_yb_rb_er Mw-to-Er teleportation trial 845 succeeded (completed=True, direct match=True, latency=6.3381478125 seconds).
25,350,000,085,749,500 WARNING main_het_teleport_mw_rb_yb_rb_er Starting Mw-to-Er teleportation trial 846 at 25350000085749500.
25,380,000,085,749,500 WARNING main_het_teleport_mw_rb_yb_rb_er Mw-to-Er teleportation trial 846 succeeded (completed=True, direct match=True, latency=3.5393958125 seconds).
25,380,000,085,749,500 WARNING main_het_teleport_mw_rb_yb_rb_er Starting Mw-to-Er teleportation trial 847 at 25380000085749500.
25,410,000,085,749,500 WARNING main_het_teleport_mw_rb_yb_rb_er Mw-to-Er teleportation trial 847 succeeded (completed=True, direct match=True, latency=7.04893125 seconds).
25,410,000,085,749,500 WARNING main_het_teleport_mw_rb_yb_rb_er Starting Mw-to-Er teleportation trial 848 at 25410000085749500.
25,440,000,085,749,500 WARNING main_het_teleport_mw_rb_yb_rb_er Mw-to-Er teleportation trial 848 succeeded (completed=True, direct match=True, latency=3.4863536875 seconds).
25,440,000,085,749,500 WARNING main_het_teleport_mw_rb_yb_rb_er Starting Mw-to-Er teleportation trial 849 at 25440000085749500.
25,470,000,085,749,500 WARNING main_het_teleport_mw_rb_yb_rb_er Mw-to-Er teleportation trial 849 succeeded (completed=True, direct match=True, latency=2.66342075 seconds).
25,470,000,085,749,500 WARNING main_het_teleport_mw_rb_yb_rb_er Starting Mw-to-Er teleportation trial 850 at 25470000085749500.
25,500,000,085,749,500 WARNING main_het_teleport_mw_rb_yb_rb_er Mw-to-Er teleportation trial 850 failed (completed=True, direct match=False, latency=4.9138108125 seconds).
25,500,000,085,749,500 WARNING main_het_teleport_mw_rb_yb_rb_er Starting Mw-to-Er teleportation trial 851 at 25500000085749500.
25,530,000,085,749,500 WARNING main_het_teleport_mw_rb_yb_rb_er Mw-to-Er teleportation trial 851 succeeded (completed=True, direct match=True, latency=1.488111325 seconds).
25,530,000,085,749,500 WARNING main_het_teleport_mw_rb_yb_rb_er Starting Mw-to-Er teleportation trial 852 at 25530000085749500.
25,560,000,085,749,500 WARNING main_het_teleport_mw_rb_yb_rb_er Mw-to-Er teleportation trial 852 succeeded (completed=True, direct match=True, latency=9.7648249375 seconds).
25,560,000,085,749,500 WARNING main_het_teleport_mw_rb_yb_rb_er Starting Mw-to-Er teleportation trial 853 at 25560000085749500.
25,590,000,085,749,500 WARNING main_het_teleport_mw_rb_yb_rb_er Mw-to-Er teleportation trial 853 failed (completed=True, direct match=False, latency=6.3194270625 seconds).
25,590,000,085,749,500 WARNING main_het_teleport_mw_rb_yb_rb_er Starting Mw-to-Er teleportation trial 854 at 25590000085749500.
25,620,000,085,749,500 WARNING main_het_teleport_mw_rb_yb_rb_er Mw-to-Er teleportation trial 854 succeeded (completed=True, direct match=True, latency=4.2264533125 seconds).
25,620,000,085,749,500 WARNING main_het_teleport_mw_rb_yb_rb_er Starting Mw-to-Er teleportation trial 855 at 25620000085749500.
25,650,000,085,749,500 WARNING main_het_teleport_mw_rb_yb_rb_er Mw-to-Er teleportation trial 855 succeeded (completed=True, direct match=True, latency=4.7704600625 seconds).
25,650,000,085,749,500 WARNING main_het_teleport_mw_rb_yb_rb_er Starting Mw-to-Er teleportation trial 856 at 25650000085749500.
25,680,000,085,749,500 WARNING main_het_teleport_mw_rb_yb_rb_er Mw-to-Er teleportation trial 856 succeeded (completed=True, direct match=True, latency=3.565766875 seconds).
25,680,000,085,749,500 WARNING main_het_teleport_mw_rb_yb_rb_er Starting Mw-to-Er teleportation trial 857 at 25680000085749500.
25,710,000,085,749,500 WARNING main_het_teleport_mw_rb_yb_rb_er Mw-to-Er teleportation trial 857 failed (completed=True, direct match=False, latency=2.0074145 seconds).
25,710,000,085,749,500 WARNING main_het_teleport_mw_rb_yb_rb_er Starting Mw-to-Er teleportation trial 858 at 25710000085749500.
25,740,000,085,749,500 WARNING main_het_teleport_mw_rb_yb_rb_er Mw-to-Er teleportation trial 858 succeeded (completed=True, direct match=True, latency=9.806946625 seconds).
25,740,000,085,749,500 WARNING main_het_teleport_mw_rb_yb_rb_er Starting Mw-to-Er teleportation trial 859 at 25740000085749500.
25,770,000,085,749,500 WARNING main_het_teleport_mw_rb_yb_rb_er Mw-to-Er teleportation trial 859 succeeded (completed=True, direct match=True, latency=8.4058605625 seconds).
25,770,000,085,749,500 WARNING main_het_teleport_mw_rb_yb_rb_er Starting Mw-to-Er teleportation trial 860 at 25770000085749500.
25,800,000,085,749,500 WARNING main_het_teleport_mw_rb_yb_rb_er Mw-to-Er teleportation trial 860 failed (completed=True, direct match=False, latency=4.2545344375 seconds).
25,800,000,085,749,500 WARNING main_het_teleport_mw_rb_yb_rb_er Starting Mw-to-Er teleportation trial 861 at 25800000085749500.
25,830,000,085,749,500 WARNING main_het_teleport_mw_rb_yb_rb_er Mw-to-Er teleportation trial 861 succeeded (completed=True, direct match=True, latency=2.77559525 seconds).
25,830,000,085,749,500 WARNING main_het_teleport_mw_rb_yb_rb_er Starting Mw-to-Er teleportation trial 862 at 25830000085749500.
25,860,000,085,749,500 WARNING main_het_teleport_mw_rb_yb_rb_er Mw-to-Er teleportation trial 862 succeeded (completed=True, direct match=True, latency=12.624269375 seconds).
25,860,000,085,749,500 WARNING main_het_teleport_mw_rb_yb_rb_er Starting Mw-to-Er teleportation trial 863 at 25860000085749500.
25,890,000,085,749,500 WARNING main_het_teleport_mw_rb_yb_rb_er Mw-to-Er teleportation trial 863 failed (completed=True, direct match=False, latency=4.9559325 seconds).
25,890,000,085,749,500 WARNING main_het_teleport_mw_rb_yb_rb_er Starting Mw-to-Er teleportation trial 864 at 25890000085749500.
25,920,000,085,749,500 WARNING main_het_teleport_mw_rb_yb_rb_er Mw-to-Er teleportation trial 864 failed (completed=True, direct match=False, latency=4.2202130625 seconds).
25,920,000,085,749,500 WARNING main_het_teleport_mw_rb_yb_rb_er Starting Mw-to-Er teleportation trial 865 at 25920000085749500.
25,950,000,085,749,500 WARNING main_het_teleport_mw_rb_yb_rb_er Mw-to-Er teleportation trial 865 succeeded (completed=True, direct match=True, latency=5.59945825 seconds).
25,950,000,085,749,500 WARNING main_het_teleport_mw_rb_yb_rb_er Starting Mw-to-Er teleportation trial 866 at 25950000085749500.
25,980,000,085,749,500 WARNING main_het_teleport_mw_rb_yb_rb_er Mw-to-Er teleportation trial 866 succeeded (completed=True, direct match=True, latency=7.0409559375 seconds).
25,980,000,085,749,500 WARNING main_het_teleport_mw_rb_yb_rb_er Starting Mw-to-Er teleportation trial 867 at 25980000085749500.
26,010,000,085,749,500 WARNING main_het_teleport_mw_rb_yb_rb_er Mw-to-Er teleportation trial 867 failed (completed=True, direct match=False, latency=16.1058736875 seconds).
26,010,000,085,749,500 WARNING main_het_teleport_mw_rb_yb_rb_er Starting Mw-to-Er teleportation trial 868 at 26010000085749500.
26,040,000,085,749,500 WARNING main_het_teleport_mw_rb_yb_rb_er Mw-to-Er teleportation trial 868 succeeded (completed=True, direct match=True, latency=1.444862 seconds).
26,040,000,085,749,500 WARNING main_het_teleport_mw_rb_yb_rb_er Starting Mw-to-Er teleportation trial 869 at 26040000085749500.
26,070,000,085,749,500 WARNING main_het_teleport_mw_rb_yb_rb_er Mw-to-Er teleportation trial 869 succeeded (completed=True, direct match=True, latency=11.206322625 seconds).
26,070,000,085,749,500 WARNING main_het_teleport_mw_rb_yb_rb_er Starting Mw-to-Er teleportation trial 870 at 26070000085749500.
26,100,000,085,749,500 WARNING main_het_teleport_mw_rb_yb_rb_er Mw-to-Er teleportation trial 870 succeeded (completed=True, direct match=True, latency=4.2312835 seconds).
26,100,000,085,749,500 WARNING main_het_teleport_mw_rb_yb_rb_er Starting Mw-to-Er teleportation trial 871 at 26100000085749500.
26,130,000,085,749,500 WARNING main_het_teleport_mw_rb_yb_rb_er Mw-to-Er teleportation trial 871 succeeded (completed=True, direct match=True, latency=4.9292614375 seconds).
26,130,000,085,749,500 WARNING main_het_teleport_mw_rb_yb_rb_er Starting Mw-to-Er teleportation trial 872 at 26130000085749500.
26,160,000,085,749,500 WARNING main_het_teleport_mw_rb_yb_rb_er Mw-to-Er teleportation trial 872 failed (completed=True, direct match=False, latency=16.5341108125 seconds).
26,160,000,085,749,500 WARNING main_het_teleport_mw_rb_yb_rb_er Starting Mw-to-Er teleportation trial 873 at 26160000085749500.
26,190,000,085,749,500 WARNING main_het_teleport_mw_rb_yb_rb_er Mw-to-Er teleportation trial 873 succeeded (completed=True, direct match=True, latency=10.294466125 seconds).
26,190,000,085,749,500 WARNING main_het_teleport_mw_rb_yb_rb_er Starting Mw-to-Er teleportation trial 874 at 26190000085749500.
26,220,000,085,749,500 WARNING main_het_teleport_mw_rb_yb_rb_er Mw-to-Er teleportation trial 874 failed (completed=True, direct match=False, latency=3.453767375 seconds).
26,220,000,085,749,500 WARNING main_het_teleport_mw_rb_yb_rb_er Starting Mw-to-Er teleportation trial 875 at 26220000085749500.
26,250,000,085,749,500 WARNING main_het_teleport_mw_rb_yb_rb_er Mw-to-Er teleportation trial 875 succeeded (completed=True, direct match=True, latency=6.33676275 seconds).
26,250,000,085,749,500 WARNING main_het_teleport_mw_rb_yb_rb_er Starting Mw-to-Er teleportation trial 876 at 26250000085749500.
26,280,000,085,749,500 WARNING main_het_teleport_mw_rb_yb_rb_er Mw-to-Er teleportation trial 876 succeeded (completed=True, direct match=True, latency=2.2861383125 seconds).
26,280,000,085,749,500 WARNING main_het_teleport_mw_rb_yb_rb_er Starting Mw-to-Er teleportation trial 877 at 26280000085749500.
26,310,000,085,749,500 WARNING main_het_teleport_mw_rb_yb_rb_er Mw-to-Er teleportation trial 877 failed (completed=True, direct match=False, latency=14.530035625 seconds).
26,310,000,085,749,500 WARNING main_het_teleport_mw_rb_yb_rb_er Starting Mw-to-Er teleportation trial 878 at 26310000085749500.
26,340,000,085,749,500 WARNING main_het_teleport_mw_rb_yb_rb_er Mw-to-Er teleportation trial 878 succeeded (completed=True, direct match=True, latency=2.12597925 seconds).
26,340,000,085,749,500 WARNING main_het_teleport_mw_rb_yb_rb_er Starting Mw-to-Er teleportation trial 879 at 26340000085749500.
26,370,000,085,749,500 WARNING main_het_teleport_mw_rb_yb_rb_er Mw-to-Er teleportation trial 879 succeeded (completed=True, direct match=True, latency=9.83502775 seconds).
26,370,000,085,749,500 WARNING main_het_teleport_mw_rb_yb_rb_er Starting Mw-to-Er teleportation trial 880 at 26370000085749500.
26,400,000,085,749,500 WARNING main_het_teleport_mw_rb_yb_rb_er Mw-to-Er teleportation trial 880 succeeded (completed=True, direct match=True, latency=4.21256275 seconds).
26,400,000,085,749,500 WARNING main_het_teleport_mw_rb_yb_rb_er Starting Mw-to-Er teleportation trial 881 at 26400000085749500.
26,430,000,085,749,500 WARNING main_het_teleport_mw_rb_yb_rb_er Mw-to-Er teleportation trial 881 succeeded (completed=True, direct match=True, latency=18.20632275 seconds).
26,430,000,085,749,500 WARNING main_het_teleport_mw_rb_yb_rb_er Starting Mw-to-Er teleportation trial 882 at 26430000085749500.
26,460,000,085,749,500 WARNING main_het_teleport_mw_rb_yb_rb_er Mw-to-Er teleportation trial 882 failed (completed=True, direct match=False, latency=6.2806005 seconds).
26,460,000,085,749,500 WARNING main_het_teleport_mw_rb_yb_rb_er Starting Mw-to-Er teleportation trial 883 at 26460000085749500.
26,490,000,085,749,500 WARNING main_het_teleport_mw_rb_yb_rb_er Mw-to-Er teleportation trial 883 succeeded (completed=True, direct match=True, latency=5.6883818125 seconds).
26,490,000,085,749,500 WARNING main_het_teleport_mw_rb_yb_rb_er Starting Mw-to-Er teleportation trial 884 at 26490000085749500.
26,520,000,085,749,500 WARNING main_het_teleport_mw_rb_yb_rb_er Mw-to-Er teleportation trial 884 succeeded (completed=True, direct match=True, latency=7.7032024375 seconds).
26,520,000,085,749,500 WARNING main_het_teleport_mw_rb_yb_rb_er Starting Mw-to-Er teleportation trial 885 at 26520000085749500.
26,550,000,085,749,500 WARNING main_het_teleport_mw_rb_yb_rb_er Mw-to-Er teleportation trial 885 failed (completed=True, direct match=False, latency=8.438771875 seconds).
26,550,000,085,749,500 WARNING main_het_teleport_mw_rb_yb_rb_er Starting Mw-to-Er teleportation trial 886 at 26550000085749500.
26,580,000,085,749,500 WARNING main_het_teleport_mw_rb_yb_rb_er Mw-to-Er teleportation trial 886 succeeded (completed=True, direct match=True, latency=4.159695625 seconds).
26,580,000,085,749,500 WARNING main_het_teleport_mw_rb_yb_rb_er Starting Mw-to-Er teleportation trial 887 at 26580000085749500.
26,610,000,085,749,500 WARNING main_het_teleport_mw_rb_yb_rb_er Mw-to-Er teleportation trial 887 succeeded (completed=True, direct match=True, latency=4.1267593125 seconds).
26,610,000,085,749,500 WARNING main_het_teleport_mw_rb_yb_rb_er Starting Mw-to-Er teleportation trial 888 at 26610000085749500.
26,640,000,085,749,500 WARNING main_het_teleport_mw_rb_yb_rb_er Mw-to-Er teleportation trial 888 succeeded (completed=True, direct match=True, latency=4.321123 seconds).
26,640,000,085,749,500 WARNING main_het_teleport_mw_rb_yb_rb_er Starting Mw-to-Er teleportation trial 889 at 26640000085749500.
26,670,000,085,749,500 WARNING main_het_teleport_mw_rb_yb_rb_er Mw-to-Er teleportation trial 889 succeeded (completed=True, direct match=True, latency=6.3599886875 seconds).
26,670,000,085,749,500 WARNING main_het_teleport_mw_rb_yb_rb_er Starting Mw-to-Er teleportation trial 890 at 26670000085749500.
26,700,000,085,749,500 WARNING main_het_teleport_mw_rb_yb_rb_er Mw-to-Er teleportation trial 890 succeeded (completed=True, direct match=True, latency=4.209442625 seconds).
26,700,000,085,749,500 WARNING main_het_teleport_mw_rb_yb_rb_er Starting Mw-to-Er teleportation trial 891 at 26700000085749500.
26,730,000,085,749,500 WARNING main_het_teleport_mw_rb_yb_rb_er Mw-to-Er teleportation trial 891 succeeded (completed=True, direct match=True, latency=8.4652929375 seconds).
26,730,000,085,749,500 WARNING main_het_teleport_mw_rb_yb_rb_er Starting Mw-to-Er teleportation trial 892 at 26730000085749500.
26,760,000,085,749,500 WARNING main_het_teleport_mw_rb_yb_rb_er Mw-to-Er teleportation trial 892 succeeded (completed=True, direct match=True, latency=5.0737944 seconds).
26,760,000,085,749,500 WARNING main_het_teleport_mw_rb_yb_rb_er Starting Mw-to-Er teleportation trial 893 at 26760000085749500.
26,790,000,085,749,500 WARNING main_het_teleport_mw_rb_yb_rb_er Mw-to-Er teleportation trial 893 succeeded (completed=True, direct match=True, latency=11.190722 seconds).
26,790,000,085,749,500 WARNING main_het_teleport_mw_rb_yb_rb_er Starting Mw-to-Er teleportation trial 894 at 26790000085749500.
26,820,000,085,749,500 WARNING main_het_teleport_mw_rb_yb_rb_er Mw-to-Er teleportation trial 894 succeeded (completed=True, direct match=True, latency=2.135339625 seconds).
26,820,000,085,749,500 WARNING main_het_teleport_mw_rb_yb_rb_er Starting Mw-to-Er teleportation trial 895 at 26820000085749500.
26,850,000,085,749,500 WARNING main_het_teleport_mw_rb_yb_rb_er Mw-to-Er teleportation trial 895 succeeded (completed=True, direct match=True, latency=3.51287475 seconds).
26,850,000,085,749,500 WARNING main_het_teleport_mw_rb_yb_rb_er Starting Mw-to-Er teleportation trial 896 at 26850000085749500.
26,880,000,085,749,500 WARNING main_het_teleport_mw_rb_yb_rb_er Mw-to-Er teleportation trial 896 succeeded (completed=True, direct match=True, latency=7.69852225 seconds).
26,880,000,085,749,500 WARNING main_het_teleport_mw_rb_yb_rb_er Starting Mw-to-Er teleportation trial 897 at 26880000085749500.
26,910,000,085,749,500 WARNING main_het_teleport_mw_rb_yb_rb_er Mw-to-Er teleportation trial 897 succeeded (completed=True, direct match=True, latency=7.0161699375 seconds).
26,910,000,085,749,500 WARNING main_het_teleport_mw_rb_yb_rb_er Starting Mw-to-Er teleportation trial 898 at 26910000085749500.
26,940,000,085,749,500 WARNING main_het_teleport_mw_rb_yb_rb_er Mw-to-Er teleportation trial 898 failed (completed=True, direct match=False, latency=10.469193125 seconds).
26,940,000,085,749,500 WARNING main_het_teleport_mw_rb_yb_rb_er Starting Mw-to-Er teleportation trial 899 at 26940000085749500.
26,970,000,085,749,500 WARNING main_het_teleport_mw_rb_yb_rb_er Mw-to-Er teleportation trial 899 succeeded (completed=True, direct match=True, latency=4.1952520625 seconds).
26,970,000,085,749,500 WARNING main_het_teleport_mw_rb_yb_rb_er Starting Mw-to-Er teleportation trial 900 at 26970000085749500.
27,000,000,085,749,500 WARNING main_het_teleport_mw_rb_yb_rb_er Mw-to-Er teleportation trial 900 failed (completed=True, direct match=False, latency=7.0298855 seconds).
27,000,000,085,749,500 WARNING main_het_teleport_mw_rb_yb_rb_er Starting Mw-to-Er teleportation trial 901 at 27000000085749500.
27,030,000,085,749,500 WARNING main_het_teleport_mw_rb_yb_rb_er Mw-to-Er teleportation trial 901 succeeded (completed=True, direct match=True, latency=7.745499125 seconds).
27,030,000,085,749,500 WARNING main_het_teleport_mw_rb_yb_rb_er Starting Mw-to-Er teleportation trial 902 at 27030000085749500.
27,060,000,085,749,500 WARNING main_het_teleport_mw_rb_yb_rb_er Mw-to-Er teleportation trial 902 succeeded (completed=True, direct match=True, latency=8.426141375 seconds).
27,060,000,085,749,500 WARNING main_het_teleport_mw_rb_yb_rb_er Starting Mw-to-Er teleportation trial 903 at 27060000085749500.
27,090,000,085,749,500 WARNING main_het_teleport_mw_rb_yb_rb_er Mw-to-Er teleportation trial 903 succeeded (completed=True, direct match=True, latency=10.54719625 seconds).
27,090,000,085,749,500 WARNING main_het_teleport_mw_rb_yb_rb_er Starting Mw-to-Er teleportation trial 904 at 27090000085749500.
27,120,000,085,749,500 WARNING main_het_teleport_mw_rb_yb_rb_er Mw-to-Er teleportation trial 904 succeeded (completed=True, direct match=True, latency=14.667171125 seconds).
27,120,000,085,749,500 WARNING main_het_teleport_mw_rb_yb_rb_er Starting Mw-to-Er teleportation trial 905 at 27120000085749500.
27,150,000,085,749,500 WARNING main_het_teleport_mw_rb_yb_rb_er Mw-to-Er teleportation trial 905 failed (completed=True, direct match=False, latency=9.1306595625 seconds).
27,150,000,085,749,500 WARNING main_het_teleport_mw_rb_yb_rb_er Starting Mw-to-Er teleportation trial 906 at 27150000085749500.
27,180,000,085,749,500 WARNING main_het_teleport_mw_rb_yb_rb_er Mw-to-Er teleportation trial 906 succeeded (completed=True, direct match=True, latency=2.70086225 seconds).
27,180,000,085,749,500 WARNING main_het_teleport_mw_rb_yb_rb_er Starting Mw-to-Er teleportation trial 907 at 27180000085749500.
27,210,000,085,749,500 WARNING main_het_teleport_mw_rb_yb_rb_er Mw-to-Er teleportation trial 907 succeeded (completed=True, direct match=True, latency=9.0965131875 seconds).
27,210,000,085,749,500 WARNING main_het_teleport_mw_rb_yb_rb_er Starting Mw-to-Er teleportation trial 908 at 27210000085749500.
27,240,000,085,749,500 WARNING main_het_teleport_mw_rb_yb_rb_er Mw-to-Er teleportation trial 908 succeeded (completed=True, direct match=True, latency=2.11349875 seconds).
27,240,000,085,749,500 WARNING main_het_teleport_mw_rb_yb_rb_er Starting Mw-to-Er teleportation trial 909 at 27240000085749500.
27,270,000,085,749,500 WARNING main_het_teleport_mw_rb_yb_rb_er Mw-to-Er teleportation trial 909 succeeded (completed=True, direct match=True, latency=3.5485393625 seconds).
27,270,000,085,749,500 WARNING main_het_teleport_mw_rb_yb_rb_er Starting Mw-to-Er teleportation trial 910 at 27270000085749500.
27,300,000,085,749,500 WARNING main_het_teleport_mw_rb_yb_rb_er Mw-to-Er teleportation trial 910 succeeded (completed=True, direct match=True, latency=3.522085125 seconds).
27,300,000,085,749,500 WARNING main_het_teleport_mw_rb_yb_rb_er Starting Mw-to-Er teleportation trial 911 at 27300000085749500.
27,330,000,085,749,500 WARNING main_het_teleport_mw_rb_yb_rb_er Mw-to-Er teleportation trial 911 succeeded (completed=True, direct match=True, latency=2.1850105125 seconds).
27,330,000,085,749,500 WARNING main_het_teleport_mw_rb_yb_rb_er Starting Mw-to-Er teleportation trial 912 at 27330000085749500.
27,360,000,085,749,500 WARNING main_het_teleport_mw_rb_yb_rb_er Mw-to-Er teleportation trial 912 succeeded (completed=True, direct match=True, latency=4.7858856875 seconds).
27,360,000,085,749,500 WARNING main_het_teleport_mw_rb_yb_rb_er Starting Mw-to-Er teleportation trial 913 at 27360000085749500.
27,390,000,085,749,500 WARNING main_het_teleport_mw_rb_yb_rb_er Mw-to-Er teleportation trial 913 succeeded (completed=True, direct match=True, latency=16.110378875 seconds).
27,390,000,085,749,500 WARNING main_het_teleport_mw_rb_yb_rb_er Starting Mw-to-Er teleportation trial 914 at 27390000085749500.
27,420,000,085,749,500 WARNING main_het_teleport_mw_rb_yb_rb_er Mw-to-Er teleportation trial 914 failed (completed=True, direct match=False, latency=11.2453241875 seconds).
27,420,000,085,749,500 WARNING main_het_teleport_mw_rb_yb_rb_er Starting Mw-to-Er teleportation trial 915 at 27420000085749500.
27,450,000,085,749,500 WARNING main_het_teleport_mw_rb_yb_rb_er Mw-to-Er teleportation trial 915 succeeded (completed=True, direct match=True, latency=7.7094426875 seconds).
27,450,000,085,749,500 WARNING main_het_teleport_mw_rb_yb_rb_er Starting Mw-to-Er teleportation trial 916 at 27450000085749500.
27,480,000,085,749,500 WARNING main_het_teleport_mw_rb_yb_rb_er Mw-to-Er teleportation trial 916 failed (completed=True, direct match=False, latency=6.32410725 seconds).
27,480,000,085,749,500 WARNING main_het_teleport_mw_rb_yb_rb_er Starting Mw-to-Er teleportation trial 917 at 27480000085749500.
27,510,000,085,749,500 WARNING main_het_teleport_mw_rb_yb_rb_er Mw-to-Er teleportation trial 917 succeeded (completed=True, direct match=True, latency=9.791346 seconds).
27,510,000,085,749,500 WARNING main_het_teleport_mw_rb_yb_rb_er Starting Mw-to-Er teleportation trial 918 at 27510000085749500.
27,540,000,085,749,500 WARNING main_het_teleport_mw_rb_yb_rb_er Mw-to-Er teleportation trial 918 succeeded (completed=True, direct match=True, latency=7.0314455625 seconds).
27,540,000,085,749,500 WARNING main_het_teleport_mw_rb_yb_rb_er Starting Mw-to-Er teleportation trial 919 at 27540000085749500.
27,570,000,085,749,500 WARNING main_het_teleport_mw_rb_yb_rb_er Mw-to-Er teleportation trial 919 succeeded (completed=True, direct match=True, latency=11.918341125 seconds).
27,570,000,085,749,500 WARNING main_het_teleport_mw_rb_yb_rb_er Starting Mw-to-Er teleportation trial 920 at 27570000085749500.
27,600,000,085,749,500 WARNING main_het_teleport_mw_rb_yb_rb_er Mw-to-Er teleportation trial 920 succeeded (completed=True, direct match=True, latency=6.9551525 seconds).
27,600,000,085,749,500 WARNING main_het_teleport_mw_rb_yb_rb_er Starting Mw-to-Er teleportation trial 921 at 27600000085749500.
27,630,000,085,749,500 WARNING main_het_teleport_mw_rb_yb_rb_er Mw-to-Er teleportation trial 921 succeeded (completed=True, direct match=True, latency=4.93721175 seconds).
27,630,000,085,749,500 WARNING main_het_teleport_mw_rb_yb_rb_er Starting Mw-to-Er teleportation trial 922 at 27630000085749500.
27,660,000,085,749,500 WARNING main_het_teleport_mw_rb_yb_rb_er Mw-to-Er teleportation trial 922 succeeded (completed=True, direct match=True, latency=6.98635375 seconds).
27,660,000,085,749,500 WARNING main_het_teleport_mw_rb_yb_rb_er Starting Mw-to-Er teleportation trial 923 at 27660000085749500.
27,690,000,085,749,500 WARNING main_het_teleport_mw_rb_yb_rb_er Mw-to-Er teleportation trial 923 failed (completed=True, direct match=False, latency=5.593393 seconds).
27,690,000,085,749,500 WARNING main_het_teleport_mw_rb_yb_rb_er Starting Mw-to-Er teleportation trial 924 at 27690000085749500.
27,720,000,085,749,500 WARNING main_het_teleport_mw_rb_yb_rb_er Mw-to-Er teleportation trial 924 failed (completed=True, direct match=False, latency=6.317717 seconds).
27,720,000,085,749,500 WARNING main_het_teleport_mw_rb_yb_rb_er Starting Mw-to-Er teleportation trial 925 at 27720000085749500.
27,750,000,085,749,500 WARNING main_het_teleport_mw_rb_yb_rb_er Mw-to-Er teleportation trial 925 succeeded (completed=True, direct match=True, latency=4.197137125 seconds).
27,750,000,085,749,500 WARNING main_het_teleport_mw_rb_yb_rb_er Starting Mw-to-Er teleportation trial 926 at 27750000085749500.
27,780,000,085,749,500 WARNING main_het_teleport_mw_rb_yb_rb_er Mw-to-Er teleportation trial 926 succeeded (completed=True, direct match=True, latency=2.122709125 seconds).
27,780,000,085,749,500 WARNING main_het_teleport_mw_rb_yb_rb_er Starting Mw-to-Er teleportation trial 927 at 27780000085749500.
27,810,000,085,749,500 WARNING main_het_teleport_mw_rb_yb_rb_er Mw-to-Er teleportation trial 927 failed (completed=True, direct match=False, latency=3.6144384125 seconds).
27,810,000,085,749,500 WARNING main_het_teleport_mw_rb_yb_rb_er Starting Mw-to-Er teleportation trial 928 at 27810000085749500.
27,840,000,085,749,500 WARNING main_het_teleport_mw_rb_yb_rb_er Mw-to-Er teleportation trial 928 succeeded (completed=True, direct match=True, latency=15.360768875 seconds).
27,840,000,085,749,500 WARNING main_het_teleport_mw_rb_yb_rb_er Starting Mw-to-Er teleportation trial 929 at 27840000085749500.
27,870,000,085,749,500 WARNING main_het_teleport_mw_rb_yb_rb_er Mw-to-Er teleportation trial 929 succeeded (completed=True, direct match=True, latency=2.8114766875 seconds).
27,870,000,085,749,500 WARNING main_het_teleport_mw_rb_yb_rb_er Starting Mw-to-Er teleportation trial 930 at 27870000085749500.
27,900,000,085,749,500 WARNING main_het_teleport_mw_rb_yb_rb_er Mw-to-Er teleportation trial 930 succeeded (completed=True, direct match=True, latency=2.1025783125 seconds).
27,900,000,085,749,500 WARNING main_het_teleport_mw_rb_yb_rb_er Starting Mw-to-Er teleportation trial 931 at 27900000085749500.
27,930,000,085,749,500 WARNING main_het_teleport_mw_rb_yb_rb_er Mw-to-Er teleportation trial 931 succeeded (completed=True, direct match=True, latency=9.0793525 seconds).
27,930,000,085,749,500 WARNING main_het_teleport_mw_rb_yb_rb_er Starting Mw-to-Er teleportation trial 932 at 27930000085749500.
27,960,000,085,749,500 WARNING main_het_teleport_mw_rb_yb_rb_er Mw-to-Er teleportation trial 932 succeeded (completed=True, direct match=True, latency=2.1273893125 seconds).
27,960,000,085,749,500 WARNING main_het_teleport_mw_rb_yb_rb_er Starting Mw-to-Er teleportation trial 933 at 27960000085749500.
27,990,000,085,749,500 WARNING main_het_teleport_mw_rb_yb_rb_er Mw-to-Er teleportation trial 933 succeeded (completed=True, direct match=True, latency=4.303046375 seconds).
27,990,000,085,749,500 WARNING main_het_teleport_mw_rb_yb_rb_er Starting Mw-to-Er teleportation trial 934 at 27990000085749500.
28,020,000,085,749,500 WARNING main_het_teleport_mw_rb_yb_rb_er Mw-to-Er teleportation trial 934 succeeded (completed=True, direct match=True, latency=4.1812115 seconds).
28,020,000,085,749,500 WARNING main_het_teleport_mw_rb_yb_rb_er Starting Mw-to-Er teleportation trial 935 at 28020000085749500.
28,050,000,085,749,500 WARNING main_het_teleport_mw_rb_yb_rb_er Mw-to-Er teleportation trial 935 succeeded (completed=True, direct match=True, latency=12.6166190625 seconds).
28,050,000,085,749,500 WARNING main_het_teleport_mw_rb_yb_rb_er Starting Mw-to-Er teleportation trial 936 at 28050000085749500.
28,080,000,085,749,500 WARNING main_het_teleport_mw_rb_yb_rb_er Mw-to-Er teleportation trial 936 succeeded (completed=True, direct match=True, latency=9.8038265 seconds).
28,080,000,085,749,500 WARNING main_het_teleport_mw_rb_yb_rb_er Starting Mw-to-Er teleportation trial 937 at 28080000085749500.
28,110,000,085,749,500 WARNING main_het_teleport_mw_rb_yb_rb_er Mw-to-Er teleportation trial 937 succeeded (completed=True, direct match=True, latency=3.5300354375 seconds).
28,110,000,085,749,500 WARNING main_het_teleport_mw_rb_yb_rb_er Starting Mw-to-Er teleportation trial 938 at 28110000085749500.
28,140,000,085,749,500 WARNING main_het_teleport_mw_rb_yb_rb_er Mw-to-Er teleportation trial 938 succeeded (completed=True, direct match=True, latency=4.968413 seconds).
28,140,000,085,749,500 WARNING main_het_teleport_mw_rb_yb_rb_er Starting Mw-to-Er teleportation trial 939 at 28140000085749500.
28,170,000,085,749,500 WARNING main_het_teleport_mw_rb_yb_rb_er Mw-to-Er teleportation trial 939 succeeded (completed=True, direct match=True, latency=4.21256275 seconds).
28,170,000,085,749,500 WARNING main_het_teleport_mw_rb_yb_rb_er Starting Mw-to-Er teleportation trial 940 at 28170000085749500.
28,200,000,085,749,500 WARNING main_het_teleport_mw_rb_yb_rb_er Mw-to-Er teleportation trial 940 succeeded (completed=True, direct match=True, latency=9.1649809375 seconds).
28,200,000,085,749,500 WARNING main_het_teleport_mw_rb_yb_rb_er Starting Mw-to-Er teleportation trial 941 at 28200000085749500.
28,230,000,085,749,500 WARNING main_het_teleport_mw_rb_yb_rb_er Mw-to-Er teleportation trial 941 failed (completed=True, direct match=False, latency=4.8810495 seconds).
28,230,000,085,749,500 WARNING main_het_teleport_mw_rb_yb_rb_er Starting Mw-to-Er teleportation trial 942 at 28230000085749500.
28,260,000,085,749,500 WARNING main_het_teleport_mw_rb_yb_rb_er Mw-to-Er teleportation trial 942 failed (completed=True, direct match=False, latency=5.66203575 seconds).
28,260,000,085,749,500 WARNING main_het_teleport_mw_rb_yb_rb_er Starting Mw-to-Er teleportation trial 943 at 28260000085749500.
28,290,000,085,749,500 WARNING main_het_teleport_mw_rb_yb_rb_er Mw-to-Er teleportation trial 943 succeeded (completed=True, direct match=True, latency=4.1799764375 seconds).
28,290,000,085,749,500 WARNING main_het_teleport_mw_rb_yb_rb_er Starting Mw-to-Er teleportation trial 944 at 28290000085749500.
28,320,000,085,749,500 WARNING main_het_teleport_mw_rb_yb_rb_er Mw-to-Er teleportation trial 944 succeeded (completed=True, direct match=True, latency=4.221773125 seconds).
28,320,000,085,749,500 WARNING main_het_teleport_mw_rb_yb_rb_er Starting Mw-to-Er teleportation trial 945 at 28320000085749500.
28,350,000,085,749,500 WARNING main_het_teleport_mw_rb_yb_rb_er Mw-to-Er teleportation trial 945 succeeded (completed=True, direct match=True, latency=16.10725875 seconds).
28,350,000,085,749,500 WARNING main_het_teleport_mw_rb_yb_rb_er Starting Mw-to-Er teleportation trial 946 at 28350000085749500.
28,380,000,085,749,500 WARNING main_het_teleport_mw_rb_yb_rb_er Mw-to-Er teleportation trial 946 succeeded (completed=True, direct match=True, latency=4.9262913125 seconds).
28,380,000,085,749,500 WARNING main_het_teleport_mw_rb_yb_rb_er Starting Mw-to-Er teleportation trial 947 at 28380000085749500.
28,410,000,085,749,500 WARNING main_het_teleport_mw_rb_yb_rb_er Mw-to-Er teleportation trial 947 succeeded (completed=True, direct match=True, latency=3.503364375 seconds).
28,410,000,085,749,500 WARNING main_het_teleport_mw_rb_yb_rb_er Starting Mw-to-Er teleportation trial 948 at 28410000085749500.
28,440,000,085,749,500 WARNING main_het_teleport_mw_rb_yb_rb_er Mw-to-Er teleportation trial 948 succeeded (completed=True, direct match=True, latency=4.9077455625 seconds).
28,440,000,085,749,500 WARNING main_het_teleport_mw_rb_yb_rb_er Starting Mw-to-Er teleportation trial 949 at 28440000085749500.
28,470,000,085,749,500 WARNING main_het_teleport_mw_rb_yb_rb_er Mw-to-Er teleportation trial 949 succeeded (completed=True, direct match=True, latency=7.039570875 seconds).
28,470,000,085,749,500 WARNING main_het_teleport_mw_rb_yb_rb_er Starting Mw-to-Er teleportation trial 950 at 28470000085749500.
28,500,000,085,749,500 WARNING main_het_teleport_mw_rb_yb_rb_er Mw-to-Er teleportation trial 950 succeeded (completed=True, direct match=True, latency=3.5175549375 seconds).
28,500,000,085,749,500 WARNING main_het_teleport_mw_rb_yb_rb_er Starting Mw-to-Er teleportation trial 951 at 28500000085749500.
28,530,000,085,749,500 WARNING main_het_teleport_mw_rb_yb_rb_er Mw-to-Er teleportation trial 951 succeeded (completed=True, direct match=True, latency=13.3100668125 seconds).
28,530,000,085,749,500 WARNING main_het_teleport_mw_rb_yb_rb_er Starting Mw-to-Er teleportation trial 952 at 28530000085749500.
28,560,000,085,749,500 WARNING main_het_teleport_mw_rb_yb_rb_er Mw-to-Er teleportation trial 952 succeeded (completed=True, direct match=True, latency=4.9200510625 seconds).
28,560,000,085,749,500 WARNING main_het_teleport_mw_rb_yb_rb_er Starting Mw-to-Er teleportation trial 953 at 28560000085749500.
28,590,000,085,749,500 WARNING main_het_teleport_mw_rb_yb_rb_er Mw-to-Er teleportation trial 953 succeeded (completed=True, direct match=True, latency=3.515994875 seconds).
28,590,000,085,749,500 WARNING main_het_teleport_mw_rb_yb_rb_er Starting Mw-to-Er teleportation trial 954 at 28590000085749500.
28,620,000,085,749,500 WARNING main_het_teleport_mw_rb_yb_rb_er Mw-to-Er teleportation trial 954 succeeded (completed=True, direct match=True, latency=4.153130375 seconds).
28,620,000,085,749,500 WARNING main_het_teleport_mw_rb_yb_rb_er Starting Mw-to-Er teleportation trial 955 at 28620000085749500.
28,650,000,085,749,500 WARNING main_het_teleport_mw_rb_yb_rb_er Mw-to-Er teleportation trial 955 failed (completed=True, direct match=False, latency=0.7281633125 seconds).
28,650,000,085,749,500 WARNING main_het_teleport_mw_rb_yb_rb_er Starting Mw-to-Er teleportation trial 956 at 28650000085749500.
28,680,000,085,749,500 WARNING main_het_teleport_mw_rb_yb_rb_er Mw-to-Er teleportation trial 956 failed (completed=True, direct match=False, latency=3.51287475 seconds).
28,680,000,085,749,500 WARNING main_het_teleport_mw_rb_yb_rb_er Starting Mw-to-Er teleportation trial 957 at 28680000085749500.
28,710,000,085,749,500 WARNING main_het_teleport_mw_rb_yb_rb_er Mw-to-Er teleportation trial 957 succeeded (completed=True, direct match=True, latency=3.7106291125 seconds).
28,710,000,085,749,500 WARNING main_het_teleport_mw_rb_yb_rb_er Starting Mw-to-Er teleportation trial 958 at 28710000085749500.
28,740,000,085,749,500 WARNING main_het_teleport_mw_rb_yb_rb_er Mw-to-Er teleportation trial 958 succeeded (completed=True, direct match=True, latency=5.6258293125 seconds).
28,740,000,085,749,500 WARNING main_het_teleport_mw_rb_yb_rb_er Starting Mw-to-Er teleportation trial 959 at 28740000085749500.
28,770,000,085,749,500 WARNING main_het_teleport_mw_rb_yb_rb_er Mw-to-Er teleportation trial 959 succeeded (completed=True, direct match=True, latency=2.147820125 seconds).
28,770,000,085,749,500 WARNING main_het_teleport_mw_rb_yb_rb_er Starting Mw-to-Er teleportation trial 960 at 28770000085749500.
28,800,000,085,749,500 WARNING main_het_teleport_mw_rb_yb_rb_er Mw-to-Er teleportation trial 960 failed (completed=True, direct match=False, latency=3.4990091875 seconds).
28,800,000,085,749,500 WARNING main_het_teleport_mw_rb_yb_rb_er Starting Mw-to-Er teleportation trial 961 at 28800000085749500.
28,830,000,085,749,500 WARNING main_het_teleport_mw_rb_yb_rb_er Mw-to-Er teleportation trial 961 succeeded (completed=True, direct match=True, latency=2.894563525 seconds).
28,830,000,085,749,500 WARNING main_het_teleport_mw_rb_yb_rb_er Starting Mw-to-Er teleportation trial 962 at 28830000085749500.
28,860,000,085,749,500 WARNING main_het_teleport_mw_rb_yb_rb_er Mw-to-Er teleportation trial 962 succeeded (completed=True, direct match=True, latency=3.509604625 seconds).
28,860,000,085,749,500 WARNING main_het_teleport_mw_rb_yb_rb_er Starting Mw-to-Er teleportation trial 963 at 28860000085749500.
28,890,000,085,749,500 WARNING main_het_teleport_mw_rb_yb_rb_er Mw-to-Er teleportation trial 963 succeeded (completed=True, direct match=True, latency=2.8617570125 seconds).
28,890,000,085,749,500 WARNING main_het_teleport_mw_rb_yb_rb_er Starting Mw-to-Er teleportation trial 964 at 28890000085749500.
28,920,000,085,749,500 WARNING main_het_teleport_mw_rb_yb_rb_er Mw-to-Er teleportation trial 964 succeeded (completed=True, direct match=True, latency=9.8679640625 seconds).
28,920,000,085,749,500 WARNING main_het_teleport_mw_rb_yb_rb_er Starting Mw-to-Er teleportation trial 965 at 28920000085749500.
28,950,000,085,749,500 WARNING main_het_teleport_mw_rb_yb_rb_er Mw-to-Er teleportation trial 965 failed (completed=True, direct match=False, latency=11.1922820625 seconds).
28,950,000,085,749,500 WARNING main_het_teleport_mw_rb_yb_rb_er Starting Mw-to-Er teleportation trial 966 at 28950000085749500.
28,980,000,085,749,500 WARNING main_het_teleport_mw_rb_yb_rb_er Mw-to-Er teleportation trial 966 succeeded (completed=True, direct match=True, latency=7.6968121875 seconds).
28,980,000,085,749,500 WARNING main_het_teleport_mw_rb_yb_rb_er Starting Mw-to-Er teleportation trial 967 at 28980000085749500.
29,010,000,085,749,500 WARNING main_het_teleport_mw_rb_yb_rb_er Mw-to-Er teleportation trial 967 succeeded (completed=True, direct match=True, latency=5.1541582875 seconds).
29,010,000,085,749,500 WARNING main_het_teleport_mw_rb_yb_rb_er Starting Mw-to-Er teleportation trial 968 at 29010000085749500.
29,040,000,085,749,500 WARNING main_het_teleport_mw_rb_yb_rb_er Mw-to-Er teleportation trial 968 succeeded (completed=True, direct match=True, latency=8.4277014375 seconds).
29,040,000,085,749,500 WARNING main_het_teleport_mw_rb_yb_rb_er Starting Mw-to-Er teleportation trial 969 at 29040000085749500.
29,070,000,085,749,500 WARNING main_het_teleport_mw_rb_yb_rb_er Mw-to-Er teleportation trial 969 succeeded (completed=True, direct match=True, latency=5.5760573125 seconds).
29,070,000,085,749,500 WARNING main_het_teleport_mw_rb_yb_rb_er Starting Mw-to-Er teleportation trial 970 at 29070000085749500.
29,100,000,085,749,500 WARNING main_het_teleport_mw_rb_yb_rb_er Mw-to-Er teleportation trial 970 succeeded (completed=True, direct match=True, latency=3.4487621875 seconds).
29,100,000,085,749,500 WARNING main_het_teleport_mw_rb_yb_rb_er Starting Mw-to-Er teleportation trial 971 at 29100000085749500.
29,130,000,085,749,500 WARNING main_het_teleport_mw_rb_yb_rb_er Mw-to-Er teleportation trial 971 succeeded (completed=True, direct match=True, latency=2.8490681875 seconds).
29,130,000,085,749,500 WARNING main_het_teleport_mw_rb_yb_rb_er Starting Mw-to-Er teleportation trial 972 at 29130000085749500.
29,160,000,085,749,500 WARNING main_het_teleport_mw_rb_yb_rb_er Mw-to-Er teleportation trial 972 succeeded (completed=True, direct match=True, latency=9.8336426875 seconds).
29,160,000,085,749,500 WARNING main_het_teleport_mw_rb_yb_rb_er Starting Mw-to-Er teleportation trial 973 at 29160000085749500.
29,190,000,085,749,500 WARNING main_het_teleport_mw_rb_yb_rb_er Mw-to-Er teleportation trial 973 failed (completed=True, direct match=False, latency=5.59945825 seconds).
29,190,000,085,749,500 WARNING main_het_teleport_mw_rb_yb_rb_er Starting Mw-to-Er teleportation trial 974 at 29190000085749500.
29,220,000,085,749,500 WARNING main_het_teleport_mw_rb_yb_rb_er Mw-to-Er teleportation trial 974 succeeded (completed=True, direct match=True, latency=7.7782604375 seconds).
29,220,000,085,749,500 WARNING main_het_teleport_mw_rb_yb_rb_er Starting Mw-to-Er teleportation trial 975 at 29220000085749500.
29,250,000,085,749,500 WARNING main_het_teleport_mw_rb_yb_rb_er Mw-to-Er teleportation trial 975 succeeded (completed=True, direct match=True, latency=6.9553275 seconds).
29,250,000,085,749,500 WARNING main_het_teleport_mw_rb_yb_rb_er Starting Mw-to-Er teleportation trial 976 at 29250000085749500.
29,280,000,085,749,500 WARNING main_het_teleport_mw_rb_yb_rb_er Mw-to-Er teleportation trial 976 succeeded (completed=True, direct match=True, latency=4.921611125 seconds).
29,280,000,085,749,500 WARNING main_het_teleport_mw_rb_yb_rb_er Starting Mw-to-Er teleportation trial 977 at 29280000085749500.
29,310,000,085,749,500 WARNING main_het_teleport_mw_rb_yb_rb_er Mw-to-Er teleportation trial 977 succeeded (completed=True, direct match=True, latency=2.1493801875 seconds).
29,310,000,085,749,500 WARNING main_het_teleport_mw_rb_yb_rb_er Starting Mw-to-Er teleportation trial 978 at 29310000085749500.
29,340,000,085,749,500 WARNING main_het_teleport_mw_rb_yb_rb_er Mw-to-Er teleportation trial 978 succeeded (completed=True, direct match=True, latency=4.884169625 seconds).
29,340,000,085,749,500 WARNING main_het_teleport_mw_rb_yb_rb_er Starting Mw-to-Er teleportation trial 979 at 29340000085749500.
29,370,000,085,749,500 WARNING main_het_teleport_mw_rb_yb_rb_er Mw-to-Er teleportation trial 979 failed (completed=True, direct match=False, latency=9.0930680625 seconds).
29,370,000,085,749,500 WARNING main_het_teleport_mw_rb_yb_rb_er Starting Mw-to-Er teleportation trial 980 at 29370000085749500.
29,400,000,085,749,500 WARNING main_het_teleport_mw_rb_yb_rb_er Mw-to-Er teleportation trial 980 succeeded (completed=True, direct match=True, latency=7.707732625 seconds).
29,400,000,085,749,500 WARNING main_het_teleport_mw_rb_yb_rb_er Starting Mw-to-Er teleportation trial 981 at 29400000085749500.
29,430,000,085,749,500 WARNING main_het_teleport_mw_rb_yb_rb_er Mw-to-Er teleportation trial 981 succeeded (completed=True, direct match=True, latency=10.40991075 seconds).
29,430,000,085,749,500 WARNING main_het_teleport_mw_rb_yb_rb_er Starting Mw-to-Er teleportation trial 982 at 29430000085749500.
29,460,000,085,749,500 WARNING main_het_teleport_mw_rb_yb_rb_er Mw-to-Er teleportation trial 982 failed (completed=True, direct match=False, latency=2.8272273125 seconds).
29,460,000,085,749,500 WARNING main_het_teleport_mw_rb_yb_rb_er Starting Mw-to-Er teleportation trial 983 at 29460000085749500.
29,490,000,085,749,500 WARNING main_het_teleport_mw_rb_yb_rb_er Mw-to-Er teleportation trial 983 succeeded (completed=True, direct match=True, latency=4.2420539375 seconds).
29,490,000,085,749,500 WARNING main_het_teleport_mw_rb_yb_rb_er Starting Mw-to-Er teleportation trial 984 at 29490000085749500.
29,520,000,085,749,500 WARNING main_het_teleport_mw_rb_yb_rb_er Mw-to-Er teleportation trial 984 succeeded (completed=True, direct match=True, latency=2.8457980625 seconds).
29,520,000,085,749,500 WARNING main_het_teleport_mw_rb_yb_rb_er Starting Mw-to-Er teleportation trial 985 at 29520000085749500.
29,550,000,085,749,500 WARNING main_het_teleport_mw_rb_yb_rb_er Mw-to-Er teleportation trial 985 succeeded (completed=True, direct match=True, latency=6.992594 seconds).
29,550,000,085,749,500 WARNING main_het_teleport_mw_rb_yb_rb_er Starting Mw-to-Er teleportation trial 986 at 29550000085749500.
29,580,000,085,749,500 WARNING main_het_teleport_mw_rb_yb_rb_er Mw-to-Er teleportation trial 986 succeeded (completed=True, direct match=True, latency=7.7375238125 seconds).
29,580,000,085,749,500 WARNING main_het_teleport_mw_rb_yb_rb_er Starting Mw-to-Er teleportation trial 987 at 29580000085749500.
29,610,000,085,749,500 WARNING main_het_teleport_mw_rb_yb_rb_er Mw-to-Er teleportation trial 987 succeeded (completed=True, direct match=True, latency=12.6166190625 seconds).
29,610,000,085,749,500 WARNING main_het_teleport_mw_rb_yb_rb_er Starting Mw-to-Er teleportation trial 988 at 29610000085749500.
29,640,000,085,749,500 WARNING main_het_teleport_mw_rb_yb_rb_er Mw-to-Er teleportation trial 988 succeeded (completed=True, direct match=True, latency=1.4339415625 seconds).
29,640,000,085,749,500 WARNING main_het_teleport_mw_rb_yb_rb_er Starting Mw-to-Er teleportation trial 989 at 29640000085749500.
29,670,000,085,749,500 WARNING main_het_teleport_mw_rb_yb_rb_er Mw-to-Er teleportation trial 989 succeeded (completed=True, direct match=True, latency=7.008044625 seconds).
29,670,000,085,749,500 WARNING main_het_teleport_mw_rb_yb_rb_er Starting Mw-to-Er teleportation trial 990 at 29670000085749500.
29,700,000,085,749,500 WARNING main_het_teleport_mw_rb_yb_rb_er Mw-to-Er teleportation trial 990 succeeded (completed=True, direct match=True, latency=14.72053825 seconds).
29,700,000,085,749,500 WARNING main_het_teleport_mw_rb_yb_rb_er Starting Mw-to-Er teleportation trial 991 at 29700000085749500.
29,730,000,085,749,500 WARNING main_het_teleport_mw_rb_yb_rb_er Mw-to-Er teleportation trial 991 succeeded (completed=True, direct match=True, latency=4.1813615 seconds).
29,730,000,085,749,500 WARNING main_het_teleport_mw_rb_yb_rb_er Starting Mw-to-Er teleportation trial 992 at 29730000085749500.
29,760,000,085,749,500 WARNING main_het_teleport_mw_rb_yb_rb_er Mw-to-Er teleportation trial 992 succeeded (completed=True, direct match=True, latency=4.927851375 seconds).
29,760,000,085,749,500 WARNING main_het_teleport_mw_rb_yb_rb_er Starting Mw-to-Er teleportation trial 993 at 29760000085749500.
29,790,000,085,749,500 WARNING main_het_teleport_mw_rb_yb_rb_er Mw-to-Er teleportation trial 993 succeeded (completed=True, direct match=True, latency=9.7712401875 seconds).
29,790,000,085,749,500 WARNING main_het_teleport_mw_rb_yb_rb_er Starting Mw-to-Er teleportation trial 994 at 29790000085749500.
29,820,000,085,749,500 WARNING main_het_teleport_mw_rb_yb_rb_er Mw-to-Er teleportation trial 994 succeeded (completed=True, direct match=True, latency=11.768900125 seconds).
29,820,000,085,749,500 WARNING main_het_teleport_mw_rb_yb_rb_er Starting Mw-to-Er teleportation trial 995 at 29820000085749500.
29,850,000,085,749,500 WARNING main_het_teleport_mw_rb_yb_rb_er Mw-to-Er teleportation trial 995 succeeded (completed=True, direct match=True, latency=4.190721875 seconds).
29,850,000,085,749,500 WARNING main_het_teleport_mw_rb_yb_rb_er Starting Mw-to-Er teleportation trial 996 at 29850000085749500.
29,880,000,085,749,500 WARNING main_het_teleport_mw_rb_yb_rb_er Mw-to-Er teleportation trial 996 succeeded (completed=True, direct match=True, latency=9.8301975625 seconds).
29,880,000,085,749,500 WARNING main_het_teleport_mw_rb_yb_rb_er Starting Mw-to-Er teleportation trial 997 at 29880000085749500.
29,910,000,085,749,500 WARNING main_het_teleport_mw_rb_yb_rb_er Mw-to-Er teleportation trial 997 failed (completed=True, direct match=False, latency=3.5019543125 seconds).
29,910,000,085,749,500 WARNING main_het_teleport_mw_rb_yb_rb_er Starting Mw-to-Er teleportation trial 998 at 29910000085749500.
29,940,000,085,749,500 WARNING main_het_teleport_mw_rb_yb_rb_er Mw-to-Er teleportation trial 998 succeeded (completed=True, direct match=True, latency=4.9389468125 seconds).
29,940,000,085,749,500 WARNING main_het_teleport_mw_rb_yb_rb_er Starting Mw-to-Er teleportation trial 999 at 29940000085749500.
29,970,000,085,749,500 WARNING main_het_teleport_mw_rb_yb_rb_er Mw-to-Er teleportation trial 999 failed (completed=True, direct match=False, latency=7.01148975 seconds).
29,970,000,085,749,500 WARNING main_het_teleport_mw_rb_yb_rb_er Starting Mw-to-Er teleportation trial 1000 at 29970000085749500.
30,000,000,085,749,500 WARNING main_het_teleport_mw_rb_yb_rb_er Mw-to-Er teleportation trial 1000 succeeded (completed=True, direct match=True, latency=2.155042425 seconds).
30,000,000,085,749,500 WARNING main_het_teleport_mw_rb_yb_rb_er Starting Mw-to-Er teleportation trial 1001 at 30000000085749500.
30,030,000,085,749,500 WARNING main_het_teleport_mw_rb_yb_rb_er Mw-to-Er teleportation trial 1001 failed (completed=True, direct match=False, latency=6.2108585375 seconds).
30,030,000,085,749,500 WARNING main_het_teleport_mw_rb_yb_rb_er Starting Mw-to-Er teleportation trial 1002 at 30030000085749500.
30,060,000,085,749,500 WARNING main_het_teleport_mw_rb_yb_rb_er Mw-to-Er teleportation trial 1002 succeeded (completed=True, direct match=True, latency=3.55031625 seconds).
30,060,000,085,749,500 WARNING main_het_teleport_mw_rb_yb_rb_er Starting Mw-to-Er teleportation trial 1003 at 30060000085749500.
30,090,000,085,749,500 WARNING main_het_teleport_mw_rb_yb_rb_er Mw-to-Er teleportation trial 1003 succeeded (completed=True, direct match=True, latency=5.615058875 seconds).
30,090,000,085,749,500 WARNING main_het_teleport_mw_rb_yb_rb_er Starting Mw-to-Er teleportation trial 1004 at 30090000085749500.
30,120,000,085,749,500 WARNING main_het_teleport_mw_rb_yb_rb_er Mw-to-Er teleportation trial 1004 succeeded (completed=True, direct match=True, latency=11.218803125 seconds).
30,120,000,085,749,500 WARNING main_het_teleport_mw_rb_yb_rb_er Starting Mw-to-Er teleportation trial 1005 at 30120000085749500.
30,150,000,085,749,500 WARNING main_het_teleport_mw_rb_yb_rb_er Mw-to-Er teleportation trial 1005 succeeded (completed=True, direct match=True, latency=5.621299125 seconds).
30,150,000,085,749,500 WARNING main_het_teleport_mw_rb_yb_rb_er Starting Mw-to-Er teleportation trial 1006 at 30150000085749500.
30,180,000,085,749,500 WARNING main_het_teleport_mw_rb_yb_rb_er Mw-to-Er teleportation trial 1006 succeeded (completed=True, direct match=True, latency=4.270652675 seconds).
30,180,000,085,749,500 WARNING main_het_teleport_mw_rb_yb_rb_er Starting Mw-to-Er teleportation trial 1007 at 30180000085749500.
30,210,000,085,749,500 WARNING main_het_teleport_mw_rb_yb_rb_er Mw-to-Er teleportation trial 1007 succeeded (completed=True, direct match=True, latency=2.8333175625 seconds).
30,210,000,085,749,500 WARNING main_het_teleport_mw_rb_yb_rb_er Starting Mw-to-Er teleportation trial 1008 at 30210000085749500.
30,240,000,085,749,500 WARNING main_het_teleport_mw_rb_yb_rb_er Mw-to-Er teleportation trial 1008 succeeded (completed=True, direct match=True, latency=13.7884009375 seconds).
30,240,000,085,749,500 WARNING main_het_teleport_mw_rb_yb_rb_er Starting Mw-to-Er teleportation trial 1009 at 30240000085749500.
30,270,000,085,749,500 WARNING main_het_teleport_mw_rb_yb_rb_er Mw-to-Er teleportation trial 1009 succeeded (completed=True, direct match=True, latency=11.681361625 seconds).
30,270,000,085,749,500 WARNING main_het_teleport_mw_rb_yb_rb_er Starting Mw-to-Er teleportation trial 1010 at 30270000085749500.
30,300,000,085,749,500 WARNING main_het_teleport_mw_rb_yb_rb_er Mw-to-Er teleportation trial 1010 succeeded (completed=True, direct match=True, latency=3.4814672875 seconds).
30,300,000,085,749,500 WARNING main_het_teleport_mw_rb_yb_rb_er Starting Mw-to-Er teleportation trial 1011 at 30300000085749500.
30,330,000,085,749,500 WARNING main_het_teleport_mw_rb_yb_rb_er Mw-to-Er teleportation trial 1011 succeeded (completed=True, direct match=True, latency=2.8145968125 seconds).
30,330,000,085,749,500 WARNING main_het_teleport_mw_rb_yb_rb_er Starting Mw-to-Er teleportation trial 1012 at 30330000085749500.
30,360,000,085,749,500 WARNING main_het_teleport_mw_rb_yb_rb_er Mw-to-Er teleportation trial 1012 succeeded (completed=True, direct match=True, latency=1.460612625 seconds).
30,360,000,085,749,500 WARNING main_het_teleport_mw_rb_yb_rb_er Starting Mw-to-Er teleportation trial 1013 at 30360000085749500.
30,390,000,085,749,500 WARNING main_het_teleport_mw_rb_yb_rb_er Mw-to-Er teleportation trial 1013 succeeded (completed=True, direct match=True, latency=10.5487563125 seconds).
30,390,000,085,749,500 WARNING main_het_teleport_mw_rb_yb_rb_er Starting Mw-to-Er teleportation trial 1014 at 30390000085749500.
30,420,000,085,749,500 WARNING main_het_teleport_mw_rb_yb_rb_er Mw-to-Er teleportation trial 1014 succeeded (completed=True, direct match=True, latency=12.7364114125 seconds).
30,420,000,085,749,500 WARNING main_het_teleport_mw_rb_yb_rb_er Starting Mw-to-Er teleportation trial 1015 at 30420000085749500.
30,450,000,085,749,500 WARNING main_het_teleport_mw_rb_yb_rb_er Mw-to-Er teleportation trial 1015 succeeded (completed=True, direct match=True, latency=2.116618875 seconds).
30,450,000,085,749,500 WARNING main_het_teleport_mw_rb_yb_rb_er Starting Mw-to-Er teleportation trial 1016 at 30450000085749500.
30,480,000,085,749,500 WARNING main_het_teleport_mw_rb_yb_rb_er Mw-to-Er teleportation trial 1016 failed (completed=True, direct match=False, latency=6.4099106875 seconds).
30,480,000,085,749,500 WARNING main_het_teleport_mw_rb_yb_rb_er Starting Mw-to-Er teleportation trial 1017 at 30480000085749500.
30,510,000,085,749,500 WARNING main_het_teleport_mw_rb_yb_rb_er Mw-to-Er teleportation trial 1017 succeeded (completed=True, direct match=True, latency=3.447352125 seconds).
30,510,000,085,749,500 WARNING main_het_teleport_mw_rb_yb_rb_er Starting Mw-to-Er teleportation trial 1018 at 30510000085749500.
30,540,000,085,749,500 WARNING main_het_teleport_mw_rb_yb_rb_er Mw-to-Er teleportation trial 1018 succeeded (completed=True, direct match=True, latency=4.1238141875 seconds).
30,540,000,085,749,500 WARNING main_het_teleport_mw_rb_yb_rb_er Starting Mw-to-Er teleportation trial 1019 at 30540000085749500.
30,570,000,085,749,500 WARNING main_het_teleport_mw_rb_yb_rb_er Mw-to-Er teleportation trial 1019 failed (completed=True, direct match=False, latency=12.661860875 seconds).
30,570,000,085,749,500 WARNING main_het_teleport_mw_rb_yb_rb_er Starting Mw-to-Er teleportation trial 1020 at 30570000085749500.
30,600,000,085,749,500 WARNING main_het_teleport_mw_rb_yb_rb_er Mw-to-Er teleportation trial 1020 succeeded (completed=True, direct match=True, latency=4.1673209375 seconds).
30,600,000,085,749,500 WARNING main_het_teleport_mw_rb_yb_rb_er Starting Mw-to-Er teleportation trial 1021 at 30600000085749500.
30,630,000,085,749,500 WARNING main_het_teleport_mw_rb_yb_rb_er Mw-to-Er teleportation trial 1021 succeeded (completed=True, direct match=True, latency=2.844238 seconds).
30,630,000,085,749,500 WARNING main_het_teleport_mw_rb_yb_rb_er Starting Mw-to-Er teleportation trial 1022 at 30630000085749500.
30,660,000,085,749,500 WARNING main_het_teleport_mw_rb_yb_rb_er Mw-to-Er teleportation trial 1022 failed (completed=True, direct match=False, latency=16.122859375 seconds).
30,660,000,085,749,500 WARNING main_het_teleport_mw_rb_yb_rb_er Starting Mw-to-Er teleportation trial 1023 at 30660000085749500.
30,690,000,085,749,500 WARNING main_het_teleport_mw_rb_yb_rb_er Mw-to-Er teleportation trial 1023 failed (completed=True, direct match=False, latency=6.3100666875 seconds).
30,690,000,085,749,500 WARNING main_het_teleport_mw_rb_yb_rb_er Starting Mw-to-Er teleportation trial 1024 at 30690000085749500.
30,720,000,085,749,500 WARNING main_het_teleport_mw_rb_yb_rb_er Mw-to-Er teleportation trial 1024 succeeded (completed=True, direct match=True, latency=2.1367496875 seconds).
30,720,000,085,749,500 WARNING main_het_teleport_mw_rb_yb_rb_er Starting Mw-to-Er teleportation trial 1025 at 30720000085749500.
30,750,000,085,749,500 WARNING main_het_teleport_mw_rb_yb_rb_er Mw-to-Er teleportation trial 1025 succeeded (completed=True, direct match=True, latency=7.69837225 seconds).
30,750,000,085,749,500 WARNING main_het_teleport_mw_rb_yb_rb_er Starting Mw-to-Er teleportation trial 1026 at 30750000085749500.
30,780,000,085,749,500 WARNING main_het_teleport_mw_rb_yb_rb_er Mw-to-Er teleportation trial 1026 succeeded (completed=True, direct match=True, latency=3.55016625 seconds).
30,780,000,085,749,500 WARNING main_het_teleport_mw_rb_yb_rb_er Starting Mw-to-Er teleportation trial 1027 at 30780000085749500.
30,810,000,085,749,500 WARNING main_het_teleport_mw_rb_yb_rb_er Mw-to-Er teleportation trial 1027 succeeded (completed=True, direct match=True, latency=4.1702910625 seconds).
30,810,000,085,749,500 WARNING main_het_teleport_mw_rb_yb_rb_er Starting Mw-to-Er teleportation trial 1028 at 30810000085749500.
30,840,000,085,749,500 WARNING main_het_teleport_mw_rb_yb_rb_er Mw-to-Er teleportation trial 1028 succeeded (completed=True, direct match=True, latency=3.596249825 seconds).
30,840,000,085,749,500 WARNING main_het_teleport_mw_rb_yb_rb_er Starting Mw-to-Er teleportation trial 1029 at 30840000085749500.
30,870,000,085,749,500 WARNING main_het_teleport_mw_rb_yb_rb_er Mw-to-Er teleportation trial 1029 succeeded (completed=True, direct match=True, latency=2.9741606875 seconds).
30,870,000,085,749,500 WARNING main_het_teleport_mw_rb_yb_rb_er Starting Mw-to-Er teleportation trial 1030 at 30870000085749500.
30,900,000,085,749,500 WARNING main_het_teleport_mw_rb_yb_rb_er Mw-to-Er teleportation trial 1030 succeeded (completed=True, direct match=True, latency=4.915370875 seconds).
30,900,000,085,749,500 WARNING main_het_teleport_mw_rb_yb_rb_er Starting Mw-to-Er teleportation trial 1031 at 30900000085749500.
30,930,000,085,749,500 WARNING main_het_teleport_mw_rb_yb_rb_er Mw-to-Er teleportation trial 1031 failed (completed=True, direct match=False, latency=11.1954021875 seconds).
30,930,000,085,749,500 WARNING main_het_teleport_mw_rb_yb_rb_er Starting Mw-to-Er teleportation trial 1032 at 30930000085749500.
30,960,000,085,749,500 WARNING main_het_teleport_mw_rb_yb_rb_er Mw-to-Er teleportation trial 1032 failed (completed=True, direct match=False, latency=22.1815368125 seconds).
30,960,000,085,749,500 WARNING main_het_teleport_mw_rb_yb_rb_er Starting Mw-to-Er teleportation trial 1033 at 30960000085749500.
30,990,000,085,749,500 WARNING main_het_teleport_mw_rb_yb_rb_er Mw-to-Er teleportation trial 1033 succeeded (completed=True, direct match=True, latency=8.426141375 seconds).
30,990,000,085,749,500 WARNING main_het_teleport_mw_rb_yb_rb_er Starting Mw-to-Er teleportation trial 1034 at 30990000085749500.
31,020,000,085,749,500 WARNING main_het_teleport_mw_rb_yb_rb_er Mw-to-Er teleportation trial 1034 succeeded (completed=True, direct match=True, latency=9.813186875 seconds).
31,020,000,085,749,500 WARNING main_het_teleport_mw_rb_yb_rb_er Starting Mw-to-Er teleportation trial 1035 at 31020000085749500.
31,050,000,085,749,500 WARNING main_het_teleport_mw_rb_yb_rb_er Mw-to-Er teleportation trial 1035 succeeded (completed=True, direct match=True, latency=4.1860416875 seconds).
31,050,000,085,749,500 WARNING main_het_teleport_mw_rb_yb_rb_er Starting Mw-to-Er teleportation trial 1036 at 31050000085749500.
31,080,000,085,749,500 WARNING main_het_teleport_mw_rb_yb_rb_er Mw-to-Er teleportation trial 1036 failed (completed=True, direct match=False, latency=2.9500462125 seconds).
31,080,000,085,749,500 WARNING main_het_teleport_mw_rb_yb_rb_er Starting Mw-to-Er teleportation trial 1037 at 31080000085749500.
31,110,000,085,749,500 WARNING main_het_teleport_mw_rb_yb_rb_er Mw-to-Er teleportation trial 1037 failed (completed=True, direct match=False, latency=11.190722 seconds).
31,110,000,085,749,500 WARNING main_het_teleport_mw_rb_yb_rb_er Starting Mw-to-Er teleportation trial 1038 at 31110000085749500.
31,140,000,085,749,500 WARNING main_het_teleport_mw_rb_yb_rb_er Mw-to-Er teleportation trial 1038 succeeded (completed=True, direct match=True, latency=4.2063225 seconds).
31,140,000,085,749,500 WARNING main_het_teleport_mw_rb_yb_rb_er Starting Mw-to-Er teleportation trial 1039 at 31140000085749500.
31,170,000,085,749,500 WARNING main_het_teleport_mw_rb_yb_rb_er Mw-to-Er teleportation trial 1039 succeeded (completed=True, direct match=True, latency=3.5298854375 seconds).
31,170,000,085,749,500 WARNING main_het_teleport_mw_rb_yb_rb_er Starting Mw-to-Er teleportation trial 1040 at 31170000085749500.
31,200,000,085,749,500 WARNING main_het_teleport_mw_rb_yb_rb_er Mw-to-Er teleportation trial 1040 failed (completed=True, direct match=False, latency=4.221923125 seconds).
31,200,000,085,749,500 WARNING main_het_teleport_mw_rb_yb_rb_er Starting Mw-to-Er teleportation trial 1041 at 31200000085749500.
31,230,000,085,749,500 WARNING main_het_teleport_mw_rb_yb_rb_er Mw-to-Er teleportation trial 1041 succeeded (completed=True, direct match=True, latency=8.3623288125 seconds).
31,230,000,085,749,500 WARNING main_het_teleport_mw_rb_yb_rb_er Starting Mw-to-Er teleportation trial 1042 at 31230000085749500.
31,260,000,085,749,500 WARNING main_het_teleport_mw_rb_yb_rb_er Mw-to-Er teleportation trial 1042 succeeded (completed=True, direct match=True, latency=1.4684129375 seconds).
31,260,000,085,749,500 WARNING main_het_teleport_mw_rb_yb_rb_er Starting Mw-to-Er teleportation trial 1043 at 31260000085749500.
31,290,000,085,749,500 WARNING main_het_teleport_mw_rb_yb_rb_er Mw-to-Er teleportation trial 1043 succeeded (completed=True, direct match=True, latency=4.896650125 seconds).
31,290,000,085,749,500 WARNING main_het_teleport_mw_rb_yb_rb_er Starting Mw-to-Er teleportation trial 1044 at 31290000085749500.
31,320,000,085,749,500 WARNING main_het_teleport_mw_rb_yb_rb_er Mw-to-Er teleportation trial 1044 succeeded (completed=True, direct match=True, latency=2.872469125 seconds).
31,320,000,085,749,500 WARNING main_het_teleport_mw_rb_yb_rb_er Starting Mw-to-Er teleportation trial 1045 at 31320000085749500.
31,350,000,085,749,500 WARNING main_het_teleport_mw_rb_yb_rb_er Mw-to-Er teleportation trial 1045 succeeded (completed=True, direct match=True, latency=4.2110026875 seconds).
31,350,000,085,749,500 WARNING main_het_teleport_mw_rb_yb_rb_er Starting Mw-to-Er teleportation trial 1046 at 31350000085749500.
31,380,000,085,749,500 WARNING main_het_teleport_mw_rb_yb_rb_er Mw-to-Er teleportation trial 1046 succeeded (completed=True, direct match=True, latency=10.481523625 seconds).
31,380,000,085,749,500 WARNING main_het_teleport_mw_rb_yb_rb_er Starting Mw-to-Er teleportation trial 1047 at 31380000085749500.
31,410,000,085,749,500 WARNING main_het_teleport_mw_rb_yb_rb_er Mw-to-Er teleportation trial 1047 failed (completed=True, direct match=False, latency=3.5582915625 seconds).
31,410,000,085,749,500 WARNING main_het_teleport_mw_rb_yb_rb_er Starting Mw-to-Er teleportation trial 1048 at 31410000085749500.
31,440,000,085,749,500 WARNING main_het_teleport_mw_rb_yb_rb_er Mw-to-Er teleportation trial 1048 succeeded (completed=True, direct match=True, latency=2.8378101375 seconds).
31,440,000,085,749,500 WARNING main_het_teleport_mw_rb_yb_rb_er Starting Mw-to-Er teleportation trial 1049 at 31440000085749500.
31,470,000,085,749,500 WARNING main_het_teleport_mw_rb_yb_rb_er Mw-to-Er teleportation trial 1049 succeeded (completed=True, direct match=True, latency=4.9309715 seconds).
31,470,000,085,749,500 WARNING main_het_teleport_mw_rb_yb_rb_er Starting Mw-to-Er teleportation trial 1050 at 31470000085749500.
31,500,000,085,749,500 WARNING main_het_teleport_mw_rb_yb_rb_er Mw-to-Er teleportation trial 1050 succeeded (completed=True, direct match=True, latency=8.457667625 seconds).
31,500,000,085,749,500 WARNING main_het_teleport_mw_rb_yb_rb_er Starting Mw-to-Er teleportation trial 1051 at 31500000085749500.
31,530,000,085,749,500 WARNING main_het_teleport_mw_rb_yb_rb_er Mw-to-Er teleportation trial 1051 succeeded (completed=True, direct match=True, latency=4.1579605625 seconds).
31,530,000,085,749,500 WARNING main_het_teleport_mw_rb_yb_rb_er Starting Mw-to-Er teleportation trial 1052 at 31530000085749500.
31,560,000,085,749,500 WARNING main_het_teleport_mw_rb_yb_rb_er Mw-to-Er teleportation trial 1052 succeeded (completed=True, direct match=True, latency=7.03645075 seconds).
31,560,000,085,749,500 WARNING main_het_teleport_mw_rb_yb_rb_er Starting Mw-to-Er teleportation trial 1053 at 31560000085749500.
31,590,000,085,749,500 WARNING main_het_teleport_mw_rb_yb_rb_er Mw-to-Er teleportation trial 1053 succeeded (completed=True, direct match=True, latency=15.4093058125 seconds).
31,590,000,085,749,500 WARNING main_het_teleport_mw_rb_yb_rb_er Starting Mw-to-Er teleportation trial 1054 at 31590000085749500.
31,620,000,085,749,500 WARNING main_het_teleport_mw_rb_yb_rb_er Mw-to-Er teleportation trial 1054 succeeded (completed=True, direct match=True, latency=0.7375236875 seconds).
31,620,000,085,749,500 WARNING main_het_teleport_mw_rb_yb_rb_er Starting Mw-to-Er teleportation trial 1055 at 31620000085749500.
31,650,000,085,749,500 WARNING main_het_teleport_mw_rb_yb_rb_er Mw-to-Er teleportation trial 1055 succeeded (completed=True, direct match=True, latency=2.17590125 seconds).
31,650,000,085,749,500 WARNING main_het_teleport_mw_rb_yb_rb_er Starting Mw-to-Er teleportation trial 1056 at 31650000085749500.
31,680,000,085,749,500 WARNING main_het_teleport_mw_rb_yb_rb_er Mw-to-Er teleportation trial 1056 succeeded (completed=True, direct match=True, latency=13.274185375 seconds).
31,680,000,085,749,500 WARNING main_het_teleport_mw_rb_yb_rb_er Starting Mw-to-Er teleportation trial 1057 at 31680000085749500.
31,710,000,085,749,500 WARNING main_het_teleport_mw_rb_yb_rb_er Mw-to-Er teleportation trial 1057 failed (completed=True, direct match=False, latency=7.695252125 seconds).
31,710,000,085,749,500 WARNING main_het_teleport_mw_rb_yb_rb_er Starting Mw-to-Er teleportation trial 1058 at 31710000085749500.
31,740,000,085,749,500 WARNING main_het_teleport_mw_rb_yb_rb_er Mw-to-Er teleportation trial 1058 failed (completed=True, direct match=False, latency=2.8615486875 seconds).
31,740,000,085,749,500 WARNING main_het_teleport_mw_rb_yb_rb_er Starting Mw-to-Er teleportation trial 1059 at 31740000085749500.
31,770,000,085,749,500 WARNING main_het_teleport_mw_rb_yb_rb_er Mw-to-Er teleportation trial 1059 succeeded (completed=True, direct match=True, latency=1.42629125 seconds).
31,770,000,085,749,500 WARNING main_het_teleport_mw_rb_yb_rb_er Starting Mw-to-Er teleportation trial 1060 at 31770000085749500.
31,800,000,085,749,500 WARNING main_het_teleport_mw_rb_yb_rb_er Mw-to-Er teleportation trial 1060 failed (completed=True, direct match=False, latency=4.9481321875 seconds).
31,800,000,085,749,500 WARNING main_het_teleport_mw_rb_yb_rb_er Starting Mw-to-Er teleportation trial 1061 at 31800000085749500.
31,830,000,085,749,500 WARNING main_het_teleport_mw_rb_yb_rb_er Mw-to-Er teleportation trial 1061 succeeded (completed=True, direct match=True, latency=7.0284754375 seconds).
31,830,000,085,749,500 WARNING main_het_teleport_mw_rb_yb_rb_er Starting Mw-to-Er teleportation trial 1062 at 31830000085749500.
31,860,000,085,749,500 WARNING main_het_teleport_mw_rb_yb_rb_er Mw-to-Er teleportation trial 1062 succeeded (completed=True, direct match=True, latency=3.515844875 seconds).
31,860,000,085,749,500 WARNING main_het_teleport_mw_rb_yb_rb_er Starting Mw-to-Er teleportation trial 1063 at 31860000085749500.
31,890,000,085,749,500 WARNING main_het_teleport_mw_rb_yb_rb_er Mw-to-Er teleportation trial 1063 succeeded (completed=True, direct match=True, latency=9.1277144375 seconds).
31,890,000,085,749,500 WARNING main_het_teleport_mw_rb_yb_rb_er Starting Mw-to-Er teleportation trial 1064 at 31890000085749500.
31,920,000,085,749,500 WARNING main_het_teleport_mw_rb_yb_rb_er Mw-to-Er teleportation trial 1064 failed (completed=True, direct match=False, latency=4.8793394375 seconds).
31,920,000,085,749,500 WARNING main_het_teleport_mw_rb_yb_rb_er Starting Mw-to-Er teleportation trial 1065 at 31920000085749500.
31,950,000,085,749,500 WARNING main_het_teleport_mw_rb_yb_rb_er Mw-to-Er teleportation trial 1065 succeeded (completed=True, direct match=True, latency=2.828637375 seconds).
31,950,000,085,749,500 WARNING main_het_teleport_mw_rb_yb_rb_er Starting Mw-to-Er teleportation trial 1066 at 31950000085749500.
31,980,000,085,749,500 WARNING main_het_teleport_mw_rb_yb_rb_er Mw-to-Er teleportation trial 1066 succeeded (completed=True, direct match=True, latency=6.3411179375 seconds).
31,980,000,085,749,500 WARNING main_het_teleport_mw_rb_yb_rb_er Starting Mw-to-Er teleportation trial 1067 at 31980000085749500.
32,010,000,085,749,500 WARNING main_het_teleport_mw_rb_yb_rb_er Mw-to-Er teleportation trial 1067 succeeded (completed=True, direct match=True, latency=12.6526755 seconds).
32,010,000,085,749,500 WARNING main_het_teleport_mw_rb_yb_rb_er Starting Mw-to-Er teleportation trial 1068 at 32010000085749500.
32,040,000,085,749,500 WARNING main_het_teleport_mw_rb_yb_rb_er Mw-to-Er teleportation trial 1068 succeeded (completed=True, direct match=True, latency=3.691760275 seconds).
32,040,000,085,749,500 WARNING main_het_teleport_mw_rb_yb_rb_er Starting Mw-to-Er teleportation trial 1069 at 32040000085749500.
32,070,000,085,749,500 WARNING main_het_teleport_mw_rb_yb_rb_er Mw-to-Er teleportation trial 1069 succeeded (completed=True, direct match=True, latency=3.5206750625 seconds).
32,070,000,085,749,500 WARNING main_het_teleport_mw_rb_yb_rb_er Starting Mw-to-Er teleportation trial 1070 at 32070000085749500.
32,100,000,085,749,500 WARNING main_het_teleport_mw_rb_yb_rb_er Mw-to-Er teleportation trial 1070 succeeded (completed=True, direct match=True, latency=5.6509403125 seconds).
32,100,000,085,749,500 WARNING main_het_teleport_mw_rb_yb_rb_er Starting Mw-to-Er teleportation trial 1071 at 32100000085749500.
32,130,000,085,749,500 WARNING main_het_teleport_mw_rb_yb_rb_er Mw-to-Er teleportation trial 1071 failed (completed=True, direct match=False, latency=4.87480925 seconds).
32,130,000,085,749,500 WARNING main_het_teleport_mw_rb_yb_rb_er Starting Mw-to-Er teleportation trial 1072 at 32130000085749500.
32,160,000,085,749,500 WARNING main_het_teleport_mw_rb_yb_rb_er Mw-to-Er teleportation trial 1072 succeeded (completed=True, direct match=True, latency=2.816156875 seconds).
32,160,000,085,749,500 WARNING main_het_teleport_mw_rb_yb_rb_er Starting Mw-to-Er teleportation trial 1073 at 32160000085749500.
32,190,000,085,749,500 WARNING main_het_teleport_mw_rb_yb_rb_er Mw-to-Er teleportation trial 1073 failed (completed=True, direct match=False, latency=7.738933875 seconds).
32,190,000,085,749,500 WARNING main_het_teleport_mw_rb_yb_rb_er Starting Mw-to-Er teleportation trial 1074 at 32190000085749500.
32,220,000,085,749,500 WARNING main_het_teleport_mw_rb_yb_rb_er Mw-to-Er teleportation trial 1074 succeeded (completed=True, direct match=True, latency=7.0532864375 seconds).
32,220,000,085,749,500 WARNING main_het_teleport_mw_rb_yb_rb_er Starting Mw-to-Er teleportation trial 1075 at 32220000085749500.
32,250,000,085,749,500 WARNING main_het_teleport_mw_rb_yb_rb_er Mw-to-Er teleportation trial 1075 succeeded (completed=True, direct match=True, latency=5.6292744375 seconds).
32,250,000,085,749,500 WARNING main_het_teleport_mw_rb_yb_rb_er Starting Mw-to-Er teleportation trial 1076 at 32250000085749500.
32,280,000,085,749,500 WARNING main_het_teleport_mw_rb_yb_rb_er Mw-to-Er teleportation trial 1076 succeeded (completed=True, direct match=True, latency=10.5208501875 seconds).
32,280,000,085,749,500 WARNING main_het_teleport_mw_rb_yb_rb_er Starting Mw-to-Er teleportation trial 1077 at 32280000085749500.
32,310,000,085,749,500 WARNING main_het_teleport_mw_rb_yb_rb_er Mw-to-Er teleportation trial 1077 succeeded (completed=True, direct match=True, latency=4.9043004375 seconds).
32,310,000,085,749,500 WARNING main_het_teleport_mw_rb_yb_rb_er Starting Mw-to-Er teleportation trial 1078 at 32310000085749500.
32,340,000,085,749,500 WARNING main_het_teleport_mw_rb_yb_rb_er Mw-to-Er teleportation trial 1078 succeeded (completed=True, direct match=True, latency=5.6573555625 seconds).
32,340,000,085,749,500 WARNING main_het_teleport_mw_rb_yb_rb_er Starting Mw-to-Er teleportation trial 1079 at 32340000085749500.
32,370,000,085,749,500 WARNING main_het_teleport_mw_rb_yb_rb_er Mw-to-Er teleportation trial 1079 succeeded (completed=True, direct match=True, latency=1.4451677125 seconds).
32,370,000,085,749,500 WARNING main_het_teleport_mw_rb_yb_rb_er Starting Mw-to-Er teleportation trial 1080 at 32370000085749500.
32,400,000,085,749,500 WARNING main_het_teleport_mw_rb_yb_rb_er Mw-to-Er teleportation trial 1080 failed (completed=True, direct match=False, latency=9.8208371875 seconds).
32,400,000,085,749,500 WARNING main_het_teleport_mw_rb_yb_rb_er Starting Mw-to-Er teleportation trial 1081 at 32400000085749500.
32,430,000,085,749,500 WARNING main_het_teleport_mw_rb_yb_rb_er Mw-to-Er teleportation trial 1081 succeeded (completed=True, direct match=True, latency=4.1798014375 seconds).
32,430,000,085,749,500 WARNING main_het_teleport_mw_rb_yb_rb_er Starting Mw-to-Er teleportation trial 1082 at 32430000085749500.
32,460,000,085,749,500 WARNING main_het_teleport_mw_rb_yb_rb_er Mw-to-Er teleportation trial 1082 succeeded (completed=True, direct match=True, latency=1.945187 seconds).
32,460,000,085,749,500 WARNING main_het_teleport_mw_rb_yb_rb_er Starting Mw-to-Er teleportation trial 1083 at 32460000085749500.
32,490,000,085,749,500 WARNING main_het_teleport_mw_rb_yb_rb_er Mw-to-Er teleportation trial 1083 succeeded (completed=True, direct match=True, latency=4.9637328125 seconds).
32,490,000,085,749,500 WARNING main_het_teleport_mw_rb_yb_rb_er Starting Mw-to-Er teleportation trial 1084 at 32490000085749500.
32,520,000,085,749,500 WARNING main_het_teleport_mw_rb_yb_rb_er Mw-to-Er teleportation trial 1084 succeeded (completed=True, direct match=True, latency=5.627539375 seconds).
32,520,000,085,749,500 WARNING main_het_teleport_mw_rb_yb_rb_er Starting Mw-to-Er teleportation trial 1085 at 32520000085749500.
32,550,000,085,749,500 WARNING main_het_teleport_mw_rb_yb_rb_er Mw-to-Er teleportation trial 1085 failed (completed=True, direct match=False, latency=5.6228591875 seconds).
32,550,000,085,749,500 WARNING main_het_teleport_mw_rb_yb_rb_er Starting Mw-to-Er teleportation trial 1086 at 32550000085749500.
32,580,000,085,749,500 WARNING main_het_teleport_mw_rb_yb_rb_er Mw-to-Er teleportation trial 1086 succeeded (completed=True, direct match=True, latency=6.289960875 seconds).
32,580,000,085,749,500 WARNING main_het_teleport_mw_rb_yb_rb_er Starting Mw-to-Er teleportation trial 1087 at 32580000085749500.
32,610,000,085,749,500 WARNING main_het_teleport_mw_rb_yb_rb_er Mw-to-Er teleportation trial 1087 failed (completed=True, direct match=False, latency=6.9802885 seconds).
32,610,000,085,749,500 WARNING main_het_teleport_mw_rb_yb_rb_er Starting Mw-to-Er teleportation trial 1088 at 32610000085749500.
32,640,000,085,749,500 WARNING main_het_teleport_mw_rb_yb_rb_er Mw-to-Er teleportation trial 1088 succeeded (completed=True, direct match=True, latency=15.9779485625 seconds).
32,640,000,085,749,500 WARNING main_het_teleport_mw_rb_yb_rb_er Starting Mw-to-Er teleportation trial 1089 at 32640000085749500.
32,670,000,085,749,500 WARNING main_het_teleport_mw_rb_yb_rb_er Mw-to-Er teleportation trial 1089 succeeded (completed=True, direct match=True, latency=4.1578105625 seconds).
32,670,000,085,749,500 WARNING main_het_teleport_mw_rb_yb_rb_er Starting Mw-to-Er teleportation trial 1090 at 32670000085749500.
32,700,000,085,749,500 WARNING main_het_teleport_mw_rb_yb_rb_er Mw-to-Er teleportation trial 1090 succeeded (completed=True, direct match=True, latency=4.218803 seconds).
32,700,000,085,749,500 WARNING main_het_teleport_mw_rb_yb_rb_er Starting Mw-to-Er teleportation trial 1091 at 32700000085749500.
32,730,000,085,749,500 WARNING main_het_teleport_mw_rb_yb_rb_er Mw-to-Er teleportation trial 1091 succeeded (completed=True, direct match=True, latency=6.31162675 seconds).
32,730,000,085,749,500 WARNING main_het_teleport_mw_rb_yb_rb_er Starting Mw-to-Er teleportation trial 1092 at 32730000085749500.
