0                    WARNING main_het_teleport_mw_rb_yb_rb_er Starting Mw-to-Er teleportation trial 1 at 0.
60,000,000,000,000   WARNING main_het_teleport_mw_rb_yb_rb_er Mw-to-Er teleportation trial 1 failed (completed=True, direct match=False, latency=4.7469341245 seconds).
60,000,000,000,000   WARNING main_het_teleport_mw_rb_yb_rb_er Starting Mw-to-Er teleportation trial 2 at 60000000000000.
120,000,000,000,000  WARNING main_het_teleport_mw_rb_yb_rb_er Mw-to-Er teleportation trial 2 failed (completed=True, direct match=False, latency=9.8134118745 seconds).
120,000,000,000,000  WARNING main_het_teleport_mw_rb_yb_rb_er Starting Mw-to-Er teleportation trial 3 at 120000000000000.
180,000,000,000,000  WARNING main_het_teleport_mw_rb_yb_rb_er Mw-to-Er teleportation trial 3 succeeded (completed=True, direct match=True, latency=14.6923321245 seconds).
180,000,000,000,000  WARNING main_het_teleport_mw_rb_yb_rb_er Starting Mw-to-Er teleportation trial 4 at 180000000000000.
240,000,000,000,000  WARNING main_het_teleport_mw_rb_yb_rb_er Mw-to-Er teleportation trial 4 succeeded (completed=True, direct match=True, latency=2.845998062 seconds).
240,000,000,000,000  WARNING main_het_teleport_mw_rb_yb_rb_er Starting Mw-to-Er teleportation trial 5 at 240000000000000.
300,000,000,000,000  WARNING main_het_teleport_mw_rb_yb_rb_er Mw-to-Er teleportation trial 5 succeeded (completed=True, direct match=True, latency=3.4943789995 seconds).
300,000,000,000,000  WARNING main_het_teleport_mw_rb_yb_rb_er Starting Mw-to-Er teleportation trial 6 at 300000000000000.
360,000,000,000,000  WARNING main_het_teleport_mw_rb_yb_rb_er Mw-to-Er teleportation trial 6 succeeded (completed=True, direct match=True, latency=4.229773437 seconds).
360,000,000,000,000  WARNING main_het_teleport_mw_rb_yb_rb_er Starting Mw-to-Er teleportation trial 7 at 360000000000000.
420,000,000,000,000  WARNING main_het_teleport_mw_rb_yb_rb_er Mw-to-Er teleportation trial 7 succeeded (completed=True, direct match=True, latency=11.923221312 seconds).
420,000,000,000,000  WARNING main_het_teleport_mw_rb_yb_rb_er Starting Mw-to-Er teleportation trial 8 at 420000000000000.
480,000,000,000,000  WARNING main_het_teleport_mw_rb_yb_rb_er Mw-to-Er teleportation trial 8 succeeded (completed=True, direct match=True, latency=8.3982602495 seconds).
480,000,000,000,000  WARNING main_het_teleport_mw_rb_yb_rb_er Starting Mw-to-Er teleportation trial 9 at 480000000000000.
540,000,000,000,000  WARNING main_het_teleport_mw_rb_yb_rb_er Mw-to-Er teleportation trial 9 succeeded (completed=True, direct match=True, latency=2.1010682495 seconds).
540,000,000,000,000  WARNING main_het_teleport_mw_rb_yb_rb_er Starting Mw-to-Er teleportation trial 10 at 540000000000000.
600,000,000,000,000  WARNING main_het_teleport_mw_rb_yb_rb_er Mw-to-Er teleportation trial 10 succeeded (completed=True, direct match=True, latency=6.3179169995 seconds).
600,000,000,000,000  WARNING main_het_teleport_mw_rb_yb_rb_er Starting Mw-to-Er teleportation trial 11 at 600000000000000.
660,000,000,000,000  WARNING main_het_teleport_mw_rb_yb_rb_er Mw-to-Er teleportation trial 11 succeeded (completed=True, direct match=True, latency=4.9279013745 seconds).
660,000,000,000,000  WARNING main_het_teleport_mw_rb_yb_rb_er Starting Mw-to-Er teleportation trial 12 at 660000000000000.
720,000,000,000,000  WARNING main_het_teleport_mw_rb_yb_rb_er Mw-to-Er teleportation trial 12 failed (completed=True, direct match=False, latency=7.6737862495 seconds).
720,000,000,000,000  WARNING main_het_teleport_mw_rb_yb_rb_er Starting Mw-to-Er teleportation trial 13 at 720000000000000.
780,000,000,000,000  WARNING main_het_teleport_mw_rb_yb_rb_er Mw-to-Er teleportation trial 13 failed (completed=True, direct match=False, latency=5.604363437 seconds).
780,000,000,000,000  WARNING main_het_teleport_mw_rb_yb_rb_er Starting Mw-to-Er teleportation trial 14 at 780000000000000.
840,000,000,000,000  WARNING main_het_teleport_mw_rb_yb_rb_er Mw-to-Er teleportation trial 14 succeeded (completed=True, direct match=True, latency=3.511364687 seconds).
840,000,000,000,000  WARNING main_het_teleport_mw_rb_yb_rb_er Starting Mw-to-Er teleportation trial 15 at 840000000000000.
900,000,000,000,000  WARNING main_het_teleport_mw_rb_yb_rb_er Mw-to-Er teleportation trial 15 succeeded (completed=True, direct match=True, latency=9.0823476245 seconds).
900,000,000,000,000  WARNING main_het_teleport_mw_rb_yb_rb_er Starting Mw-to-Er teleportation trial 16 at 900000000000000.
960,000,000,000,000  WARNING main_het_teleport_mw_rb_yb_rb_er Mw-to-Er teleportation trial 16 failed (completed=True, direct match=False, latency=7.0363257495 seconds).
960,000,000,000,000  WARNING main_het_teleport_mw_rb_yb_rb_er Starting Mw-to-Er teleportation trial 17 at 960000000000000.
1,020,000,000,000,000 WARNING main_het_teleport_mw_rb_yb_rb_er Mw-to-Er teleportation trial 17 failed (completed=True, direct match=False, latency=14.697187312 seconds).
1,020,000,000,000,000 WARNING main_het_teleport_mw_rb_yb_rb_er Starting Mw-to-Er teleportation trial 18 at 1020000000000000.
1,080,000,000,000,000 WARNING main_het_teleport_mw_rb_yb_rb_er Mw-to-Er teleportation trial 18 succeeded (completed=True, direct match=True, latency=3.480588437 seconds).
1,080,000,000,000,000 WARNING main_het_teleport_mw_rb_yb_rb_er Starting Mw-to-Er teleportation trial 19 at 1080000000000000.
1,140,000,000,000,000 WARNING main_het_teleport_mw_rb_yb_rb_er Mw-to-Er teleportation trial 19 succeeded (completed=True, direct match=True, latency=4.970023062 seconds).
1,140,000,000,000,000 WARNING main_het_teleport_mw_rb_yb_rb_er Starting Mw-to-Er teleportation trial 20 at 1140000000000000.
1,200,000,000,000,000 WARNING main_het_teleport_mw_rb_yb_rb_er Mw-to-Er teleportation trial 20 succeeded (completed=True, direct match=True, latency=9.765299937 seconds).
1,200,000,000,000,000 WARNING main_het_teleport_mw_rb_yb_rb_er Starting Mw-to-Er teleportation trial 21 at 1200000000000000.
1,260,000,000,000,000 WARNING main_het_teleport_mw_rb_yb_rb_er Mw-to-Er teleportation trial 21 failed (completed=True, direct match=False, latency=5.6277643745 seconds).
1,260,000,000,000,000 WARNING main_het_teleport_mw_rb_yb_rb_er Starting Mw-to-Er teleportation trial 22 at 1260000000000000.
1,320,000,000,000,000 WARNING main_het_teleport_mw_rb_yb_rb_er Mw-to-Er teleportation trial 22 failed (completed=True, direct match=False, latency=21.600888562 seconds).
1,320,000,000,000,000 WARNING main_het_teleport_mw_rb_yb_rb_er Starting Mw-to-Er teleportation trial 23 at 1320000000000000.
1,380,000,000,000,000 WARNING main_het_teleport_mw_rb_yb_rb_er Mw-to-Er teleportation trial 23 succeeded (completed=True, direct match=True, latency=5.660350687 seconds).
1,380,000,000,000,000 WARNING main_het_teleport_mw_rb_yb_rb_er Starting Mw-to-Er teleportation trial 24 at 1380000000000000.
1,440,000,000,000,000 WARNING main_het_teleport_mw_rb_yb_rb_er Mw-to-Er teleportation trial 24 succeeded (completed=True, direct match=True, latency=7.0144848745 seconds).
1,440,000,000,000,000 WARNING main_het_teleport_mw_rb_yb_rb_er Starting Mw-to-Er teleportation trial 25 at 1440000000000000.
1,500,000,000,000,000 WARNING main_het_teleport_mw_rb_yb_rb_er Mw-to-Er teleportation trial 25 succeeded (completed=True, direct match=True, latency=6.3179169995 seconds).
1,500,000,000,000,000 WARNING main_het_teleport_mw_rb_yb_rb_er Starting Mw-to-Er teleportation trial 26 at 1500000000000000.
1,560,000,000,000,000 WARNING main_het_teleport_mw_rb_yb_rb_er Mw-to-Er teleportation trial 26 succeeded (completed=True, direct match=True, latency=10.5066846245 seconds).
1,560,000,000,000,000 WARNING main_het_teleport_mw_rb_yb_rb_er Starting Mw-to-Er teleportation trial 27 at 1560000000000000.
1,620,000,000,000,000 WARNING main_het_teleport_mw_rb_yb_rb_er Mw-to-Er teleportation trial 27 failed (completed=True, direct match=False, latency=17.5632719995 seconds).
1,620,000,000,000,000 WARNING main_het_teleport_mw_rb_yb_rb_er Starting Mw-to-Er teleportation trial 28 at 1620000000000000.
1,680,000,000,000,000 WARNING main_het_teleport_mw_rb_yb_rb_er Mw-to-Er teleportation trial 28 failed (completed=True, direct match=False, latency=8.3329126245 seconds).
1,680,000,000,000,000 WARNING main_het_teleport_mw_rb_yb_rb_er Starting Mw-to-Er teleportation trial 29 at 1680000000000000.
1,740,000,000,000,000 WARNING main_het_teleport_mw_rb_yb_rb_er Mw-to-Er teleportation trial 29 failed (completed=True, direct match=False, latency=20.1464853745 seconds).
1,740,000,000,000,000 WARNING main_het_teleport_mw_rb_yb_rb_er Starting Mw-to-Er teleportation trial 30 at 1740000000000000.
1,800,000,000,000,000 WARNING main_het_teleport_mw_rb_yb_rb_er Mw-to-Er teleportation trial 30 failed (completed=True, direct match=False, latency=3.674524587 seconds).
1,800,000,000,000,000 WARNING main_het_teleport_mw_rb_yb_rb_er Starting Mw-to-Er teleportation trial 31 at 1800000000000000.
1,860,000,000,000,000 WARNING main_het_teleport_mw_rb_yb_rb_er Mw-to-Er teleportation trial 31 failed (completed=True, direct match=False, latency=11.211052812 seconds).
1,860,000,000,000,000 WARNING main_het_teleport_mw_rb_yb_rb_er Starting Mw-to-Er teleportation trial 32 at 1860000000000000.
1,920,000,000,000,000 WARNING main_het_teleport_mw_rb_yb_rb_er Mw-to-Er teleportation trial 32 succeeded (completed=True, direct match=True, latency=7.003564437 seconds).
1,920,000,000,000,000 WARNING main_het_teleport_mw_rb_yb_rb_er Starting Mw-to-Er teleportation trial 33 at 1920000000000000.
1,980,000,000,000,000 WARNING main_het_teleport_mw_rb_yb_rb_er Mw-to-Er teleportation trial 33 failed (completed=True, direct match=False, latency=5.622909187 seconds).
1,980,000,000,000,000 WARNING main_het_teleport_mw_rb_yb_rb_er Starting Mw-to-Er teleportation trial 34 at 1980000000000000.
2,040,000,000,000,000 WARNING main_het_teleport_mw_rb_yb_rb_er Mw-to-Er teleportation trial 34 failed (completed=True, direct match=False, latency=7.8048314995 seconds).
2,040,000,000,000,000 WARNING main_het_teleport_mw_rb_yb_rb_er Starting Mw-to-Er teleportation trial 35 at 2040000000000000.
2,100,000,000,000,000 WARNING main_het_teleport_mw_rb_yb_rb_er Mw-to-Er teleportation trial 35 succeeded (completed=True, direct match=True, latency=2.7757952495 seconds).
2,100,000,000,000,000 WARNING main_het_teleport_mw_rb_yb_rb_er Starting Mw-to-Er teleportation trial 36 at 2100000000000000.
2,160,000,000,000,000 WARNING main_het_teleport_mw_rb_yb_rb_er Mw-to-Er teleportation trial 36 succeeded (completed=True, direct match=True, latency=8.4793834995 seconds).
2,160,000,000,000,000 WARNING main_het_teleport_mw_rb_yb_rb_er Starting Mw-to-Er teleportation trial 37 at 2160000000000000.
2,220,000,000,000,000 WARNING main_het_teleport_mw_rb_yb_rb_er Mw-to-Er teleportation trial 37 succeeded (completed=True, direct match=True, latency=3.495764062 seconds).
2,220,000,000,000,000 WARNING main_het_teleport_mw_rb_yb_rb_er Starting Mw-to-Er teleportation trial 38 at 2220000000000000.
2,280,000,000,000,000 WARNING main_het_teleport_mw_rb_yb_rb_er Mw-to-Er teleportation trial 38 succeeded (completed=True, direct match=True, latency=5.635389687 seconds).
2,280,000,000,000,000 WARNING main_het_teleport_mw_rb_yb_rb_er Starting Mw-to-Er teleportation trial 39 at 2280000000000000.
2,340,000,000,000,000 WARNING main_het_teleport_mw_rb_yb_rb_er Mw-to-Er teleportation trial 39 failed (completed=True, direct match=False, latency=6.331957562 seconds).
2,340,000,000,000,000 WARNING main_het_teleport_mw_rb_yb_rb_er Starting Mw-to-Er teleportation trial 40 at 2340000000000000.
2,400,000,000,000,000 WARNING main_het_teleport_mw_rb_yb_rb_er Mw-to-Er teleportation trial 40 failed (completed=True, direct match=False, latency=8.406235562 seconds).
2,400,000,000,000,000 WARNING main_het_teleport_mw_rb_yb_rb_er Starting Mw-to-Er teleportation trial 41 at 2400000000000000.
2,460,000,000,000,000 WARNING main_het_teleport_mw_rb_yb_rb_er Mw-to-Er teleportation trial 41 failed (completed=True, direct match=False, latency=8.4294614995 seconds).
2,460,000,000,000,000 WARNING main_het_teleport_mw_rb_yb_rb_er Starting Mw-to-Er teleportation trial 42 at 2460000000000000.
2,520,000,000,000,000 WARNING main_het_teleport_mw_rb_yb_rb_er Mw-to-Er teleportation trial 42 succeeded (completed=True, direct match=True, latency=6.3091566245 seconds).
2,520,000,000,000,000 WARNING main_het_teleport_mw_rb_yb_rb_er Starting Mw-to-Er teleportation trial 43 at 2520000000000000.
2,580,000,000,000,000 WARNING main_het_teleport_mw_rb_yb_rb_er Mw-to-Er teleportation trial 43 succeeded (completed=True, direct match=True, latency=8.396700187 seconds).
2,580,000,000,000,000 WARNING main_het_teleport_mw_rb_yb_rb_er Starting Mw-to-Er teleportation trial 44 at 2580000000000000.
2,640,000,000,000,000 WARNING main_het_teleport_mw_rb_yb_rb_er Mw-to-Er teleportation trial 44 failed (completed=True, direct match=False, latency=10.433711687 seconds).
2,640,000,000,000,000 WARNING main_het_teleport_mw_rb_yb_rb_er Starting Mw-to-Er teleportation trial 45 at 2640000000000000.
2,700,000,000,000,000 WARNING main_het_teleport_mw_rb_yb_rb_er Mw-to-Er teleportation trial 45 succeeded (completed=True, direct match=True, latency=2.1229091245 seconds).
2,700,000,000,000,000 WARNING main_het_teleport_mw_rb_yb_rb_er Starting Mw-to-Er teleportation trial 46 at 2700000000000000.
2,760,000,000,000,000 WARNING main_het_teleport_mw_rb_yb_rb_er Mw-to-Er teleportation trial 46 succeeded (completed=True, direct match=True, latency=4.9185409995 seconds).
2,760,000,000,000,000 WARNING main_het_teleport_mw_rb_yb_rb_er Starting Mw-to-Er teleportation trial 47 at 2760000000000000.
2,820,000,000,000,000 WARNING main_het_teleport_mw_rb_yb_rb_er Mw-to-Er teleportation trial 47 failed (completed=True, direct match=False, latency=18.230373687 seconds).
2,820,000,000,000,000 WARNING main_het_teleport_mw_rb_yb_rb_er Starting Mw-to-Er teleportation trial 48 at 2820000000000000.
2,880,000,000,000,000 WARNING main_het_teleport_mw_rb_yb_rb_er Mw-to-Er teleportation trial 48 succeeded (completed=True, direct match=True, latency=6.282035562 seconds).
2,880,000,000,000,000 WARNING main_het_teleport_mw_rb_yb_rb_er Starting Mw-to-Er teleportation trial 49 at 2880000000000000.
2,940,000,000,000,000 WARNING main_het_teleport_mw_rb_yb_rb_er Mw-to-Er teleportation trial 49 failed (completed=True, direct match=False, latency=6.297636187 seconds).
2,940,000,000,000,000 WARNING main_het_teleport_mw_rb_yb_rb_er Starting Mw-to-Er teleportation trial 50 at 2940000000000000.
3,000,000,000,000,000 WARNING main_het_teleport_mw_rb_yb_rb_er Mw-to-Er teleportation trial 50 succeeded (completed=True, direct match=True, latency=9.1104287495 seconds).
3,000,000,000,000,000 WARNING main_het_teleport_mw_rb_yb_rb_er Starting Mw-to-Er teleportation trial 51 at 3000000000000000.
3,060,000,000,000,000 WARNING main_het_teleport_mw_rb_yb_rb_er Mw-to-Er teleportation trial 51 failed (completed=True, direct match=False, latency=3.5472461245 seconds).
3,060,000,000,000,000 WARNING main_het_teleport_mw_rb_yb_rb_er Starting Mw-to-Er teleportation trial 52 at 3060000000000000.
3,120,000,000,000,000 WARNING main_het_teleport_mw_rb_yb_rb_er Mw-to-Er teleportation trial 52 succeeded (completed=True, direct match=True, latency=2.1135487495 seconds).
3,120,000,000,000,000 WARNING main_het_teleport_mw_rb_yb_rb_er Starting Mw-to-Er teleportation trial 53 at 3120000000000000.
3,180,000,000,000,000 WARNING main_het_teleport_mw_rb_yb_rb_er Mw-to-Er teleportation trial 53 failed (completed=True, direct match=False, latency=6.997924187 seconds).
3,180,000,000,000,000 WARNING main_het_teleport_mw_rb_yb_rb_er Starting Mw-to-Er teleportation trial 54 at 3180000000000000.
3,240,000,000,000,000 WARNING main_het_teleport_mw_rb_yb_rb_er Mw-to-Er teleportation trial 54 succeeded (completed=True, direct match=True, latency=8.4201011245 seconds).
3,240,000,000,000,000 WARNING main_het_teleport_mw_rb_yb_rb_er Starting Mw-to-Er teleportation trial 55 at 3240000000000000.
3,300,000,000,000,000 WARNING main_het_teleport_mw_rb_yb_rb_er Mw-to-Er teleportation trial 55 failed (completed=True, direct match=False, latency=8.4608377495 seconds).
3,300,000,000,000,000 WARNING main_het_teleport_mw_rb_yb_rb_er Starting Mw-to-Er teleportation trial 56 at 3300000000000000.
3,360,000,000,000,000 WARNING main_het_teleport_mw_rb_yb_rb_er Mw-to-Er teleportation trial 56 succeeded (completed=True, direct match=True, latency=5.610428687 seconds).
3,360,000,000,000,000 WARNING main_het_teleport_mw_rb_yb_rb_er Starting Mw-to-Er teleportation trial 57 at 3360000000000000.
3,420,000,000,000,000 WARNING main_het_teleport_mw_rb_yb_rb_er Mw-to-Er teleportation trial 57 succeeded (completed=True, direct match=True, latency=2.7882757495 seconds).
3,420,000,000,000,000 WARNING main_het_teleport_mw_rb_yb_rb_er Starting Mw-to-Er teleportation trial 58 at 3420000000000000.
3,480,000,000,000,000 WARNING main_het_teleport_mw_rb_yb_rb_er Mw-to-Er teleportation trial 58 succeeded (completed=True, direct match=True, latency=11.9154209995 seconds).
3,480,000,000,000,000 WARNING main_het_teleport_mw_rb_yb_rb_er Starting Mw-to-Er teleportation trial 59 at 3480000000000000.
3,540,000,000,000,000 WARNING main_het_teleport_mw_rb_yb_rb_er Mw-to-Er teleportation trial 59 failed (completed=True, direct match=False, latency=13.2806506245 seconds).
3,540,000,000,000,000 WARNING main_het_teleport_mw_rb_yb_rb_er Starting Mw-to-Er teleportation trial 60 at 3540000000000000.
3,600,000,000,000,000 WARNING main_het_teleport_mw_rb_yb_rb_er Mw-to-Er teleportation trial 60 failed (completed=True, direct match=False, latency=8.415420937 seconds).
3,600,000,000,000,000 WARNING main_het_teleport_mw_rb_yb_rb_er Starting Mw-to-Er teleportation trial 61 at 3600000000000000.
3,660,000,000,000,000 WARNING main_het_teleport_mw_rb_yb_rb_er Mw-to-Er teleportation trial 61 succeeded (completed=True, direct match=True, latency=2.8793322495 seconds).
3,660,000,000,000,000 WARNING main_het_teleport_mw_rb_yb_rb_er Starting Mw-to-Er teleportation trial 62 at 3660000000000000.
3,720,000,000,000,000 WARNING main_het_teleport_mw_rb_yb_rb_er Mw-to-Er teleportation trial 62 succeeded (completed=True, direct match=True, latency=2.8600386245 seconds).
3,720,000,000,000,000 WARNING main_het_teleport_mw_rb_yb_rb_er Starting Mw-to-Er teleportation trial 63 at 3720000000000000.
3,780,000,000,000,000 WARNING main_het_teleport_mw_rb_yb_rb_er Mw-to-Er teleportation trial 63 succeeded (completed=True, direct match=True, latency=2.8288373745 seconds).
3,780,000,000,000,000 WARNING main_het_teleport_mw_rb_yb_rb_er Starting Mw-to-Er teleportation trial 64 at 3780000000000000.
3,840,000,000,000,000 WARNING main_het_teleport_mw_rb_yb_rb_er Mw-to-Er teleportation trial 64 failed (completed=True, direct match=False, latency=3.5378857495 seconds).
3,840,000,000,000,000 WARNING main_het_teleport_mw_rb_yb_rb_er Starting Mw-to-Er teleportation trial 65 at 3840000000000000.
3,900,000,000,000,000 WARNING main_het_teleport_mw_rb_yb_rb_er Mw-to-Er teleportation trial 65 succeeded (completed=True, direct match=True, latency=4.935701687 seconds).
3,900,000,000,000,000 WARNING main_het_teleport_mw_rb_yb_rb_er Starting Mw-to-Er teleportation trial 66 at 3900000000000000.
3,960,000,000,000,000 WARNING main_het_teleport_mw_rb_yb_rb_er Mw-to-Er teleportation trial 66 succeeded (completed=True, direct match=True, latency=3.4910838745 seconds).
3,960,000,000,000,000 WARNING main_het_teleport_mw_rb_yb_rb_er Starting Mw-to-Er teleportation trial 67 at 3960000000000000.
4,020,000,000,000,000 WARNING main_het_teleport_mw_rb_yb_rb_er Mw-to-Er teleportation trial 67 failed (completed=True, direct match=False, latency=4.9029403745 seconds).
4,020,000,000,000,000 WARNING main_het_teleport_mw_rb_yb_rb_er Starting Mw-to-Er teleportation trial 68 at 4020000000000000.
4,080,000,000,000,000 WARNING main_het_teleport_mw_rb_yb_rb_er Mw-to-Er teleportation trial 68 succeeded (completed=True, direct match=True, latency=14.668931187 seconds).
4,080,000,000,000,000 WARNING main_het_teleport_mw_rb_yb_rb_er Starting Mw-to-Er teleportation trial 69 at 4080000000000000.
4,140,000,000,000,000 WARNING main_het_teleport_mw_rb_yb_rb_er Mw-to-Er teleportation trial 69 failed (completed=True, direct match=False, latency=5.6151088745 seconds).
4,140,000,000,000,000 WARNING main_het_teleport_mw_rb_yb_rb_er Starting Mw-to-Er teleportation trial 70 at 4140000000000000.
4,200,000,000,000,000 WARNING main_het_teleport_mw_rb_yb_rb_er Mw-to-Er teleportation trial 70 failed (completed=True, direct match=False, latency=14.0180301245 seconds).
4,200,000,000,000,000 WARNING main_het_teleport_mw_rb_yb_rb_er Starting Mw-to-Er teleportation trial 71 at 4200000000000000.
4,260,000,000,000,000 WARNING main_het_teleport_mw_rb_yb_rb_er Mw-to-Er teleportation trial 71 failed (completed=True, direct match=False, latency=9.827621312 seconds).
4,260,000,000,000,000 WARNING main_het_teleport_mw_rb_yb_rb_er Starting Mw-to-Er teleportation trial 72 at 4260000000000000.
4,320,000,000,000,000 WARNING main_het_teleport_mw_rb_yb_rb_er Mw-to-Er teleportation trial 72 succeeded (completed=True, direct match=True, latency=9.124469312 seconds).
4,320,000,000,000,000 WARNING main_het_teleport_mw_rb_yb_rb_er Starting Mw-to-Er teleportation trial 73 at 4320000000000000.
4,380,000,000,000,000 WARNING main_het_teleport_mw_rb_yb_rb_er Mw-to-Er teleportation trial 73 failed (completed=True, direct match=False, latency=9.811676812 seconds).
4,380,000,000,000,000 WARNING main_het_teleport_mw_rb_yb_rb_er Starting Mw-to-Er teleportation trial 74 at 4380000000000000.
4,440,000,000,000,000 WARNING main_het_teleport_mw_rb_yb_rb_er Mw-to-Er teleportation trial 74 succeeded (completed=True, direct match=True, latency=2.8600386245 seconds).
4,440,000,000,000,000 WARNING main_het_teleport_mw_rb_yb_rb_er Starting Mw-to-Er teleportation trial 75 at 4440000000000000.
4,500,000,000,000,000 WARNING main_het_teleport_mw_rb_yb_rb_er Mw-to-Er teleportation trial 75 succeeded (completed=True, direct match=True, latency=13.285330812 seconds).
4,500,000,000,000,000 WARNING main_het_teleport_mw_rb_yb_rb_er Starting Mw-to-Er teleportation trial 76 at 4500000000000000.
4,560,000,000,000,000 WARNING main_het_teleport_mw_rb_yb_rb_er Mw-to-Er teleportation trial 76 succeeded (completed=True, direct match=True, latency=6.3366377495 seconds).
4,560,000,000,000,000 WARNING main_het_teleport_mw_rb_yb_rb_er Starting Mw-to-Er teleportation trial 77 at 4560000000000000.
4,620,000,000,000,000 WARNING main_het_teleport_mw_rb_yb_rb_er Mw-to-Er teleportation trial 77 succeeded (completed=True, direct match=True, latency=2.8569184995 seconds).
4,620,000,000,000,000 WARNING main_het_teleport_mw_rb_yb_rb_er Starting Mw-to-Er teleportation trial 78 at 4620000000000000.
4,680,000,000,000,000 WARNING main_het_teleport_mw_rb_yb_rb_er Mw-to-Er teleportation trial 78 succeeded (completed=True, direct match=True, latency=13.2997963745 seconds).
4,680,000,000,000,000 WARNING main_het_teleport_mw_rb_yb_rb_er Starting Mw-to-Er teleportation trial 79 at 4680000000000000.
4,740,000,000,000,000 WARNING main_het_teleport_mw_rb_yb_rb_er Mw-to-Er teleportation trial 79 failed (completed=True, direct match=False, latency=13.316357062 seconds).
4,740,000,000,000,000 WARNING main_het_teleport_mw_rb_yb_rb_er Starting Mw-to-Er teleportation trial 80 at 4740000000000000.
4,800,000,000,000,000 WARNING main_het_teleport_mw_rb_yb_rb_er Mw-to-Er teleportation trial 80 succeeded (completed=True, direct match=True, latency=2.1478701245 seconds).
4,800,000,000,000,000 WARNING main_het_teleport_mw_rb_yb_rb_er Starting Mw-to-Er teleportation trial 81 at 4800000000000000.
4,860,000,000,000,000 WARNING main_het_teleport_mw_rb_yb_rb_er Mw-to-Er teleportation trial 81 succeeded (completed=True, direct match=True, latency=11.904675562 seconds).
4,860,000,000,000,000 WARNING main_het_teleport_mw_rb_yb_rb_er Starting Mw-to-Er teleportation trial 82 at 4860000000000000.
4,920,000,000,000,000 WARNING main_het_teleport_mw_rb_yb_rb_er Mw-to-Er teleportation trial 82 succeeded (completed=True, direct match=True, latency=7.709492687 seconds).
4,920,000,000,000,000 WARNING main_het_teleport_mw_rb_yb_rb_er Starting Mw-to-Er teleportation trial 83 at 4920000000000000.
4,980,000,000,000,000 WARNING main_het_teleport_mw_rb_yb_rb_er Mw-to-Er teleportation trial 83 succeeded (completed=True, direct match=True, latency=4.9216611245 seconds).
4,980,000,000,000,000 WARNING main_het_teleport_mw_rb_yb_rb_er Starting Mw-to-Er teleportation trial 84 at 4980000000000000.
5,040,000,000,000,000 WARNING main_het_teleport_mw_rb_yb_rb_er Mw-to-Er teleportation trial 84 failed (completed=True, direct match=False, latency=6.9959391245 seconds).
5,040,000,000,000,000 WARNING main_het_teleport_mw_rb_yb_rb_er Starting Mw-to-Er teleportation trial 85 at 5040000000000000.
5,100,000,000,000,000 WARNING main_het_teleport_mw_rb_yb_rb_er Mw-to-Er teleportation trial 85 succeeded (completed=True, direct match=True, latency=7.7016923745 seconds).
5,100,000,000,000,000 WARNING main_het_teleport_mw_rb_yb_rb_er Starting Mw-to-Er teleportation trial 86 at 5100000000000000.
5,160,000,000,000,000 WARNING main_het_teleport_mw_rb_yb_rb_er Mw-to-Er teleportation trial 86 succeeded (completed=True, direct match=True, latency=2.7945159995 seconds).
5,160,000,000,000,000 WARNING main_het_teleport_mw_rb_yb_rb_er Starting Mw-to-Er teleportation trial 87 at 5160000000000000.
5,220,000,000,000,000 WARNING main_het_teleport_mw_rb_yb_rb_er Mw-to-Er teleportation trial 87 failed (completed=True, direct match=False, latency=13.2868908745 seconds).
5,220,000,000,000,000 WARNING main_het_teleport_mw_rb_yb_rb_er Starting Mw-to-Er teleportation trial 88 at 5220000000000000.
5,280,000,000,000,000 WARNING main_het_teleport_mw_rb_yb_rb_er Mw-to-Er teleportation trial 88 succeeded (completed=True, direct match=True, latency=2.8288373745 seconds).
5,280,000,000,000,000 WARNING main_het_teleport_mw_rb_yb_rb_er Starting Mw-to-Er teleportation trial 89 at 5280000000000000.
5,340,000,000,000,000 WARNING main_het_teleport_mw_rb_yb_rb_er Mw-to-Er teleportation trial 89 failed (completed=True, direct match=False, latency=9.124469312 seconds).
5,340,000,000,000,000 WARNING main_het_teleport_mw_rb_yb_rb_er Starting Mw-to-Er teleportation trial 90 at 5340000000000000.
5,400,000,000,000,000 WARNING main_het_teleport_mw_rb_yb_rb_er Mw-to-Er teleportation trial 90 succeeded (completed=True, direct match=True, latency=8.434141687 seconds).
5,400,000,000,000,000 WARNING main_het_teleport_mw_rb_yb_rb_er Starting Mw-to-Er teleportation trial 91 at 5400000000000000.
5,460,000,000,000,000 WARNING main_het_teleport_mw_rb_yb_rb_er Mw-to-Er teleportation trial 91 succeeded (completed=True, direct match=True, latency=3.483283562 seconds).
5,460,000,000,000,000 WARNING main_het_teleport_mw_rb_yb_rb_er Starting Mw-to-Er teleportation trial 92 at 5460000000000000.
5,520,000,000,000,000 WARNING main_het_teleport_mw_rb_yb_rb_er Mw-to-Er teleportation trial 92 failed (completed=True, direct match=False, latency=2.796076062 seconds).
5,520,000,000,000,000 WARNING main_het_teleport_mw_rb_yb_rb_er Starting Mw-to-Er teleportation trial 93 at 5520000000000000.
5,580,000,000,000,000 WARNING main_het_teleport_mw_rb_yb_rb_er Mw-to-Er teleportation trial 93 failed (completed=True, direct match=False, latency=10.5098047495 seconds).
5,580,000,000,000,000 WARNING main_het_teleport_mw_rb_yb_rb_er Starting Mw-to-Er teleportation trial 94 at 5580000000000000.
5,640,000,000,000,000 WARNING main_het_teleport_mw_rb_yb_rb_er Mw-to-Er teleportation trial 94 failed (completed=True, direct match=False, latency=18.9311967495 seconds).
5,640,000,000,000,000 WARNING main_het_teleport_mw_rb_yb_rb_er Starting Mw-to-Er teleportation trial 95 at 5640000000000000.
5,700,000,000,000,000 WARNING main_het_teleport_mw_rb_yb_rb_er Mw-to-Er teleportation trial 95 succeeded (completed=True, direct match=True, latency=5.654110437 seconds).
5,700,000,000,000,000 WARNING main_het_teleport_mw_rb_yb_rb_er Starting Mw-to-Er teleportation trial 96 at 5700000000000000.
5,760,000,000,000,000 WARNING main_het_teleport_mw_rb_yb_rb_er Mw-to-Er teleportation trial 96 succeeded (completed=True, direct match=True, latency=8.4013803745 seconds).
5,760,000,000,000,000 WARNING main_het_teleport_mw_rb_yb_rb_er Starting Mw-to-Er teleportation trial 97 at 5760000000000000.
5,820,000,000,000,000 WARNING main_het_teleport_mw_rb_yb_rb_er Mw-to-Er teleportation trial 97 failed (completed=True, direct match=False, latency=5.629149437 seconds).
5,820,000,000,000,000 WARNING main_het_teleport_mw_rb_yb_rb_er Starting Mw-to-Er teleportation trial 98 at 5820000000000000.
5,880,000,000,000,000 WARNING main_het_teleport_mw_rb_yb_rb_er Mw-to-Er teleportation trial 98 succeeded (completed=True, direct match=True, latency=6.3838646245 seconds).
5,880,000,000,000,000 WARNING main_het_teleport_mw_rb_yb_rb_er Starting Mw-to-Er teleportation trial 99 at 5880000000000000.
5,940,000,000,000,000 WARNING main_het_teleport_mw_rb_yb_rb_er Mw-to-Er teleportation trial 99 failed (completed=True, direct match=False, latency=9.065186937 seconds).
5,940,000,000,000,000 WARNING main_het_teleport_mw_rb_yb_rb_er Starting Mw-to-Er teleportation trial 100 at 5940000000000000.
6,000,000,000,000,000 WARNING main_het_teleport_mw_rb_yb_rb_er Mw-to-Er teleportation trial 100 succeeded (completed=True, direct match=True, latency=5.579227437 seconds).
6,000,000,000,000,000 WARNING main_het_teleport_mw_rb_yb_rb_er Starting Mw-to-Er teleportation trial 101 at 6000000000000000.
6,060,000,000,000,000 WARNING main_het_teleport_mw_rb_yb_rb_er Mw-to-Er teleportation trial 101 failed (completed=True, direct match=False, latency=10.6071286245 seconds).
6,060,000,000,000,000 WARNING main_het_teleport_mw_rb_yb_rb_er Starting Mw-to-Er teleportation trial 102 at 6060000000000000.
6,120,000,000,000,000 WARNING main_het_teleport_mw_rb_yb_rb_er Mw-to-Er teleportation trial 102 succeeded (completed=True, direct match=True, latency=11.8748593745 seconds).
6,120,000,000,000,000 WARNING main_het_teleport_mw_rb_yb_rb_er Starting Mw-to-Er teleportation trial 103 at 6120000000000000.
6,180,000,000,000,000 WARNING main_het_teleport_mw_rb_yb_rb_er Mw-to-Er teleportation trial 103 failed (completed=True, direct match=False, latency=2.136949687 seconds).
6,180,000,000,000,000 WARNING main_het_teleport_mw_rb_yb_rb_er Starting Mw-to-Er teleportation trial 104 at 6180000000000000.
6,240,000,000,000,000 WARNING main_het_teleport_mw_rb_yb_rb_er Mw-to-Er teleportation trial 104 succeeded (completed=True, direct match=True, latency=15.415589312 seconds).
6,240,000,000,000,000 WARNING main_het_teleport_mw_rb_yb_rb_er Starting Mw-to-Er teleportation trial 105 at 6240000000000000.
6,300,000,000,000,000 WARNING main_het_teleport_mw_rb_yb_rb_er Mw-to-Er teleportation trial 105 succeeded (completed=True, direct match=True, latency=5.5589466245 seconds).
6,300,000,000,000,000 WARNING main_het_teleport_mw_rb_yb_rb_er Starting Mw-to-Er teleportation trial 106 at 6300000000000000.
6,360,000,000,000,000 WARNING main_het_teleport_mw_rb_yb_rb_er Mw-to-Er teleportation trial 106 succeeded (completed=True, direct match=True, latency=9.842878062 seconds).
6,360,000,000,000,000 WARNING main_het_teleport_mw_rb_yb_rb_er Starting Mw-to-Er teleportation trial 107 at 6360000000000000.
6,420,000,000,000,000 WARNING main_het_teleport_mw_rb_yb_rb_er Mw-to-Er teleportation trial 107 succeeded (completed=True, direct match=True, latency=5.604188437 seconds).
6,420,000,000,000,000 WARNING main_het_teleport_mw_rb_yb_rb_er Starting Mw-to-Er teleportation trial 108 at 6420000000000000.
6,480,000,000,000,000 WARNING main_het_teleport_mw_rb_yb_rb_er Mw-to-Er teleportation trial 108 succeeded (completed=True, direct match=True, latency=5.638509812 seconds).
6,480,000,000,000,000 WARNING main_het_teleport_mw_rb_yb_rb_er Starting Mw-to-Er teleportation trial 109 at 6480000000000000.
6,540,000,000,000,000 WARNING main_het_teleport_mw_rb_yb_rb_er Mw-to-Er teleportation trial 109 succeeded (completed=True, direct match=True, latency=7.728213437 seconds).
6,540,000,000,000,000 WARNING main_het_teleport_mw_rb_yb_rb_er Starting Mw-to-Er teleportation trial 110 at 6540000000000000.
6,600,000,000,000,000 WARNING main_het_teleport_mw_rb_yb_rb_er Mw-to-Er teleportation trial 110 succeeded (completed=True, direct match=True, latency=9.895920187 seconds).
6,600,000,000,000,000 WARNING main_het_teleport_mw_rb_yb_rb_er Starting Mw-to-Er teleportation trial 111 at 6600000000000000.
6,660,000,000,000,000 WARNING main_het_teleport_mw_rb_yb_rb_er Mw-to-Er teleportation trial 111 succeeded (completed=True, direct match=True, latency=3.505124437 seconds).
6,660,000,000,000,000 WARNING main_het_teleport_mw_rb_yb_rb_er Starting Mw-to-Er teleportation trial 112 at 6660000000000000.
6,720,000,000,000,000 WARNING main_het_teleport_mw_rb_yb_rb_er Mw-to-Er teleportation trial 112 succeeded (completed=True, direct match=True, latency=3.436481687 seconds).
6,720,000,000,000,000 WARNING main_het_teleport_mw_rb_yb_rb_er Starting Mw-to-Er teleportation trial 113 at 6720000000000000.
6,780,000,000,000,000 WARNING main_het_teleport_mw_rb_yb_rb_er Mw-to-Er teleportation trial 113 succeeded (completed=True, direct match=True, latency=7.0207251245 seconds).
6,780,000,000,000,000 WARNING main_het_teleport_mw_rb_yb_rb_er Starting Mw-to-Er teleportation trial 114 at 6780000000000000.
6,840,000,000,000,000 WARNING main_het_teleport_mw_rb_yb_rb_er Mw-to-Er teleportation trial 114 succeeded (completed=True, direct match=True, latency=4.935876687 seconds).
6,840,000,000,000,000 WARNING main_het_teleport_mw_rb_yb_rb_er Starting Mw-to-Er teleportation trial 115 at 6840000000000000.
6,900,000,000,000,000 WARNING main_het_teleport_mw_rb_yb_rb_er Mw-to-Er teleportation trial 115 succeeded (completed=True, direct match=True, latency=8.487183812 seconds).
6,900,000,000,000,000 WARNING main_het_teleport_mw_rb_yb_rb_er Starting Mw-to-Er teleportation trial 116 at 6900000000000000.
6,960,000,000,000,000 WARNING main_het_teleport_mw_rb_yb_rb_er Mw-to-Er teleportation trial 116 succeeded (completed=True, direct match=True, latency=14.663290937 seconds).
6,960,000,000,000,000 WARNING main_het_teleport_mw_rb_yb_rb_er Starting Mw-to-Er teleportation trial 117 at 6960000000000000.
7,020,000,000,000,000 WARNING main_het_teleport_mw_rb_yb_rb_er Mw-to-Er teleportation trial 117 succeeded (completed=True, direct match=True, latency=4.8967001245 seconds).
7,020,000,000,000,000 WARNING main_het_teleport_mw_rb_yb_rb_er Starting Mw-to-Er teleportation trial 118 at 7020000000000000.
7,080,000,000,000,000 WARNING main_het_teleport_mw_rb_yb_rb_er Mw-to-Er teleportation trial 118 succeeded (completed=True, direct match=True, latency=3.4786033745 seconds).
7,080,000,000,000,000 WARNING main_het_teleport_mw_rb_yb_rb_er Starting Mw-to-Er teleportation trial 119 at 7080000000000000.
7,140,000,000,000,000 WARNING main_het_teleport_mw_rb_yb_rb_er Mw-to-Er teleportation trial 119 succeeded (completed=True, direct match=True, latency=2.8288373745 seconds).
7,140,000,000,000,000 WARNING main_het_teleport_mw_rb_yb_rb_er Starting Mw-to-Er teleportation trial 120 at 7140000000000000.
7,200,000,000,000,000 WARNING main_het_teleport_mw_rb_yb_rb_er Mw-to-Er teleportation trial 120 succeeded (completed=True, direct match=True, latency=7.0113647495 seconds).
7,200,000,000,000,000 WARNING main_het_teleport_mw_rb_yb_rb_er Starting Mw-to-Er teleportation trial 121 at 7200000000000000.
7,260,000,000,000,000 WARNING main_het_teleport_mw_rb_yb_rb_er Mw-to-Er teleportation trial 121 succeeded (completed=True, direct match=True, latency=2.8132367495 seconds).
7,260,000,000,000,000 WARNING main_het_teleport_mw_rb_yb_rb_er Starting Mw-to-Er teleportation trial 122 at 7260000000000000.
7,320,000,000,000,000 WARNING main_het_teleport_mw_rb_yb_rb_er Mw-to-Er teleportation trial 122 succeeded (completed=True, direct match=True, latency=9.817917062 seconds).
7,320,000,000,000,000 WARNING main_het_teleport_mw_rb_yb_rb_er Starting Mw-to-Er teleportation trial 123 at 7320000000000000.
7,380,000,000,000,000 WARNING main_het_teleport_mw_rb_yb_rb_er Mw-to-Er teleportation trial 123 succeeded (completed=True, direct match=True, latency=7.718853062 seconds).
7,380,000,000,000,000 WARNING main_het_teleport_mw_rb_yb_rb_er Starting Mw-to-Er teleportation trial 124 at 7380000000000000.
7,440,000,000,000,000 WARNING main_het_teleport_mw_rb_yb_rb_er Mw-to-Er teleportation trial 124 succeeded (completed=True, direct match=True, latency=9.124469312 seconds).
7,440,000,000,000,000 WARNING main_het_teleport_mw_rb_yb_rb_er Starting Mw-to-Er teleportation trial 125 at 7440000000000000.
7,500,000,000,000,000 WARNING main_het_teleport_mw_rb_yb_rb_er Mw-to-Er teleportation trial 125 failed (completed=True, direct match=False, latency=14.731333687 seconds).
7,500,000,000,000,000 WARNING main_het_teleport_mw_rb_yb_rb_er Starting Mw-to-Er teleportation trial 126 at 7500000000000000.
7,560,000,000,000,000 WARNING main_het_teleport_mw_rb_yb_rb_er Mw-to-Er teleportation trial 126 failed (completed=True, direct match=False, latency=11.876419437 seconds).
7,560,000,000,000,000 WARNING main_het_teleport_mw_rb_yb_rb_er Starting Mw-to-Er teleportation trial 127 at 7560000000000000.
7,620,000,000,000,000 WARNING main_het_teleport_mw_rb_yb_rb_er Mw-to-Er teleportation trial 127 succeeded (completed=True, direct match=True, latency=4.2750152495 seconds).
7,620,000,000,000,000 WARNING main_het_teleport_mw_rb_yb_rb_er Starting Mw-to-Er teleportation trial 128 at 7620000000000000.
7,680,000,000,000,000 WARNING main_het_teleport_mw_rb_yb_rb_er Mw-to-Er teleportation trial 128 succeeded (completed=True, direct match=True, latency=5.6088686245 seconds).
7,680,000,000,000,000 WARNING main_het_teleport_mw_rb_yb_rb_er Starting Mw-to-Er teleportation trial 129 at 7680000000000000.
7,740,000,000,000,000 WARNING main_het_teleport_mw_rb_yb_rb_er Mw-to-Er teleportation trial 129 failed (completed=True, direct match=False, latency=16.8196522495 seconds).
7,740,000,000,000,000 WARNING main_het_teleport_mw_rb_yb_rb_er Starting Mw-to-Er teleportation trial 130 at 7740000000000000.
7,800,000,000,000,000 WARNING main_het_teleport_mw_rb_yb_rb_er Mw-to-Er teleportation trial 130 succeeded (completed=True, direct match=True, latency=7.019165062 seconds).
7,800,000,000,000,000 WARNING main_het_teleport_mw_rb_yb_rb_er Starting Mw-to-Er teleportation trial 131 at 7800000000000000.
7,860,000,000,000,000 WARNING main_het_teleport_mw_rb_yb_rb_er Mw-to-Er teleportation trial 131 succeeded (completed=True, direct match=True, latency=8.3890748745 seconds).
7,860,000,000,000,000 WARNING main_het_teleport_mw_rb_yb_rb_er Starting Mw-to-Er teleportation trial 132 at 7860000000000000.
7,920,000,000,000,000 WARNING main_het_teleport_mw_rb_yb_rb_er Mw-to-Er teleportation trial 132 succeeded (completed=True, direct match=True, latency=7.725093312 seconds).
7,920,000,000,000,000 WARNING main_het_teleport_mw_rb_yb_rb_er Starting Mw-to-Er teleportation trial 133 at 7920000000000000.
7,980,000,000,000,000 WARNING main_het_teleport_mw_rb_yb_rb_er Mw-to-Er teleportation trial 133 succeeded (completed=True, direct match=True, latency=6.313236812 seconds).
7,980,000,000,000,000 WARNING main_het_teleport_mw_rb_yb_rb_er Starting Mw-to-Er teleportation trial 134 at 7980000000000000.
8,040,000,000,000,000 WARNING main_het_teleport_mw_rb_yb_rb_er Mw-to-Er teleportation trial 134 succeeded (completed=True, direct match=True, latency=5.629149437 seconds).
8,040,000,000,000,000 WARNING main_het_teleport_mw_rb_yb_rb_er Starting Mw-to-Er teleportation trial 135 at 8040000000000000.
8,100,000,000,000,000 WARNING main_het_teleport_mw_rb_yb_rb_er Mw-to-Er teleportation trial 135 succeeded (completed=True, direct match=True, latency=2.8350776245 seconds).
8,100,000,000,000,000 WARNING main_het_teleport_mw_rb_yb_rb_er Starting Mw-to-Er teleportation trial 136 at 8100000000000000.
8,160,000,000,000,000 WARNING main_het_teleport_mw_rb_yb_rb_er Mw-to-Er teleportation trial 136 succeeded (completed=True, direct match=True, latency=2.824157187 seconds).
8,160,000,000,000,000 WARNING main_het_teleport_mw_rb_yb_rb_er Starting Mw-to-Er teleportation trial 137 at 8160000000000000.
8,220,000,000,000,000 WARNING main_het_teleport_mw_rb_yb_rb_er Mw-to-Er teleportation trial 137 succeeded (completed=True, direct match=True, latency=14.659995812 seconds).
8,220,000,000,000,000 WARNING main_het_teleport_mw_rb_yb_rb_er Starting Mw-to-Er teleportation trial 138 at 8220000000000000.
8,280,000,000,000,000 WARNING main_het_teleport_mw_rb_yb_rb_er Mw-to-Er teleportation trial 138 succeeded (completed=True, direct match=True, latency=5.6244692495 seconds).
8,280,000,000,000,000 WARNING main_het_teleport_mw_rb_yb_rb_er Starting Mw-to-Er teleportation trial 139 at 8280000000000000.
8,340,000,000,000,000 WARNING main_het_teleport_mw_rb_yb_rb_er Mw-to-Er teleportation trial 139 succeeded (completed=True, direct match=True, latency=5.6057484995 seconds).
8,340,000,000,000,000 WARNING main_het_teleport_mw_rb_yb_rb_er Starting Mw-to-Er teleportation trial 140 at 8340000000000000.
8,400,000,000,000,000 WARNING main_het_teleport_mw_rb_yb_rb_er Mw-to-Er teleportation trial 140 failed (completed=True, direct match=False, latency=9.603567862 seconds).
8,400,000,000,000,000 WARNING main_het_teleport_mw_rb_yb_rb_er Starting Mw-to-Er teleportation trial 141 at 8400000000000000.
8,460,000,000,000,000 WARNING main_het_teleport_mw_rb_yb_rb_er Mw-to-Er teleportation trial 141 succeeded (completed=True, direct match=True, latency=11.6254243745 seconds).
8,460,000,000,000,000 WARNING main_het_teleport_mw_rb_yb_rb_er Starting Mw-to-Er teleportation trial 142 at 8460000000000000.
8,520,000,000,000,000 WARNING main_het_teleport_mw_rb_yb_rb_er Mw-to-Er teleportation trial 142 failed (completed=True, direct match=False, latency=5.8249426245 seconds).
8,520,000,000,000,000 WARNING main_het_teleport_mw_rb_yb_rb_er Starting Mw-to-Er teleportation trial 143 at 8520000000000000.
8,580,000,000,000,000 WARNING main_het_teleport_mw_rb_yb_rb_er Mw-to-Er teleportation trial 143 failed (completed=True, direct match=False, latency=5.560506687 seconds).
8,580,000,000,000,000 WARNING main_het_teleport_mw_rb_yb_rb_er Starting Mw-to-Er teleportation trial 144 at 8580000000000000.
8,640,000,000,000,000 WARNING main_het_teleport_mw_rb_yb_rb_er Mw-to-Er teleportation trial 144 failed (completed=True, direct match=False, latency=9.0330256245 seconds).
8,640,000,000,000,000 WARNING main_het_teleport_mw_rb_yb_rb_er Starting Mw-to-Er teleportation trial 145 at 8640000000000000.
8,700,000,000,000,000 WARNING main_het_teleport_mw_rb_yb_rb_er Mw-to-Er teleportation trial 145 succeeded (completed=True, direct match=True, latency=2.1416298745 seconds).
8,700,000,000,000,000 WARNING main_het_teleport_mw_rb_yb_rb_er Starting Mw-to-Er teleportation trial 146 at 8700000000000000.
8,760,000,000,000,000 WARNING main_het_teleport_mw_rb_yb_rb_er Mw-to-Er teleportation trial 146 succeeded (completed=True, direct match=True, latency=8.387339812 seconds).
8,760,000,000,000,000 WARNING main_het_teleport_mw_rb_yb_rb_er Starting Mw-to-Er teleportation trial 147 at 8760000000000000.
8,820,000,000,000,000 WARNING main_het_teleport_mw_rb_yb_rb_er Mw-to-Er teleportation trial 147 succeeded (completed=True, direct match=True, latency=4.223533187 seconds).
8,820,000,000,000,000 WARNING main_het_teleport_mw_rb_yb_rb_er Starting Mw-to-Er teleportation trial 148 at 8820000000000000.
8,880,000,000,000,000 WARNING main_het_teleport_mw_rb_yb_rb_er Mw-to-Er teleportation trial 148 succeeded (completed=True, direct match=True, latency=16.093268187 seconds).
8,880,000,000,000,000 WARNING main_het_teleport_mw_rb_yb_rb_er Starting Mw-to-Er teleportation trial 149 at 8880000000000000.
8,940,000,000,000,000 WARNING main_het_teleport_mw_rb_yb_rb_er Mw-to-Er teleportation trial 149 failed (completed=True, direct match=False, latency=5.610428687 seconds).
8,940,000,000,000,000 WARNING main_het_teleport_mw_rb_yb_rb_er Starting Mw-to-Er teleportation trial 150 at 8940000000000000.
9,000,000,000,000,000 WARNING main_het_teleport_mw_rb_yb_rb_er Mw-to-Er teleportation trial 150 succeeded (completed=True, direct match=True, latency=2.771115062 seconds).
9,000,000,000,000,000 WARNING main_het_teleport_mw_rb_yb_rb_er Starting Mw-to-Er teleportation trial 151 at 9000000000000000.
9,060,000,000,000,000 WARNING main_het_teleport_mw_rb_yb_rb_er Mw-to-Er teleportation trial 151 succeeded (completed=True, direct match=True, latency=7.0363257495 seconds).
9,060,000,000,000,000 WARNING main_het_teleport_mw_rb_yb_rb_er Starting Mw-to-Er teleportation trial 152 at 9060000000000000.
9,120,000,000,000,000 WARNING main_het_teleport_mw_rb_yb_rb_er Mw-to-Er teleportation trial 152 succeeded (completed=True, direct match=True, latency=2.8101166245 seconds).
9,120,000,000,000,000 WARNING main_het_teleport_mw_rb_yb_rb_er Starting Mw-to-Er teleportation trial 153 at 9120000000000000.
9,180,000,000,000,000 WARNING main_het_teleport_mw_rb_yb_rb_er Mw-to-Er teleportation trial 153 succeeded (completed=True, direct match=True, latency=6.9739232495 seconds).
9,180,000,000,000,000 WARNING main_het_teleport_mw_rb_yb_rb_er Starting Mw-to-Er teleportation trial 154 at 9180000000000000.
9,240,000,000,000,000 WARNING main_het_teleport_mw_rb_yb_rb_er Mw-to-Er teleportation trial 154 succeeded (completed=True, direct match=True, latency=2.124469187 seconds).
9,240,000,000,000,000 WARNING main_het_teleport_mw_rb_yb_rb_er Starting Mw-to-Er teleportation trial 155 at 9240000000000000.
9,300,000,000,000,000 WARNING main_het_teleport_mw_rb_yb_rb_er Mw-to-Er teleportation trial 155 failed (completed=True, direct match=False, latency=7.731933562 seconds).
9,300,000,000,000,000 WARNING main_het_teleport_mw_rb_yb_rb_er Starting Mw-to-Er teleportation trial 156 at 9300000000000000.
9,360,000,000,000,000 WARNING main_het_teleport_mw_rb_yb_rb_er Mw-to-Er teleportation trial 156 succeeded (completed=True, direct match=True, latency=7.7110527495 seconds).
9,360,000,000,000,000 WARNING main_het_teleport_mw_rb_yb_rb_er Starting Mw-to-Er teleportation trial 157 at 9360000000000000.
9,420,000,000,000,000 WARNING main_het_teleport_mw_rb_yb_rb_er Mw-to-Er teleportation trial 157 succeeded (completed=True, direct match=True, latency=4.8750342495 seconds).
9,420,000,000,000,000 WARNING main_het_teleport_mw_rb_yb_rb_er Starting Mw-to-Er teleportation trial 158 at 9420000000000000.
9,480,000,000,000,000 WARNING main_het_teleport_mw_rb_yb_rb_er Mw-to-Er teleportation trial 158 succeeded (completed=True, direct match=True, latency=14.031645687 seconds).
9,480,000,000,000,000 WARNING main_het_teleport_mw_rb_yb_rb_er Starting Mw-to-Er teleportation trial 159 at 9480000000000000.
9,540,000,000,000,000 WARNING main_het_teleport_mw_rb_yb_rb_er Mw-to-Er teleportation trial 159 failed (completed=True, direct match=False, latency=6.338197812 seconds).
9,540,000,000,000,000 WARNING main_het_teleport_mw_rb_yb_rb_er Starting Mw-to-Er teleportation trial 160 at 9540000000000000.
9,600,000,000,000,000 WARNING main_het_teleport_mw_rb_yb_rb_er Mw-to-Er teleportation trial 160 failed (completed=True, direct match=False, latency=5.604363437 seconds).
9,600,000,000,000,000 WARNING main_het_teleport_mw_rb_yb_rb_er Starting Mw-to-Er teleportation trial 161 at 9600000000000000.
9,660,000,000,000,000 WARNING main_het_teleport_mw_rb_yb_rb_er Mw-to-Er teleportation trial 161 succeeded (completed=True, direct match=True, latency=4.226653312 seconds).
9,660,000,000,000,000 WARNING main_het_teleport_mw_rb_yb_rb_er Starting Mw-to-Er teleportation trial 162 at 9660000000000000.
9,720,000,000,000,000 WARNING main_het_teleport_mw_rb_yb_rb_er Mw-to-Er teleportation trial 162 succeeded (completed=True, direct match=True, latency=4.910740687 seconds).
9,720,000,000,000,000 WARNING main_het_teleport_mw_rb_yb_rb_er Starting Mw-to-Er teleportation trial 163 at 9720000000000000.
9,780,000,000,000,000 WARNING main_het_teleport_mw_rb_yb_rb_er Mw-to-Er teleportation trial 163 failed (completed=True, direct match=False, latency=14.4714032495 seconds).
9,780,000,000,000,000 WARNING main_het_teleport_mw_rb_yb_rb_er Starting Mw-to-Er teleportation trial 164 at 9780000000000000.
9,840,000,000,000,000 WARNING main_het_teleport_mw_rb_yb_rb_er Mw-to-Er teleportation trial 164 failed (completed=True, direct match=False, latency=4.2375737495 seconds).
9,840,000,000,000,000 WARNING main_het_teleport_mw_rb_yb_rb_er Starting Mw-to-Er teleportation trial 165 at 9840000000000000.
9,900,000,000,000,000 WARNING main_het_teleport_mw_rb_yb_rb_er Mw-to-Er teleportation trial 165 succeeded (completed=True, direct match=True, latency=5.5932679995 seconds).
9,900,000,000,000,000 WARNING main_het_teleport_mw_rb_yb_rb_er Starting Mw-to-Er teleportation trial 166 at 9900000000000000.
9,960,000,000,000,000 WARNING main_het_teleport_mw_rb_yb_rb_er Mw-to-Er teleportation trial 166 failed (completed=True, direct match=False, latency=4.851458312 seconds).
9,960,000,000,000,000 WARNING main_het_teleport_mw_rb_yb_rb_er Starting Mw-to-Er teleportation trial 167 at 9960000000000000.
10,020,000,000,000,000 WARNING main_het_teleport_mw_rb_yb_rb_er Mw-to-Er teleportation trial 167 failed (completed=True, direct match=False, latency=7.697012187 seconds).
10,020,000,000,000,000 WARNING main_het_teleport_mw_rb_yb_rb_er Starting Mw-to-Er teleportation trial 168 at 10020000000000000.
10,080,000,000,000,000 WARNING main_het_teleport_mw_rb_yb_rb_er Mw-to-Er teleportation trial 168 failed (completed=True, direct match=False, latency=5.6369497495 seconds).
10,080,000,000,000,000 WARNING main_het_teleport_mw_rb_yb_rb_er Starting Mw-to-Er teleportation trial 169 at 10080000000000000.
10,140,000,000,000,000 WARNING main_het_teleport_mw_rb_yb_rb_er Mw-to-Er teleportation trial 169 failed (completed=True, direct match=False, latency=8.462397812 seconds).
10,140,000,000,000,000 WARNING main_het_teleport_mw_rb_yb_rb_er Starting Mw-to-Er teleportation trial 170 at 10140000000000000.
10,200,000,000,000,000 WARNING main_het_teleport_mw_rb_yb_rb_er Mw-to-Er teleportation trial 170 succeeded (completed=True, direct match=True, latency=2.1073084995 seconds).
10,200,000,000,000,000 WARNING main_het_teleport_mw_rb_yb_rb_er Starting Mw-to-Er teleportation trial 171 at 10200000000000000.
10,260,000,000,000,000 WARNING main_het_teleport_mw_rb_yb_rb_er Mw-to-Er teleportation trial 171 failed (completed=True, direct match=False, latency=8.431021562 seconds).
10,260,000,000,000,000 WARNING main_het_teleport_mw_rb_yb_rb_er Starting Mw-to-Er teleportation trial 172 at 10260000000000000.
10,320,000,000,000,000 WARNING main_het_teleport_mw_rb_yb_rb_er Mw-to-Er teleportation trial 172 failed (completed=True, direct match=False, latency=3.6089474495 seconds).
10,320,000,000,000,000 WARNING main_het_teleport_mw_rb_yb_rb_er Starting Mw-to-Er teleportation trial 173 at 10320000000000000.
10,380,000,000,000,000 WARNING main_het_teleport_mw_rb_yb_rb_er Mw-to-Er teleportation trial 173 succeeded (completed=True, direct match=True, latency=3.492643937 seconds).
10,380,000,000,000,000 WARNING main_het_teleport_mw_rb_yb_rb_er Starting Mw-to-Er teleportation trial 174 at 10380000000000000.
10,440,000,000,000,000 WARNING main_het_teleport_mw_rb_yb_rb_er Mw-to-Er teleportation trial 174 succeeded (completed=True, direct match=True, latency=4.9653428745 seconds).
10,440,000,000,000,000 WARNING main_het_teleport_mw_rb_yb_rb_er Starting Mw-to-Er teleportation trial 175 at 10440000000000000.
10,500,000,000,000,000 WARNING main_het_teleport_mw_rb_yb_rb_er Mw-to-Er teleportation trial 175 succeeded (completed=True, direct match=True, latency=6.9864037495 seconds).
10,500,000,000,000,000 WARNING main_het_teleport_mw_rb_yb_rb_er Starting Mw-to-Er teleportation trial 176 at 10500000000000000.
10,560,000,000,000,000 WARNING main_het_teleport_mw_rb_yb_rb_er Mw-to-Er teleportation trial 176 succeeded (completed=True, direct match=True, latency=6.288275812 seconds).
10,560,000,000,000,000 WARNING main_het_teleport_mw_rb_yb_rb_er Starting Mw-to-Er teleportation trial 177 at 10560000000000000.
10,620,000,000,000,000 WARNING main_het_teleport_mw_rb_yb_rb_er Mw-to-Er teleportation trial 177 succeeded (completed=True, direct match=True, latency=7.7235332495 seconds).
10,620,000,000,000,000 WARNING main_het_teleport_mw_rb_yb_rb_er Starting Mw-to-Er teleportation trial 178 at 10620000000000000.
10,680,000,000,000,000 WARNING main_het_teleport_mw_rb_yb_rb_er Mw-to-Er teleportation trial 178 succeeded (completed=True, direct match=True, latency=8.4107407495 seconds).
10,680,000,000,000,000 WARNING main_het_teleport_mw_rb_yb_rb_er Starting Mw-to-Er teleportation trial 179 at 10680000000000000.
10,740,000,000,000,000 WARNING main_het_teleport_mw_rb_yb_rb_er Mw-to-Er teleportation trial 179 succeeded (completed=True, direct match=True, latency=5.5684819995 seconds).
10,740,000,000,000,000 WARNING main_het_teleport_mw_rb_yb_rb_er Starting Mw-to-Er teleportation trial 180 at 10740000000000000.
10,800,000,000,000,000 WARNING main_het_teleport_mw_rb_yb_rb_er Mw-to-Er teleportation trial 180 succeeded (completed=True, direct match=True, latency=10.570647187 seconds).
10,800,000,000,000,000 WARNING main_het_teleport_mw_rb_yb_rb_er Starting Mw-to-Er teleportation trial 181 at 10800000000000000.
10,860,000,000,000,000 WARNING main_het_teleport_mw_rb_yb_rb_er Mw-to-Er teleportation trial 181 succeeded (completed=True, direct match=True, latency=2.1312494995 seconds).
10,860,000,000,000,000 WARNING main_het_teleport_mw_rb_yb_rb_er Starting Mw-to-Er teleportation trial 182 at 10860000000000000.
10,920,000,000,000,000 WARNING main_het_teleport_mw_rb_yb_rb_er Mw-to-Er teleportation trial 182 failed (completed=True, direct match=False, latency=8.4481822495 seconds).
10,920,000,000,000,000 WARNING main_het_teleport_mw_rb_yb_rb_er Starting Mw-to-Er teleportation trial 183 at 10920000000000000.
10,980,000,000,000,000 WARNING main_het_teleport_mw_rb_yb_rb_er Mw-to-Er teleportation trial 183 succeeded (completed=True, direct match=True, latency=10.5191651245 seconds).
10,980,000,000,000,000 WARNING main_het_teleport_mw_rb_yb_rb_er Starting Mw-to-Er teleportation trial 184 at 10980000000000000.
11,040,000,000,000,000 WARNING main_het_teleport_mw_rb_yb_rb_er Mw-to-Er teleportation trial 184 succeeded (completed=True, direct match=True, latency=4.9029403745 seconds).
11,040,000,000,000,000 WARNING main_het_teleport_mw_rb_yb_rb_er Starting Mw-to-Er teleportation trial 185 at 11040000000000000.
11,100,000,000,000,000 WARNING main_het_teleport_mw_rb_yb_rb_er Mw-to-Er teleportation trial 185 succeeded (completed=True, direct match=True, latency=6.9832836245 seconds).
11,100,000,000,000,000 WARNING main_het_teleport_mw_rb_yb_rb_er Starting Mw-to-Er teleportation trial 186 at 11100000000000000.
11,160,000,000,000,000 WARNING main_het_teleport_mw_rb_yb_rb_er Mw-to-Er teleportation trial 186 succeeded (completed=True, direct match=True, latency=14.690772062 seconds).
11,160,000,000,000,000 WARNING main_het_teleport_mw_rb_yb_rb_er Starting Mw-to-Er teleportation trial 187 at 11160000000000000.
11,220,000,000,000,000 WARNING main_het_teleport_mw_rb_yb_rb_er Mw-to-Er teleportation trial 187 failed (completed=True, direct match=False, latency=4.1907718745 seconds).
11,220,000,000,000,000 WARNING main_het_teleport_mw_rb_yb_rb_er Starting Mw-to-Er teleportation trial 188 at 11220000000000000.
11,280,000,000,000,000 WARNING main_het_teleport_mw_rb_yb_rb_er Mw-to-Er teleportation trial 188 succeeded (completed=True, direct match=True, latency=9.733673687 seconds).
11,280,000,000,000,000 WARNING main_het_teleport_mw_rb_yb_rb_er Starting Mw-to-Er teleportation trial 189 at 11280000000000000.
11,340,000,000,000,000 WARNING main_het_teleport_mw_rb_yb_rb_er Mw-to-Er teleportation trial 189 succeeded (completed=True, direct match=True, latency=2.124469187 seconds).
11,340,000,000,000,000 WARNING main_het_teleport_mw_rb_yb_rb_er Starting Mw-to-Er teleportation trial 190 at 11340000000000000.
11,400,000,000,000,000 WARNING main_het_teleport_mw_rb_yb_rb_er Mw-to-Er teleportation trial 190 failed (completed=True, direct match=False, latency=5.647870187 seconds).
11,400,000,000,000,000 WARNING main_het_teleport_mw_rb_yb_rb_er Starting Mw-to-Er teleportation trial 191 at 11400000000000000.
11,460,000,000,000,000 WARNING main_het_teleport_mw_rb_yb_rb_er Mw-to-Er teleportation trial 191 failed (completed=True, direct match=False, latency=4.9372617495 seconds).
11,460,000,000,000,000 WARNING main_het_teleport_mw_rb_yb_rb_er Starting Mw-to-Er teleportation trial 192 at 11460000000000000.
11,520,000,000,000,000 WARNING main_het_teleport_mw_rb_yb_rb_er Mw-to-Er teleportation trial 192 succeeded (completed=True, direct match=True, latency=9.002784437 seconds).
11,520,000,000,000,000 WARNING main_het_teleport_mw_rb_yb_rb_er Starting Mw-to-Er teleportation trial 193 at 11520000000000000.
11,580,000,000,000,000 WARNING main_het_teleport_mw_rb_yb_rb_er Mw-to-Er teleportation trial 193 succeeded (completed=True, direct match=True, latency=2.2100837495 seconds).
11,580,000,000,000,000 WARNING main_het_teleport_mw_rb_yb_rb_er Starting Mw-to-Er teleportation trial 194 at 11580000000000000.
11,640,000,000,000,000 WARNING main_het_teleport_mw_rb_yb_rb_er Mw-to-Er teleportation trial 194 succeeded (completed=True, direct match=True, latency=4.857873562 seconds).
11,640,000,000,000,000 WARNING main_het_teleport_mw_rb_yb_rb_er Starting Mw-to-Er teleportation trial 195 at 11640000000000000.
11,700,000,000,000,000 WARNING main_het_teleport_mw_rb_yb_rb_er Mw-to-Er teleportation trial 195 failed (completed=True, direct match=False, latency=11.892350562 seconds).
11,700,000,000,000,000 WARNING main_het_teleport_mw_rb_yb_rb_er Starting Mw-to-Er teleportation trial 196 at 11700000000000000.
11,760,000,000,000,000 WARNING main_het_teleport_mw_rb_yb_rb_er Mw-to-Er teleportation trial 196 succeeded (completed=True, direct match=True, latency=3.5035176495 seconds).
11,760,000,000,000,000 WARNING main_het_teleport_mw_rb_yb_rb_er Starting Mw-to-Er teleportation trial 197 at 11760000000000000.
11,820,000,000,000,000 WARNING main_het_teleport_mw_rb_yb_rb_er Mw-to-Er teleportation trial 197 succeeded (completed=True, direct match=True, latency=4.9372617495 seconds).
11,820,000,000,000,000 WARNING main_het_teleport_mw_rb_yb_rb_er Starting Mw-to-Er teleportation trial 198 at 11820000000000000.
11,880,000,000,000,000 WARNING main_het_teleport_mw_rb_yb_rb_er Mw-to-Er teleportation trial 198 succeeded (completed=True, direct match=True, latency=7.1410310745 seconds).
11,880,000,000,000,000 WARNING main_het_teleport_mw_rb_yb_rb_er Starting Mw-to-Er teleportation trial 199 at 11880000000000000.
11,940,000,000,000,000 WARNING main_het_teleport_mw_rb_yb_rb_er Mw-to-Er teleportation trial 199 succeeded (completed=True, direct match=True, latency=4.2522450245 seconds).
11,940,000,000,000,000 WARNING main_het_teleport_mw_rb_yb_rb_er Starting Mw-to-Er teleportation trial 200 at 11940000000000000.
12,000,000,000,000,000 WARNING main_het_teleport_mw_rb_yb_rb_er Mw-to-Er teleportation trial 200 succeeded (completed=True, direct match=True, latency=12.622909312 seconds).
12,000,000,000,000,000 WARNING main_het_teleport_mw_rb_yb_rb_er Starting Mw-to-Er teleportation trial 201 at 12000000000000000.
12,060,000,000,000,000 WARNING main_het_teleport_mw_rb_yb_rb_er Mw-to-Er teleportation trial 201 failed (completed=True, direct match=False, latency=4.9091806245 seconds).
12,060,000,000,000,000 WARNING main_het_teleport_mw_rb_yb_rb_er Starting Mw-to-Er teleportation trial 202 at 12060000000000000.
12,120,000,000,000,000 WARNING main_het_teleport_mw_rb_yb_rb_er Mw-to-Er teleportation trial 202 failed (completed=True, direct match=False, latency=6.3335176245 seconds).
12,120,000,000,000,000 WARNING main_het_teleport_mw_rb_yb_rb_er Starting Mw-to-Er teleportation trial 203 at 12120000000000000.
12,180,000,000,000,000 WARNING main_het_teleport_mw_rb_yb_rb_er Mw-to-Er teleportation trial 203 succeeded (completed=True, direct match=True, latency=13.3684391245 seconds).
12,180,000,000,000,000 WARNING main_het_teleport_mw_rb_yb_rb_er Starting Mw-to-Er teleportation trial 204 at 12180000000000000.
12,240,000,000,000,000 WARNING main_het_teleport_mw_rb_yb_rb_er Mw-to-Er teleportation trial 204 succeeded (completed=True, direct match=True, latency=5.616668937 seconds).
12,240,000,000,000,000 WARNING main_het_teleport_mw_rb_yb_rb_er Starting Mw-to-Er teleportation trial 205 at 12240000000000000.
12,300,000,000,000,000 WARNING main_het_teleport_mw_rb_yb_rb_er Mw-to-Er teleportation trial 205 failed (completed=True, direct match=False, latency=4.8218171245 seconds).
12,300,000,000,000,000 WARNING main_het_teleport_mw_rb_yb_rb_er Starting Mw-to-Er teleportation trial 206 at 12300000000000000.
12,360,000,000,000,000 WARNING main_het_teleport_mw_rb_yb_rb_er Mw-to-Er teleportation trial 206 failed (completed=True, direct match=False, latency=9.7510093745 seconds).
12,360,000,000,000,000 WARNING main_het_teleport_mw_rb_yb_rb_er Starting Mw-to-Er teleportation trial 207 at 12360000000000000.
12,420,000,000,000,000 WARNING main_het_teleport_mw_rb_yb_rb_er Mw-to-Er teleportation trial 207 succeeded (completed=True, direct match=True, latency=4.267214937 seconds).
12,420,000,000,000,000 WARNING main_het_teleport_mw_rb_yb_rb_er Starting Mw-to-Er teleportation trial 208 at 12420000000000000.
12,480,000,000,000,000 WARNING main_het_teleport_mw_rb_yb_rb_er Mw-to-Er teleportation trial 208 succeeded (completed=True, direct match=True, latency=9.1104287495 seconds).
12,480,000,000,000,000 WARNING main_het_teleport_mw_rb_yb_rb_er Starting Mw-to-Er teleportation trial 209 at 12480000000000000.
12,540,000,000,000,000 WARNING main_het_teleport_mw_rb_yb_rb_er Mw-to-Er teleportation trial 209 failed (completed=True, direct match=False, latency=7.7266533745 seconds).
12,540,000,000,000,000 WARNING main_het_teleport_mw_rb_yb_rb_er Starting Mw-to-Er teleportation trial 210 at 12540000000000000.
12,600,000,000,000,000 WARNING main_het_teleport_mw_rb_yb_rb_er Mw-to-Er teleportation trial 210 succeeded (completed=True, direct match=True, latency=13.382479687 seconds).
12,600,000,000,000,000 WARNING main_het_teleport_mw_rb_yb_rb_er Starting Mw-to-Er teleportation trial 211 at 12600000000000000.
12,660,000,000,000,000 WARNING main_het_teleport_mw_rb_yb_rb_er Mw-to-Er teleportation trial 211 failed (completed=True, direct match=False, latency=5.5091996245 seconds).
12,660,000,000,000,000 WARNING main_het_teleport_mw_rb_yb_rb_er Starting Mw-to-Er teleportation trial 212 at 12660000000000000.
12,720,000,000,000,000 WARNING main_het_teleport_mw_rb_yb_rb_er Mw-to-Er teleportation trial 212 succeeded (completed=True, direct match=True, latency=7.728213437 seconds).
12,720,000,000,000,000 WARNING main_het_teleport_mw_rb_yb_rb_er Starting Mw-to-Er teleportation trial 213 at 12720000000000000.
12,780,000,000,000,000 WARNING main_het_teleport_mw_rb_yb_rb_er Mw-to-Er teleportation trial 213 failed (completed=True, direct match=False, latency=8.4304663745 seconds).
12,780,000,000,000,000 WARNING main_het_teleport_mw_rb_yb_rb_er Starting Mw-to-Er teleportation trial 214 at 12780000000000000.
12,840,000,000,000,000 WARNING main_het_teleport_mw_rb_yb_rb_er Mw-to-Er teleportation trial 214 succeeded (completed=True, direct match=True, latency=5.601068312 seconds).
12,840,000,000,000,000 WARNING main_het_teleport_mw_rb_yb_rb_er Starting Mw-to-Er teleportation trial 215 at 12840000000000000.
12,900,000,000,000,000 WARNING main_het_teleport_mw_rb_yb_rb_er Mw-to-Er teleportation trial 215 succeeded (completed=True, direct match=True, latency=9.111988812 seconds).
12,900,000,000,000,000 WARNING main_het_teleport_mw_rb_yb_rb_er Starting Mw-to-Er teleportation trial 216 at 12900000000000000.
12,960,000,000,000,000 WARNING main_het_teleport_mw_rb_yb_rb_er Mw-to-Er teleportation trial 216 failed (completed=True, direct match=False, latency=2.1870190495 seconds).
12,960,000,000,000,000 WARNING main_het_teleport_mw_rb_yb_rb_er Starting Mw-to-Er teleportation trial 217 at 12960000000000000.
13,020,000,000,000,000 WARNING main_het_teleport_mw_rb_yb_rb_er Mw-to-Er teleportation trial 217 succeeded (completed=True, direct match=True, latency=5.569867062 seconds).
13,020,000,000,000,000 WARNING main_het_teleport_mw_rb_yb_rb_er Starting Mw-to-Er teleportation trial 218 at 13020000000000000.
13,080,000,000,000,000 WARNING main_het_teleport_mw_rb_yb_rb_er Mw-to-Er teleportation trial 218 failed (completed=True, direct match=False, latency=5.679246437 seconds).
13,080,000,000,000,000 WARNING main_het_teleport_mw_rb_yb_rb_er Starting Mw-to-Er teleportation trial 219 at 13080000000000000.
13,140,000,000,000,000 WARNING main_het_teleport_mw_rb_yb_rb_er Mw-to-Er teleportation trial 219 failed (completed=True, direct match=False, latency=2.940873937 seconds).
13,140,000,000,000,000 WARNING main_het_teleport_mw_rb_yb_rb_er Starting Mw-to-Er teleportation trial 220 at 13140000000000000.
13,200,000,000,000,000 WARNING main_het_teleport_mw_rb_yb_rb_er Mw-to-Er teleportation trial 220 failed (completed=True, direct match=False, latency=4.929636437 seconds).
13,200,000,000,000,000 WARNING main_het_teleport_mw_rb_yb_rb_er Starting Mw-to-Er teleportation trial 221 at 13200000000000000.
13,260,000,000,000,000 WARNING main_het_teleport_mw_rb_yb_rb_er Mw-to-Er teleportation trial 221 succeeded (completed=True, direct match=True, latency=9.830397562 seconds).
13,260,000,000,000,000 WARNING main_het_teleport_mw_rb_yb_rb_er Starting Mw-to-Er teleportation trial 222 at 13260000000000000.
13,320,000,000,000,000 WARNING main_het_teleport_mw_rb_yb_rb_er Mw-to-Er teleportation trial 222 succeeded (completed=True, direct match=True, latency=11.245525437 seconds).
13,320,000,000,000,000 WARNING main_het_teleport_mw_rb_yb_rb_er Starting Mw-to-Er teleportation trial 223 at 13320000000000000.
13,380,000,000,000,000 WARNING main_het_teleport_mw_rb_yb_rb_er Mw-to-Er teleportation trial 223 succeeded (completed=True, direct match=True, latency=3.4723631245 seconds).
13,380,000,000,000,000 WARNING main_het_teleport_mw_rb_yb_rb_er Starting Mw-to-Er teleportation trial 224 at 13380000000000000.
13,440,000,000,000,000 WARNING main_het_teleport_mw_rb_yb_rb_er Mw-to-Er teleportation trial 224 succeeded (completed=True, direct match=True, latency=4.9653428745 seconds).
13,440,000,000,000,000 WARNING main_het_teleport_mw_rb_yb_rb_er Starting Mw-to-Er teleportation trial 225 at 13440000000000000.
13,500,000,000,000,000 WARNING main_het_teleport_mw_rb_yb_rb_er Mw-to-Er teleportation trial 225 succeeded (completed=True, direct match=True, latency=7.7297734995 seconds).
13,500,000,000,000,000 WARNING main_het_teleport_mw_rb_yb_rb_er Starting Mw-to-Er teleportation trial 226 at 13500000000000000.
13,560,000,000,000,000 WARNING main_het_teleport_mw_rb_yb_rb_er Mw-to-Er teleportation trial 226 succeeded (completed=True, direct match=True, latency=7.7145978745 seconds).
13,560,000,000,000,000 WARNING main_het_teleport_mw_rb_yb_rb_er Starting Mw-to-Er teleportation trial 227 at 13560000000000000.
13,620,000,000,000,000 WARNING main_het_teleport_mw_rb_yb_rb_er Mw-to-Er teleportation trial 227 failed (completed=True, direct match=False, latency=7.022460187 seconds).
13,620,000,000,000,000 WARNING main_het_teleport_mw_rb_yb_rb_er Starting Mw-to-Er teleportation trial 228 at 13620000000000000.
13,680,000,000,000,000 WARNING main_het_teleport_mw_rb_yb_rb_er Mw-to-Er teleportation trial 228 succeeded (completed=True, direct match=True, latency=9.8194771245 seconds).
13,680,000,000,000,000 WARNING main_het_teleport_mw_rb_yb_rb_er Starting Mw-to-Er teleportation trial 229 at 13680000000000000.
13,740,000,000,000,000 WARNING main_het_teleport_mw_rb_yb_rb_er Mw-to-Er teleportation trial 229 succeeded (completed=True, direct match=True, latency=2.8350776245 seconds).
13,740,000,000,000,000 WARNING main_het_teleport_mw_rb_yb_rb_er Starting Mw-to-Er teleportation trial 230 at 13740000000000000.
13,800,000,000,000,000 WARNING main_het_teleport_mw_rb_yb_rb_er Mw-to-Er teleportation trial 230 succeeded (completed=True, direct match=True, latency=4.898260187 seconds).
13,800,000,000,000,000 WARNING main_het_teleport_mw_rb_yb_rb_er Starting Mw-to-Er teleportation trial 231 at 13800000000000000.
13,860,000,000,000,000 WARNING main_het_teleport_mw_rb_yb_rb_er Mw-to-Er teleportation trial 231 succeeded (completed=True, direct match=True, latency=15.412300937 seconds).
13,860,000,000,000,000 WARNING main_het_teleport_mw_rb_yb_rb_er Starting Mw-to-Er teleportation trial 232 at 13860000000000000.
13,920,000,000,000,000 WARNING main_het_teleport_mw_rb_yb_rb_er Mw-to-Er teleportation trial 232 failed (completed=True, direct match=False, latency=11.2032524995 seconds).
13,920,000,000,000,000 WARNING main_het_teleport_mw_rb_yb_rb_er Starting Mw-to-Er teleportation trial 233 at 13920000000000000.
13,980,000,000,000,000 WARNING main_het_teleport_mw_rb_yb_rb_er Mw-to-Er teleportation trial 233 failed (completed=True, direct match=False, latency=7.025405312 seconds).
13,980,000,000,000,000 WARNING main_het_teleport_mw_rb_yb_rb_er Starting Mw-to-Er teleportation trial 234 at 13980000000000000.
14,040,000,000,000,000 WARNING main_het_teleport_mw_rb_yb_rb_er Mw-to-Er teleportation trial 234 succeeded (completed=True, direct match=True, latency=15.921836312 seconds).
14,040,000,000,000,000 WARNING main_het_teleport_mw_rb_yb_rb_er Starting Mw-to-Er teleportation trial 235 at 14040000000000000.
14,100,000,000,000,000 WARNING main_het_teleport_mw_rb_yb_rb_er Mw-to-Er teleportation trial 235 succeeded (completed=True, direct match=True, latency=5.6151088745 seconds).
14,100,000,000,000,000 WARNING main_het_teleport_mw_rb_yb_rb_er Starting Mw-to-Er teleportation trial 236 at 14100000000000000.
14,160,000,000,000,000 WARNING main_het_teleport_mw_rb_yb_rb_er Mw-to-Er teleportation trial 236 succeeded (completed=True, direct match=True, latency=11.242254062 seconds).
14,160,000,000,000,000 WARNING main_het_teleport_mw_rb_yb_rb_er Starting Mw-to-Er teleportation trial 237 at 14160000000000000.
14,220,000,000,000,000 WARNING main_het_teleport_mw_rb_yb_rb_er Mw-to-Er teleportation trial 237 succeeded (completed=True, direct match=True, latency=7.028525437 seconds).
14,220,000,000,000,000 WARNING main_het_teleport_mw_rb_yb_rb_er Starting Mw-to-Er teleportation trial 238 at 14220000000000000.
14,280,000,000,000,000 WARNING main_het_teleport_mw_rb_yb_rb_er Mw-to-Er teleportation trial 238 succeeded (completed=True, direct match=True, latency=8.462822812 seconds).
14,280,000,000,000,000 WARNING main_het_teleport_mw_rb_yb_rb_er Starting Mw-to-Er teleportation trial 239 at 14280000000000000.
14,340,000,000,000,000 WARNING main_het_teleport_mw_rb_yb_rb_er Mw-to-Er teleportation trial 239 succeeded (completed=True, direct match=True, latency=7.0176049995 seconds).
14,340,000,000,000,000 WARNING main_het_teleport_mw_rb_yb_rb_er Starting Mw-to-Er teleportation trial 240 at 14340000000000000.
14,400,000,000,000,000 WARNING main_het_teleport_mw_rb_yb_rb_er Mw-to-Er teleportation trial 240 failed (completed=True, direct match=False, latency=10.505124562 seconds).
14,400,000,000,000,000 WARNING main_het_teleport_mw_rb_yb_rb_er Starting Mw-to-Er teleportation trial 241 at 14400000000000000.
14,460,000,000,000,000 WARNING main_het_teleport_mw_rb_yb_rb_er Mw-to-Er teleportation trial 241 failed (completed=True, direct match=False, latency=6.300756312 seconds).
14,460,000,000,000,000 WARNING main_het_teleport_mw_rb_yb_rb_er Starting Mw-to-Er teleportation trial 242 at 14460000000000000.
14,520,000,000,000,000 WARNING main_het_teleport_mw_rb_yb_rb_er Mw-to-Er teleportation trial 242 succeeded (completed=True, direct match=True, latency=6.981723562 seconds).
14,520,000,000,000,000 WARNING main_het_teleport_mw_rb_yb_rb_er Starting Mw-to-Er teleportation trial 243 at 14520000000000000.
14,580,000,000,000,000 WARNING main_het_teleport_mw_rb_yb_rb_er Mw-to-Er teleportation trial 243 succeeded (completed=True, direct match=True, latency=6.3303974995 seconds).
14,580,000,000,000,000 WARNING main_het_teleport_mw_rb_yb_rb_er Starting Mw-to-Er teleportation trial 244 at 14580000000000000.
14,640,000,000,000,000 WARNING main_het_teleport_mw_rb_yb_rb_er Mw-to-Er teleportation trial 244 succeeded (completed=True, direct match=True, latency=5.6213491245 seconds).
14,640,000,000,000,000 WARNING main_het_teleport_mw_rb_yb_rb_er Starting Mw-to-Er teleportation trial 245 at 14640000000000000.
14,700,000,000,000,000 WARNING main_het_teleport_mw_rb_yb_rb_er Mw-to-Er teleportation trial 245 succeeded (completed=True, direct match=True, latency=3.5378857495 seconds).
14,700,000,000,000,000 WARNING main_het_teleport_mw_rb_yb_rb_er Starting Mw-to-Er teleportation trial 246 at 14700000000000000.
14,760,000,000,000,000 WARNING main_het_teleport_mw_rb_yb_rb_er Mw-to-Er teleportation trial 246 succeeded (completed=True, direct match=True, latency=5.6244692495 seconds).
14,760,000,000,000,000 WARNING main_het_teleport_mw_rb_yb_rb_er Starting Mw-to-Er teleportation trial 247 at 14760000000000000.
14,820,000,000,000,000 WARNING main_het_teleport_mw_rb_yb_rb_er Mw-to-Er teleportation trial 247 failed (completed=True, direct match=False, latency=9.818092062 seconds).
14,820,000,000,000,000 WARNING main_het_teleport_mw_rb_yb_rb_er Starting Mw-to-Er teleportation trial 248 at 14820000000000000.
14,880,000,000,000,000 WARNING main_het_teleport_mw_rb_yb_rb_er Mw-to-Er teleportation trial 248 succeeded (completed=True, direct match=True, latency=3.514484812 seconds).
14,880,000,000,000,000 WARNING main_het_teleport_mw_rb_yb_rb_er Starting Mw-to-Er teleportation trial 249 at 14880000000000000.
14,940,000,000,000,000 WARNING main_het_teleport_mw_rb_yb_rb_er Mw-to-Er teleportation trial 249 failed (completed=True, direct match=False, latency=6.3803194995 seconds).
14,940,000,000,000,000 WARNING main_het_teleport_mw_rb_yb_rb_er Starting Mw-to-Er teleportation trial 250 at 14940000000000000.
15,000,000,000,000,000 WARNING main_het_teleport_mw_rb_yb_rb_er Mw-to-Er teleportation trial 250 succeeded (completed=True, direct match=True, latency=8.4076206245 seconds).
15,000,000,000,000,000 WARNING main_het_teleport_mw_rb_yb_rb_er Starting Mw-to-Er teleportation trial 251 at 15000000000000000.
15,060,000,000,000,000 WARNING main_het_teleport_mw_rb_yb_rb_er Mw-to-Er teleportation trial 251 succeeded (completed=True, direct match=True, latency=10.5663919995 seconds).
15,060,000,000,000,000 WARNING main_het_teleport_mw_rb_yb_rb_er Starting Mw-to-Er teleportation trial 252 at 15060000000000000.
15,120,000,000,000,000 WARNING main_het_teleport_mw_rb_yb_rb_er Mw-to-Er teleportation trial 252 succeeded (completed=True, direct match=True, latency=6.272675187 seconds).
15,120,000,000,000,000 WARNING main_het_teleport_mw_rb_yb_rb_er Starting Mw-to-Er teleportation trial 253 at 15120000000000000.
15,180,000,000,000,000 WARNING main_het_teleport_mw_rb_yb_rb_er Mw-to-Er teleportation trial 253 succeeded (completed=True, direct match=True, latency=7.6829716245 seconds).
15,180,000,000,000,000 WARNING main_het_teleport_mw_rb_yb_rb_er Starting Mw-to-Er teleportation trial 254 at 15180000000000000.
15,240,000,000,000,000 WARNING main_het_teleport_mw_rb_yb_rb_er Mw-to-Er teleportation trial 254 failed (completed=True, direct match=False, latency=7.6617307495 seconds).
15,240,000,000,000,000 WARNING main_het_teleport_mw_rb_yb_rb_er Starting Mw-to-Er teleportation trial 255 at 15240000000000000.
15,300,000,000,000,000 WARNING main_het_teleport_mw_rb_yb_rb_er Mw-to-Er teleportation trial 255 succeeded (completed=True, direct match=True, latency=10.5289504995 seconds).
15,300,000,000,000,000 WARNING main_het_teleport_mw_rb_yb_rb_er Starting Mw-to-Er teleportation trial 256 at 15300000000000000.
15,360,000,000,000,000 WARNING main_het_teleport_mw_rb_yb_rb_er Mw-to-Er teleportation trial 256 succeeded (completed=True, direct match=True, latency=3.536325687 seconds).
15,360,000,000,000,000 WARNING main_het_teleport_mw_rb_yb_rb_er Starting Mw-to-Er teleportation trial 257 at 15360000000000000.
15,420,000,000,000,000 WARNING main_het_teleport_mw_rb_yb_rb_er Mw-to-Er teleportation trial 257 succeeded (completed=True, direct match=True, latency=4.9185409995 seconds).
15,420,000,000,000,000 WARNING main_het_teleport_mw_rb_yb_rb_er Starting Mw-to-Er teleportation trial 258 at 15420000000000000.
15,480,000,000,000,000 WARNING main_het_teleport_mw_rb_yb_rb_er Mw-to-Er teleportation trial 258 succeeded (completed=True, direct match=True, latency=3.5004442495 seconds).
15,480,000,000,000,000 WARNING main_het_teleport_mw_rb_yb_rb_er Starting Mw-to-Er teleportation trial 259 at 15480000000000000.
15,540,000,000,000,000 WARNING main_het_teleport_mw_rb_yb_rb_er Mw-to-Er teleportation trial 259 succeeded (completed=True, direct match=True, latency=3.5441259995 seconds).
15,540,000,000,000,000 WARNING main_het_teleport_mw_rb_yb_rb_er Starting Mw-to-Er teleportation trial 260 at 15540000000000000.
15,600,000,000,000,000 WARNING main_het_teleport_mw_rb_yb_rb_er Mw-to-Er teleportation trial 260 failed (completed=True, direct match=False, latency=3.533205562 seconds).
15,600,000,000,000,000 WARNING main_het_teleport_mw_rb_yb_rb_er Starting Mw-to-Er teleportation trial 261 at 15600000000000000.
15,660,000,000,000,000 WARNING main_het_teleport_mw_rb_yb_rb_er Mw-to-Er teleportation trial 261 succeeded (completed=True, direct match=True, latency=2.207391387 seconds).
15,660,000,000,000,000 WARNING main_het_teleport_mw_rb_yb_rb_er Starting Mw-to-Er teleportation trial 262 at 15660000000000000.
15,720,000,000,000,000 WARNING main_het_teleport_mw_rb_yb_rb_er Mw-to-Er teleportation trial 262 failed (completed=True, direct match=False, latency=6.3335176245 seconds).
15,720,000,000,000,000 WARNING main_het_teleport_mw_rb_yb_rb_er Starting Mw-to-Er teleportation trial 263 at 15720000000000000.
15,780,000,000,000,000 WARNING main_het_teleport_mw_rb_yb_rb_er Mw-to-Er teleportation trial 263 succeeded (completed=True, direct match=True, latency=4.214172812 seconds).
15,780,000,000,000,000 WARNING main_het_teleport_mw_rb_yb_rb_er Starting Mw-to-Er teleportation trial 264 at 15780000000000000.
15,840,000,000,000,000 WARNING main_het_teleport_mw_rb_yb_rb_er Mw-to-Er teleportation trial 264 succeeded (completed=True, direct match=True, latency=10.505124562 seconds).
15,840,000,000,000,000 WARNING main_het_teleport_mw_rb_yb_rb_er Starting Mw-to-Er teleportation trial 265 at 15840000000000000.
15,900,000,000,000,000 WARNING main_het_teleport_mw_rb_yb_rb_er Mw-to-Er teleportation trial 265 succeeded (completed=True, direct match=True, latency=9.108868687 seconds).
15,900,000,000,000,000 WARNING main_het_teleport_mw_rb_yb_rb_er Starting Mw-to-Er teleportation trial 266 at 15900000000000000.
15,960,000,000,000,000 WARNING main_het_teleport_mw_rb_yb_rb_er Mw-to-Er teleportation trial 266 succeeded (completed=True, direct match=True, latency=9.764874937 seconds).
15,960,000,000,000,000 WARNING main_het_teleport_mw_rb_yb_rb_er Starting Mw-to-Er teleportation trial 267 at 15960000000000000.
16,020,000,000,000,000 WARNING main_het_teleport_mw_rb_yb_rb_er Mw-to-Er teleportation trial 267 succeeded (completed=True, direct match=True, latency=2.764874812 seconds).
16,020,000,000,000,000 WARNING main_het_teleport_mw_rb_yb_rb_er Starting Mw-to-Er teleportation trial 268 at 16020000000000000.
16,080,000,000,000,000 WARNING main_het_teleport_mw_rb_yb_rb_er Mw-to-Er teleportation trial 268 succeeded (completed=True, direct match=True, latency=11.236013812 seconds).
16,080,000,000,000,000 WARNING main_het_teleport_mw_rb_yb_rb_er Starting Mw-to-Er teleportation trial 269 at 16080000000000000.
16,140,000,000,000,000 WARNING main_het_teleport_mw_rb_yb_rb_er Mw-to-Er teleportation trial 269 failed (completed=True, direct match=False, latency=4.683146562 seconds).
16,140,000,000,000,000 WARNING main_het_teleport_mw_rb_yb_rb_er Starting Mw-to-Er teleportation trial 270 at 16140000000000000.
16,200,000,000,000,000 WARNING main_het_teleport_mw_rb_yb_rb_er Mw-to-Er teleportation trial 270 failed (completed=True, direct match=False, latency=4.2250932495 seconds).
16,200,000,000,000,000 WARNING main_het_teleport_mw_rb_yb_rb_er Starting Mw-to-Er teleportation trial 271 at 16200000000000000.
16,260,000,000,000,000 WARNING main_het_teleport_mw_rb_yb_rb_er Mw-to-Er teleportation trial 271 failed (completed=True, direct match=False, latency=8.3953151245 seconds).
16,260,000,000,000,000 WARNING main_het_teleport_mw_rb_yb_rb_er Starting Mw-to-Er teleportation trial 272 at 16260000000000000.
16,320,000,000,000,000 WARNING main_het_teleport_mw_rb_yb_rb_er Mw-to-Er teleportation trial 272 failed (completed=True, direct match=False, latency=5.604363437 seconds).
16,320,000,000,000,000 WARNING main_het_teleport_mw_rb_yb_rb_er Starting Mw-to-Er teleportation trial 273 at 16320000000000000.
16,380,000,000,000,000 WARNING main_het_teleport_mw_rb_yb_rb_er Mw-to-Er teleportation trial 273 failed (completed=True, direct match=False, latency=10.4973242495 seconds).
16,380,000,000,000,000 WARNING main_het_teleport_mw_rb_yb_rb_er Starting Mw-to-Er teleportation trial 274 at 16380000000000000.
16,440,000,000,000,000 WARNING main_het_teleport_mw_rb_yb_rb_er Mw-to-Er teleportation trial 274 succeeded (completed=True, direct match=True, latency=6.306996562 seconds).
16,440,000,000,000,000 WARNING main_het_teleport_mw_rb_yb_rb_er Starting Mw-to-Er teleportation trial 275 at 16440000000000000.
16,500,000,000,000,000 WARNING main_het_teleport_mw_rb_yb_rb_er Mw-to-Er teleportation trial 275 succeeded (completed=True, direct match=True, latency=6.306996562 seconds).
16,500,000,000,000,000 WARNING main_het_teleport_mw_rb_yb_rb_er Starting Mw-to-Er teleportation trial 276 at 16500000000000000.
16,560,000,000,000,000 WARNING main_het_teleport_mw_rb_yb_rb_er Mw-to-Er teleportation trial 276 succeeded (completed=True, direct match=True, latency=2.143189937 seconds).
16,560,000,000,000,000 WARNING main_het_teleport_mw_rb_yb_rb_er Starting Mw-to-Er teleportation trial 277 at 16560000000000000.
16,620,000,000,000,000 WARNING main_het_teleport_mw_rb_yb_rb_er Mw-to-Er teleportation trial 277 succeeded (completed=True, direct match=True, latency=4.1876517495 seconds).
16,620,000,000,000,000 WARNING main_het_teleport_mw_rb_yb_rb_er Starting Mw-to-Er teleportation trial 278 at 16620000000000000.
16,680,000,000,000,000 WARNING main_het_teleport_mw_rb_yb_rb_er Mw-to-Er teleportation trial 278 succeeded (completed=True, direct match=True, latency=11.251614437 seconds).
16,680,000,000,000,000 WARNING main_het_teleport_mw_rb_yb_rb_er Starting Mw-to-Er teleportation trial 279 at 16680000000000000.
16,740,000,000,000,000 WARNING main_het_teleport_mw_rb_yb_rb_er Mw-to-Er teleportation trial 279 succeeded (completed=True, direct match=True, latency=3.5035643745 seconds).
16,740,000,000,000,000 WARNING main_het_teleport_mw_rb_yb_rb_er Starting Mw-to-Er teleportation trial 280 at 16740000000000000.
16,800,000,000,000,000 WARNING main_het_teleport_mw_rb_yb_rb_er Mw-to-Er teleportation trial 280 succeeded (completed=True, direct match=True, latency=4.879539437 seconds).
16,800,000,000,000,000 WARNING main_het_teleport_mw_rb_yb_rb_er Starting Mw-to-Er teleportation trial 281 at 16800000000000000.
16,860,000,000,000,000 WARNING main_het_teleport_mw_rb_yb_rb_er Mw-to-Er teleportation trial 281 succeeded (completed=True, direct match=True, latency=6.3023163745 seconds).
16,860,000,000,000,000 WARNING main_het_teleport_mw_rb_yb_rb_er Starting Mw-to-Er teleportation trial 282 at 16860000000000000.
16,920,000,000,000,000 WARNING main_het_teleport_mw_rb_yb_rb_er Mw-to-Er teleportation trial 282 succeeded (completed=True, direct match=True, latency=6.2243132495 seconds).
16,920,000,000,000,000 WARNING main_het_teleport_mw_rb_yb_rb_er Starting Mw-to-Er teleportation trial 283 at 16920000000000000.
16,980,000,000,000,000 WARNING main_het_teleport_mw_rb_yb_rb_er Mw-to-Er teleportation trial 283 failed (completed=True, direct match=False, latency=7.6767313745 seconds).
16,980,000,000,000,000 WARNING main_het_teleport_mw_rb_yb_rb_er Starting Mw-to-Er teleportation trial 284 at 16980000000000000.
17,040,000,000,000,000 WARNING main_het_teleport_mw_rb_yb_rb_er Mw-to-Er teleportation trial 284 succeeded (completed=True, direct match=True, latency=13.3054366245 seconds).
17,040,000,000,000,000 WARNING main_het_teleport_mw_rb_yb_rb_er Starting Mw-to-Er teleportation trial 285 at 17040000000000000.
17,100,000,000,000,000 WARNING main_het_teleport_mw_rb_yb_rb_er Mw-to-Er teleportation trial 285 succeeded (completed=True, direct match=True, latency=9.1229092495 seconds).
17,100,000,000,000,000 WARNING main_het_teleport_mw_rb_yb_rb_er Starting Mw-to-Er teleportation trial 286 at 17100000000000000.
17,160,000,000,000,000 WARNING main_het_teleport_mw_rb_yb_rb_er Mw-to-Er teleportation trial 286 failed (completed=True, direct match=False, latency=14.719203187 seconds).
17,160,000,000,000,000 WARNING main_het_teleport_mw_rb_yb_rb_er Starting Mw-to-Er teleportation trial 287 at 17160000000000000.
17,220,000,000,000,000 WARNING main_het_teleport_mw_rb_yb_rb_er Mw-to-Er teleportation trial 287 succeeded (completed=True, direct match=True, latency=7.734453687 seconds).
17,220,000,000,000,000 WARNING main_het_teleport_mw_rb_yb_rb_er Starting Mw-to-Er teleportation trial 288 at 17220000000000000.
17,280,000,000,000,000 WARNING main_het_teleport_mw_rb_yb_rb_er Mw-to-Er teleportation trial 288 failed (completed=True, direct match=False, latency=6.3929749995 seconds).
17,280,000,000,000,000 WARNING main_het_teleport_mw_rb_yb_rb_er Starting Mw-to-Er teleportation trial 289 at 17280000000000000.
17,340,000,000,000,000 WARNING main_het_teleport_mw_rb_yb_rb_er Mw-to-Er teleportation trial 289 succeeded (completed=True, direct match=True, latency=6.251434312 seconds).
17,340,000,000,000,000 WARNING main_het_teleport_mw_rb_yb_rb_er Starting Mw-to-Er teleportation trial 290 at 17340000000000000.
17,400,000,000,000,000 WARNING main_het_teleport_mw_rb_yb_rb_er Mw-to-Er teleportation trial 290 succeeded (completed=True, direct match=True, latency=4.9403818745 seconds).
17,400,000,000,000,000 WARNING main_het_teleport_mw_rb_yb_rb_er Starting Mw-to-Er teleportation trial 291 at 17400000000000000.
17,460,000,000,000,000 WARNING main_het_teleport_mw_rb_yb_rb_er Mw-to-Er teleportation trial 291 succeeded (completed=True, direct match=True, latency=17.983458812 seconds).
17,460,000,000,000,000 WARNING main_het_teleport_mw_rb_yb_rb_er Starting Mw-to-Er teleportation trial 292 at 17460000000000000.
17,520,000,000,000,000 WARNING main_het_teleport_mw_rb_yb_rb_er Mw-to-Er teleportation trial 292 failed (completed=True, direct match=False, latency=3.3352526245 seconds).
17,520,000,000,000,000 WARNING main_het_teleport_mw_rb_yb_rb_er Starting Mw-to-Er teleportation trial 293 at 17520000000000000.
17,580,000,000,000,000 WARNING main_het_teleport_mw_rb_yb_rb_er Mw-to-Er teleportation trial 293 failed (completed=True, direct match=False, latency=4.9123007495 seconds).
17,580,000,000,000,000 WARNING main_het_teleport_mw_rb_yb_rb_er Starting Mw-to-Er teleportation trial 294 at 17580000000000000.
17,640,000,000,000,000 WARNING main_het_teleport_mw_rb_yb_rb_er Mw-to-Er teleportation trial 294 succeeded (completed=True, direct match=True, latency=4.926941312 seconds).
17,640,000,000,000,000 WARNING main_het_teleport_mw_rb_yb_rb_er Starting Mw-to-Er teleportation trial 295 at 17640000000000000.
17,700,000,000,000,000 WARNING main_het_teleport_mw_rb_yb_rb_er Mw-to-Er teleportation trial 295 succeeded (completed=True, direct match=True, latency=4.901380312 seconds).
17,700,000,000,000,000 WARNING main_het_teleport_mw_rb_yb_rb_er Starting Mw-to-Er teleportation trial 296 at 17700000000000000.
17,760,000,000,000,000 WARNING main_het_teleport_mw_rb_yb_rb_er Mw-to-Er teleportation trial 296 succeeded (completed=True, direct match=True, latency=4.9497422495 seconds).
17,760,000,000,000,000 WARNING main_het_teleport_mw_rb_yb_rb_er Starting Mw-to-Er teleportation trial 297 at 17760000000000000.
17,820,000,000,000,000 WARNING main_het_teleport_mw_rb_yb_rb_er Mw-to-Er teleportation trial 297 succeeded (completed=True, direct match=True, latency=5.5651868745 seconds).
17,820,000,000,000,000 WARNING main_het_teleport_mw_rb_yb_rb_er Starting Mw-to-Er teleportation trial 298 at 17820000000000000.
17,880,000,000,000,000 WARNING main_het_teleport_mw_rb_yb_rb_er Mw-to-Er teleportation trial 298 succeeded (completed=True, direct match=True, latency=4.9091806245 seconds).
17,880,000,000,000,000 WARNING main_het_teleport_mw_rb_yb_rb_er Starting Mw-to-Er teleportation trial 299 at 17880000000000000.
17,940,000,000,000,000 WARNING main_het_teleport_mw_rb_yb_rb_er Mw-to-Er teleportation trial 299 succeeded (completed=True, direct match=True, latency=4.9218361245 seconds).
17,940,000,000,000,000 WARNING main_het_teleport_mw_rb_yb_rb_er Starting Mw-to-Er teleportation trial 300 at 17940000000000000.
18,000,000,000,000,000 WARNING main_het_teleport_mw_rb_yb_rb_er Mw-to-Er teleportation trial 300 failed (completed=True, direct match=False, latency=7.7172929995 seconds).
18,000,000,000,000,000 WARNING main_het_teleport_mw_rb_yb_rb_er Starting Mw-to-Er teleportation trial 301 at 18000000000000000.
18,060,000,000,000,000 WARNING main_het_teleport_mw_rb_yb_rb_er Mw-to-Er teleportation trial 301 failed (completed=True, direct match=False, latency=11.183146687 seconds).
18,060,000,000,000,000 WARNING main_het_teleport_mw_rb_yb_rb_er Starting Mw-to-Er teleportation trial 302 at 18060000000000000.
18,120,000,000,000,000 WARNING main_het_teleport_mw_rb_yb_rb_er Mw-to-Er teleportation trial 302 failed (completed=True, direct match=False, latency=5.6182289995 seconds).
18,120,000,000,000,000 WARNING main_het_teleport_mw_rb_yb_rb_er Starting Mw-to-Er teleportation trial 303 at 18120000000000000.
18,180,000,000,000,000 WARNING main_het_teleport_mw_rb_yb_rb_er Mw-to-Er teleportation trial 303 failed (completed=True, direct match=False, latency=13.6277644995 seconds).
18,180,000,000,000,000 WARNING main_het_teleport_mw_rb_yb_rb_er Starting Mw-to-Er teleportation trial 304 at 18180000000000000.
18,240,000,000,000,000 WARNING main_het_teleport_mw_rb_yb_rb_er Mw-to-Er teleportation trial 304 succeeded (completed=True, direct match=True, latency=7.044126062 seconds).
18,240,000,000,000,000 WARNING main_het_teleport_mw_rb_yb_rb_er Starting Mw-to-Er teleportation trial 305 at 18240000000000000.
18,300,000,000,000,000 WARNING main_het_teleport_mw_rb_yb_rb_er Mw-to-Er teleportation trial 305 failed (completed=True, direct match=False, latency=5.6244692495 seconds).
18,300,000,000,000,000 WARNING main_het_teleport_mw_rb_yb_rb_er Starting Mw-to-Er teleportation trial 306 at 18300000000000000.
18,360,000,000,000,000 WARNING main_het_teleport_mw_rb_yb_rb_er Mw-to-Er teleportation trial 306 failed (completed=True, direct match=False, latency=13.3403579995 seconds).
18,360,000,000,000,000 WARNING main_het_teleport_mw_rb_yb_rb_er Starting Mw-to-Er teleportation trial 307 at 18360000000000000.
18,420,000,000,000,000 WARNING main_het_teleport_mw_rb_yb_rb_er Mw-to-Er teleportation trial 307 succeeded (completed=True, direct match=True, latency=7.037885812 seconds).
18,420,000,000,000,000 WARNING main_het_teleport_mw_rb_yb_rb_er Starting Mw-to-Er teleportation trial 308 at 18420000000000000.
18,480,000,000,000,000 WARNING main_het_teleport_mw_rb_yb_rb_er Mw-to-Er teleportation trial 308 failed (completed=True, direct match=False, latency=9.215127937 seconds).
18,480,000,000,000,000 WARNING main_het_teleport_mw_rb_yb_rb_er Starting Mw-to-Er teleportation trial 309 at 18480000000000000.
18,540,000,000,000,000 WARNING main_het_teleport_mw_rb_yb_rb_er Mw-to-Er teleportation trial 309 succeeded (completed=True, direct match=True, latency=3.5566064995 seconds).
18,540,000,000,000,000 WARNING main_het_teleport_mw_rb_yb_rb_er Starting Mw-to-Er teleportation trial 310 at 18540000000000000.
18,600,000,000,000,000 WARNING main_het_teleport_mw_rb_yb_rb_er Mw-to-Er teleportation trial 310 succeeded (completed=True, direct match=True, latency=3.583127562 seconds).
18,600,000,000,000,000 WARNING main_het_teleport_mw_rb_yb_rb_er Starting Mw-to-Er teleportation trial 311 at 18600000000000000.
18,660,000,000,000,000 WARNING main_het_teleport_mw_rb_yb_rb_er Mw-to-Er teleportation trial 311 succeeded (completed=True, direct match=True, latency=7.0269653745 seconds).
18,660,000,000,000,000 WARNING main_het_teleport_mw_rb_yb_rb_er Starting Mw-to-Er teleportation trial 312 at 18660000000000000.
18,720,000,000,000,000 WARNING main_het_teleport_mw_rb_yb_rb_er Mw-to-Er teleportation trial 312 failed (completed=True, direct match=False, latency=7.7110527495 seconds).
18,720,000,000,000,000 WARNING main_het_teleport_mw_rb_yb_rb_er Starting Mw-to-Er teleportation trial 313 at 18720000000000000.
18,780,000,000,000,000 WARNING main_het_teleport_mw_rb_yb_rb_er Mw-to-Er teleportation trial 313 succeeded (completed=True, direct match=True, latency=5.5495862495 seconds).
18,780,000,000,000,000 WARNING main_het_teleport_mw_rb_yb_rb_er Starting Mw-to-Er teleportation trial 314 at 18780000000000000.
18,840,000,000,000,000 WARNING main_het_teleport_mw_rb_yb_rb_er Mw-to-Er teleportation trial 314 succeeded (completed=True, direct match=True, latency=4.232893562 seconds).
18,840,000,000,000,000 WARNING main_het_teleport_mw_rb_yb_rb_er Starting Mw-to-Er teleportation trial 315 at 18840000000000000.
18,900,000,000,000,000 WARNING main_het_teleport_mw_rb_yb_rb_er Mw-to-Er teleportation trial 315 succeeded (completed=True, direct match=True, latency=12.5963882495 seconds).
18,900,000,000,000,000 WARNING main_het_teleport_mw_rb_yb_rb_er Starting Mw-to-Er teleportation trial 316 at 18900000000000000.
18,960,000,000,000,000 WARNING main_het_teleport_mw_rb_yb_rb_er Mw-to-Er teleportation trial 316 succeeded (completed=True, direct match=True, latency=2.827277312 seconds).
18,960,000,000,000,000 WARNING main_het_teleport_mw_rb_yb_rb_er Starting Mw-to-Er teleportation trial 317 at 18960000000000000.
19,020,000,000,000,000 WARNING main_het_teleport_mw_rb_yb_rb_er Mw-to-Er teleportation trial 317 succeeded (completed=True, direct match=True, latency=9.7633148745 seconds).
19,020,000,000,000,000 WARNING main_het_teleport_mw_rb_yb_rb_er Starting Mw-to-Er teleportation trial 318 at 19020000000000000.
19,080,000,000,000,000 WARNING main_het_teleport_mw_rb_yb_rb_er Mw-to-Er teleportation trial 318 failed (completed=True, direct match=False, latency=4.916980937 seconds).
19,080,000,000,000,000 WARNING main_het_teleport_mw_rb_yb_rb_er Starting Mw-to-Er teleportation trial 319 at 19080000000000000.
19,140,000,000,000,000 WARNING main_het_teleport_mw_rb_yb_rb_er Mw-to-Er teleportation trial 319 succeeded (completed=True, direct match=True, latency=12.535970812 seconds).
19,140,000,000,000,000 WARNING main_het_teleport_mw_rb_yb_rb_er Starting Mw-to-Er teleportation trial 320 at 19140000000000000.
19,200,000,000,000,000 WARNING main_het_teleport_mw_rb_yb_rb_er Mw-to-Er teleportation trial 320 succeeded (completed=True, direct match=True, latency=10.5035644995 seconds).
19,200,000,000,000,000 WARNING main_het_teleport_mw_rb_yb_rb_er Starting Mw-to-Er teleportation trial 321 at 19200000000000000.
19,260,000,000,000,000 WARNING main_het_teleport_mw_rb_yb_rb_er Mw-to-Er teleportation trial 321 succeeded (completed=True, direct match=True, latency=5.5215051245 seconds).
19,260,000,000,000,000 WARNING main_het_teleport_mw_rb_yb_rb_er Starting Mw-to-Er teleportation trial 322 at 19260000000000000.
19,320,000,000,000,000 WARNING main_het_teleport_mw_rb_yb_rb_er Mw-to-Er teleportation trial 322 succeeded (completed=True, direct match=True, latency=11.173611312 seconds).
19,320,000,000,000,000 WARNING main_het_teleport_mw_rb_yb_rb_er Starting Mw-to-Er teleportation trial 323 at 19320000000000000.
19,380,000,000,000,000 WARNING main_het_teleport_mw_rb_yb_rb_er Mw-to-Er teleportation trial 323 succeeded (completed=True, direct match=True, latency=7.706372562 seconds).
19,380,000,000,000,000 WARNING main_het_teleport_mw_rb_yb_rb_er Starting Mw-to-Er teleportation trial 324 at 19380000000000000.
19,440,000,000,000,000 WARNING main_het_teleport_mw_rb_yb_rb_er Mw-to-Er teleportation trial 324 failed (completed=True, direct match=False, latency=3.5441259995 seconds).
19,440,000,000,000,000 WARNING main_het_teleport_mw_rb_yb_rb_er Starting Mw-to-Er teleportation trial 325 at 19440000000000000.
19,500,000,000,000,000 WARNING main_het_teleport_mw_rb_yb_rb_er Mw-to-Er teleportation trial 325 succeeded (completed=True, direct match=True, latency=9.1291494995 seconds).
19,500,000,000,000,000 WARNING main_het_teleport_mw_rb_yb_rb_er Starting Mw-to-Er teleportation trial 326 at 19500000000000000.
19,560,000,000,000,000 WARNING main_het_teleport_mw_rb_yb_rb_er Mw-to-Er teleportation trial 326 failed (completed=True, direct match=False, latency=9.118404062 seconds).
19,560,000,000,000,000 WARNING main_het_teleport_mw_rb_yb_rb_er Starting Mw-to-Er teleportation trial 327 at 19560000000000000.
19,620,000,000,000,000 WARNING main_het_teleport_mw_rb_yb_rb_er Mw-to-Er teleportation trial 327 succeeded (completed=True, direct match=True, latency=17.3448632495 seconds).
19,620,000,000,000,000 WARNING main_het_teleport_mw_rb_yb_rb_er Starting Mw-to-Er teleportation trial 328 at 19620000000000000.
19,680,000,000,000,000 WARNING main_het_teleport_mw_rb_yb_rb_er Mw-to-Er teleportation trial 328 succeeded (completed=True, direct match=True, latency=4.229948437 seconds).
19,680,000,000,000,000 WARNING main_het_teleport_mw_rb_yb_rb_er Starting Mw-to-Er teleportation trial 329 at 19680000000000000.
19,740,000,000,000,000 WARNING main_het_teleport_mw_rb_yb_rb_er Mw-to-Er teleportation trial 329 succeeded (completed=True, direct match=True, latency=7.7266533745 seconds).
19,740,000,000,000,000 WARNING main_het_teleport_mw_rb_yb_rb_er Starting Mw-to-Er teleportation trial 330 at 19740000000000000.
19,800,000,000,000,000 WARNING main_het_teleport_mw_rb_yb_rb_er Mw-to-Er teleportation trial 330 succeeded (completed=True, direct match=True, latency=5.5718521245 seconds).
19,800,000,000,000,000 WARNING main_het_teleport_mw_rb_yb_rb_er Starting Mw-to-Er teleportation trial 331 at 19800000000000000.
19,860,000,000,000,000 WARNING main_het_teleport_mw_rb_yb_rb_er Mw-to-Er teleportation trial 331 succeeded (completed=True, direct match=True, latency=5.5807874995 seconds).
19,860,000,000,000,000 WARNING main_het_teleport_mw_rb_yb_rb_er Starting Mw-to-Er teleportation trial 332 at 19860000000000000.
19,920,000,000,000,000 WARNING main_het_teleport_mw_rb_yb_rb_er Mw-to-Er teleportation trial 332 succeeded (completed=True, direct match=True, latency=7.634609687 seconds).
19,920,000,000,000,000 WARNING main_het_teleport_mw_rb_yb_rb_er Starting Mw-to-Er teleportation trial 333 at 19920000000000000.
19,980,000,000,000,000 WARNING main_het_teleport_mw_rb_yb_rb_er Mw-to-Er teleportation trial 333 succeeded (completed=True, direct match=True, latency=3.5878077495 seconds).
19,980,000,000,000,000 WARNING main_het_teleport_mw_rb_yb_rb_er Starting Mw-to-Er teleportation trial 334 at 19980000000000000.
20,040,000,000,000,000 WARNING main_het_teleport_mw_rb_yb_rb_er Mw-to-Er teleportation trial 334 succeeded (completed=True, direct match=True, latency=4.8530183745 seconds).
20,040,000,000,000,000 WARNING main_het_teleport_mw_rb_yb_rb_er Starting Mw-to-Er teleportation trial 335 at 20040000000000000.
20,100,000,000,000,000 WARNING main_het_teleport_mw_rb_yb_rb_er Mw-to-Er teleportation trial 335 failed (completed=True, direct match=False, latency=12.564226937 seconds).
20,100,000,000,000,000 WARNING main_het_teleport_mw_rb_yb_rb_er Starting Mw-to-Er teleportation trial 336 at 20100000000000000.
20,160,000,000,000,000 WARNING main_het_teleport_mw_rb_yb_rb_er Mw-to-Er teleportation trial 336 failed (completed=True, direct match=False, latency=4.2313334995 seconds).
20,160,000,000,000,000 WARNING main_het_teleport_mw_rb_yb_rb_er Starting Mw-to-Er teleportation trial 337 at 20160000000000000.
20,220,000,000,000,000 WARNING main_het_teleport_mw_rb_yb_rb_er Mw-to-Er teleportation trial 337 succeeded (completed=True, direct match=True, latency=7.7859357495 seconds).
20,220,000,000,000,000 WARNING main_het_teleport_mw_rb_yb_rb_er Starting Mw-to-Er teleportation trial 338 at 20220000000000000.
20,280,000,000,000,000 WARNING main_het_teleport_mw_rb_yb_rb_er Mw-to-Er teleportation trial 338 succeeded (completed=True, direct match=True, latency=16.777530562 seconds).
20,280,000,000,000,000 WARNING main_het_teleport_mw_rb_yb_rb_er Starting Mw-to-Er teleportation trial 339 at 20280000000000000.
20,340,000,000,000,000 WARNING main_het_teleport_mw_rb_yb_rb_er Mw-to-Er teleportation trial 339 succeeded (completed=True, direct match=True, latency=2.900142762 seconds).
20,340,000,000,000,000 WARNING main_het_teleport_mw_rb_yb_rb_er Starting Mw-to-Er teleportation trial 340 at 20340000000000000.
20,400,000,000,000,000 WARNING main_het_teleport_mw_rb_yb_rb_er Mw-to-Er teleportation trial 340 failed (completed=True, direct match=False, latency=12.568642812 seconds).
20,400,000,000,000,000 WARNING main_het_teleport_mw_rb_yb_rb_er Starting Mw-to-Er teleportation trial 341 at 20400000000000000.
20,460,000,000,000,000 WARNING main_het_teleport_mw_rb_yb_rb_er Mw-to-Er teleportation trial 341 failed (completed=True, direct match=False, latency=10.5755023745 seconds).
20,460,000,000,000,000 WARNING main_het_teleport_mw_rb_yb_rb_er Starting Mw-to-Er teleportation trial 342 at 20460000000000000.
20,520,000,000,000,000 WARNING main_het_teleport_mw_rb_yb_rb_er Mw-to-Er teleportation trial 342 succeeded (completed=True, direct match=True, latency=6.278915437 seconds).
20,520,000,000,000,000 WARNING main_het_teleport_mw_rb_yb_rb_er Starting Mw-to-Er teleportation trial 343 at 20520000000000000.
20,580,000,000,000,000 WARNING main_het_teleport_mw_rb_yb_rb_er Mw-to-Er teleportation trial 343 failed (completed=True, direct match=False, latency=5.116454887 seconds).
20,580,000,000,000,000 WARNING main_het_teleport_mw_rb_yb_rb_er Starting Mw-to-Er teleportation trial 344 at 20580000000000000.
20,640,000,000,000,000 WARNING main_het_teleport_mw_rb_yb_rb_er Mw-to-Er teleportation trial 344 failed (completed=True, direct match=False, latency=5.6188289995 seconds).
20,640,000,000,000,000 WARNING main_het_teleport_mw_rb_yb_rb_er Starting Mw-to-Er teleportation trial 345 at 20640000000000000.
20,700,000,000,000,000 WARNING main_het_teleport_mw_rb_yb_rb_er Mw-to-Er teleportation trial 345 failed (completed=True, direct match=False, latency=4.932581562 seconds).
20,700,000,000,000,000 WARNING main_het_teleport_mw_rb_yb_rb_er Starting Mw-to-Er teleportation trial 346 at 20700000000000000.
20,760,000,000,000,000 WARNING main_het_teleport_mw_rb_yb_rb_er Mw-to-Er teleportation trial 346 succeeded (completed=True, direct match=True, latency=7.6892118745 seconds).
20,760,000,000,000,000 WARNING main_het_teleport_mw_rb_yb_rb_er Starting Mw-to-Er teleportation trial 347 at 20760000000000000.
20,820,000,000,000,000 WARNING main_het_teleport_mw_rb_yb_rb_er Mw-to-Er teleportation trial 347 succeeded (completed=True, direct match=True, latency=5.613548812 seconds).
20,820,000,000,000,000 WARNING main_het_teleport_mw_rb_yb_rb_er Starting Mw-to-Er teleportation trial 348 at 20820000000000000.
20,880,000,000,000,000 WARNING main_het_teleport_mw_rb_yb_rb_er Mw-to-Er teleportation trial 348 failed (completed=True, direct match=False, latency=13.3087317495 seconds).
20,880,000,000,000,000 WARNING main_het_teleport_mw_rb_yb_rb_er Starting Mw-to-Er teleportation trial 349 at 20880000000000000.
20,940,000,000,000,000 WARNING main_het_teleport_mw_rb_yb_rb_er Mw-to-Er teleportation trial 349 succeeded (completed=True, direct match=True, latency=4.232893562 seconds).
20,940,000,000,000,000 WARNING main_het_teleport_mw_rb_yb_rb_er Starting Mw-to-Er teleportation trial 350 at 20940000000000000.
21,000,000,000,000,000 WARNING main_het_teleport_mw_rb_yb_rb_er Mw-to-Er teleportation trial 350 succeeded (completed=True, direct match=True, latency=2.752394312 seconds).
21,000,000,000,000,000 WARNING main_het_teleport_mw_rb_yb_rb_er Starting Mw-to-Er teleportation trial 351 at 21000000000000000.
21,060,000,000,000,000 WARNING main_het_teleport_mw_rb_yb_rb_er Mw-to-Er teleportation trial 351 succeeded (completed=True, direct match=True, latency=5.613548812 seconds).
21,060,000,000,000,000 WARNING main_het_teleport_mw_rb_yb_rb_er Starting Mw-to-Er teleportation trial 352 at 21060000000000000.
21,120,000,000,000,000 WARNING main_het_teleport_mw_rb_yb_rb_er Mw-to-Er teleportation trial 352 succeeded (completed=True, direct match=True, latency=6.3085566245 seconds).
21,120,000,000,000,000 WARNING main_het_teleport_mw_rb_yb_rb_er Starting Mw-to-Er teleportation trial 353 at 21120000000000000.
21,180,000,000,000,000 WARNING main_het_teleport_mw_rb_yb_rb_er Mw-to-Er teleportation trial 353 failed (completed=True, direct match=False, latency=3.5817424995 seconds).
21,180,000,000,000,000 WARNING main_het_teleport_mw_rb_yb_rb_er Starting Mw-to-Er teleportation trial 354 at 21180000000000000.
21,240,000,000,000,000 WARNING main_het_teleport_mw_rb_yb_rb_er Mw-to-Er teleportation trial 354 failed (completed=True, direct match=False, latency=3.6697893995 seconds).
21,240,000,000,000,000 WARNING main_het_teleport_mw_rb_yb_rb_er Starting Mw-to-Er teleportation trial 355 at 21240000000000000.
21,300,000,000,000,000 WARNING main_het_teleport_mw_rb_yb_rb_er Mw-to-Er teleportation trial 355 succeeded (completed=True, direct match=True, latency=7.740693937 seconds).
21,300,000,000,000,000 WARNING main_het_teleport_mw_rb_yb_rb_er Starting Mw-to-Er teleportation trial 356 at 21300000000000000.
21,360,000,000,000,000 WARNING main_het_teleport_mw_rb_yb_rb_er Mw-to-Er teleportation trial 356 succeeded (completed=True, direct match=True, latency=2.1135487495 seconds).
21,360,000,000,000,000 WARNING main_het_teleport_mw_rb_yb_rb_er Starting Mw-to-Er teleportation trial 357 at 21360000000000000.
21,420,000,000,000,000 WARNING main_het_teleport_mw_rb_yb_rb_er Mw-to-Er teleportation trial 357 failed (completed=True, direct match=False, latency=13.2405139995 seconds).
21,420,000,000,000,000 WARNING main_het_teleport_mw_rb_yb_rb_er Starting Mw-to-Er teleportation trial 358 at 21420000000000000.
21,480,000,000,000,000 WARNING main_het_teleport_mw_rb_yb_rb_er Mw-to-Er teleportation trial 358 failed (completed=True, direct match=False, latency=15.402940562 seconds).
21,480,000,000,000,000 WARNING main_het_teleport_mw_rb_yb_rb_er Starting Mw-to-Er teleportation trial 359 at 21480000000000000.
21,540,000,000,000,000 WARNING main_het_teleport_mw_rb_yb_rb_er Mw-to-Er teleportation trial 359 succeeded (completed=True, direct match=True, latency=4.2344536245 seconds).
21,540,000,000,000,000 WARNING main_het_teleport_mw_rb_yb_rb_er Starting Mw-to-Er teleportation trial 360 at 21540000000000000.
21,600,000,000,000,000 WARNING main_het_teleport_mw_rb_yb_rb_er Mw-to-Er teleportation trial 360 succeeded (completed=True, direct match=True, latency=6.306996562 seconds).
21,600,000,000,000,000 WARNING main_het_teleport_mw_rb_yb_rb_er Starting Mw-to-Er teleportation trial 361 at 21600000000000000.
21,660,000,000,000,000 WARNING main_het_teleport_mw_rb_yb_rb_er Mw-to-Er teleportation trial 361 succeeded (completed=True, direct match=True, latency=4.2469341245 seconds).
21,660,000,000,000,000 WARNING main_het_teleport_mw_rb_yb_rb_er Starting Mw-to-Er teleportation trial 362 at 21660000000000000.
21,720,000,000,000,000 WARNING main_het_teleport_mw_rb_yb_rb_er Mw-to-Er teleportation trial 362 succeeded (completed=True, direct match=True, latency=11.883009687 seconds).
21,720,000,000,000,000 WARNING main_het_teleport_mw_rb_yb_rb_er Starting Mw-to-Er teleportation trial 363 at 21720000000000000.
21,780,000,000,000,000 WARNING main_het_teleport_mw_rb_yb_rb_er Mw-to-Er teleportation trial 363 succeeded (completed=True, direct match=True, latency=4.907620562 seconds).
21,780,000,000,000,000 WARNING main_het_teleport_mw_rb_yb_rb_er Starting Mw-to-Er teleportation trial 364 at 21780000000000000.
21,840,000,000,000,000 WARNING main_het_teleport_mw_rb_yb_rb_er Mw-to-Er teleportation trial 364 succeeded (completed=True, direct match=True, latency=7.7172929995 seconds).
21,840,000,000,000,000 WARNING main_het_teleport_mw_rb_yb_rb_er Starting Mw-to-Er teleportation trial 365 at 21840000000000000.
21,900,000,000,000,000 WARNING main_het_teleport_mw_rb_yb_rb_er Mw-to-Er teleportation trial 365 succeeded (completed=True, direct match=True, latency=8.409180687 seconds).
21,900,000,000,000,000 WARNING main_het_teleport_mw_rb_yb_rb_er Starting Mw-to-Er teleportation trial 366 at 21900000000000000.
21,960,000,000,000,000 WARNING main_het_teleport_mw_rb_yb_rb_er Mw-to-Er teleportation trial 366 succeeded (completed=True, direct match=True, latency=3.5098046245 seconds).
21,960,000,000,000,000 WARNING main_het_teleport_mw_rb_yb_rb_er Starting Mw-to-Er teleportation trial 367 at 21960000000000000.
22,020,000,000,000,000 WARNING main_het_teleport_mw_rb_yb_rb_er Mw-to-Er teleportation trial 367 succeeded (completed=True, direct match=True, latency=5.6525503745 seconds).
22,020,000,000,000,000 WARNING main_het_teleport_mw_rb_yb_rb_er Starting Mw-to-Er teleportation trial 368 at 22020000000000000.
22,080,000,000,000,000 WARNING main_het_teleport_mw_rb_yb_rb_er Mw-to-Er teleportation trial 368 succeeded (completed=True, direct match=True, latency=2.8600386245 seconds).
22,080,000,000,000,000 WARNING main_het_teleport_mw_rb_yb_rb_er Starting Mw-to-Er teleportation trial 369 at 22080000000000000.
22,140,000,000,000,000 WARNING main_het_teleport_mw_rb_yb_rb_er Mw-to-Er teleportation trial 369 succeeded (completed=True, direct match=True, latency=3.570647062 seconds).
22,140,000,000,000,000 WARNING main_het_teleport_mw_rb_yb_rb_er Starting Mw-to-Er teleportation trial 370 at 22140000000000000.
22,200,000,000,000,000 WARNING main_het_teleport_mw_rb_yb_rb_er Mw-to-Er teleportation trial 370 succeeded (completed=True, direct match=True, latency=14.5117898745 seconds).
22,200,000,000,000,000 WARNING main_het_teleport_mw_rb_yb_rb_er Starting Mw-to-Er teleportation trial 371 at 22200000000000000.
22,260,000,000,000,000 WARNING main_het_teleport_mw_rb_yb_rb_er Mw-to-Er teleportation trial 371 succeeded (completed=True, direct match=True, latency=3.483283562 seconds).
22,260,000,000,000,000 WARNING main_het_teleport_mw_rb_yb_rb_er Starting Mw-to-Er teleportation trial 372 at 22260000000000000.
22,320,000,000,000,000 WARNING main_het_teleport_mw_rb_yb_rb_er Mw-to-Er teleportation trial 372 succeeded (completed=True, direct match=True, latency=6.2586346245 seconds).
22,320,000,000,000,000 WARNING main_het_teleport_mw_rb_yb_rb_er Starting Mw-to-Er teleportation trial 373 at 22320000000000000.
22,380,000,000,000,000 WARNING main_het_teleport_mw_rb_yb_rb_er Mw-to-Er teleportation trial 373 failed (completed=True, direct match=False, latency=9.112163812 seconds).
22,380,000,000,000,000 WARNING main_het_teleport_mw_rb_yb_rb_er Starting Mw-to-Er teleportation trial 374 at 22380000000000000.
22,440,000,000,000,000 WARNING main_het_teleport_mw_rb_yb_rb_er Mw-to-Er teleportation trial 374 succeeded (completed=True, direct match=True, latency=6.997324187 seconds).
22,440,000,000,000,000 WARNING main_het_teleport_mw_rb_yb_rb_er Starting Mw-to-Er teleportation trial 375 at 22440000000000000.
22,500,000,000,000,000 WARNING main_het_teleport_mw_rb_yb_rb_er Mw-to-Er teleportation trial 375 succeeded (completed=True, direct match=True, latency=9.140244937 seconds).
22,500,000,000,000,000 WARNING main_het_teleport_mw_rb_yb_rb_er Starting Mw-to-Er teleportation trial 376 at 22500000000000000.
22,560,000,000,000,000 WARNING main_het_teleport_mw_rb_yb_rb_er Mw-to-Er teleportation trial 376 succeeded (completed=True, direct match=True, latency=4.1533303745 seconds).
22,560,000,000,000,000 WARNING main_het_teleport_mw_rb_yb_rb_er Starting Mw-to-Er teleportation trial 377 at 22560000000000000.
22,620,000,000,000,000 WARNING main_het_teleport_mw_rb_yb_rb_er Mw-to-Er teleportation trial 377 failed (completed=True, direct match=False, latency=4.195452062 seconds).
22,620,000,000,000,000 WARNING main_het_teleport_mw_rb_yb_rb_er Starting Mw-to-Er teleportation trial 378 at 22620000000000000.
22,680,000,000,000,000 WARNING main_het_teleport_mw_rb_yb_rb_er Mw-to-Er teleportation trial 378 succeeded (completed=True, direct match=True, latency=11.226653437 seconds).
22,680,000,000,000,000 WARNING main_het_teleport_mw_rb_yb_rb_er Starting Mw-to-Er teleportation trial 379 at 22680000000000000.
22,740,000,000,000,000 WARNING main_het_teleport_mw_rb_yb_rb_er Mw-to-Er teleportation trial 379 failed (completed=True, direct match=False, latency=7.0333806245 seconds).
22,740,000,000,000,000 WARNING main_het_teleport_mw_rb_yb_rb_er Starting Mw-to-Er teleportation trial 380 at 22740000000000000.
22,800,000,000,000,000 WARNING main_het_teleport_mw_rb_yb_rb_er Mw-to-Er teleportation trial 380 failed (completed=True, direct match=False, latency=5.6743912495 seconds).
22,800,000,000,000,000 WARNING main_het_teleport_mw_rb_yb_rb_er Starting Mw-to-Er teleportation trial 381 at 22800000000000000.
22,860,000,000,000,000 WARNING main_het_teleport_mw_rb_yb_rb_er Mw-to-Er teleportation trial 381 failed (completed=True, direct match=False, latency=2.2183287245 seconds).
22,860,000,000,000,000 WARNING main_het_teleport_mw_rb_yb_rb_er Starting Mw-to-Er teleportation trial 382 at 22860000000000000.
22,920,000,000,000,000 WARNING main_het_teleport_mw_rb_yb_rb_er Mw-to-Er teleportation trial 382 succeeded (completed=True, direct match=True, latency=6.2243132495 seconds).
22,920,000,000,000,000 WARNING main_het_teleport_mw_rb_yb_rb_er Starting Mw-to-Er teleportation trial 383 at 22920000000000000.
22,980,000,000,000,000 WARNING main_het_teleport_mw_rb_yb_rb_er Mw-to-Er teleportation trial 383 succeeded (completed=True, direct match=True, latency=9.836637812 seconds).
22,980,000,000,000,000 WARNING main_het_teleport_mw_rb_yb_rb_er Starting Mw-to-Er teleportation trial 384 at 22980000000000000.
23,040,000,000,000,000 WARNING main_het_teleport_mw_rb_yb_rb_er Mw-to-Er teleportation trial 384 succeeded (completed=True, direct match=True, latency=5.616668937 seconds).
23,040,000,000,000,000 WARNING main_het_teleport_mw_rb_yb_rb_er Starting Mw-to-Er teleportation trial 385 at 23040000000000000.
23,100,000,000,000,000 WARNING main_het_teleport_mw_rb_yb_rb_er Mw-to-Er teleportation trial 385 succeeded (completed=True, direct match=True, latency=3.5472461245 seconds).
23,100,000,000,000,000 WARNING main_het_teleport_mw_rb_yb_rb_er Starting Mw-to-Er teleportation trial 386 at 23100000000000000.
23,160,000,000,000,000 WARNING main_het_teleport_mw_rb_yb_rb_er Mw-to-Er teleportation trial 386 succeeded (completed=True, direct match=True, latency=6.278915437 seconds).
23,160,000,000,000,000 WARNING main_het_teleport_mw_rb_yb_rb_er Starting Mw-to-Er teleportation trial 387 at 23160000000000000.
23,220,000,000,000,000 WARNING main_het_teleport_mw_rb_yb_rb_er Mw-to-Er teleportation trial 387 succeeded (completed=True, direct match=True, latency=2.861598687 seconds).
23,220,000,000,000,000 WARNING main_het_teleport_mw_rb_yb_rb_er Starting Mw-to-Er teleportation trial 388 at 23220000000000000.
23,280,000,000,000,000 WARNING main_het_teleport_mw_rb_yb_rb_er Mw-to-Er teleportation trial 388 succeeded (completed=True, direct match=True, latency=2.0948279995 seconds).
23,280,000,000,000,000 WARNING main_het_teleport_mw_rb_yb_rb_er Starting Mw-to-Er teleportation trial 389 at 23280000000000000.
23,340,000,000,000,000 WARNING main_het_teleport_mw_rb_yb_rb_er Mw-to-Er teleportation trial 389 failed (completed=True, direct match=False, latency=3.533205562 seconds).
23,340,000,000,000,000 WARNING main_het_teleport_mw_rb_yb_rb_er Starting Mw-to-Er teleportation trial 390 at 23340000000000000.
23,400,000,000,000,000 WARNING main_het_teleport_mw_rb_yb_rb_er Mw-to-Er teleportation trial 390 succeeded (completed=True, direct match=True, latency=9.1260293745 seconds).
23,400,000,000,000,000 WARNING main_het_teleport_mw_rb_yb_rb_er Starting Mw-to-Er teleportation trial 391 at 23400000000000000.
23,460,000,000,000,000 WARNING main_het_teleport_mw_rb_yb_rb_er Mw-to-Er teleportation trial 391 succeeded (completed=True, direct match=True, latency=8.377979437 seconds).
23,460,000,000,000,000 WARNING main_het_teleport_mw_rb_yb_rb_er Starting Mw-to-Er teleportation trial 392 at 23460000000000000.
23,520,000,000,000,000 WARNING main_het_teleport_mw_rb_yb_rb_er Mw-to-Er teleportation trial 392 succeeded (completed=True, direct match=True, latency=12.635389812 seconds).
23,520,000,000,000,000 WARNING main_het_teleport_mw_rb_yb_rb_er Starting Mw-to-Er teleportation trial 393 at 23520000000000000.
23,580,000,000,000,000 WARNING main_het_teleport_mw_rb_yb_rb_er Mw-to-Er teleportation trial 393 succeeded (completed=True, direct match=True, latency=9.7945161245 seconds).
23,580,000,000,000,000 WARNING main_het_teleport_mw_rb_yb_rb_er Starting Mw-to-Er teleportation trial 394 at 23580000000000000.
23,640,000,000,000,000 WARNING main_het_teleport_mw_rb_yb_rb_er Mw-to-Er teleportation trial 394 succeeded (completed=True, direct match=True, latency=8.4076206245 seconds).
23,640,000,000,000,000 WARNING main_het_teleport_mw_rb_yb_rb_er Starting Mw-to-Er teleportation trial 395 at 23640000000000000.
23,700,000,000,000,000 WARNING main_het_teleport_mw_rb_yb_rb_er Mw-to-Er teleportation trial 395 succeeded (completed=True, direct match=True, latency=7.709492687 seconds).
23,700,000,000,000,000 WARNING main_het_teleport_mw_rb_yb_rb_er Starting Mw-to-Er teleportation trial 396 at 23700000000000000.
23,760,000,000,000,000 WARNING main_het_teleport_mw_rb_yb_rb_er Mw-to-Er teleportation trial 396 succeeded (completed=True, direct match=True, latency=4.217292937 seconds).
23,760,000,000,000,000 WARNING main_het_teleport_mw_rb_yb_rb_er Starting Mw-to-Er teleportation trial 397 at 23760000000000000.
23,820,000,000,000,000 WARNING main_het_teleport_mw_rb_yb_rb_er Mw-to-Er teleportation trial 397 succeeded (completed=True, direct match=True, latency=5.6307094995 seconds).
23,820,000,000,000,000 WARNING main_het_teleport_mw_rb_yb_rb_er Starting Mw-to-Er teleportation trial 398 at 23820000000000000.
23,880,000,000,000,000 WARNING main_het_teleport_mw_rb_yb_rb_er Mw-to-Er teleportation trial 398 succeeded (completed=True, direct match=True, latency=9.090147937 seconds).
23,880,000,000,000,000 WARNING main_het_teleport_mw_rb_yb_rb_er Starting Mw-to-Er teleportation trial 399 at 23880000000000000.
23,940,000,000,000,000 WARNING main_het_teleport_mw_rb_yb_rb_er Mw-to-Er teleportation trial 399 succeeded (completed=True, direct match=True, latency=2.8381977495 seconds).
23,940,000,000,000,000 WARNING main_het_teleport_mw_rb_yb_rb_er Starting Mw-to-Er teleportation trial 400 at 23940000000000000.
24,000,000,000,000,000 WARNING main_het_teleport_mw_rb_yb_rb_er Mw-to-Er teleportation trial 400 succeeded (completed=True, direct match=True, latency=4.8654988745 seconds).
24,000,000,000,000,000 WARNING main_het_teleport_mw_rb_yb_rb_er Starting Mw-to-Er teleportation trial 401 at 24000000000000000.
24,060,000,000,000,000 WARNING main_het_teleport_mw_rb_yb_rb_er Mw-to-Er teleportation trial 401 failed (completed=True, direct match=False, latency=9.093268062 seconds).
24,060,000,000,000,000 WARNING main_het_teleport_mw_rb_yb_rb_er Starting Mw-to-Er teleportation trial 402 at 24060000000000000.
24,120,000,000,000,000 WARNING main_het_teleport_mw_rb_yb_rb_er Mw-to-Er teleportation trial 402 succeeded (completed=True, direct match=True, latency=4.9840636245 seconds).
24,120,000,000,000,000 WARNING main_het_teleport_mw_rb_yb_rb_er Starting Mw-to-Er teleportation trial 403 at 24120000000000000.
24,180,000,000,000,000 WARNING main_het_teleport_mw_rb_yb_rb_er Mw-to-Er teleportation trial 403 failed (completed=True, direct match=False, latency=4.229773437 seconds).
24,180,000,000,000,000 WARNING main_het_teleport_mw_rb_yb_rb_er Starting Mw-to-Er teleportation trial 404 at 24180000000000000.
24,240,000,000,000,000 WARNING main_het_teleport_mw_rb_yb_rb_er Mw-to-Er teleportation trial 404 failed (completed=True, direct match=False, latency=2.8350776245 seconds).
24,240,000,000,000,000 WARNING main_het_teleport_mw_rb_yb_rb_er Starting Mw-to-Er teleportation trial 405 at 24240000000000000.
24,300,000,000,000,000 WARNING main_het_teleport_mw_rb_yb_rb_er Mw-to-Er teleportation trial 405 failed (completed=True, direct match=False, latency=26.2644626245 seconds).
24,300,000,000,000,000 WARNING main_het_teleport_mw_rb_yb_rb_er Starting Mw-to-Er teleportation trial 406 at 24300000000000000.
24,360,000,000,000,000 WARNING main_het_teleport_mw_rb_yb_rb_er Mw-to-Er teleportation trial 406 succeeded (completed=True, direct match=True, latency=8.440381937 seconds).
24,360,000,000,000,000 WARNING main_het_teleport_mw_rb_yb_rb_er Starting Mw-to-Er teleportation trial 407 at 24360000000000000.
24,420,000,000,000,000 WARNING main_het_teleport_mw_rb_yb_rb_er Mw-to-Er teleportation trial 407 failed (completed=True, direct match=False, latency=9.130709562 seconds).
24,420,000,000,000,000 WARNING main_het_teleport_mw_rb_yb_rb_er Starting Mw-to-Er teleportation trial 408 at 24420000000000000.
24,480,000,000,000,000 WARNING main_het_teleport_mw_rb_yb_rb_er Mw-to-Er teleportation trial 408 succeeded (completed=True, direct match=True, latency=9.1385098745 seconds).
24,480,000,000,000,000 WARNING main_het_teleport_mw_rb_yb_rb_er Starting Mw-to-Er teleportation trial 409 at 24480000000000000.
24,540,000,000,000,000 WARNING main_het_teleport_mw_rb_yb_rb_er Mw-to-Er teleportation trial 409 succeeded (completed=True, direct match=True, latency=6.313236812 seconds).
24,540,000,000,000,000 WARNING main_het_teleport_mw_rb_yb_rb_er Starting Mw-to-Er teleportation trial 410 at 24540000000000000.
24,600,000,000,000,000 WARNING main_het_teleport_mw_rb_yb_rb_er Mw-to-Er teleportation trial 410 succeeded (completed=True, direct match=True, latency=2.887338362 seconds).
24,600,000,000,000,000 WARNING main_het_teleport_mw_rb_yb_rb_er Starting Mw-to-Er teleportation trial 411 at 24600000000000000.
24,660,000,000,000,000 WARNING main_het_teleport_mw_rb_yb_rb_er Mw-to-Er teleportation trial 411 failed (completed=True, direct match=False, latency=22.2022926245 seconds).
24,660,000,000,000,000 WARNING main_het_teleport_mw_rb_yb_rb_er Starting Mw-to-Er teleportation trial 412 at 24660000000000000.
24,720,000,000,000,000 WARNING main_het_teleport_mw_rb_yb_rb_er Mw-to-Er teleportation trial 412 failed (completed=True, direct match=False, latency=3.508244562 seconds).
24,720,000,000,000,000 WARNING main_het_teleport_mw_rb_yb_rb_er Starting Mw-to-Er teleportation trial 413 at 24720000000000000.
24,780,000,000,000,000 WARNING main_het_teleport_mw_rb_yb_rb_er Mw-to-Er teleportation trial 413 succeeded (completed=True, direct match=True, latency=4.214172812 seconds).
24,780,000,000,000,000 WARNING main_het_teleport_mw_rb_yb_rb_er Starting Mw-to-Er teleportation trial 414 at 24780000000000000.
24,840,000,000,000,000 WARNING main_het_teleport_mw_rb_yb_rb_er Mw-to-Er teleportation trial 414 succeeded (completed=True, direct match=True, latency=11.217293062 seconds).
24,840,000,000,000,000 WARNING main_het_teleport_mw_rb_yb_rb_er Starting Mw-to-Er teleportation trial 415 at 24840000000000000.
24,900,000,000,000,000 WARNING main_het_teleport_mw_rb_yb_rb_er Mw-to-Er teleportation trial 415 succeeded (completed=True, direct match=True, latency=7.044126062 seconds).
24,900,000,000,000,000 WARNING main_het_teleport_mw_rb_yb_rb_er Starting Mw-to-Er teleportation trial 416 at 24900000000000000.
24,960,000,000,000,000 WARNING main_het_teleport_mw_rb_yb_rb_er Mw-to-Er teleportation trial 416 succeeded (completed=True, direct match=True, latency=4.8998202495 seconds).
24,960,000,000,000,000 WARNING main_het_teleport_mw_rb_yb_rb_er Starting Mw-to-Er teleportation trial 417 at 24960000000000000.
25,020,000,000,000,000 WARNING main_het_teleport_mw_rb_yb_rb_er Mw-to-Er teleportation trial 417 succeeded (completed=True, direct match=True, latency=6.3366377495 seconds).
25,020,000,000,000,000 WARNING main_het_teleport_mw_rb_yb_rb_er Starting Mw-to-Er teleportation trial 418 at 25020000000000000.
25,080,000,000,000,000 WARNING main_het_teleport_mw_rb_yb_rb_er Mw-to-Er teleportation trial 418 failed (completed=True, direct match=False, latency=9.8194771245 seconds).
25,080,000,000,000,000 WARNING main_het_teleport_mw_rb_yb_rb_er Starting Mw-to-Er teleportation trial 419 at 25080000000000000.
25,140,000,000,000,000 WARNING main_het_teleport_mw_rb_yb_rb_er Mw-to-Er teleportation trial 419 succeeded (completed=True, direct match=True, latency=6.341317937 seconds).
25,140,000,000,000,000 WARNING main_het_teleport_mw_rb_yb_rb_er Starting Mw-to-Er teleportation trial 420 at 25140000000000000.
25,200,000,000,000,000 WARNING main_het_teleport_mw_rb_yb_rb_er Mw-to-Er teleportation trial 420 failed (completed=True, direct match=False, latency=4.892019937 seconds).
25,200,000,000,000,000 WARNING main_het_teleport_mw_rb_yb_rb_er Starting Mw-to-Er teleportation trial 421 at 25200000000000000.
25,260,000,000,000,000 WARNING main_het_teleport_mw_rb_yb_rb_er Mw-to-Er teleportation trial 421 failed (completed=True, direct match=False, latency=7.693892062 seconds).
25,260,000,000,000,000 WARNING main_het_teleport_mw_rb_yb_rb_er Starting Mw-to-Er teleportation trial 422 at 25260000000000000.
25,320,000,000,000,000 WARNING main_het_teleport_mw_rb_yb_rb_er Mw-to-Er teleportation trial 422 succeeded (completed=True, direct match=True, latency=7.031645562 seconds).
25,320,000,000,000,000 WARNING main_het_teleport_mw_rb_yb_rb_er Starting Mw-to-Er teleportation trial 423 at 25320000000000000.
25,380,000,000,000,000 WARNING main_het_teleport_mw_rb_yb_rb_er Mw-to-Er teleportation trial 423 succeeded (completed=True, direct match=True, latency=3.5160448745 seconds).
25,380,000,000,000,000 WARNING main_het_teleport_mw_rb_yb_rb_er Starting Mw-to-Er teleportation trial 424 at 25380000000000000.
25,440,000,000,000,000 WARNING main_het_teleport_mw_rb_yb_rb_er Mw-to-Er teleportation trial 424 failed (completed=True, direct match=False, latency=2.1197889995 seconds).
25,440,000,000,000,000 WARNING main_het_teleport_mw_rb_yb_rb_er Starting Mw-to-Er teleportation trial 425 at 25440000000000000.
25,500,000,000,000,000 WARNING main_het_teleport_mw_rb_yb_rb_er Mw-to-Er teleportation trial 425 failed (completed=True, direct match=False, latency=6.275970312 seconds).
25,500,000,000,000,000 WARNING main_het_teleport_mw_rb_yb_rb_er Starting Mw-to-Er teleportation trial 426 at 25500000000000000.
25,560,000,000,000,000 WARNING main_het_teleport_mw_rb_yb_rb_er Mw-to-Er teleportation trial 426 failed (completed=True, direct match=False, latency=6.341317937 seconds).
25,560,000,000,000,000 WARNING main_het_teleport_mw_rb_yb_rb_er Starting Mw-to-Er teleportation trial 427 at 25560000000000000.
25,620,000,000,000,000 WARNING main_het_teleport_mw_rb_yb_rb_er Mw-to-Er teleportation trial 427 failed (completed=True, direct match=False, latency=5.5807874995 seconds).
25,620,000,000,000,000 WARNING main_het_teleport_mw_rb_yb_rb_er Starting Mw-to-Er teleportation trial 428 at 25620000000000000.
25,680,000,000,000,000 WARNING main_het_teleport_mw_rb_yb_rb_er Mw-to-Er teleportation trial 428 succeeded (completed=True, direct match=True, latency=2.0948279995 seconds).
25,680,000,000,000,000 WARNING main_het_teleport_mw_rb_yb_rb_er Starting Mw-to-Er teleportation trial 429 at 25680000000000000.
25,740,000,000,000,000 WARNING main_het_teleport_mw_rb_yb_rb_er Mw-to-Er teleportation trial 429 succeeded (completed=True, direct match=True, latency=7.815576937 seconds).
25,740,000,000,000,000 WARNING main_het_teleport_mw_rb_yb_rb_er Starting Mw-to-Er teleportation trial 430 at 25740000000000000.
25,800,000,000,000,000 WARNING main_het_teleport_mw_rb_yb_rb_er Mw-to-Er teleportation trial 430 succeeded (completed=True, direct match=True, latency=2.021505062 seconds).
25,800,000,000,000,000 WARNING main_het_teleport_mw_rb_yb_rb_er Starting Mw-to-Er teleportation trial 431 at 25800000000000000.
25,860,000,000,000,000 WARNING main_het_teleport_mw_rb_yb_rb_er Mw-to-Er teleportation trial 431 failed (completed=True, direct match=False, latency=8.4389968745 seconds).
25,860,000,000,000,000 WARNING main_het_teleport_mw_rb_yb_rb_er Starting Mw-to-Er teleportation trial 432 at 25860000000000000.
25,920,000,000,000,000 WARNING main_het_teleport_mw_rb_yb_rb_er Mw-to-Er teleportation trial 432 failed (completed=True, direct match=False, latency=9.775215212 seconds).
25,920,000,000,000,000 WARNING main_het_teleport_mw_rb_yb_rb_er Starting Mw-to-Er teleportation trial 433 at 25920000000000000.
25,980,000,000,000,000 WARNING main_het_teleport_mw_rb_yb_rb_er Mw-to-Er teleportation trial 433 failed (completed=True, direct match=False, latency=5.619964062 seconds).
25,980,000,000,000,000 WARNING main_het_teleport_mw_rb_yb_rb_er Starting Mw-to-Er teleportation trial 434 at 25980000000000000.
26,040,000,000,000,000 WARNING main_het_teleport_mw_rb_yb_rb_er Mw-to-Er teleportation trial 434 succeeded (completed=True, direct match=True, latency=7.1143288745 seconds).
26,040,000,000,000,000 WARNING main_het_teleport_mw_rb_yb_rb_er Starting Mw-to-Er teleportation trial 435 at 26040000000000000.
26,100,000,000,000,000 WARNING main_het_teleport_mw_rb_yb_rb_er Mw-to-Er teleportation trial 435 succeeded (completed=True, direct match=True, latency=11.192332062 seconds).
26,100,000,000,000,000 WARNING main_het_teleport_mw_rb_yb_rb_er Starting Mw-to-Er teleportation trial 436 at 26100000000000000.
26,160,000,000,000,000 WARNING main_het_teleport_mw_rb_yb_rb_er Mw-to-Er teleportation trial 436 succeeded (completed=True, direct match=True, latency=4.8686189995 seconds).
26,160,000,000,000,000 WARNING main_het_teleport_mw_rb_yb_rb_er Starting Mw-to-Er teleportation trial 437 at 26160000000000000.
26,220,000,000,000,000 WARNING main_het_teleport_mw_rb_yb_rb_er Mw-to-Er teleportation trial 437 succeeded (completed=True, direct match=True, latency=7.044126062 seconds).
26,220,000,000,000,000 WARNING main_het_teleport_mw_rb_yb_rb_er Starting Mw-to-Er teleportation trial 438 at 26220000000000000.
26,280,000,000,000,000 WARNING main_het_teleport_mw_rb_yb_rb_er Mw-to-Er teleportation trial 438 succeeded (completed=True, direct match=True, latency=4.2188529995 seconds).
26,280,000,000,000,000 WARNING main_het_teleport_mw_rb_yb_rb_er Starting Mw-to-Er teleportation trial 439 at 26280000000000000.
26,340,000,000,000,000 WARNING main_het_teleport_mw_rb_yb_rb_er Mw-to-Er teleportation trial 439 succeeded (completed=True, direct match=True, latency=16.140070062 seconds).
26,340,000,000,000,000 WARNING main_het_teleport_mw_rb_yb_rb_er Starting Mw-to-Er teleportation trial 440 at 26340000000000000.
26,400,000,000,000,000 WARNING main_het_teleport_mw_rb_yb_rb_er Mw-to-Er teleportation trial 440 succeeded (completed=True, direct match=True, latency=2.1260292495 seconds).
26,400,000,000,000,000 WARNING main_het_teleport_mw_rb_yb_rb_er Starting Mw-to-Er teleportation trial 441 at 26400000000000000.
26,460,000,000,000,000 WARNING main_het_teleport_mw_rb_yb_rb_er Mw-to-Er teleportation trial 441 failed (completed=True, direct match=False, latency=5.588587812 seconds).
26,460,000,000,000,000 WARNING main_het_teleport_mw_rb_yb_rb_er Starting Mw-to-Er teleportation trial 442 at 26460000000000000.
26,520,000,000,000,000 WARNING main_het_teleport_mw_rb_yb_rb_er Mw-to-Er teleportation trial 442 failed (completed=True, direct match=False, latency=7.734628687 seconds).
26,520,000,000,000,000 WARNING main_het_teleport_mw_rb_yb_rb_er Starting Mw-to-Er teleportation trial 443 at 26520000000000000.
26,580,000,000,000,000 WARNING main_het_teleport_mw_rb_yb_rb_er Mw-to-Er teleportation trial 443 succeeded (completed=True, direct match=True, latency=5.6182289995 seconds).
26,580,000,000,000,000 WARNING main_het_teleport_mw_rb_yb_rb_er Starting Mw-to-Er teleportation trial 444 at 26580000000000000.
26,640,000,000,000,000 WARNING main_het_teleport_mw_rb_yb_rb_er Mw-to-Er teleportation trial 444 failed (completed=True, direct match=False, latency=9.8290124995 seconds).
26,640,000,000,000,000 WARNING main_het_teleport_mw_rb_yb_rb_er Starting Mw-to-Er teleportation trial 445 at 26640000000000000.
26,700,000,000,000,000 WARNING main_het_teleport_mw_rb_yb_rb_er Mw-to-Er teleportation trial 445 succeeded (completed=True, direct match=True, latency=4.2250932495 seconds).
26,700,000,000,000,000 WARNING main_het_teleport_mw_rb_yb_rb_er Starting Mw-to-Er teleportation trial 446 at 26700000000000000.
26,760,000,000,000,000 WARNING main_het_teleport_mw_rb_yb_rb_er Mw-to-Er teleportation trial 446 succeeded (completed=True, direct match=True, latency=4.8967001245 seconds).
26,760,000,000,000,000 WARNING main_het_teleport_mw_rb_yb_rb_er Starting Mw-to-Er teleportation trial 447 at 26760000000000000.
26,855,574,648,787,132 WARNING main_het_teleport_mw_rb_yb_rb_er Mw-to-Er teleportation trial 447 succeeded (completed=True, direct match=True, latency=7.706372562 seconds).
26,855,574,648,787,132 WARNING main_het_teleport_mw_rb_yb_rb_er Starting Mw-to-Er teleportation trial 448 at 26855574648787132.
26,915,574,648,787,132 WARNING main_het_teleport_mw_rb_yb_rb_er Mw-to-Er teleportation trial 448 succeeded (completed=True, direct match=True, latency=4.943501999868 seconds).
26,915,574,648,787,132 WARNING main_het_teleport_mw_rb_yb_rb_er Starting Mw-to-Er teleportation trial 449 at 26915574648787132.
26,975,574,648,787,132 WARNING main_het_teleport_mw_rb_yb_rb_er Mw-to-Er teleportation trial 449 failed (completed=True, direct match=False, latency=4.804831437368 seconds).
26,975,574,648,787,132 WARNING main_het_teleport_mw_rb_yb_rb_er Starting Mw-to-Er teleportation trial 450 at 26975574648787132.
27,035,574,648,787,132 WARNING main_het_teleport_mw_rb_yb_rb_er Mw-to-Er teleportation trial 450 succeeded (completed=True, direct match=True, latency=5.619789062368 seconds).
27,035,574,648,787,132 WARNING main_het_teleport_mw_rb_yb_rb_er Starting Mw-to-Er teleportation trial 451 at 27035574648787132.
27,095,574,648,787,132 WARNING main_het_teleport_mw_rb_yb_rb_er Mw-to-Er teleportation trial 451 failed (completed=True, direct match=False, latency=6.352413374868 seconds).
27,095,574,648,787,132 WARNING main_het_teleport_mw_rb_yb_rb_er Starting Mw-to-Er teleportation trial 452 at 27095574648787132.
27,155,574,648,787,132 WARNING main_het_teleport_mw_rb_yb_rb_er Mw-to-Er teleportation trial 452 succeeded (completed=True, direct match=True, latency=4.915420874868 seconds).
27,155,574,648,787,132 WARNING main_het_teleport_mw_rb_yb_rb_er Starting Mw-to-Er teleportation trial 453 at 27155574648787132.
27,215,574,648,787,132 WARNING main_het_teleport_mw_rb_yb_rb_er Mw-to-Er teleportation trial 453 failed (completed=True, direct match=False, latency=7.809511687368 seconds).
27,215,574,648,787,132 WARNING main_het_teleport_mw_rb_yb_rb_er Starting Mw-to-Er teleportation trial 454 at 27215574648787132.
27,275,574,648,787,132 WARNING main_het_teleport_mw_rb_yb_rb_er Mw-to-Er teleportation trial 454 succeeded (completed=True, direct match=True, latency=2.115108812368 seconds).
27,275,574,648,787,132 WARNING main_het_teleport_mw_rb_yb_rb_er Starting Mw-to-Er teleportation trial 455 at 27275574648787132.
27,335,574,648,787,132 WARNING main_het_teleport_mw_rb_yb_rb_er Mw-to-Er teleportation trial 455 succeeded (completed=True, direct match=True, latency=6.300756312368 seconds).
27,335,574,648,787,132 WARNING main_het_teleport_mw_rb_yb_rb_er Starting Mw-to-Er teleportation trial 456 at 27335574648787132.
27,395,574,648,787,132 WARNING main_het_teleport_mw_rb_yb_rb_er Mw-to-Er teleportation trial 456 succeeded (completed=True, direct match=True, latency=3.487963749868 seconds).
27,395,574,648,787,132 WARNING main_het_teleport_mw_rb_yb_rb_er Starting Mw-to-Er teleportation trial 457 at 27395574648787132.
27,455,574,648,787,132 WARNING main_het_teleport_mw_rb_yb_rb_er Mw-to-Er teleportation trial 457 succeeded (completed=True, direct match=True, latency=5.626029312368 seconds).
27,455,574,648,787,132 WARNING main_het_teleport_mw_rb_yb_rb_er Starting Mw-to-Er teleportation trial 458 at 27455574648787132.
27,515,574,648,787,132 WARNING main_het_teleport_mw_rb_yb_rb_er Mw-to-Er teleportation trial 458 succeeded (completed=True, direct match=True, latency=7.039445874868 seconds).
27,515,574,648,787,132 WARNING main_het_teleport_mw_rb_yb_rb_er Starting Mw-to-Er teleportation trial 459 at 27515574648787132.
27,575,574,648,787,132 WARNING main_het_teleport_mw_rb_yb_rb_er Mw-to-Er teleportation trial 459 succeeded (completed=True, direct match=True, latency=4.215732874868 seconds).
27,575,574,648,787,132 WARNING main_het_teleport_mw_rb_yb_rb_er Starting Mw-to-Er teleportation trial 460 at 27575574648787132.
27,635,574,648,787,132 WARNING main_het_teleport_mw_rb_yb_rb_er Mw-to-Er teleportation trial 460 failed (completed=True, direct match=False, latency=11.861418812368 seconds).
27,635,574,648,787,132 WARNING main_het_teleport_mw_rb_yb_rb_er Starting Mw-to-Er teleportation trial 461 at 27635574648787132.
27,695,574,648,787,132 WARNING main_het_teleport_mw_rb_yb_rb_er Mw-to-Er teleportation trial 461 succeeded (completed=True, direct match=True, latency=2.863158749868 seconds).
27,695,574,648,787,132 WARNING main_het_teleport_mw_rb_yb_rb_er Starting Mw-to-Er teleportation trial 462 at 27695574648787132.
27,755,574,648,787,132 WARNING main_het_teleport_mw_rb_yb_rb_er Mw-to-Er teleportation trial 462 succeeded (completed=True, direct match=True, latency=7.667370999868 seconds).
27,755,574,648,787,132 WARNING main_het_teleport_mw_rb_yb_rb_er Starting Mw-to-Er teleportation trial 463 at 27755574648787132.
27,815,574,648,787,132 WARNING main_het_teleport_mw_rb_yb_rb_er Mw-to-Er teleportation trial 463 succeeded (completed=True, direct match=True, latency=7.070647124868 seconds).
27,815,574,648,787,132 WARNING main_het_teleport_mw_rb_yb_rb_er Starting Mw-to-Er teleportation trial 464 at 27815574648787132.
27,875,574,648,787,132 WARNING main_het_teleport_mw_rb_yb_rb_er Mw-to-Er teleportation trial 464 succeeded (completed=True, direct match=True, latency=4.223533187368 seconds).
27,875,574,648,787,132 WARNING main_het_teleport_mw_rb_yb_rb_er Starting Mw-to-Er teleportation trial 465 at 27875574648787132.
27,935,574,648,787,132 WARNING main_het_teleport_mw_rb_yb_rb_er Mw-to-Er teleportation trial 465 succeeded (completed=True, direct match=True, latency=10.541180999868 seconds).
27,935,574,648,787,132 WARNING main_het_teleport_mw_rb_yb_rb_er Starting Mw-to-Er teleportation trial 466 at 27935574648787132.
27,995,574,648,787,132 WARNING main_het_teleport_mw_rb_yb_rb_er Mw-to-Er teleportation trial 466 succeeded (completed=True, direct match=True, latency=7.698572249868 seconds).
27,995,574,648,787,132 WARNING main_het_teleport_mw_rb_yb_rb_er Starting Mw-to-Er teleportation trial 467 at 27995574648787132.
28,055,574,648,787,132 WARNING main_het_teleport_mw_rb_yb_rb_er Mw-to-Er teleportation trial 467 failed (completed=True, direct match=False, latency=8.468638062368 seconds).
28,055,574,648,787,132 WARNING main_het_teleport_mw_rb_yb_rb_er Starting Mw-to-Er teleportation trial 468 at 28055574648787132.
28,115,574,648,787,132 WARNING main_het_teleport_mw_rb_yb_rb_er Mw-to-Er teleportation trial 468 failed (completed=True, direct match=False, latency=18.784975874868 seconds).
28,115,574,648,787,132 WARNING main_het_teleport_mw_rb_yb_rb_er Starting Mw-to-Er teleportation trial 469 at 28115574648787132.
28,175,574,648,787,132 WARNING main_het_teleport_mw_rb_yb_rb_er Mw-to-Er teleportation trial 469 failed (completed=True, direct match=False, latency=6.002959374868 seconds).
28,175,574,648,787,132 WARNING main_het_teleport_mw_rb_yb_rb_er Starting Mw-to-Er teleportation trial 470 at 28175574648787132.
28,235,574,648,787,132 WARNING main_het_teleport_mw_rb_yb_rb_er Mw-to-Er teleportation trial 470 succeeded (completed=True, direct match=True, latency=9.066898562368 seconds).
28,235,574,648,787,132 WARNING main_het_teleport_mw_rb_yb_rb_er Starting Mw-to-Er teleportation trial 471 at 28235574648787132.
28,295,574,677,787,000 WARNING main_het_teleport_mw_rb_yb_rb_er Mw-to-Er teleportation trial 471 failed (completed=False, direct match=False, latency=None seconds).
28,295,574,677,787,000 WARNING main_het_teleport_mw_rb_yb_rb_er Starting Mw-to-Er teleportation trial 472 at 28295574677787000.
28,355,574,677,787,000 WARNING main_het_teleport_mw_rb_yb_rb_er Mw-to-Er teleportation trial 472 succeeded (completed=True, direct match=True, latency=2.122909125 seconds).
28,355,574,677,787,000 WARNING main_het_teleport_mw_rb_yb_rb_er Starting Mw-to-Er teleportation trial 473 at 28355574677787000.
28,415,574,677,787,000 WARNING main_het_teleport_mw_rb_yb_rb_er Mw-to-Er teleportation trial 473 failed (completed=True, direct match=False, latency=7.03632575 seconds).
28,415,574,677,787,000 WARNING main_het_teleport_mw_rb_yb_rb_er Starting Mw-to-Er teleportation trial 474 at 28415574677787000.
28,475,574,677,787,000 WARNING main_het_teleport_mw_rb_yb_rb_er Mw-to-Er teleportation trial 474 succeeded (completed=True, direct match=True, latency=9.8087316875 seconds).
28,475,574,677,787,000 WARNING main_het_teleport_mw_rb_yb_rb_er Starting Mw-to-Er teleportation trial 475 at 28475574677787000.
28,535,574,677,787,000 WARNING main_het_teleport_mw_rb_yb_rb_er Mw-to-Er teleportation trial 475 succeeded (completed=True, direct match=True, latency=3.569087 seconds).
28,535,574,677,787,000 WARNING main_het_teleport_mw_rb_yb_rb_er Starting Mw-to-Er teleportation trial 476 at 28535574677787000.
28,595,574,677,787,000 WARNING main_het_teleport_mw_rb_yb_rb_er Mw-to-Er teleportation trial 476 failed (completed=True, direct match=False, latency=4.2204130625 seconds).
28,595,574,677,787,000 WARNING main_het_teleport_mw_rb_yb_rb_er Starting Mw-to-Er teleportation trial 477 at 28595574677787000.
28,655,574,677,787,000 WARNING main_het_teleport_mw_rb_yb_rb_er Mw-to-Er teleportation trial 477 succeeded (completed=True, direct match=True, latency=1.445062 seconds).
28,655,574,677,787,000 WARNING main_het_teleport_mw_rb_yb_rb_er Starting Mw-to-Er teleportation trial 478 at 28655574677787000.
28,715,574,677,787,000 WARNING main_het_teleport_mw_rb_yb_rb_er Mw-to-Er teleportation trial 478 succeeded (completed=True, direct match=True, latency=10.5332056875 seconds).
28,715,574,677,787,000 WARNING main_het_teleport_mw_rb_yb_rb_er Starting Mw-to-Er teleportation trial 479 at 28715574677787000.
28,775,574,677,787,000 WARNING main_het_teleport_mw_rb_yb_rb_er Mw-to-Er teleportation trial 479 succeeded (completed=True, direct match=True, latency=6.327277375 seconds).
28,775,574,677,787,000 WARNING main_het_teleport_mw_rb_yb_rb_er Starting Mw-to-Er teleportation trial 480 at 28775574677787000.
28,835,574,677,787,000 WARNING main_het_teleport_mw_rb_yb_rb_er Mw-to-Er teleportation trial 480 failed (completed=True, direct match=False, latency=9.163645875 seconds).
28,835,574,677,787,000 WARNING main_het_teleport_mw_rb_yb_rb_er Starting Mw-to-Er teleportation trial 481 at 28835574677787000.
28,895,574,677,787,000 WARNING main_het_teleport_mw_rb_yb_rb_er Mw-to-Er teleportation trial 481 succeeded (completed=True, direct match=True, latency=7.6938920625 seconds).
28,895,574,677,787,000 WARNING main_het_teleport_mw_rb_yb_rb_er Starting Mw-to-Er teleportation trial 482 at 28895574677787000.
28,955,574,677,787,000 WARNING main_het_teleport_mw_rb_yb_rb_er Mw-to-Er teleportation trial 482 succeeded (completed=True, direct match=True, latency=11.1985723125 seconds).
28,955,574,677,787,000 WARNING main_het_teleport_mw_rb_yb_rb_er Starting Mw-to-Er teleportation trial 483 at 28955574677787000.
29,015,574,677,787,000 WARNING main_het_teleport_mw_rb_yb_rb_er Mw-to-Er teleportation trial 483 failed (completed=True, direct match=False, latency=11.09734325 seconds).
29,015,574,677,787,000 WARNING main_het_teleport_mw_rb_yb_rb_er Starting Mw-to-Er teleportation trial 484 at 29015574677787000.
29,075,574,677,787,000 WARNING main_het_teleport_mw_rb_yb_rb_er Mw-to-Er teleportation trial 484 succeeded (completed=True, direct match=True, latency=8.4655179375 seconds).
29,075,574,677,787,000 WARNING main_het_teleport_mw_rb_yb_rb_er Starting Mw-to-Er teleportation trial 485 at 29075574677787000.
29,135,574,677,787,000 WARNING main_het_teleport_mw_rb_yb_rb_er Mw-to-Er teleportation trial 485 succeeded (completed=True, direct match=True, latency=4.92478125 seconds).
29,135,574,677,787,000 WARNING main_het_teleport_mw_rb_yb_rb_er Starting Mw-to-Er teleportation trial 486 at 29135574677787000.
29,195,574,677,787,000 WARNING main_het_teleport_mw_rb_yb_rb_er Mw-to-Er teleportation trial 486 succeeded (completed=True, direct match=True, latency=13.2882759375 seconds).
29,195,574,677,787,000 WARNING main_het_teleport_mw_rb_yb_rb_er Starting Mw-to-Er teleportation trial 487 at 29195574677787000.
29,255,574,677,787,000 WARNING main_het_teleport_mw_rb_yb_rb_er Mw-to-Er teleportation trial 487 succeeded (completed=True, direct match=True, latency=23.8680143125 seconds).
29,255,574,677,787,000 WARNING main_het_teleport_mw_rb_yb_rb_er Starting Mw-to-Er teleportation trial 488 at 29255574677787000.
29,315,574,677,787,000 WARNING main_het_teleport_mw_rb_yb_rb_er Mw-to-Er teleportation trial 488 succeeded (completed=True, direct match=True, latency=3.37623925 seconds).
29,315,574,677,787,000 WARNING main_het_teleport_mw_rb_yb_rb_er Starting Mw-to-Er teleportation trial 489 at 29315574677787000.
29,375,574,677,787,000 WARNING main_het_teleport_mw_rb_yb_rb_er Mw-to-Er teleportation trial 489 succeeded (completed=True, direct match=True, latency=4.22509325 seconds).
29,375,574,677,787,000 WARNING main_het_teleport_mw_rb_yb_rb_er Starting Mw-to-Er teleportation trial 490 at 29375574677787000.
29,435,574,677,787,000 WARNING main_het_teleport_mw_rb_yb_rb_er Mw-to-Er teleportation trial 490 succeeded (completed=True, direct match=True, latency=4.9138608125 seconds).
29,435,574,677,787,000 WARNING main_het_teleport_mw_rb_yb_rb_er Starting Mw-to-Er teleportation trial 491 at 29435574677787000.
29,495,574,677,787,000 WARNING main_het_teleport_mw_rb_yb_rb_er Mw-to-Er teleportation trial 491 succeeded (completed=True, direct match=True, latency=19.6291496875 seconds).
29,495,574,677,787,000 WARNING main_het_teleport_mw_rb_yb_rb_er Starting Mw-to-Er teleportation trial 492 at 29495574677787000.
29,555,574,677,787,000 WARNING main_het_teleport_mw_rb_yb_rb_er Mw-to-Er teleportation trial 492 failed (completed=True, direct match=False, latency=18.203252625 seconds).
29,555,574,677,787,000 WARNING main_het_teleport_mw_rb_yb_rb_er Starting Mw-to-Er teleportation trial 493 at 29555574677787000.
29,615,574,677,787,000 WARNING main_het_teleport_mw_rb_yb_rb_er Mw-to-Er teleportation trial 493 succeeded (completed=True, direct match=True, latency=3.5566065 seconds).
29,615,574,677,787,000 WARNING main_het_teleport_mw_rb_yb_rb_er Starting Mw-to-Er teleportation trial 494 at 29615574677787000.
29,675,574,677,787,000 WARNING main_het_teleport_mw_rb_yb_rb_er Mw-to-Er teleportation trial 494 failed (completed=True, direct match=False, latency=4.2112276875 seconds).
29,675,574,677,787,000 WARNING main_het_teleport_mw_rb_yb_rb_er Starting Mw-to-Er teleportation trial 495 at 29675574677787000.
29,735,574,677,787,000 WARNING main_het_teleport_mw_rb_yb_rb_er Mw-to-Er teleportation trial 495 succeeded (completed=True, direct match=True, latency=6.3132368125 seconds).
29,735,574,677,787,000 WARNING main_het_teleport_mw_rb_yb_rb_er Starting Mw-to-Er teleportation trial 496 at 29735574677787000.
29,795,574,677,787,000 WARNING main_het_teleport_mw_rb_yb_rb_er Mw-to-Er teleportation trial 496 failed (completed=True, direct match=False, latency=6.3758143125 seconds).
29,795,574,677,787,000 WARNING main_het_teleport_mw_rb_yb_rb_er Starting Mw-to-Er teleportation trial 497 at 29795574677787000.
29,855,574,677,787,000 WARNING main_het_teleport_mw_rb_yb_rb_er Mw-to-Er teleportation trial 497 succeeded (completed=True, direct match=True, latency=6.9505223125 seconds).
29,855,574,677,787,000 WARNING main_het_teleport_mw_rb_yb_rb_er Starting Mw-to-Er teleportation trial 498 at 29855574677787000.
29,915,574,677,787,000 WARNING main_het_teleport_mw_rb_yb_rb_er Mw-to-Er teleportation trial 498 succeeded (completed=True, direct match=True, latency=7.717293 seconds).
29,915,574,677,787,000 WARNING main_het_teleport_mw_rb_yb_rb_er Starting Mw-to-Er teleportation trial 499 at 29915574677787000.
29,975,574,677,787,000 WARNING main_het_teleport_mw_rb_yb_rb_er Mw-to-Er teleportation trial 499 succeeded (completed=True, direct match=True, latency=4.2204130625 seconds).
29,975,574,677,787,000 WARNING main_het_teleport_mw_rb_yb_rb_er Starting Mw-to-Er teleportation trial 500 at 29975574677787000.
30,035,574,677,787,000 WARNING main_het_teleport_mw_rb_yb_rb_er Mw-to-Er teleportation trial 500 succeeded (completed=True, direct match=True, latency=4.8732991875 seconds).
30,035,574,677,787,000 WARNING main_het_teleport_mw_rb_yb_rb_er Raw teleport fidelity by direct comparison: 338/500 (67.60%)
30,035,574,677,787,000 WARNING main_het_teleport_mw_rb_yb_rb_er Teleport fidelity after Rb measurement, Mw measurement, and gate losses: 63.45% (operation fidelity factor=0.9386304)
30,035,574,677,787,000 WARNING main_het_teleport_mw_rb_yb_rb_er Average teleport latency: 7.217592887 seconds over 499 completed trials
