0                    WARNING main_het_teleport_mw_rb_yb_rb_er Starting Mw-to-Er teleportation trial 1 at 0.
60,000,000,000,000   WARNING main_het_teleport_mw_rb_yb_rb_er Mw-to-Er teleportation trial 1 failed (completed=True, direct match=False, latency=15.928501562 seconds).
60,000,000,000,000   WARNING main_het_teleport_mw_rb_yb_rb_er Starting Mw-to-Er teleportation trial 2 at 60000000000000.
120,000,000,000,000  WARNING main_het_teleport_mw_rb_yb_rb_er Mw-to-Er teleportation trial 2 succeeded (completed=True, direct match=True, latency=7.0211501245 seconds).
120,000,000,000,000  WARNING main_het_teleport_mw_rb_yb_rb_er Starting Mw-to-Er teleportation trial 3 at 120000000000000.
180,000,000,000,000  WARNING main_het_teleport_mw_rb_yb_rb_er Mw-to-Er teleportation trial 3 succeeded (completed=True, direct match=True, latency=6.338197812 seconds).
180,000,000,000,000  WARNING main_het_teleport_mw_rb_yb_rb_er Starting Mw-to-Er teleportation trial 4 at 180000000000000.
240,000,000,000,000  WARNING main_het_teleport_mw_rb_yb_rb_er Mw-to-Er teleportation trial 4 succeeded (completed=True, direct match=True, latency=9.1041884995 seconds).
240,000,000,000,000  WARNING main_het_teleport_mw_rb_yb_rb_er Starting Mw-to-Er teleportation trial 5 at 240000000000000.
300,000,000,000,000  WARNING main_het_teleport_mw_rb_yb_rb_er Mw-to-Er teleportation trial 5 succeeded (completed=True, direct match=True, latency=6.251009312 seconds).
300,000,000,000,000  WARNING main_het_teleport_mw_rb_yb_rb_er Starting Mw-to-Er teleportation trial 6 at 300000000000000.
360,000,000,000,000  WARNING main_het_teleport_mw_rb_yb_rb_er Mw-to-Er teleportation trial 6 failed (completed=True, direct match=False, latency=4.935701687 seconds).
360,000,000,000,000  WARNING main_het_teleport_mw_rb_yb_rb_er Starting Mw-to-Er teleportation trial 7 at 360000000000000.
420,000,000,000,000  WARNING main_het_teleport_mw_rb_yb_rb_er Mw-to-Er teleportation trial 7 failed (completed=True, direct match=False, latency=2.9331367245 seconds).
420,000,000,000,000  WARNING main_het_teleport_mw_rb_yb_rb_er Starting Mw-to-Er teleportation trial 8 at 420000000000000.
480,000,000,000,000  WARNING main_het_teleport_mw_rb_yb_rb_er Mw-to-Er teleportation trial 8 succeeded (completed=True, direct match=True, latency=7.0207251245 seconds).
480,000,000,000,000  WARNING main_het_teleport_mw_rb_yb_rb_er Starting Mw-to-Er teleportation trial 9 at 480000000000000.
540,000,000,000,000  WARNING main_het_teleport_mw_rb_yb_rb_er Mw-to-Er teleportation trial 9 succeeded (completed=True, direct match=True, latency=2.0449059995 seconds).
540,000,000,000,000  WARNING main_het_teleport_mw_rb_yb_rb_er Starting Mw-to-Er teleportation trial 10 at 540000000000000.
600,000,000,000,000  WARNING main_het_teleport_mw_rb_yb_rb_er Mw-to-Er teleportation trial 10 failed (completed=True, direct match=False, latency=5.6244692495 seconds).
600,000,000,000,000  WARNING main_het_teleport_mw_rb_yb_rb_er Starting Mw-to-Er teleportation trial 11 at 600000000000000.
660,000,000,000,000  WARNING main_het_teleport_mw_rb_yb_rb_er Mw-to-Er teleportation trial 11 failed (completed=True, direct match=False, latency=4.1938919995 seconds).
660,000,000,000,000  WARNING main_het_teleport_mw_rb_yb_rb_er Starting Mw-to-Er teleportation trial 12 at 660000000000000.
720,000,000,000,000  WARNING main_het_teleport_mw_rb_yb_rb_er Mw-to-Er teleportation trial 12 failed (completed=True, direct match=False, latency=2.821037062 seconds).
720,000,000,000,000  WARNING main_het_teleport_mw_rb_yb_rb_er Starting Mw-to-Er teleportation trial 13 at 720000000000000.
780,000,000,000,000  WARNING main_het_teleport_mw_rb_yb_rb_er Mw-to-Er teleportation trial 13 failed (completed=True, direct match=False, latency=4.154890437 seconds).
780,000,000,000,000  WARNING main_het_teleport_mw_rb_yb_rb_er Starting Mw-to-Er teleportation trial 14 at 780000000000000.
840,000,000,000,000  WARNING main_het_teleport_mw_rb_yb_rb_er Mw-to-Er teleportation trial 14 succeeded (completed=True, direct match=True, latency=5.6151088745 seconds).
840,000,000,000,000  WARNING main_het_teleport_mw_rb_yb_rb_er Starting Mw-to-Er teleportation trial 15 at 840000000000000.
900,000,000,000,000  WARNING main_het_teleport_mw_rb_yb_rb_er Mw-to-Er teleportation trial 15 succeeded (completed=True, direct match=True, latency=9.7539544995 seconds).
900,000,000,000,000  WARNING main_het_teleport_mw_rb_yb_rb_er Starting Mw-to-Er teleportation trial 16 at 900000000000000.
960,000,000,000,000  WARNING main_het_teleport_mw_rb_yb_rb_er Mw-to-Er teleportation trial 16 succeeded (completed=True, direct match=True, latency=4.8779793745 seconds).
960,000,000,000,000  WARNING main_het_teleport_mw_rb_yb_rb_er Starting Mw-to-Er teleportation trial 17 at 960000000000000.
1,020,000,000,000,000 WARNING main_het_teleport_mw_rb_yb_rb_er Mw-to-Er teleportation trial 17 succeeded (completed=True, direct match=True, latency=14.7301986245 seconds).
1,020,000,000,000,000 WARNING main_het_teleport_mw_rb_yb_rb_er Starting Mw-to-Er teleportation trial 18 at 1020000000000000.
1,080,000,000,000,000 WARNING main_het_teleport_mw_rb_yb_rb_er Mw-to-Er teleportation trial 18 succeeded (completed=True, direct match=True, latency=13.3179171245 seconds).
1,080,000,000,000,000 WARNING main_het_teleport_mw_rb_yb_rb_er Starting Mw-to-Er teleportation trial 19 at 1080000000000000.
1,140,000,000,000,000 WARNING main_het_teleport_mw_rb_yb_rb_er Mw-to-Er teleportation trial 19 failed (completed=True, direct match=False, latency=2.824157187 seconds).
1,140,000,000,000,000 WARNING main_het_teleport_mw_rb_yb_rb_er Starting Mw-to-Er teleportation trial 20 at 1140000000000000.
1,200,000,000,000,000 WARNING main_het_teleport_mw_rb_yb_rb_er Mw-to-Er teleportation trial 20 succeeded (completed=True, direct match=True, latency=8.477823437 seconds).
1,200,000,000,000,000 WARNING main_het_teleport_mw_rb_yb_rb_er Starting Mw-to-Er teleportation trial 21 at 1200000000000000.
1,260,000,000,000,000 WARNING main_het_teleport_mw_rb_yb_rb_er Mw-to-Er teleportation trial 21 succeeded (completed=True, direct match=True, latency=2.115108812 seconds).
1,260,000,000,000,000 WARNING main_het_teleport_mw_rb_yb_rb_er Starting Mw-to-Er teleportation trial 22 at 1260000000000000.
1,320,000,000,000,000 WARNING main_het_teleport_mw_rb_yb_rb_er Mw-to-Er teleportation trial 22 succeeded (completed=True, direct match=True, latency=8.4700231245 seconds).
1,320,000,000,000,000 WARNING main_het_teleport_mw_rb_yb_rb_er Starting Mw-to-Er teleportation trial 23 at 1320000000000000.
1,380,000,000,000,000 WARNING main_het_teleport_mw_rb_yb_rb_er Mw-to-Er teleportation trial 23 succeeded (completed=True, direct match=True, latency=2.8288373745 seconds).
1,380,000,000,000,000 WARNING main_het_teleport_mw_rb_yb_rb_er Starting Mw-to-Er teleportation trial 24 at 1380000000000000.
1,440,000,000,000,000 WARNING main_het_teleport_mw_rb_yb_rb_er Mw-to-Er teleportation trial 24 succeeded (completed=True, direct match=True, latency=4.951477312 seconds).
1,440,000,000,000,000 WARNING main_het_teleport_mw_rb_yb_rb_er Starting Mw-to-Er teleportation trial 25 at 1440000000000000.
1,500,000,000,000,000 WARNING main_het_teleport_mw_rb_yb_rb_er Mw-to-Er teleportation trial 25 succeeded (completed=True, direct match=True, latency=6.9676829995 seconds).
1,500,000,000,000,000 WARNING main_het_teleport_mw_rb_yb_rb_er Starting Mw-to-Er teleportation trial 26 at 1500000000000000.
1,560,000,000,000,000 WARNING main_het_teleport_mw_rb_yb_rb_er Mw-to-Er teleportation trial 26 succeeded (completed=True, direct match=True, latency=8.415420937 seconds).
1,560,000,000,000,000 WARNING main_het_teleport_mw_rb_yb_rb_er Starting Mw-to-Er teleportation trial 27 at 1560000000000000.
1,620,000,000,000,000 WARNING main_het_teleport_mw_rb_yb_rb_er Mw-to-Er teleportation trial 27 succeeded (completed=True, direct match=True, latency=6.1907856745 seconds).
1,620,000,000,000,000 WARNING main_het_teleport_mw_rb_yb_rb_er Starting Mw-to-Er teleportation trial 28 at 1620000000000000.
1,680,000,000,000,000 WARNING main_het_teleport_mw_rb_yb_rb_er Mw-to-Er teleportation trial 28 succeeded (completed=True, direct match=True, latency=13.4177611245 seconds).
1,680,000,000,000,000 WARNING main_het_teleport_mw_rb_yb_rb_er Starting Mw-to-Er teleportation trial 29 at 1680000000000000.
1,740,000,000,000,000 WARNING main_het_teleport_mw_rb_yb_rb_er Mw-to-Er teleportation trial 29 succeeded (completed=True, direct match=True, latency=9.1135488745 seconds).
1,740,000,000,000,000 WARNING main_het_teleport_mw_rb_yb_rb_er Starting Mw-to-Er teleportation trial 30 at 1740000000000000.
1,800,000,000,000,000 WARNING main_het_teleport_mw_rb_yb_rb_er Mw-to-Er teleportation trial 30 failed (completed=True, direct match=False, latency=15.4015554995 seconds).
1,800,000,000,000,000 WARNING main_het_teleport_mw_rb_yb_rb_er Starting Mw-to-Er teleportation trial 31 at 1800000000000000.
1,860,000,030,062,000 WARNING main_het_teleport_mw_rb_yb_rb_er Mw-to-Er teleportation trial 31 failed (completed=False, direct match=False, latency=None seconds).
1,860,000,030,062,000 WARNING main_het_teleport_mw_rb_yb_rb_er Starting Mw-to-Er teleportation trial 32 at 1860000030062000.
1,920,000,030,062,000 WARNING main_het_teleport_mw_rb_yb_rb_er Mw-to-Er teleportation trial 32 succeeded (completed=True, direct match=True, latency=9.7868908125 seconds).
1,920,000,030,062,000 WARNING main_het_teleport_mw_rb_yb_rb_er Starting Mw-to-Er teleportation trial 33 at 1920000030062000.
1,980,000,030,062,000 WARNING main_het_teleport_mw_rb_yb_rb_er Mw-to-Er teleportation trial 33 succeeded (completed=True, direct match=True, latency=8.416981 seconds).
1,980,000,030,062,000 WARNING main_het_teleport_mw_rb_yb_rb_er Starting Mw-to-Er teleportation trial 34 at 1980000030062000.
2,040,000,030,062,000 WARNING main_het_teleport_mw_rb_yb_rb_er Mw-to-Er teleportation trial 34 succeeded (completed=True, direct match=True, latency=6.2820355625 seconds).
2,040,000,030,062,000 WARNING main_het_teleport_mw_rb_yb_rb_er Starting Mw-to-Er teleportation trial 35 at 2040000030062000.
2,100,000,030,062,000 WARNING main_het_teleport_mw_rb_yb_rb_er Mw-to-Er teleportation trial 35 succeeded (completed=True, direct match=True, latency=15.413861 seconds).
2,100,000,030,062,000 WARNING main_het_teleport_mw_rb_yb_rb_er Starting Mw-to-Er teleportation trial 36 at 2100000030062000.
2,160,000,030,062,000 WARNING main_het_teleport_mw_rb_yb_rb_er Mw-to-Er teleportation trial 36 succeeded (completed=True, direct match=True, latency=6.277355375 seconds).
2,160,000,030,062,000 WARNING main_het_teleport_mw_rb_yb_rb_er Starting Mw-to-Er teleportation trial 37 at 2160000030062000.
2,220,000,030,062,000 WARNING main_het_teleport_mw_rb_yb_rb_er Mw-to-Er teleportation trial 37 failed (completed=True, direct match=False, latency=5.6073085625 seconds).
2,220,000,030,062,000 WARNING main_het_teleport_mw_rb_yb_rb_er Starting Mw-to-Er teleportation trial 38 at 2220000030062000.
2,280,000,030,062,000 WARNING main_het_teleport_mw_rb_yb_rb_er Mw-to-Er teleportation trial 38 failed (completed=True, direct match=False, latency=4.9169809375 seconds).
2,280,000,030,062,000 WARNING main_het_teleport_mw_rb_yb_rb_er Starting Mw-to-Er teleportation trial 39 at 2280000030062000.
2,340,000,030,062,000 WARNING main_het_teleport_mw_rb_yb_rb_er Mw-to-Er teleportation trial 39 succeeded (completed=True, direct match=True, latency=1.3873396875 seconds).
2,340,000,030,062,000 WARNING main_het_teleport_mw_rb_yb_rb_er Starting Mw-to-Er teleportation trial 40 at 2340000030062000.
2,400,000,030,062,000 WARNING main_het_teleport_mw_rb_yb_rb_er Mw-to-Er teleportation trial 40 succeeded (completed=True, direct match=True, latency=7.682971625 seconds).
2,400,000,030,062,000 WARNING main_het_teleport_mw_rb_yb_rb_er Starting Mw-to-Er teleportation trial 41 at 2400000030062000.
2,460,000,030,062,000 WARNING main_het_teleport_mw_rb_yb_rb_er Mw-to-Er teleportation trial 41 failed (completed=True, direct match=False, latency=17.9745234375 seconds).
2,460,000,030,062,000 WARNING main_het_teleport_mw_rb_yb_rb_er Starting Mw-to-Er teleportation trial 42 at 2460000030062000.
2,520,000,030,062,000 WARNING main_het_teleport_mw_rb_yb_rb_er Mw-to-Er teleportation trial 42 succeeded (completed=True, direct match=True, latency=12.1060856875 seconds).
2,520,000,030,062,000 WARNING main_het_teleport_mw_rb_yb_rb_er Starting Mw-to-Er teleportation trial 43 at 2520000030062000.
2,580,000,030,062,000 WARNING main_het_teleport_mw_rb_yb_rb_er Mw-to-Er teleportation trial 43 succeeded (completed=True, direct match=True, latency=9.819477125 seconds).
2,580,000,030,062,000 WARNING main_het_teleport_mw_rb_yb_rb_er Starting Mw-to-Er teleportation trial 44 at 2580000030062000.
2,640,000,030,062,000 WARNING main_het_teleport_mw_rb_yb_rb_er Mw-to-Er teleportation trial 44 failed (completed=True, direct match=False, latency=6.9942040625 seconds).
2,640,000,030,062,000 WARNING main_het_teleport_mw_rb_yb_rb_er Starting Mw-to-Er teleportation trial 45 at 2640000030062000.
2,700,000,030,062,000 WARNING main_het_teleport_mw_rb_yb_rb_er Mw-to-Er teleportation trial 45 succeeded (completed=True, direct match=True, latency=5.583907625 seconds).
2,700,000,030,062,000 WARNING main_het_teleport_mw_rb_yb_rb_er Starting Mw-to-Er teleportation trial 46 at 2700000030062000.
2,760,000,030,062,000 WARNING main_het_teleport_mw_rb_yb_rb_er Mw-to-Er teleportation trial 46 succeeded (completed=True, direct match=True, latency=14.00824475 seconds).
2,760,000,030,062,000 WARNING main_het_teleport_mw_rb_yb_rb_er Starting Mw-to-Er teleportation trial 47 at 2760000030062000.
2,820,000,030,062,000 WARNING main_het_teleport_mw_rb_yb_rb_er Mw-to-Er teleportation trial 47 succeeded (completed=True, direct match=True, latency=9.8303975625 seconds).
2,820,000,030,062,000 WARNING main_het_teleport_mw_rb_yb_rb_er Starting Mw-to-Er teleportation trial 48 at 2820000030062000.
2,880,000,030,062,000 WARNING main_het_teleport_mw_rb_yb_rb_er Mw-to-Er teleportation trial 48 succeeded (completed=True, direct match=True, latency=7.017605 seconds).
2,880,000,030,062,000 WARNING main_het_teleport_mw_rb_yb_rb_er Starting Mw-to-Er teleportation trial 49 at 2880000030062000.
2,940,000,030,062,000 WARNING main_het_teleport_mw_rb_yb_rb_er Mw-to-Er teleportation trial 49 succeeded (completed=True, direct match=True, latency=7.051926375 seconds).
2,940,000,030,062,000 WARNING main_het_teleport_mw_rb_yb_rb_er Starting Mw-to-Er teleportation trial 50 at 2940000030062000.
3,000,000,030,062,000 WARNING main_het_teleport_mw_rb_yb_rb_er Mw-to-Er teleportation trial 50 succeeded (completed=True, direct match=True, latency=4.8639388125 seconds).
3,000,000,030,062,000 WARNING main_het_teleport_mw_rb_yb_rb_er Starting Mw-to-Er teleportation trial 51 at 3000000030062000.
3,060,000,030,062,000 WARNING main_het_teleport_mw_rb_yb_rb_er Mw-to-Er teleportation trial 51 succeeded (completed=True, direct match=True, latency=2.135389625 seconds).
3,060,000,030,062,000 WARNING main_het_teleport_mw_rb_yb_rb_er Starting Mw-to-Er teleportation trial 52 at 3060000030062000.
3,120,000,030,062,000 WARNING main_het_teleport_mw_rb_yb_rb_er Mw-to-Er teleportation trial 52 succeeded (completed=True, direct match=True, latency=3.4676829375 seconds).
3,120,000,030,062,000 WARNING main_het_teleport_mw_rb_yb_rb_er Starting Mw-to-Er teleportation trial 53 at 3120000030062000.
3,180,000,030,062,000 WARNING main_het_teleport_mw_rb_yb_rb_er Mw-to-Er teleportation trial 53 succeeded (completed=True, direct match=True, latency=7.7408689375 seconds).
3,180,000,030,062,000 WARNING main_het_teleport_mw_rb_yb_rb_er Starting Mw-to-Er teleportation trial 54 at 3180000030062000.
3,240,000,030,062,000 WARNING main_het_teleport_mw_rb_yb_rb_er Mw-to-Er teleportation trial 54 succeeded (completed=True, direct match=True, latency=2.8461730625 seconds).
3,240,000,030,062,000 WARNING main_het_teleport_mw_rb_yb_rb_er Starting Mw-to-Er teleportation trial 55 at 3240000030062000.
3,300,000,030,062,000 WARNING main_het_teleport_mw_rb_yb_rb_er Mw-to-Er teleportation trial 55 failed (completed=True, direct match=False, latency=16.073337375 seconds).
3,300,000,030,062,000 WARNING main_het_teleport_mw_rb_yb_rb_er Starting Mw-to-Er teleportation trial 56 at 3300000030062000.
3,360,000,030,062,000 WARNING main_het_teleport_mw_rb_yb_rb_er Mw-to-Er teleportation trial 56 succeeded (completed=True, direct match=True, latency=3.4926439375 seconds).
3,360,000,030,062,000 WARNING main_het_teleport_mw_rb_yb_rb_er Starting Mw-to-Er teleportation trial 57 at 3360000030062000.
3,420,000,030,062,000 WARNING main_het_teleport_mw_rb_yb_rb_er Mw-to-Er teleportation trial 57 succeeded (completed=True, direct match=True, latency=4.890459875 seconds).
3,420,000,030,062,000 WARNING main_het_teleport_mw_rb_yb_rb_er Starting Mw-to-Er teleportation trial 58 at 3420000030062000.
3,480,000,030,062,000 WARNING main_het_teleport_mw_rb_yb_rb_er Mw-to-Er teleportation trial 58 failed (completed=True, direct match=False, latency=6.3069965625 seconds).
3,480,000,030,062,000 WARNING main_het_teleport_mw_rb_yb_rb_er Starting Mw-to-Er teleportation trial 59 at 3480000030062000.
3,540,000,030,062,000 WARNING main_het_teleport_mw_rb_yb_rb_er Mw-to-Er teleportation trial 59 succeeded (completed=True, direct match=True, latency=4.95016725 seconds).
3,540,000,030,062,000 WARNING main_het_teleport_mw_rb_yb_rb_er Starting Mw-to-Er teleportation trial 60 at 3540000030062000.
3,600,000,030,062,000 WARNING main_het_teleport_mw_rb_yb_rb_er Mw-to-Er teleportation trial 60 succeeded (completed=True, direct match=True, latency=7.108387825 seconds).
3,600,000,030,062,000 WARNING main_het_teleport_mw_rb_yb_rb_er Starting Mw-to-Er teleportation trial 61 at 3600000030062000.
3,660,000,030,062,000 WARNING main_het_teleport_mw_rb_yb_rb_er Mw-to-Er teleportation trial 61 succeeded (completed=True, direct match=True, latency=6.318092 seconds).
3,660,000,030,062,000 WARNING main_het_teleport_mw_rb_yb_rb_er Starting Mw-to-Er teleportation trial 62 at 3660000030062000.
3,720,000,030,062,000 WARNING main_het_teleport_mw_rb_yb_rb_er Mw-to-Er teleportation trial 62 succeeded (completed=True, direct match=True, latency=8.4216611875 seconds).
3,720,000,030,062,000 WARNING main_het_teleport_mw_rb_yb_rb_er Starting Mw-to-Er teleportation trial 63 at 3720000030062000.
3,780,000,030,062,000 WARNING main_het_teleport_mw_rb_yb_rb_er Mw-to-Er teleportation trial 63 succeeded (completed=True, direct match=True, latency=3.528525375 seconds).
3,780,000,030,062,000 WARNING main_het_teleport_mw_rb_yb_rb_er Starting Mw-to-Er teleportation trial 64 at 3780000030062000.
3,840,000,030,062,000 WARNING main_het_teleport_mw_rb_yb_rb_er Mw-to-Er teleportation trial 64 failed (completed=True, direct match=False, latency=7.7564695625 seconds).
3,840,000,030,062,000 WARNING main_het_teleport_mw_rb_yb_rb_er Starting Mw-to-Er teleportation trial 65 at 3840000030062000.
3,900,000,030,062,000 WARNING main_het_teleport_mw_rb_yb_rb_er Mw-to-Er teleportation trial 65 succeeded (completed=True, direct match=True, latency=8.3594336875 seconds).
3,900,000,030,062,000 WARNING main_het_teleport_mw_rb_yb_rb_er Starting Mw-to-Er teleportation trial 66 at 3900000030062000.
3,960,000,030,062,000 WARNING main_het_teleport_mw_rb_yb_rb_er Mw-to-Er teleportation trial 66 succeeded (completed=True, direct match=True, latency=11.240694 seconds).
3,960,000,030,062,000 WARNING main_het_teleport_mw_rb_yb_rb_er Starting Mw-to-Er teleportation trial 67 at 3960000030062000.
4,020,000,030,062,000 WARNING main_het_teleport_mw_rb_yb_rb_er Mw-to-Er teleportation trial 67 succeeded (completed=True, direct match=True, latency=4.9076205625 seconds).
4,020,000,030,062,000 WARNING main_het_teleport_mw_rb_yb_rb_er Starting Mw-to-Er teleportation trial 68 at 4020000030062000.
4,080,000,030,062,000 WARNING main_het_teleport_mw_rb_yb_rb_er Mw-to-Er teleportation trial 68 succeeded (completed=True, direct match=True, latency=9.069867125 seconds).
4,080,000,030,062,000 WARNING main_het_teleport_mw_rb_yb_rb_er Starting Mw-to-Er teleportation trial 69 at 4080000030062000.
4,140,000,030,062,000 WARNING main_het_teleport_mw_rb_yb_rb_er Mw-to-Er teleportation trial 69 succeeded (completed=True, direct match=True, latency=4.1923319375 seconds).
4,140,000,030,062,000 WARNING main_het_teleport_mw_rb_yb_rb_er Starting Mw-to-Er teleportation trial 70 at 4140000030062000.
4,200,000,030,062,000 WARNING main_het_teleport_mw_rb_yb_rb_er Mw-to-Er teleportation trial 70 failed (completed=True, direct match=False, latency=12.5544415625 seconds).
4,200,000,030,062,000 WARNING main_het_teleport_mw_rb_yb_rb_er Starting Mw-to-Er teleportation trial 71 at 4200000030062000.
4,260,000,030,062,000 WARNING main_het_teleport_mw_rb_yb_rb_er Mw-to-Er teleportation trial 71 succeeded (completed=True, direct match=True, latency=10.491259 seconds).
4,260,000,030,062,000 WARNING main_het_teleport_mw_rb_yb_rb_er Starting Mw-to-Er teleportation trial 72 at 4260000030062000.
4,320,000,030,062,000 WARNING main_het_teleport_mw_rb_yb_rb_er Mw-to-Er teleportation trial 72 succeeded (completed=True, direct match=True, latency=7.7094926875 seconds).
4,320,000,030,062,000 WARNING main_het_teleport_mw_rb_yb_rb_er Starting Mw-to-Er teleportation trial 73 at 4320000030062000.
4,380,000,030,062,000 WARNING main_het_teleport_mw_rb_yb_rb_er Mw-to-Er teleportation trial 73 failed (completed=True, direct match=False, latency=12.4637829375 seconds).
4,380,000,030,062,000 WARNING main_het_teleport_mw_rb_yb_rb_er Starting Mw-to-Er teleportation trial 74 at 4380000030062000.
4,440,000,030,062,000 WARNING main_het_teleport_mw_rb_yb_rb_er Mw-to-Er teleportation trial 74 succeeded (completed=True, direct match=True, latency=1.4216610625 seconds).
4,440,000,030,062,000 WARNING main_het_teleport_mw_rb_yb_rb_er Starting Mw-to-Er teleportation trial 75 at 4440000030062000.
4,500,000,030,062,000 WARNING main_het_teleport_mw_rb_yb_rb_er Mw-to-Er teleportation trial 75 failed (completed=True, direct match=False, latency=11.906235625 seconds).
4,500,000,030,062,000 WARNING main_het_teleport_mw_rb_yb_rb_er Starting Mw-to-Er teleportation trial 76 at 4500000030062000.
4,560,000,030,062,000 WARNING main_het_teleport_mw_rb_yb_rb_er Mw-to-Er teleportation trial 76 failed (completed=True, direct match=False, latency=16.067288625 seconds).
4,560,000,030,062,000 WARNING main_het_teleport_mw_rb_yb_rb_er Starting Mw-to-Er teleportation trial 77 at 4560000030062000.
4,620,000,030,062,000 WARNING main_het_teleport_mw_rb_yb_rb_er Mw-to-Er teleportation trial 77 failed (completed=True, direct match=False, latency=13.32103725 seconds).
4,620,000,030,062,000 WARNING main_het_teleport_mw_rb_yb_rb_er Starting Mw-to-Er teleportation trial 78 at 4620000030062000.
4,680,000,030,062,000 WARNING main_het_teleport_mw_rb_yb_rb_er Mw-to-Er teleportation trial 78 succeeded (completed=True, direct match=True, latency=16.8272775625 seconds).
4,680,000,030,062,000 WARNING main_het_teleport_mw_rb_yb_rb_er Starting Mw-to-Er teleportation trial 79 at 4680000030062000.
4,740,000,030,062,000 WARNING main_het_teleport_mw_rb_yb_rb_er Mw-to-Er teleportation trial 79 succeeded (completed=True, direct match=True, latency=14.023845375 seconds).
4,740,000,030,062,000 WARNING main_het_teleport_mw_rb_yb_rb_er Starting Mw-to-Er teleportation trial 80 at 4740000030062000.
4,800,000,030,062,000 WARNING main_het_teleport_mw_rb_yb_rb_er Mw-to-Er teleportation trial 80 succeeded (completed=True, direct match=True, latency=2.1322695 seconds).
4,800,000,030,062,000 WARNING main_het_teleport_mw_rb_yb_rb_er Starting Mw-to-Er teleportation trial 81 at 4800000030062000.
4,860,000,030,062,000 WARNING main_het_teleport_mw_rb_yb_rb_er Mw-to-Er teleportation trial 81 succeeded (completed=True, direct match=True, latency=12.0232403125 seconds).
4,860,000,030,062,000 WARNING main_het_teleport_mw_rb_yb_rb_er Starting Mw-to-Er teleportation trial 82 at 4860000030062000.
4,920,000,030,062,000 WARNING main_het_teleport_mw_rb_yb_rb_er Mw-to-Er teleportation trial 82 succeeded (completed=True, direct match=True, latency=7.026965375 seconds).
4,920,000,030,062,000 WARNING main_het_teleport_mw_rb_yb_rb_er Starting Mw-to-Er teleportation trial 83 at 4920000030062000.
4,980,000,030,062,000 WARNING main_het_teleport_mw_rb_yb_rb_er Mw-to-Er teleportation trial 83 succeeded (completed=True, direct match=True, latency=4.93726175 seconds).
4,980,000,030,062,000 WARNING main_het_teleport_mw_rb_yb_rb_er Starting Mw-to-Er teleportation trial 84 at 4980000030062000.
5,040,000,030,062,000 WARNING main_het_teleport_mw_rb_yb_rb_er Mw-to-Er teleportation trial 84 succeeded (completed=True, direct match=True, latency=3.51292475 seconds).
5,040,000,030,062,000 WARNING main_het_teleport_mw_rb_yb_rb_er Starting Mw-to-Er teleportation trial 85 at 5040000030062000.
5,100,000,030,062,000 WARNING main_het_teleport_mw_rb_yb_rb_er Mw-to-Er teleportation trial 85 succeeded (completed=True, direct match=True, latency=16.1266295 seconds).
5,100,000,030,062,000 WARNING main_het_teleport_mw_rb_yb_rb_er Starting Mw-to-Er teleportation trial 86 at 5100000030062000.
5,160,000,030,062,000 WARNING main_het_teleport_mw_rb_yb_rb_er Mw-to-Er teleportation trial 86 succeeded (completed=True, direct match=True, latency=4.9793834375 seconds).
5,160,000,030,062,000 WARNING main_het_teleport_mw_rb_yb_rb_er Starting Mw-to-Er teleportation trial 87 at 5160000030062000.
5,220,000,030,062,000 WARNING main_het_teleport_mw_rb_yb_rb_er Mw-to-Er teleportation trial 87 succeeded (completed=True, direct match=True, latency=7.0191650625 seconds).
5,220,000,030,062,000 WARNING main_het_teleport_mw_rb_yb_rb_er Starting Mw-to-Er teleportation trial 88 at 5220000030062000.
5,280,000,030,062,000 WARNING main_het_teleport_mw_rb_yb_rb_er Mw-to-Er teleportation trial 88 succeeded (completed=True, direct match=True, latency=6.98640375 seconds).
5,280,000,030,062,000 WARNING main_het_teleport_mw_rb_yb_rb_er Starting Mw-to-Er teleportation trial 89 at 5280000030062000.
5,340,000,030,062,000 WARNING main_het_teleport_mw_rb_yb_rb_er Mw-to-Er teleportation trial 89 succeeded (completed=True, direct match=True, latency=6.3069965625 seconds).
5,340,000,030,062,000 WARNING main_het_teleport_mw_rb_yb_rb_er Starting Mw-to-Er teleportation trial 90 at 5340000030062000.
5,400,000,030,062,000 WARNING main_het_teleport_mw_rb_yb_rb_er Mw-to-Er teleportation trial 90 succeeded (completed=True, direct match=True, latency=4.18765175 seconds).
5,400,000,030,062,000 WARNING main_het_teleport_mw_rb_yb_rb_er Starting Mw-to-Er teleportation trial 91 at 5400000030062000.
5,460,000,030,062,000 WARNING main_het_teleport_mw_rb_yb_rb_er Mw-to-Er teleportation trial 91 succeeded (completed=True, direct match=True, latency=7.71105275 seconds).
5,460,000,030,062,000 WARNING main_het_teleport_mw_rb_yb_rb_er Starting Mw-to-Er teleportation trial 92 at 5460000030062000.
5,520,000,030,062,000 WARNING main_het_teleport_mw_rb_yb_rb_er Mw-to-Er teleportation trial 92 succeeded (completed=True, direct match=True, latency=3.52540525 seconds).
5,520,000,030,062,000 WARNING main_het_teleport_mw_rb_yb_rb_er Starting Mw-to-Er teleportation trial 93 at 5520000030062000.
5,580,000,030,062,000 WARNING main_het_teleport_mw_rb_yb_rb_er Mw-to-Er teleportation trial 93 failed (completed=True, direct match=False, latency=11.9046755625 seconds).
5,580,000,030,062,000 WARNING main_het_teleport_mw_rb_yb_rb_er Starting Mw-to-Er teleportation trial 94 at 5580000030062000.
5,640,000,030,062,000 WARNING main_het_teleport_mw_rb_yb_rb_er Mw-to-Er teleportation trial 94 failed (completed=True, direct match=False, latency=12.5854678125 seconds).
5,640,000,030,062,000 WARNING main_het_teleport_mw_rb_yb_rb_er Starting Mw-to-Er teleportation trial 95 at 5640000030062000.
5,700,000,030,062,000 WARNING main_het_teleport_mw_rb_yb_rb_er Mw-to-Er teleportation trial 95 succeeded (completed=True, direct match=True, latency=4.92478125 seconds).
5,700,000,030,062,000 WARNING main_het_teleport_mw_rb_yb_rb_er Starting Mw-to-Er teleportation trial 96 at 5700000030062000.
5,760,000,030,062,000 WARNING main_het_teleport_mw_rb_yb_rb_er Mw-to-Er teleportation trial 96 succeeded (completed=True, direct match=True, latency=11.218853125 seconds).
5,760,000,030,062,000 WARNING main_het_teleport_mw_rb_yb_rb_er Starting Mw-to-Er teleportation trial 97 at 5760000030062000.
5,820,000,030,062,000 WARNING main_het_teleport_mw_rb_yb_rb_er Mw-to-Er teleportation trial 97 failed (completed=True, direct match=False, latency=9.7619298125 seconds).
5,820,000,030,062,000 WARNING main_het_teleport_mw_rb_yb_rb_er Starting Mw-to-Er teleportation trial 98 at 5820000030062000.
5,880,000,030,062,000 WARNING main_het_teleport_mw_rb_yb_rb_er Mw-to-Er teleportation trial 98 succeeded (completed=True, direct match=True, latency=6.3943600625 seconds).
5,880,000,030,062,000 WARNING main_het_teleport_mw_rb_yb_rb_er Starting Mw-to-Er teleportation trial 99 at 5880000030062000.
5,940,000,030,062,000 WARNING main_het_teleport_mw_rb_yb_rb_er Mw-to-Er teleportation trial 99 succeeded (completed=True, direct match=True, latency=6.243034 seconds).
5,940,000,030,062,000 WARNING main_het_teleport_mw_rb_yb_rb_er Starting Mw-to-Er teleportation trial 100 at 5940000030062000.
6,000,000,030,062,000 WARNING main_het_teleport_mw_rb_yb_rb_er Mw-to-Er teleportation trial 100 succeeded (completed=True, direct match=True, latency=5.6322695625 seconds).
6,000,000,030,062,000 WARNING main_het_teleport_mw_rb_yb_rb_er Starting Mw-to-Er teleportation trial 101 at 6000000030062000.
6,060,000,030,062,000 WARNING main_het_teleport_mw_rb_yb_rb_er Mw-to-Er teleportation trial 101 succeeded (completed=True, direct match=True, latency=6.3225971875 seconds).
6,060,000,030,062,000 WARNING main_het_teleport_mw_rb_yb_rb_er Starting Mw-to-Er teleportation trial 102 at 6060000030062000.
6,120,000,030,062,000 WARNING main_het_teleport_mw_rb_yb_rb_er Mw-to-Er teleportation trial 102 succeeded (completed=True, direct match=True, latency=8.367059 seconds).
6,120,000,030,062,000 WARNING main_het_teleport_mw_rb_yb_rb_er Starting Mw-to-Er teleportation trial 103 at 6120000030062000.
6,180,000,030,062,000 WARNING main_het_teleport_mw_rb_yb_rb_er Mw-to-Er teleportation trial 103 failed (completed=True, direct match=False, latency=8.4031154375 seconds).
6,180,000,030,062,000 WARNING main_het_teleport_mw_rb_yb_rb_er Starting Mw-to-Er teleportation trial 104 at 6180000030062000.
6,240,000,030,062,000 WARNING main_het_teleport_mw_rb_yb_rb_er Mw-to-Er teleportation trial 104 succeeded (completed=True, direct match=True, latency=7.020725125 seconds).
6,240,000,030,062,000 WARNING main_het_teleport_mw_rb_yb_rb_er Starting Mw-to-Er teleportation trial 105 at 6240000030062000.
6,300,000,030,062,000 WARNING main_het_teleport_mw_rb_yb_rb_er Mw-to-Er teleportation trial 105 failed (completed=True, direct match=False, latency=11.299976375 seconds).
6,300,000,030,062,000 WARNING main_het_teleport_mw_rb_yb_rb_er Starting Mw-to-Er teleportation trial 106 at 6300000030062000.
6,360,000,030,062,000 WARNING main_het_teleport_mw_rb_yb_rb_er Mw-to-Er teleportation trial 106 failed (completed=True, direct match=False, latency=4.1299294375 seconds).
6,360,000,030,062,000 WARNING main_het_teleport_mw_rb_yb_rb_er Starting Mw-to-Er teleportation trial 107 at 6360000030062000.
6,420,000,030,062,000 WARNING main_het_teleport_mw_rb_yb_rb_er Mw-to-Er teleportation trial 107 succeeded (completed=True, direct match=True, latency=15.4154210625 seconds).
6,420,000,030,062,000 WARNING main_het_teleport_mw_rb_yb_rb_er Starting Mw-to-Er teleportation trial 108 at 6420000030062000.
6,480,000,030,062,000 WARNING main_het_teleport_mw_rb_yb_rb_er Mw-to-Er teleportation trial 108 failed (completed=True, direct match=False, latency=4.1923319375 seconds).
6,480,000,030,062,000 WARNING main_het_teleport_mw_rb_yb_rb_er Starting Mw-to-Er teleportation trial 109 at 6480000030062000.
6,540,000,030,062,000 WARNING main_het_teleport_mw_rb_yb_rb_er Mw-to-Er teleportation trial 109 succeeded (completed=True, direct match=True, latency=4.222148125 seconds).
6,540,000,030,062,000 WARNING main_het_teleport_mw_rb_yb_rb_er Starting Mw-to-Er teleportation trial 110 at 6540000030062000.
6,600,000,030,062,000 WARNING main_het_teleport_mw_rb_yb_rb_er Mw-to-Er teleportation trial 110 succeeded (completed=True, direct match=True, latency=9.1032284375 seconds).
6,600,000,030,062,000 WARNING main_het_teleport_mw_rb_yb_rb_er Starting Mw-to-Er teleportation trial 111 at 6600000030062000.
6,660,000,030,062,000 WARNING main_het_teleport_mw_rb_yb_rb_er Mw-to-Er teleportation trial 111 succeeded (completed=True, direct match=True, latency=7.745374125 seconds).
6,660,000,030,062,000 WARNING main_het_teleport_mw_rb_yb_rb_er Starting Mw-to-Er teleportation trial 112 at 6660000030062000.
6,720,000,030,062,000 WARNING main_het_teleport_mw_rb_yb_rb_er Mw-to-Er teleportation trial 112 failed (completed=True, direct match=False, latency=7.0755023125 seconds).
6,720,000,030,062,000 WARNING main_het_teleport_mw_rb_yb_rb_er Starting Mw-to-Er teleportation trial 113 at 6720000030062000.
6,780,000,030,062,000 WARNING main_het_teleport_mw_rb_yb_rb_er Mw-to-Er teleportation trial 113 succeeded (completed=True, direct match=True, latency=12.5842769375 seconds).
6,780,000,030,062,000 WARNING main_het_teleport_mw_rb_yb_rb_er Starting Mw-to-Er teleportation trial 114 at 6780000030062000.
6,840,000,030,062,000 WARNING main_het_teleport_mw_rb_yb_rb_er Mw-to-Er teleportation trial 114 succeeded (completed=True, direct match=True, latency=3.5316455 seconds).
6,840,000,030,062,000 WARNING main_het_teleport_mw_rb_yb_rb_er Starting Mw-to-Er teleportation trial 115 at 6840000030062000.
6,900,000,030,062,000 WARNING main_het_teleport_mw_rb_yb_rb_er Mw-to-Er teleportation trial 115 succeeded (completed=True, direct match=True, latency=2.10106825 seconds).
6,900,000,030,062,000 WARNING main_het_teleport_mw_rb_yb_rb_er Starting Mw-to-Er teleportation trial 116 at 6900000030062000.
6,960,000,030,062,000 WARNING main_het_teleport_mw_rb_yb_rb_er Mw-to-Er teleportation trial 116 failed (completed=True, direct match=False, latency=5.6104286875 seconds).
6,960,000,030,062,000 WARNING main_het_teleport_mw_rb_yb_rb_er Starting Mw-to-Er teleportation trial 117 at 6960000030062000.
7,020,000,030,062,000 WARNING main_het_teleport_mw_rb_yb_rb_er Mw-to-Er teleportation trial 117 succeeded (completed=True, direct match=True, latency=8.370604125 seconds).
7,020,000,030,062,000 WARNING main_het_teleport_mw_rb_yb_rb_er Starting Mw-to-Er teleportation trial 118 at 7020000030062000.
7,080,000,030,062,000 WARNING main_het_teleport_mw_rb_yb_rb_er Mw-to-Er teleportation trial 118 succeeded (completed=True, direct match=True, latency=7.7032524375 seconds).
7,080,000,030,062,000 WARNING main_het_teleport_mw_rb_yb_rb_er Starting Mw-to-Er teleportation trial 119 at 7080000030062000.
7,140,000,030,062,000 WARNING main_het_teleport_mw_rb_yb_rb_er Mw-to-Er teleportation trial 119 succeeded (completed=True, direct match=True, latency=5.608868625 seconds).
7,140,000,030,062,000 WARNING main_het_teleport_mw_rb_yb_rb_er Starting Mw-to-Er teleportation trial 120 at 7140000030062000.
7,200,000,030,062,000 WARNING main_het_teleport_mw_rb_yb_rb_er Mw-to-Er teleportation trial 120 succeeded (completed=True, direct match=True, latency=9.8085566875 seconds).
7,200,000,030,062,000 WARNING main_het_teleport_mw_rb_yb_rb_er Starting Mw-to-Er teleportation trial 121 at 7200000030062000.
7,260,000,030,062,000 WARNING main_het_teleport_mw_rb_yb_rb_er Mw-to-Er teleportation trial 121 failed (completed=True, direct match=False, latency=7.03632575 seconds).
7,260,000,030,062,000 WARNING main_het_teleport_mw_rb_yb_rb_er Starting Mw-to-Er teleportation trial 122 at 7260000030062000.
7,320,000,030,062,000 WARNING main_het_teleport_mw_rb_yb_rb_er Mw-to-Er teleportation trial 122 failed (completed=True, direct match=False, latency=5.5606816875 seconds).
7,320,000,030,062,000 WARNING main_het_teleport_mw_rb_yb_rb_er Starting Mw-to-Er teleportation trial 123 at 7320000030062000.
7,380,000,030,062,000 WARNING main_het_teleport_mw_rb_yb_rb_er Mw-to-Er teleportation trial 123 succeeded (completed=True, direct match=True, latency=11.2141729375 seconds).
7,380,000,030,062,000 WARNING main_het_teleport_mw_rb_yb_rb_er Starting Mw-to-Er teleportation trial 124 at 7380000030062000.
7,440,000,030,062,000 WARNING main_het_teleport_mw_rb_yb_rb_er Mw-to-Er teleportation trial 124 succeeded (completed=True, direct match=True, latency=9.113548875 seconds).
7,440,000,030,062,000 WARNING main_het_teleport_mw_rb_yb_rb_er Starting Mw-to-Er teleportation trial 125 at 7440000030062000.
7,500,000,030,062,000 WARNING main_het_teleport_mw_rb_yb_rb_er Mw-to-Er teleportation trial 125 succeeded (completed=True, direct match=True, latency=11.9171560625 seconds).
7,500,000,030,062,000 WARNING main_het_teleport_mw_rb_yb_rb_er Starting Mw-to-Er teleportation trial 126 at 7500000030062000.
7,560,000,030,062,000 WARNING main_het_teleport_mw_rb_yb_rb_er Mw-to-Er teleportation trial 126 succeeded (completed=True, direct match=True, latency=4.83741775 seconds).
7,560,000,030,062,000 WARNING main_het_teleport_mw_rb_yb_rb_er Starting Mw-to-Er teleportation trial 127 at 7560000030062000.
7,620,000,030,062,000 WARNING main_het_teleport_mw_rb_yb_rb_er Mw-to-Er teleportation trial 127 succeeded (completed=True, direct match=True, latency=8.42322125 seconds).
7,620,000,030,062,000 WARNING main_het_teleport_mw_rb_yb_rb_er Starting Mw-to-Er teleportation trial 128 at 7620000030062000.
7,680,000,030,062,000 WARNING main_het_teleport_mw_rb_yb_rb_er Mw-to-Er teleportation trial 128 succeeded (completed=True, direct match=True, latency=4.9138608125 seconds).
7,680,000,030,062,000 WARNING main_het_teleport_mw_rb_yb_rb_er Starting Mw-to-Er teleportation trial 129 at 7680000030062000.
7,740,000,030,062,000 WARNING main_het_teleport_mw_rb_yb_rb_er Mw-to-Er teleportation trial 129 failed (completed=True, direct match=False, latency=9.2026474375 seconds).
7,740,000,030,062,000 WARNING main_het_teleport_mw_rb_yb_rb_er Starting Mw-to-Er teleportation trial 130 at 7740000030062000.
7,800,000,030,062,000 WARNING main_het_teleport_mw_rb_yb_rb_er Mw-to-Er teleportation trial 130 succeeded (completed=True, direct match=True, latency=5.6073085625 seconds).
7,800,000,030,062,000 WARNING main_het_teleport_mw_rb_yb_rb_er Starting Mw-to-Er teleportation trial 131 at 7800000030062000.
7,860,000,030,062,000 WARNING main_het_teleport_mw_rb_yb_rb_er Mw-to-Er teleportation trial 131 succeeded (completed=True, direct match=True, latency=5.6057485 seconds).
7,860,000,030,062,000 WARNING main_het_teleport_mw_rb_yb_rb_er Starting Mw-to-Er teleportation trial 132 at 7860000030062000.
7,920,000,030,062,000 WARNING main_het_teleport_mw_rb_yb_rb_er Mw-to-Er teleportation trial 132 succeeded (completed=True, direct match=True, latency=5.568307 seconds).
7,920,000,030,062,000 WARNING main_het_teleport_mw_rb_yb_rb_er Starting Mw-to-Er teleportation trial 133 at 7920000030062000.
7,980,000,030,062,000 WARNING main_het_teleport_mw_rb_yb_rb_er Mw-to-Er teleportation trial 133 failed (completed=True, direct match=False, latency=7.67361125 seconds).
7,980,000,030,062,000 WARNING main_het_teleport_mw_rb_yb_rb_er Starting Mw-to-Er teleportation trial 134 at 7980000030062000.
8,040,000,030,062,000 WARNING main_het_teleport_mw_rb_yb_rb_er Mw-to-Er teleportation trial 134 failed (completed=True, direct match=False, latency=2.86315875 seconds).
8,040,000,030,062,000 WARNING main_het_teleport_mw_rb_yb_rb_er Starting Mw-to-Er teleportation trial 135 at 8040000030062000.
8,100,000,030,062,000 WARNING main_het_teleport_mw_rb_yb_rb_er Mw-to-Er teleportation trial 135 failed (completed=True, direct match=False, latency=6.2354086875 seconds).
8,100,000,030,062,000 WARNING main_het_teleport_mw_rb_yb_rb_er Starting Mw-to-Er teleportation trial 136 at 8100000030062000.
8,160,000,030,062,000 WARNING main_het_teleport_mw_rb_yb_rb_er Mw-to-Er teleportation trial 136 succeeded (completed=True, direct match=True, latency=9.8366378125 seconds).
8,160,000,030,062,000 WARNING main_het_teleport_mw_rb_yb_rb_er Starting Mw-to-Er teleportation trial 137 at 8160000030062000.
8,220,000,030,062,000 WARNING main_het_teleport_mw_rb_yb_rb_er Mw-to-Er teleportation trial 137 succeeded (completed=True, direct match=True, latency=8.4247813125 seconds).
8,220,000,030,062,000 WARNING main_het_teleport_mw_rb_yb_rb_er Starting Mw-to-Er teleportation trial 138 at 8220000030062000.
8,280,000,030,062,000 WARNING main_het_teleport_mw_rb_yb_rb_er Mw-to-Er teleportation trial 138 succeeded (completed=True, direct match=True, latency=4.918541 seconds).
8,280,000,030,062,000 WARNING main_het_teleport_mw_rb_yb_rb_er Starting Mw-to-Er teleportation trial 139 at 8280000030062000.
8,340,000,030,062,000 WARNING main_het_teleport_mw_rb_yb_rb_er Mw-to-Er teleportation trial 139 failed (completed=True, direct match=False, latency=5.640244875 seconds).
8,340,000,030,062,000 WARNING main_het_teleport_mw_rb_yb_rb_er Starting Mw-to-Er teleportation trial 140 at 8340000030062000.
8,400,000,030,062,000 WARNING main_het_teleport_mw_rb_yb_rb_er Mw-to-Er teleportation trial 140 succeeded (completed=True, direct match=True, latency=7.6845316875 seconds).
8,400,000,030,062,000 WARNING main_het_teleport_mw_rb_yb_rb_er Starting Mw-to-Er teleportation trial 141 at 8400000030062000.
8,460,000,030,062,000 WARNING main_het_teleport_mw_rb_yb_rb_er Mw-to-Er teleportation trial 141 succeeded (completed=True, direct match=True, latency=7.0051245 seconds).
8,460,000,030,062,000 WARNING main_het_teleport_mw_rb_yb_rb_er Starting Mw-to-Er teleportation trial 142 at 8460000030062000.
8,520,000,030,062,000 WARNING main_het_teleport_mw_rb_yb_rb_er Mw-to-Er teleportation trial 142 succeeded (completed=True, direct match=True, latency=5.6057485 seconds).
8,520,000,030,062,000 WARNING main_het_teleport_mw_rb_yb_rb_er Starting Mw-to-Er teleportation trial 143 at 8520000030062000.
8,580,000,030,062,000 WARNING main_het_teleport_mw_rb_yb_rb_er Mw-to-Er teleportation trial 143 failed (completed=True, direct match=False, latency=11.8362828125 seconds).
8,580,000,030,062,000 WARNING main_het_teleport_mw_rb_yb_rb_er Starting Mw-to-Er teleportation trial 144 at 8580000030062000.
8,640,000,030,062,000 WARNING main_het_teleport_mw_rb_yb_rb_er Mw-to-Er teleportation trial 144 succeeded (completed=True, direct match=True, latency=7.7687750625 seconds).
8,640,000,030,062,000 WARNING main_het_teleport_mw_rb_yb_rb_er Starting Mw-to-Er teleportation trial 145 at 8640000030062000.
8,700,000,030,062,000 WARNING main_het_teleport_mw_rb_yb_rb_er Mw-to-Er teleportation trial 145 succeeded (completed=True, direct match=True, latency=6.9974991875 seconds).
8,700,000,030,062,000 WARNING main_het_teleport_mw_rb_yb_rb_er Starting Mw-to-Er teleportation trial 146 at 8700000030062000.
8,760,000,030,062,000 WARNING main_het_teleport_mw_rb_yb_rb_er Mw-to-Er teleportation trial 146 succeeded (completed=True, direct match=True, latency=5.4918639375 seconds).
8,760,000,030,062,000 WARNING main_het_teleport_mw_rb_yb_rb_er Starting Mw-to-Er teleportation trial 147 at 8760000030062000.
8,820,000,030,062,000 WARNING main_het_teleport_mw_rb_yb_rb_er Mw-to-Er teleportation trial 147 failed (completed=True, direct match=False, latency=13.392800125 seconds).
8,820,000,030,062,000 WARNING main_het_teleport_mw_rb_yb_rb_er Starting Mw-to-Er teleportation trial 148 at 8820000030062000.
8,880,000,030,062,000 WARNING main_het_teleport_mw_rb_yb_rb_er Mw-to-Er teleportation trial 148 succeeded (completed=True, direct match=True, latency=4.1923319375 seconds).
8,880,000,030,062,000 WARNING main_het_teleport_mw_rb_yb_rb_er Starting Mw-to-Er teleportation trial 149 at 8880000030062000.
8,940,000,030,062,000 WARNING main_het_teleport_mw_rb_yb_rb_er Mw-to-Er teleportation trial 149 failed (completed=True, direct match=False, latency=8.4155959375 seconds).
8,940,000,030,062,000 WARNING main_het_teleport_mw_rb_yb_rb_er Starting Mw-to-Er teleportation trial 150 at 8940000030062000.
9,000,000,030,062,000 WARNING main_het_teleport_mw_rb_yb_rb_er Mw-to-Er teleportation trial 150 succeeded (completed=True, direct match=True, latency=9.1246443125 seconds).
9,000,000,030,062,000 WARNING main_het_teleport_mw_rb_yb_rb_er Starting Mw-to-Er teleportation trial 151 at 9000000030062000.
9,060,000,030,062,000 WARNING main_het_teleport_mw_rb_yb_rb_er Mw-to-Er teleportation trial 151 failed (completed=True, direct match=False, latency=6.4682637875 seconds).
9,060,000,030,062,000 WARNING main_het_teleport_mw_rb_yb_rb_er Starting Mw-to-Er teleportation trial 152 at 9060000030062000.
9,120,000,030,062,000 WARNING main_het_teleport_mw_rb_yb_rb_er Mw-to-Er teleportation trial 152 failed (completed=True, direct match=False, latency=12.4550225625 seconds).
9,120,000,030,062,000 WARNING main_het_teleport_mw_rb_yb_rb_er Starting Mw-to-Er teleportation trial 153 at 9120000030062000.
9,180,000,030,062,000 WARNING main_het_teleport_mw_rb_yb_rb_er Mw-to-Er teleportation trial 153 succeeded (completed=True, direct match=True, latency=7.0503663125 seconds).
9,180,000,030,062,000 WARNING main_het_teleport_mw_rb_yb_rb_er Starting Mw-to-Er teleportation trial 154 at 9180000030062000.
9,240,000,030,062,000 WARNING main_het_teleport_mw_rb_yb_rb_er Mw-to-Er teleportation trial 154 failed (completed=True, direct match=False, latency=6.977043375 seconds).
9,240,000,030,062,000 WARNING main_het_teleport_mw_rb_yb_rb_er Starting Mw-to-Er teleportation trial 155 at 9240000030062000.
9,300,000,030,062,000 WARNING main_het_teleport_mw_rb_yb_rb_er Mw-to-Er teleportation trial 155 failed (completed=True, direct match=False, latency=6.267995 seconds).
9,300,000,030,062,000 WARNING main_het_teleport_mw_rb_yb_rb_er Starting Mw-to-Er teleportation trial 156 at 9300000030062000.
9,360,000,030,062,000 WARNING main_het_teleport_mw_rb_yb_rb_er Mw-to-Er teleportation trial 156 failed (completed=True, direct match=False, latency=8.3967001875 seconds).
9,360,000,030,062,000 WARNING main_het_teleport_mw_rb_yb_rb_er Starting Mw-to-Er teleportation trial 157 at 9360000030062000.
9,420,000,030,062,000 WARNING main_het_teleport_mw_rb_yb_rb_er Mw-to-Er teleportation trial 157 succeeded (completed=True, direct match=True, latency=3.491083875 seconds).
9,420,000,030,062,000 WARNING main_het_teleport_mw_rb_yb_rb_er Starting Mw-to-Er teleportation trial 158 at 9420000030062000.
9,480,000,030,062,000 WARNING main_het_teleport_mw_rb_yb_rb_er Mw-to-Er teleportation trial 158 failed (completed=True, direct match=False, latency=14.6129439375 seconds).
9,480,000,030,062,000 WARNING main_het_teleport_mw_rb_yb_rb_er Starting Mw-to-Er teleportation trial 159 at 9480000030062000.
9,540,000,030,062,000 WARNING main_het_teleport_mw_rb_yb_rb_er Mw-to-Er teleportation trial 159 succeeded (completed=True, direct match=True, latency=6.3069965625 seconds).
9,540,000,030,062,000 WARNING main_het_teleport_mw_rb_yb_rb_er Starting Mw-to-Er teleportation trial 160 at 9540000030062000.
9,600,000,030,062,000 WARNING main_het_teleport_mw_rb_yb_rb_er Mw-to-Er teleportation trial 160 succeeded (completed=True, direct match=True, latency=4.2235331875 seconds).
9,600,000,030,062,000 WARNING main_het_teleport_mw_rb_yb_rb_er Starting Mw-to-Er teleportation trial 161 at 9600000030062000.
9,660,000,030,062,000 WARNING main_het_teleport_mw_rb_yb_rb_er Mw-to-Er teleportation trial 161 succeeded (completed=True, direct match=True, latency=7.68609175 seconds).
9,660,000,030,062,000 WARNING main_het_teleport_mw_rb_yb_rb_er Starting Mw-to-Er teleportation trial 162 at 9660000030062000.
9,720,000,030,062,000 WARNING main_het_teleport_mw_rb_yb_rb_er Mw-to-Er teleportation trial 162 failed (completed=True, direct match=False, latency=8.4780658125 seconds).
9,720,000,030,062,000 WARNING main_het_teleport_mw_rb_yb_rb_er Starting Mw-to-Er teleportation trial 163 at 9720000030062000.
9,780,000,030,062,000 WARNING main_het_teleport_mw_rb_yb_rb_er Mw-to-Er teleportation trial 163 failed (completed=True, direct match=False, latency=6.308556625 seconds).
9,780,000,030,062,000 WARNING main_het_teleport_mw_rb_yb_rb_er Starting Mw-to-Er teleportation trial 164 at 9780000030062000.
9,840,000,030,062,000 WARNING main_het_teleport_mw_rb_yb_rb_er Mw-to-Er teleportation trial 164 succeeded (completed=True, direct match=True, latency=4.91230075 seconds).
9,840,000,030,062,000 WARNING main_het_teleport_mw_rb_yb_rb_er Starting Mw-to-Er teleportation trial 165 at 9840000030062000.
9,900,000,030,062,000 WARNING main_het_teleport_mw_rb_yb_rb_er Mw-to-Er teleportation trial 165 succeeded (completed=True, direct match=True, latency=3.534765625 seconds).
9,900,000,030,062,000 WARNING main_het_teleport_mw_rb_yb_rb_er Starting Mw-to-Er teleportation trial 166 at 9900000030062000.
9,960,000,030,062,000 WARNING main_het_teleport_mw_rb_yb_rb_er Mw-to-Er teleportation trial 166 failed (completed=True, direct match=False, latency=8.382834625 seconds).
9,960,000,030,062,000 WARNING main_het_teleport_mw_rb_yb_rb_er Starting Mw-to-Er teleportation trial 167 at 9960000030062000.
10,020,000,030,062,000 WARNING main_het_teleport_mw_rb_yb_rb_er Mw-to-Er teleportation trial 167 succeeded (completed=True, direct match=True, latency=10.4536425 seconds).
10,020,000,030,062,000 WARNING main_het_teleport_mw_rb_yb_rb_er Starting Mw-to-Er teleportation trial 168 at 10020000030062000.
10,080,000,030,062,000 WARNING main_het_teleport_mw_rb_yb_rb_er Mw-to-Er teleportation trial 168 succeeded (completed=True, direct match=True, latency=11.187651875 seconds).
10,080,000,030,062,000 WARNING main_het_teleport_mw_rb_yb_rb_er Starting Mw-to-Er teleportation trial 169 at 10080000030062000.
10,140,000,030,062,000 WARNING main_het_teleport_mw_rb_yb_rb_er Mw-to-Er teleportation trial 169 failed (completed=True, direct match=False, latency=9.7342736875 seconds).
10,140,000,030,062,000 WARNING main_het_teleport_mw_rb_yb_rb_er Starting Mw-to-Er teleportation trial 170 at 10140000030062000.
10,200,000,030,062,000 WARNING main_het_teleport_mw_rb_yb_rb_er Mw-to-Er teleportation trial 170 failed (completed=True, direct match=False, latency=5.618229 seconds).
10,200,000,030,062,000 WARNING main_het_teleport_mw_rb_yb_rb_er Starting Mw-to-Er teleportation trial 171 at 10200000030062000.
10,260,000,030,062,000 WARNING main_het_teleport_mw_rb_yb_rb_er Mw-to-Er teleportation trial 171 failed (completed=True, direct match=False, latency=4.909355625 seconds).
10,260,000,030,062,000 WARNING main_het_teleport_mw_rb_yb_rb_er Starting Mw-to-Er teleportation trial 172 at 10260000030062000.
10,320,000,030,062,000 WARNING main_het_teleport_mw_rb_yb_rb_er Mw-to-Er teleportation trial 172 succeeded (completed=True, direct match=True, latency=10.467864125 seconds).
10,320,000,030,062,000 WARNING main_het_teleport_mw_rb_yb_rb_er Starting Mw-to-Er teleportation trial 173 at 10320000030062000.
10,380,000,030,062,000 WARNING main_het_teleport_mw_rb_yb_rb_er Mw-to-Er teleportation trial 173 succeeded (completed=True, direct match=True, latency=2.0464660625 seconds).
10,380,000,030,062,000 WARNING main_het_teleport_mw_rb_yb_rb_er Starting Mw-to-Er teleportation trial 174 at 10380000030062000.
10,440,000,030,062,000 WARNING main_het_teleport_mw_rb_yb_rb_er Mw-to-Er teleportation trial 174 succeeded (completed=True, direct match=True, latency=8.367059 seconds).
10,440,000,030,062,000 WARNING main_het_teleport_mw_rb_yb_rb_er Starting Mw-to-Er teleportation trial 175 at 10440000030062000.
10,500,000,030,062,000 WARNING main_het_teleport_mw_rb_yb_rb_er Mw-to-Er teleportation trial 175 failed (completed=True, direct match=False, latency=7.7219731875 seconds).
10,500,000,030,062,000 WARNING main_het_teleport_mw_rb_yb_rb_er Starting Mw-to-Er teleportation trial 176 at 10500000030062000.
10,560,000,030,062,000 WARNING main_het_teleport_mw_rb_yb_rb_er Mw-to-Er teleportation trial 176 succeeded (completed=True, direct match=True, latency=7.071247125 seconds).
10,560,000,030,062,000 WARNING main_het_teleport_mw_rb_yb_rb_er Starting Mw-to-Er teleportation trial 177 at 10560000030062000.
10,620,000,030,062,000 WARNING main_het_teleport_mw_rb_yb_rb_er Mw-to-Er teleportation trial 177 succeeded (completed=True, direct match=True, latency=8.4045005 seconds).
10,620,000,030,062,000 WARNING main_het_teleport_mw_rb_yb_rb_er Starting Mw-to-Er teleportation trial 178 at 10620000030062000.
10,680,000,030,062,000 WARNING main_het_teleport_mw_rb_yb_rb_er Mw-to-Er teleportation trial 178 failed (completed=True, direct match=False, latency=11.2141729375 seconds).
10,680,000,030,062,000 WARNING main_het_teleport_mw_rb_yb_rb_er Starting Mw-to-Er teleportation trial 179 at 10680000030062000.
10,740,000,030,062,000 WARNING main_het_teleport_mw_rb_yb_rb_er Mw-to-Er teleportation trial 179 succeeded (completed=True, direct match=True, latency=9.800756375 seconds).
10,740,000,030,062,000 WARNING main_het_teleport_mw_rb_yb_rb_er Starting Mw-to-Er teleportation trial 180 at 10740000030062000.
10,800,000,030,062,000 WARNING main_het_teleport_mw_rb_yb_rb_er Mw-to-Er teleportation trial 180 failed (completed=True, direct match=False, latency=5.64319 seconds).
10,800,000,030,062,000 WARNING main_het_teleport_mw_rb_yb_rb_er Starting Mw-to-Er teleportation trial 181 at 10800000030062000.
10,860,000,030,062,000 WARNING main_het_teleport_mw_rb_yb_rb_er Mw-to-Er teleportation trial 181 failed (completed=True, direct match=False, latency=7.0222851875 seconds).
10,860,000,030,062,000 WARNING main_het_teleport_mw_rb_yb_rb_er Starting Mw-to-Er teleportation trial 182 at 10860000030062000.
10,920,000,030,062,000 WARNING main_het_teleport_mw_rb_yb_rb_er Mw-to-Er teleportation trial 182 failed (completed=True, direct match=False, latency=6.2898585 seconds).
10,920,000,030,062,000 WARNING main_het_teleport_mw_rb_yb_rb_er Starting Mw-to-Er teleportation trial 183 at 10920000030062000.
10,980,000,030,062,000 WARNING main_het_teleport_mw_rb_yb_rb_er Mw-to-Er teleportation trial 183 succeeded (completed=True, direct match=True, latency=11.2297735625 seconds).
10,980,000,030,062,000 WARNING main_het_teleport_mw_rb_yb_rb_er Starting Mw-to-Er teleportation trial 184 at 10980000030062000.
11,040,000,030,062,000 WARNING main_het_teleport_mw_rb_yb_rb_er Mw-to-Er teleportation trial 184 failed (completed=True, direct match=False, latency=8.987556375 seconds).
11,040,000,030,062,000 WARNING main_het_teleport_mw_rb_yb_rb_er Starting Mw-to-Er teleportation trial 185 at 11040000030062000.
11,100,000,030,062,000 WARNING main_het_teleport_mw_rb_yb_rb_er Mw-to-Er teleportation trial 185 succeeded (completed=True, direct match=True, latency=15.464133 seconds).
11,100,000,030,062,000 WARNING main_het_teleport_mw_rb_yb_rb_er Starting Mw-to-Er teleportation trial 186 at 11100000030062000.
11,160,000,030,062,000 WARNING main_het_teleport_mw_rb_yb_rb_er Mw-to-Er teleportation trial 186 failed (completed=True, direct match=False, latency=8.314191875 seconds).
11,160,000,030,062,000 WARNING main_het_teleport_mw_rb_yb_rb_er Starting Mw-to-Er teleportation trial 187 at 11160000030062000.
11,220,000,030,062,000 WARNING main_het_teleport_mw_rb_yb_rb_er Mw-to-Er teleportation trial 187 succeeded (completed=True, direct match=True, latency=4.2328935625 seconds).
11,220,000,030,062,000 WARNING main_het_teleport_mw_rb_yb_rb_er Starting Mw-to-Er teleportation trial 188 at 11220000030062000.
11,280,000,030,062,000 WARNING main_het_teleport_mw_rb_yb_rb_er Mw-to-Er teleportation trial 188 succeeded (completed=True, direct match=True, latency=3.484843625 seconds).
11,280,000,030,062,000 WARNING main_het_teleport_mw_rb_yb_rb_er Starting Mw-to-Er teleportation trial 189 at 11280000030062000.
11,340,000,030,062,000 WARNING main_het_teleport_mw_rb_yb_rb_er Mw-to-Er teleportation trial 189 succeeded (completed=True, direct match=True, latency=25.0119650625 seconds).
11,340,000,030,062,000 WARNING main_het_teleport_mw_rb_yb_rb_er Starting Mw-to-Er teleportation trial 190 at 11340000030062000.
11,400,000,030,062,000 WARNING main_het_teleport_mw_rb_yb_rb_er Mw-to-Er teleportation trial 190 succeeded (completed=True, direct match=True, latency=6.2913959375 seconds).
11,400,000,030,062,000 WARNING main_het_teleport_mw_rb_yb_rb_er Starting Mw-to-Er teleportation trial 191 at 11400000030062000.
11,460,000,030,062,000 WARNING main_het_teleport_mw_rb_yb_rb_er Mw-to-Er teleportation trial 191 succeeded (completed=True, direct match=True, latency=4.2204130625 seconds).
11,460,000,030,062,000 WARNING main_het_teleport_mw_rb_yb_rb_er Starting Mw-to-Er teleportation trial 192 at 11460000030062000.
11,520,000,030,062,000 WARNING main_het_teleport_mw_rb_yb_rb_er Mw-to-Er teleportation trial 192 failed (completed=True, direct match=False, latency=7.71165275 seconds).
11,520,000,030,062,000 WARNING main_het_teleport_mw_rb_yb_rb_er Starting Mw-to-Er teleportation trial 193 at 11520000030062000.
11,580,000,030,062,000 WARNING main_het_teleport_mw_rb_yb_rb_er Mw-to-Er teleportation trial 193 succeeded (completed=True, direct match=True, latency=14.7032525625 seconds).
11,580,000,030,062,000 WARNING main_het_teleport_mw_rb_yb_rb_er Starting Mw-to-Er teleportation trial 194 at 11580000030062000.
11,640,000,030,062,000 WARNING main_het_teleport_mw_rb_yb_rb_er Mw-to-Er teleportation trial 194 succeeded (completed=True, direct match=True, latency=7.7282134375 seconds).
11,640,000,030,062,000 WARNING main_het_teleport_mw_rb_yb_rb_er Starting Mw-to-Er teleportation trial 195 at 11640000030062000.
11,700,000,030,062,000 WARNING main_het_teleport_mw_rb_yb_rb_er Mw-to-Er teleportation trial 195 succeeded (completed=True, direct match=True, latency=9.8085566875 seconds).
11,700,000,030,062,000 WARNING main_het_teleport_mw_rb_yb_rb_er Starting Mw-to-Er teleportation trial 196 at 11700000030062000.
11,760,000,030,062,000 WARNING main_het_teleport_mw_rb_yb_rb_er Mw-to-Er teleportation trial 196 succeeded (completed=True, direct match=True, latency=4.9310215 seconds).
11,760,000,030,062,000 WARNING main_het_teleport_mw_rb_yb_rb_er Starting Mw-to-Er teleportation trial 197 at 11760000030062000.
11,820,000,030,062,000 WARNING main_het_teleport_mw_rb_yb_rb_er Mw-to-Er teleportation trial 197 succeeded (completed=True, direct match=True, latency=9.1275894375 seconds).
11,820,000,030,062,000 WARNING main_het_teleport_mw_rb_yb_rb_er Starting Mw-to-Er teleportation trial 198 at 11820000030062000.
11,880,000,030,062,000 WARNING main_het_teleport_mw_rb_yb_rb_er Mw-to-Er teleportation trial 198 succeeded (completed=True, direct match=True, latency=9.7555145625 seconds).
11,880,000,030,062,000 WARNING main_het_teleport_mw_rb_yb_rb_er Starting Mw-to-Er teleportation trial 199 at 11880000030062000.
11,940,000,030,062,000 WARNING main_het_teleport_mw_rb_yb_rb_er Mw-to-Er teleportation trial 199 failed (completed=True, direct match=False, latency=10.525580375 seconds).
11,940,000,030,062,000 WARNING main_het_teleport_mw_rb_yb_rb_er Starting Mw-to-Er teleportation trial 200 at 11940000030062000.
12,000,000,030,062,000 WARNING main_het_teleport_mw_rb_yb_rb_er Mw-to-Er teleportation trial 200 failed (completed=True, direct match=False, latency=12.5887629375 seconds).
12,000,000,030,062,000 WARNING main_het_teleport_mw_rb_yb_rb_er Starting Mw-to-Er teleportation trial 201 at 12000000030062000.
12,060,000,030,062,000 WARNING main_het_teleport_mw_rb_yb_rb_er Mw-to-Er teleportation trial 201 succeeded (completed=True, direct match=True, latency=5.7291684375 seconds).
12,060,000,030,062,000 WARNING main_het_teleport_mw_rb_yb_rb_er Starting Mw-to-Er teleportation trial 202 at 12060000030062000.
12,120,000,030,062,000 WARNING main_het_teleport_mw_rb_yb_rb_er Mw-to-Er teleportation trial 202 failed (completed=True, direct match=False, latency=7.6053185 seconds).
12,120,000,030,062,000 WARNING main_het_teleport_mw_rb_yb_rb_er Starting Mw-to-Er teleportation trial 203 at 12120000030062000.
12,180,000,030,062,000 WARNING main_het_teleport_mw_rb_yb_rb_er Mw-to-Er teleportation trial 203 succeeded (completed=True, direct match=True, latency=9.851278375 seconds).
12,180,000,030,062,000 WARNING main_het_teleport_mw_rb_yb_rb_er Starting Mw-to-Er teleportation trial 204 at 12180000030062000.
12,240,000,030,062,000 WARNING main_het_teleport_mw_rb_yb_rb_er Mw-to-Er teleportation trial 204 failed (completed=True, direct match=False, latency=3.5066845 seconds).
12,240,000,030,062,000 WARNING main_het_teleport_mw_rb_yb_rb_er Starting Mw-to-Er teleportation trial 205 at 12240000030062000.
12,300,000,030,062,000 WARNING main_het_teleport_mw_rb_yb_rb_er Mw-to-Er teleportation trial 205 succeeded (completed=True, direct match=True, latency=11.165811 seconds).
12,300,000,030,062,000 WARNING main_het_teleport_mw_rb_yb_rb_er Starting Mw-to-Er teleportation trial 206 at 12300000030062000.
12,360,000,030,062,000 WARNING main_het_teleport_mw_rb_yb_rb_er Mw-to-Er teleportation trial 206 succeeded (completed=True, direct match=True, latency=3.4458420625 seconds).
12,360,000,030,062,000 WARNING main_het_teleport_mw_rb_yb_rb_er Starting Mw-to-Er teleportation trial 207 at 12360000030062000.
12,420,000,030,062,000 WARNING main_het_teleport_mw_rb_yb_rb_er Mw-to-Er teleportation trial 207 failed (completed=True, direct match=False, latency=3.5363256875 seconds).
12,420,000,030,062,000 WARNING main_het_teleport_mw_rb_yb_rb_er Starting Mw-to-Er teleportation trial 208 at 12420000030062000.
12,480,000,030,062,000 WARNING main_het_teleport_mw_rb_yb_rb_er Mw-to-Er teleportation trial 208 succeeded (completed=True, direct match=True, latency=11.143970125 seconds).
12,480,000,030,062,000 WARNING main_het_teleport_mw_rb_yb_rb_er Starting Mw-to-Er teleportation trial 209 at 12480000030062000.
12,540,000,030,062,000 WARNING main_het_teleport_mw_rb_yb_rb_er Mw-to-Er teleportation trial 209 succeeded (completed=True, direct match=True, latency=11.15957075 seconds).
12,540,000,030,062,000 WARNING main_het_teleport_mw_rb_yb_rb_er Starting Mw-to-Er teleportation trial 210 at 12540000030062000.
12,600,000,030,062,000 WARNING main_het_teleport_mw_rb_yb_rb_er Mw-to-Er teleportation trial 210 failed (completed=True, direct match=False, latency=7.2850854375 seconds).
12,600,000,030,062,000 WARNING main_het_teleport_mw_rb_yb_rb_er Starting Mw-to-Er teleportation trial 211 at 12600000030062000.
12,660,000,030,062,000 WARNING main_het_teleport_mw_rb_yb_rb_er Mw-to-Er teleportation trial 211 succeeded (completed=True, direct match=True, latency=5.6353896875 seconds).
12,660,000,030,062,000 WARNING main_het_teleport_mw_rb_yb_rb_er Starting Mw-to-Er teleportation trial 212 at 12660000030062000.
12,720,000,030,062,000 WARNING main_het_teleport_mw_rb_yb_rb_er Mw-to-Er teleportation trial 212 succeeded (completed=True, direct match=True, latency=4.834297625 seconds).
12,720,000,030,062,000 WARNING main_het_teleport_mw_rb_yb_rb_er Starting Mw-to-Er teleportation trial 213 at 12720000030062000.
12,780,000,030,062,000 WARNING main_het_teleport_mw_rb_yb_rb_er Mw-to-Er teleportation trial 213 failed (completed=True, direct match=False, latency=1.5556641 seconds).
12,780,000,030,062,000 WARNING main_het_teleport_mw_rb_yb_rb_er Starting Mw-to-Er teleportation trial 214 at 12780000030062000.
12,840,000,030,062,000 WARNING main_het_teleport_mw_rb_yb_rb_er Mw-to-Er teleportation trial 214 succeeded (completed=True, direct match=True, latency=6.3413179375 seconds).
12,840,000,030,062,000 WARNING main_het_teleport_mw_rb_yb_rb_er Starting Mw-to-Er teleportation trial 215 at 12840000030062000.
12,900,000,030,062,000 WARNING main_het_teleport_mw_rb_yb_rb_er Mw-to-Er teleportation trial 215 succeeded (completed=True, direct match=True, latency=4.2313335 seconds).
12,900,000,030,062,000 WARNING main_het_teleport_mw_rb_yb_rb_er Starting Mw-to-Er teleportation trial 216 at 12900000030062000.
12,960,000,030,062,000 WARNING main_het_teleport_mw_rb_yb_rb_er Mw-to-Er teleportation trial 216 failed (completed=True, direct match=False, latency=11.1675460625 seconds).
12,960,000,030,062,000 WARNING main_het_teleport_mw_rb_yb_rb_er Starting Mw-to-Er teleportation trial 217 at 12960000030062000.
13,020,000,030,062,000 WARNING main_het_teleport_mw_rb_yb_rb_er Mw-to-Er teleportation trial 217 failed (completed=True, direct match=False, latency=11.1361698125 seconds).
13,020,000,030,062,000 WARNING main_het_teleport_mw_rb_yb_rb_er Starting Mw-to-Er teleportation trial 218 at 13020000030062000.
13,080,000,030,062,000 WARNING main_het_teleport_mw_rb_yb_rb_er Mw-to-Er teleportation trial 218 succeeded (completed=True, direct match=True, latency=23.977477325 seconds).
13,080,000,030,062,000 WARNING main_het_teleport_mw_rb_yb_rb_er Starting Mw-to-Er teleportation trial 219 at 13080000030062000.
13,140,000,030,062,000 WARNING main_het_teleport_mw_rb_yb_rb_er Mw-to-Er teleportation trial 219 succeeded (completed=True, direct match=True, latency=8.2297735 seconds).
13,140,000,030,062,000 WARNING main_het_teleport_mw_rb_yb_rb_er Starting Mw-to-Er teleportation trial 220 at 13140000030062000.
13,200,000,030,062,000 WARNING main_het_teleport_mw_rb_yb_rb_er Mw-to-Er teleportation trial 220 succeeded (completed=True, direct match=True, latency=5.652550375 seconds).
13,200,000,030,062,000 WARNING main_het_teleport_mw_rb_yb_rb_er Starting Mw-to-Er teleportation trial 221 at 13200000030062000.
13,260,000,030,062,000 WARNING main_het_teleport_mw_rb_yb_rb_er Mw-to-Er teleportation trial 221 succeeded (completed=True, direct match=True, latency=7.717293 seconds).
13,260,000,030,062,000 WARNING main_het_teleport_mw_rb_yb_rb_er Starting Mw-to-Er teleportation trial 222 at 13260000030062000.
13,320,000,030,062,000 WARNING main_het_teleport_mw_rb_yb_rb_er Mw-to-Er teleportation trial 222 succeeded (completed=True, direct match=True, latency=10.49732425 seconds).
13,320,000,030,062,000 WARNING main_het_teleport_mw_rb_yb_rb_er Starting Mw-to-Er teleportation trial 223 at 13320000030062000.
13,380,000,030,062,000 WARNING main_het_teleport_mw_rb_yb_rb_er Mw-to-Er teleportation trial 223 succeeded (completed=True, direct match=True, latency=5.6135488125 seconds).
13,380,000,030,062,000 WARNING main_het_teleport_mw_rb_yb_rb_er Starting Mw-to-Er teleportation trial 224 at 13380000030062000.
13,440,000,030,062,000 WARNING main_het_teleport_mw_rb_yb_rb_er Mw-to-Er teleportation trial 224 succeeded (completed=True, direct match=True, latency=4.9263413125 seconds).
13,440,000,030,062,000 WARNING main_het_teleport_mw_rb_yb_rb_er Starting Mw-to-Er teleportation trial 225 at 13440000030062000.
13,500,000,030,062,000 WARNING main_het_teleport_mw_rb_yb_rb_er Mw-to-Er teleportation trial 225 succeeded (completed=True, direct match=True, latency=3.547246125 seconds).
13,500,000,030,062,000 WARNING main_het_teleport_mw_rb_yb_rb_er Starting Mw-to-Er teleportation trial 226 at 13500000030062000.
13,560,000,030,062,000 WARNING main_het_teleport_mw_rb_yb_rb_er Mw-to-Er teleportation trial 226 succeeded (completed=True, direct match=True, latency=7.7001323125 seconds).
13,560,000,030,062,000 WARNING main_het_teleport_mw_rb_yb_rb_er Starting Mw-to-Er teleportation trial 227 at 13560000030062000.
13,620,000,030,062,000 WARNING main_het_teleport_mw_rb_yb_rb_er Mw-to-Er teleportation trial 227 succeeded (completed=True, direct match=True, latency=4.9575425625 seconds).
13,620,000,030,062,000 WARNING main_het_teleport_mw_rb_yb_rb_er Starting Mw-to-Er teleportation trial 228 at 13620000030062000.
13,680,000,030,062,000 WARNING main_het_teleport_mw_rb_yb_rb_er Mw-to-Er teleportation trial 228 succeeded (completed=True, direct match=True, latency=5.602628375 seconds).
13,680,000,030,062,000 WARNING main_het_teleport_mw_rb_yb_rb_er Starting Mw-to-Er teleportation trial 229 at 13680000030062000.
13,740,000,030,062,000 WARNING main_het_teleport_mw_rb_yb_rb_er Mw-to-Er teleportation trial 229 failed (completed=True, direct match=False, latency=8.420101125 seconds).
13,740,000,030,062,000 WARNING main_het_teleport_mw_rb_yb_rb_er Starting Mw-to-Er teleportation trial 230 at 13740000030062000.
13,800,000,030,062,000 WARNING main_het_teleport_mw_rb_yb_rb_er Mw-to-Er teleportation trial 230 succeeded (completed=True, direct match=True, latency=6.3350776875 seconds).
13,800,000,030,062,000 WARNING main_het_teleport_mw_rb_yb_rb_er Starting Mw-to-Er teleportation trial 231 at 13800000030062000.
13,860,000,030,062,000 WARNING main_het_teleport_mw_rb_yb_rb_er Mw-to-Er teleportation trial 231 succeeded (completed=True, direct match=True, latency=7.0160449375 seconds).
13,860,000,030,062,000 WARNING main_het_teleport_mw_rb_yb_rb_er Starting Mw-to-Er teleportation trial 232 at 13860000030062000.
13,920,000,030,062,000 WARNING main_het_teleport_mw_rb_yb_rb_er Mw-to-Er teleportation trial 232 succeeded (completed=True, direct match=True, latency=4.1736111875 seconds).
13,920,000,030,062,000 WARNING main_het_teleport_mw_rb_yb_rb_er Starting Mw-to-Er teleportation trial 233 at 13920000030062000.
13,980,000,030,062,000 WARNING main_het_teleport_mw_rb_yb_rb_er Mw-to-Er teleportation trial 233 succeeded (completed=True, direct match=True, latency=11.240694 seconds).
13,980,000,030,062,000 WARNING main_het_teleport_mw_rb_yb_rb_er Starting Mw-to-Er teleportation trial 234 at 13980000030062000.
14,040,000,030,062,000 WARNING main_het_teleport_mw_rb_yb_rb_er Mw-to-Er teleportation trial 234 succeeded (completed=True, direct match=True, latency=5.652550375 seconds).
14,040,000,030,062,000 WARNING main_het_teleport_mw_rb_yb_rb_er Starting Mw-to-Er teleportation trial 235 at 14040000030062000.
14,100,000,030,062,000 WARNING main_het_teleport_mw_rb_yb_rb_er Mw-to-Er teleportation trial 235 succeeded (completed=True, direct match=True, latency=5.6073085625 seconds).
14,100,000,030,062,000 WARNING main_het_teleport_mw_rb_yb_rb_er Starting Mw-to-Er teleportation trial 236 at 14100000030062000.
14,160,000,030,062,000 WARNING main_het_teleport_mw_rb_yb_rb_er Mw-to-Er teleportation trial 236 failed (completed=True, direct match=False, latency=11.8984353125 seconds).
14,160,000,030,062,000 WARNING main_het_teleport_mw_rb_yb_rb_er Starting Mw-to-Er teleportation trial 237 at 14160000030062000.
14,220,000,030,062,000 WARNING main_het_teleport_mw_rb_yb_rb_er Mw-to-Er teleportation trial 237 failed (completed=True, direct match=False, latency=9.8060365625 seconds).
14,220,000,030,062,000 WARNING main_het_teleport_mw_rb_yb_rb_er Starting Mw-to-Er teleportation trial 238 at 14220000030062000.
14,280,000,030,062,000 WARNING main_het_teleport_mw_rb_yb_rb_er Mw-to-Er teleportation trial 238 failed (completed=True, direct match=False, latency=9.1213491875 seconds).
14,280,000,030,062,000 WARNING main_het_teleport_mw_rb_yb_rb_er Starting Mw-to-Er teleportation trial 239 at 14280000030062000.
14,340,000,030,062,000 WARNING main_het_teleport_mw_rb_yb_rb_er Mw-to-Er teleportation trial 239 succeeded (completed=True, direct match=True, latency=11.937261875 seconds).
14,340,000,030,062,000 WARNING main_het_teleport_mw_rb_yb_rb_er Starting Mw-to-Er teleportation trial 240 at 14340000030062000.
14,400,000,030,062,000 WARNING main_het_teleport_mw_rb_yb_rb_er Mw-to-Er teleportation trial 240 failed (completed=True, direct match=False, latency=3.5601592375 seconds).
14,400,000,030,062,000 WARNING main_het_teleport_mw_rb_yb_rb_er Starting Mw-to-Er teleportation trial 241 at 14400000030062000.
14,460,000,030,062,000 WARNING main_het_teleport_mw_rb_yb_rb_er Mw-to-Er teleportation trial 241 succeeded (completed=True, direct match=True, latency=6.983283625 seconds).
14,460,000,030,062,000 WARNING main_het_teleport_mw_rb_yb_rb_er Starting Mw-to-Er teleportation trial 242 at 14460000030062000.
14,520,000,030,062,000 WARNING main_het_teleport_mw_rb_yb_rb_er Mw-to-Er teleportation trial 242 succeeded (completed=True, direct match=True, latency=8.395140125 seconds).
14,520,000,030,062,000 WARNING main_het_teleport_mw_rb_yb_rb_er Starting Mw-to-Er teleportation trial 243 at 14520000030062000.
14,580,000,030,062,000 WARNING main_het_teleport_mw_rb_yb_rb_er Mw-to-Er teleportation trial 243 failed (completed=True, direct match=False, latency=15.430061625 seconds).
14,580,000,030,062,000 WARNING main_het_teleport_mw_rb_yb_rb_er Starting Mw-to-Er teleportation trial 244 at 14580000030062000.
14,640,000,030,062,000 WARNING main_het_teleport_mw_rb_yb_rb_er Mw-to-Er teleportation trial 244 failed (completed=True, direct match=False, latency=13.79625125 seconds).
14,640,000,030,062,000 WARNING main_het_teleport_mw_rb_yb_rb_er Starting Mw-to-Er teleportation trial 245 at 14640000030062000.
14,700,000,030,062,000 WARNING main_het_teleport_mw_rb_yb_rb_er Mw-to-Er teleportation trial 245 succeeded (completed=True, direct match=True, latency=14.67049125 seconds).
14,700,000,030,062,000 WARNING main_het_teleport_mw_rb_yb_rb_er Starting Mw-to-Er teleportation trial 246 at 14700000030062000.
14,760,000,030,062,000 WARNING main_het_teleport_mw_rb_yb_rb_er Mw-to-Er teleportation trial 246 failed (completed=True, direct match=False, latency=2.8116766875 seconds).
14,760,000,030,062,000 WARNING main_het_teleport_mw_rb_yb_rb_er Starting Mw-to-Er teleportation trial 247 at 14760000030062000.
14,820,000,030,062,000 WARNING main_het_teleport_mw_rb_yb_rb_er Mw-to-Er teleportation trial 247 failed (completed=True, direct match=False, latency=2.1151088125 seconds).
14,820,000,030,062,000 WARNING main_het_teleport_mw_rb_yb_rb_er Starting Mw-to-Er teleportation trial 248 at 14820000030062000.
14,880,000,030,062,000 WARNING main_het_teleport_mw_rb_yb_rb_er Mw-to-Er teleportation trial 248 succeeded (completed=True, direct match=True, latency=4.2172929375 seconds).
14,880,000,030,062,000 WARNING main_het_teleport_mw_rb_yb_rb_er Starting Mw-to-Er teleportation trial 249 at 14880000030062000.
14,940,000,030,062,000 WARNING main_het_teleport_mw_rb_yb_rb_er Mw-to-Er teleportation trial 249 succeeded (completed=True, direct match=True, latency=8.395140125 seconds).
14,940,000,030,062,000 WARNING main_het_teleport_mw_rb_yb_rb_er Starting Mw-to-Er teleportation trial 250 at 14940000030062000.
15,000,000,030,062,000 WARNING main_het_teleport_mw_rb_yb_rb_er Mw-to-Er teleportation trial 250 succeeded (completed=True, direct match=True, latency=2.8069965 seconds).
15,000,000,030,062,000 WARNING main_het_teleport_mw_rb_yb_rb_er Starting Mw-to-Er teleportation trial 251 at 15000000030062000.
15,060,000,030,062,000 WARNING main_het_teleport_mw_rb_yb_rb_er Mw-to-Er teleportation trial 251 succeeded (completed=True, direct match=True, latency=12.5854678125 seconds).
15,060,000,030,062,000 WARNING main_het_teleport_mw_rb_yb_rb_er Starting Mw-to-Er teleportation trial 252 at 15060000030062000.
15,120,000,030,062,000 WARNING main_het_teleport_mw_rb_yb_rb_er Mw-to-Er teleportation trial 252 succeeded (completed=True, direct match=True, latency=9.14804525 seconds).
15,120,000,030,062,000 WARNING main_het_teleport_mw_rb_yb_rb_er Starting Mw-to-Er teleportation trial 253 at 15120000030062000.
15,180,000,030,062,000 WARNING main_het_teleport_mw_rb_yb_rb_er Mw-to-Er teleportation trial 253 succeeded (completed=True, direct match=True, latency=2.016824875 seconds).
15,180,000,030,062,000 WARNING main_het_teleport_mw_rb_yb_rb_er Starting Mw-to-Er teleportation trial 254 at 15180000030062000.
15,240,000,030,062,000 WARNING main_het_teleport_mw_rb_yb_rb_er Mw-to-Er teleportation trial 254 succeeded (completed=True, direct match=True, latency=9.7960761875 seconds).
15,240,000,030,062,000 WARNING main_het_teleport_mw_rb_yb_rb_er Starting Mw-to-Er teleportation trial 255 at 15240000030062000.
15,300,000,030,062,000 WARNING main_het_teleport_mw_rb_yb_rb_er Mw-to-Er teleportation trial 255 succeeded (completed=True, direct match=True, latency=5.633829625 seconds).
15,300,000,030,062,000 WARNING main_het_teleport_mw_rb_yb_rb_er Starting Mw-to-Er teleportation trial 256 at 15300000030062000.
15,360,000,030,062,000 WARNING main_het_teleport_mw_rb_yb_rb_er Mw-to-Er teleportation trial 256 succeeded (completed=True, direct match=True, latency=9.0901479375 seconds).
15,360,000,030,062,000 WARNING main_het_teleport_mw_rb_yb_rb_er Starting Mw-to-Er teleportation trial 257 at 15360000030062000.
15,420,000,030,062,000 WARNING main_het_teleport_mw_rb_yb_rb_er Mw-to-Er teleportation trial 257 succeeded (completed=True, direct match=True, latency=4.2609746875 seconds).
15,420,000,030,062,000 WARNING main_het_teleport_mw_rb_yb_rb_er Starting Mw-to-Er teleportation trial 258 at 15420000030062000.
15,480,000,030,062,000 WARNING main_het_teleport_mw_rb_yb_rb_er Mw-to-Er teleportation trial 258 succeeded (completed=True, direct match=True, latency=9.126029375 seconds).
15,480,000,030,062,000 WARNING main_het_teleport_mw_rb_yb_rb_er Starting Mw-to-Er teleportation trial 259 at 15480000030062000.
15,540,000,030,062,000 WARNING main_het_teleport_mw_rb_yb_rb_er Mw-to-Er teleportation trial 259 succeeded (completed=True, direct match=True, latency=6.277355375 seconds).
15,540,000,030,062,000 WARNING main_het_teleport_mw_rb_yb_rb_er Starting Mw-to-Er teleportation trial 260 at 15540000030062000.
15,600,000,030,062,000 WARNING main_het_teleport_mw_rb_yb_rb_er Mw-to-Er teleportation trial 260 succeeded (completed=True, direct match=True, latency=6.3069965625 seconds).
15,600,000,030,062,000 WARNING main_het_teleport_mw_rb_yb_rb_er Starting Mw-to-Er teleportation trial 261 at 15600000030062000.
15,660,000,030,062,000 WARNING main_het_teleport_mw_rb_yb_rb_er Mw-to-Er teleportation trial 261 succeeded (completed=True, direct match=True, latency=3.5768873125 seconds).
15,660,000,030,062,000 WARNING main_het_teleport_mw_rb_yb_rb_er Starting Mw-to-Er teleportation trial 262 at 15660000030062000.
15,720,000,030,062,000 WARNING main_het_teleport_mw_rb_yb_rb_er Mw-to-Er teleportation trial 262 succeeded (completed=True, direct match=True, latency=4.8514583125 seconds).
15,720,000,030,062,000 WARNING main_het_teleport_mw_rb_yb_rb_er Starting Mw-to-Er teleportation trial 263 at 15720000030062000.
15,780,000,030,062,000 WARNING main_het_teleport_mw_rb_yb_rb_er Mw-to-Er teleportation trial 263 failed (completed=True, direct match=False, latency=29.0213255 seconds).
15,780,000,030,062,000 WARNING main_het_teleport_mw_rb_yb_rb_er Starting Mw-to-Er teleportation trial 264 at 15780000030062000.
15,840,000,030,062,000 WARNING main_het_teleport_mw_rb_yb_rb_er Mw-to-Er teleportation trial 264 succeeded (completed=True, direct match=True, latency=11.925108 seconds).
15,840,000,030,062,000 WARNING main_het_teleport_mw_rb_yb_rb_er Starting Mw-to-Er teleportation trial 265 at 15840000030062000.
15,900,000,030,062,000 WARNING main_het_teleport_mw_rb_yb_rb_er Mw-to-Er teleportation trial 265 failed (completed=True, direct match=False, latency=18.2642700625 seconds).
15,900,000,030,062,000 WARNING main_het_teleport_mw_rb_yb_rb_er Starting Mw-to-Er teleportation trial 266 at 15900000030062000.
15,960,000,030,062,000 WARNING main_het_teleport_mw_rb_yb_rb_er Mw-to-Er teleportation trial 266 succeeded (completed=True, direct match=True, latency=11.2079326875 seconds).
15,960,000,030,062,000 WARNING main_het_teleport_mw_rb_yb_rb_er Starting Mw-to-Er teleportation trial 267 at 15960000030062000.
16,020,000,030,062,000 WARNING main_het_teleport_mw_rb_yb_rb_er Mw-to-Er teleportation trial 267 succeeded (completed=True, direct match=True, latency=5.769767125 seconds).
16,020,000,030,062,000 WARNING main_het_teleport_mw_rb_yb_rb_er Starting Mw-to-Er teleportation trial 268 at 16020000030062000.
16,080,000,030,062,000 WARNING main_het_teleport_mw_rb_yb_rb_er Mw-to-Er teleportation trial 268 succeeded (completed=True, direct match=True, latency=5.615108875 seconds).
16,080,000,030,062,000 WARNING main_het_teleport_mw_rb_yb_rb_er Starting Mw-to-Er teleportation trial 269 at 16080000030062000.
16,140,000,030,062,000 WARNING main_het_teleport_mw_rb_yb_rb_er Mw-to-Er teleportation trial 269 succeeded (completed=True, direct match=True, latency=3.4926439375 seconds).
16,140,000,030,062,000 WARNING main_het_teleport_mw_rb_yb_rb_er Starting Mw-to-Er teleportation trial 270 at 16140000030062000.
16,200,000,030,062,000 WARNING main_het_teleport_mw_rb_yb_rb_er Mw-to-Er teleportation trial 270 failed (completed=True, direct match=False, latency=5.6790714375 seconds).
16,200,000,030,062,000 WARNING main_het_teleport_mw_rb_yb_rb_er Starting Mw-to-Er teleportation trial 271 at 16200000030062000.
16,260,000,030,062,000 WARNING main_het_teleport_mw_rb_yb_rb_er Mw-to-Er teleportation trial 271 succeeded (completed=True, direct match=True, latency=7.6190090625 seconds).
16,260,000,030,062,000 WARNING main_het_teleport_mw_rb_yb_rb_er Starting Mw-to-Er teleportation trial 272 at 16260000030062000.
16,320,000,030,062,000 WARNING main_het_teleport_mw_rb_yb_rb_er Mw-to-Er teleportation trial 272 succeeded (completed=True, direct match=True, latency=3.5207250625 seconds).
16,320,000,030,062,000 WARNING main_het_teleport_mw_rb_yb_rb_er Starting Mw-to-Er teleportation trial 273 at 16320000030062000.
16,380,000,030,062,000 WARNING main_het_teleport_mw_rb_yb_rb_er Mw-to-Er teleportation trial 273 succeeded (completed=True, direct match=True, latency=9.81011675 seconds).
16,380,000,030,062,000 WARNING main_het_teleport_mw_rb_yb_rb_er Starting Mw-to-Er teleportation trial 274 at 16380000030062000.
16,440,000,030,062,000 WARNING main_het_teleport_mw_rb_yb_rb_er Mw-to-Er teleportation trial 274 failed (completed=True, direct match=False, latency=7.61120875 seconds).
16,440,000,030,062,000 WARNING main_het_teleport_mw_rb_yb_rb_er Starting Mw-to-Er teleportation trial 275 at 16440000030062000.
16,500,000,030,062,000 WARNING main_het_teleport_mw_rb_yb_rb_er Mw-to-Er teleportation trial 275 succeeded (completed=True, direct match=True, latency=7.7219731875 seconds).
16,500,000,030,062,000 WARNING main_het_teleport_mw_rb_yb_rb_er Starting Mw-to-Er teleportation trial 276 at 16500000030062000.
16,560,000,030,062,000 WARNING main_het_teleport_mw_rb_yb_rb_er Mw-to-Er teleportation trial 276 succeeded (completed=True, direct match=True, latency=7.039445875 seconds).
16,560,000,030,062,000 WARNING main_het_teleport_mw_rb_yb_rb_er Starting Mw-to-Er teleportation trial 277 at 16560000030062000.
16,620,000,030,062,000 WARNING main_het_teleport_mw_rb_yb_rb_er Mw-to-Er teleportation trial 277 failed (completed=True, direct match=False, latency=4.2360136875 seconds).
16,620,000,030,062,000 WARNING main_het_teleport_mw_rb_yb_rb_er Starting Mw-to-Er teleportation trial 278 at 16620000030062000.
16,680,000,030,062,000 WARNING main_het_teleport_mw_rb_yb_rb_er Mw-to-Er teleportation trial 278 failed (completed=True, direct match=False, latency=7.7937360625 seconds).
16,680,000,030,062,000 WARNING main_het_teleport_mw_rb_yb_rb_er Starting Mw-to-Er teleportation trial 279 at 16680000030062000.
16,740,000,030,062,000 WARNING main_het_teleport_mw_rb_yb_rb_er Mw-to-Er teleportation trial 279 succeeded (completed=True, direct match=True, latency=5.57454725 seconds).
16,740,000,030,062,000 WARNING main_het_teleport_mw_rb_yb_rb_er Starting Mw-to-Er teleportation trial 280 at 16740000030062000.
16,800,000,030,062,000 WARNING main_het_teleport_mw_rb_yb_rb_er Mw-to-Er teleportation trial 280 succeeded (completed=True, direct match=True, latency=9.051146375 seconds).
16,800,000,030,062,000 WARNING main_het_teleport_mw_rb_yb_rb_er Starting Mw-to-Er teleportation trial 281 at 16800000030062000.
16,860,000,030,062,000 WARNING main_het_teleport_mw_rb_yb_rb_er Mw-to-Er teleportation trial 281 failed (completed=True, direct match=False, latency=7.7718951875 seconds).
16,860,000,030,062,000 WARNING main_het_teleport_mw_rb_yb_rb_er Starting Mw-to-Er teleportation trial 282 at 16860000030062000.
16,920,000,030,062,000 WARNING main_het_teleport_mw_rb_yb_rb_er Mw-to-Er teleportation trial 282 failed (completed=True, direct match=False, latency=3.6143288125 seconds).
16,920,000,030,062,000 WARNING main_het_teleport_mw_rb_yb_rb_er Starting Mw-to-Er teleportation trial 283 at 16920000030062000.
16,980,000,030,062,000 WARNING main_het_teleport_mw_rb_yb_rb_er Mw-to-Er teleportation trial 283 succeeded (completed=True, direct match=True, latency=5.621349125 seconds).
16,980,000,030,062,000 WARNING main_het_teleport_mw_rb_yb_rb_er Starting Mw-to-Er teleportation trial 284 at 16980000030062000.
17,040,000,030,062,000 WARNING main_het_teleport_mw_rb_yb_rb_er Mw-to-Er teleportation trial 284 succeeded (completed=True, direct match=True, latency=7.7159195625 seconds).
17,040,000,030,062,000 WARNING main_het_teleport_mw_rb_yb_rb_er Starting Mw-to-Er teleportation trial 285 at 17040000030062000.
17,100,000,030,062,000 WARNING main_het_teleport_mw_rb_yb_rb_er Mw-to-Er teleportation trial 285 succeeded (completed=True, direct match=True, latency=4.2204130625 seconds).
17,100,000,030,062,000 WARNING main_het_teleport_mw_rb_yb_rb_er Starting Mw-to-Er teleportation trial 286 at 17100000030062000.
17,160,000,030,062,000 WARNING main_het_teleport_mw_rb_yb_rb_er Mw-to-Er teleportation trial 286 succeeded (completed=True, direct match=True, latency=7.751614375 seconds).
17,160,000,030,062,000 WARNING main_het_teleport_mw_rb_yb_rb_er Starting Mw-to-Er teleportation trial 287 at 17160000030062000.
17,220,000,030,062,000 WARNING main_het_teleport_mw_rb_yb_rb_er Mw-to-Er teleportation trial 287 succeeded (completed=True, direct match=True, latency=4.8982601875 seconds).
17,220,000,030,062,000 WARNING main_het_teleport_mw_rb_yb_rb_er Starting Mw-to-Er teleportation trial 288 at 17220000030062000.
17,280,000,030,062,000 WARNING main_het_teleport_mw_rb_yb_rb_er Mw-to-Er teleportation trial 288 failed (completed=True, direct match=False, latency=3.509804625 seconds).
17,280,000,030,062,000 WARNING main_het_teleport_mw_rb_yb_rb_er Starting Mw-to-Er teleportation trial 289 at 17280000030062000.
17,340,000,030,062,000 WARNING main_het_teleport_mw_rb_yb_rb_er Mw-to-Er teleportation trial 289 succeeded (completed=True, direct match=True, latency=9.1151089375 seconds).
17,340,000,030,062,000 WARNING main_het_teleport_mw_rb_yb_rb_er Starting Mw-to-Er teleportation trial 290 at 17340000030062000.
17,400,000,030,062,000 WARNING main_het_teleport_mw_rb_yb_rb_er Mw-to-Er teleportation trial 290 succeeded (completed=True, direct match=True, latency=4.2110526875 seconds).
17,400,000,030,062,000 WARNING main_het_teleport_mw_rb_yb_rb_er Starting Mw-to-Er teleportation trial 291 at 17400000030062000.
17,460,000,030,062,000 WARNING main_het_teleport_mw_rb_yb_rb_er Mw-to-Er teleportation trial 291 succeeded (completed=True, direct match=True, latency=11.9325816875 seconds).
17,460,000,030,062,000 WARNING main_het_teleport_mw_rb_yb_rb_er Starting Mw-to-Er teleportation trial 292 at 17460000030062000.
17,520,000,030,062,000 WARNING main_het_teleport_mw_rb_yb_rb_er Mw-to-Er teleportation trial 292 succeeded (completed=True, direct match=True, latency=7.0347656875 seconds).
17,520,000,030,062,000 WARNING main_het_teleport_mw_rb_yb_rb_er Starting Mw-to-Er teleportation trial 293 at 17520000030062000.
17,580,000,030,062,000 WARNING main_het_teleport_mw_rb_yb_rb_er Mw-to-Er teleportation trial 293 succeeded (completed=True, direct match=True, latency=4.1424099375 seconds).
17,580,000,030,062,000 WARNING main_het_teleport_mw_rb_yb_rb_er Starting Mw-to-Er teleportation trial 294 at 17580000030062000.
17,640,000,030,062,000 WARNING main_het_teleport_mw_rb_yb_rb_er Mw-to-Er teleportation trial 294 succeeded (completed=True, direct match=True, latency=5.568307 seconds).
17,640,000,030,062,000 WARNING main_het_teleport_mw_rb_yb_rb_er Starting Mw-to-Er teleportation trial 295 at 17640000030062000.
17,700,000,030,062,000 WARNING main_het_teleport_mw_rb_yb_rb_er Mw-to-Er teleportation trial 295 succeeded (completed=True, direct match=True, latency=4.2204130625 seconds).
17,700,000,030,062,000 WARNING main_het_teleport_mw_rb_yb_rb_er Starting Mw-to-Er teleportation trial 296 at 17700000030062000.
17,760,000,030,062,000 WARNING main_het_teleport_mw_rb_yb_rb_er Mw-to-Er teleportation trial 296 succeeded (completed=True, direct match=True, latency=8.4029404375 seconds).
17,760,000,030,062,000 WARNING main_het_teleport_mw_rb_yb_rb_er Starting Mw-to-Er teleportation trial 297 at 17760000030062000.
17,820,000,030,062,000 WARNING main_het_teleport_mw_rb_yb_rb_er Mw-to-Er teleportation trial 297 succeeded (completed=True, direct match=True, latency=3.4988841875 seconds).
17,820,000,030,062,000 WARNING main_het_teleport_mw_rb_yb_rb_er Starting Mw-to-Er teleportation trial 298 at 17820000030062000.
17,880,000,030,062,000 WARNING main_het_teleport_mw_rb_yb_rb_er Mw-to-Er teleportation trial 298 succeeded (completed=True, direct match=True, latency=3.5675269375 seconds).
17,880,000,030,062,000 WARNING main_het_teleport_mw_rb_yb_rb_er Starting Mw-to-Er teleportation trial 299 at 17880000030062000.
17,940,000,030,062,000 WARNING main_het_teleport_mw_rb_yb_rb_er Mw-to-Er teleportation trial 299 failed (completed=True, direct match=False, latency=17.3528385625 seconds).
17,940,000,030,062,000 WARNING main_het_teleport_mw_rb_yb_rb_er Starting Mw-to-Er teleportation trial 300 at 17940000030062000.
18,000,000,030,062,000 WARNING main_het_teleport_mw_rb_yb_rb_er Mw-to-Er teleportation trial 300 failed (completed=True, direct match=False, latency=13.3227723125 seconds).
18,000,000,030,062,000 WARNING main_het_teleport_mw_rb_yb_rb_er Starting Mw-to-Er teleportation trial 301 at 18000000030062000.
18,060,000,030,062,000 WARNING main_het_teleport_mw_rb_yb_rb_er Mw-to-Er teleportation trial 301 succeeded (completed=True, direct match=True, latency=11.1893869375 seconds).
18,060,000,030,062,000 WARNING main_het_teleport_mw_rb_yb_rb_er Starting Mw-to-Er teleportation trial 302 at 18060000030062000.
18,120,000,030,062,000 WARNING main_het_teleport_mw_rb_yb_rb_er Mw-to-Er teleportation trial 302 failed (completed=True, direct match=False, latency=3.51292475 seconds).
18,120,000,030,062,000 WARNING main_het_teleport_mw_rb_yb_rb_er Starting Mw-to-Er teleportation trial 303 at 18120000030062000.
18,180,000,030,062,000 WARNING main_het_teleport_mw_rb_yb_rb_er Mw-to-Er teleportation trial 303 succeeded (completed=True, direct match=True, latency=17.497324375 seconds).
18,180,000,030,062,000 WARNING main_het_teleport_mw_rb_yb_rb_er Starting Mw-to-Er teleportation trial 304 at 18180000030062000.
18,240,000,030,062,000 WARNING main_het_teleport_mw_rb_yb_rb_er Mw-to-Er teleportation trial 304 failed (completed=True, direct match=False, latency=7.6601706875 seconds).
18,240,000,030,062,000 WARNING main_het_teleport_mw_rb_yb_rb_er Starting Mw-to-Er teleportation trial 305 at 18240000030062000.
18,300,000,030,062,000 WARNING main_het_teleport_mw_rb_yb_rb_er Mw-to-Er teleportation trial 305 failed (completed=True, direct match=False, latency=9.1244693125 seconds).
18,300,000,030,062,000 WARNING main_het_teleport_mw_rb_yb_rb_er Starting Mw-to-Er teleportation trial 306 at 18300000030062000.
18,360,000,030,062,000 WARNING main_het_teleport_mw_rb_yb_rb_er Mw-to-Er teleportation trial 306 succeeded (completed=True, direct match=True, latency=11.862553875 seconds).
18,360,000,030,062,000 WARNING main_het_teleport_mw_rb_yb_rb_er Starting Mw-to-Er teleportation trial 307 at 18360000030062000.
18,420,000,030,062,000 WARNING main_het_teleport_mw_rb_yb_rb_er Mw-to-Er teleportation trial 307 succeeded (completed=True, direct match=True, latency=8.4294615 seconds).
18,420,000,030,062,000 WARNING main_het_teleport_mw_rb_yb_rb_er Starting Mw-to-Er teleportation trial 308 at 18420000030062000.
18,480,000,030,062,000 WARNING main_het_teleport_mw_rb_yb_rb_er Mw-to-Er teleportation trial 308 succeeded (completed=True, direct match=True, latency=8.4534624375 seconds).
18,480,000,030,062,000 WARNING main_het_teleport_mw_rb_yb_rb_er Starting Mw-to-Er teleportation trial 309 at 18480000030062000.
18,540,000,030,062,000 WARNING main_het_teleport_mw_rb_yb_rb_er Mw-to-Er teleportation trial 309 succeeded (completed=True, direct match=True, latency=4.9060605 seconds).
18,540,000,030,062,000 WARNING main_het_teleport_mw_rb_yb_rb_er Starting Mw-to-Er teleportation trial 310 at 18540000030062000.
18,600,000,030,062,000 WARNING main_het_teleport_mw_rb_yb_rb_er Mw-to-Er teleportation trial 310 succeeded (completed=True, direct match=True, latency=2.8179169375 seconds).
18,600,000,030,062,000 WARNING main_het_teleport_mw_rb_yb_rb_er Starting Mw-to-Er teleportation trial 311 at 18600000030062000.
18,660,000,030,062,000 WARNING main_het_teleport_mw_rb_yb_rb_er Mw-to-Er teleportation trial 311 failed (completed=True, direct match=False, latency=7.7564695625 seconds).
18,660,000,030,062,000 WARNING main_het_teleport_mw_rb_yb_rb_er Starting Mw-to-Er teleportation trial 312 at 18660000030062000.
18,720,000,030,062,000 WARNING main_het_teleport_mw_rb_yb_rb_er Mw-to-Er teleportation trial 312 succeeded (completed=True, direct match=True, latency=3.528525375 seconds).
18,720,000,030,062,000 WARNING main_het_teleport_mw_rb_yb_rb_er Starting Mw-to-Er teleportation trial 313 at 18720000030062000.
18,780,000,030,062,000 WARNING main_het_teleport_mw_rb_yb_rb_er Mw-to-Er teleportation trial 313 succeeded (completed=True, direct match=True, latency=7.042566 seconds).
18,780,000,030,062,000 WARNING main_het_teleport_mw_rb_yb_rb_er Starting Mw-to-Er teleportation trial 314 at 18780000030062000.
18,840,000,030,062,000 WARNING main_het_teleport_mw_rb_yb_rb_er Mw-to-Er teleportation trial 314 succeeded (completed=True, direct match=True, latency=6.9848436875 seconds).
18,840,000,030,062,000 WARNING main_het_teleport_mw_rb_yb_rb_er Starting Mw-to-Er teleportation trial 315 at 18840000030062000.
18,900,000,030,062,000 WARNING main_het_teleport_mw_rb_yb_rb_er Mw-to-Er teleportation trial 315 failed (completed=True, direct match=False, latency=3.53806075 seconds).
18,900,000,030,062,000 WARNING main_het_teleport_mw_rb_yb_rb_er Starting Mw-to-Er teleportation trial 316 at 18900000030062000.
18,960,000,030,062,000 WARNING main_het_teleport_mw_rb_yb_rb_er Mw-to-Er teleportation trial 316 failed (completed=True, direct match=False, latency=6.8945350625 seconds).
18,960,000,030,062,000 WARNING main_het_teleport_mw_rb_yb_rb_er Starting Mw-to-Er teleportation trial 317 at 18960000030062000.
19,020,000,030,062,000 WARNING main_het_teleport_mw_rb_yb_rb_er Mw-to-Er teleportation trial 317 succeeded (completed=True, direct match=True, latency=2.11354875 seconds).
19,020,000,030,062,000 WARNING main_het_teleport_mw_rb_yb_rb_er Starting Mw-to-Er teleportation trial 318 at 19020000030062000.
19,080,000,030,062,000 WARNING main_het_teleport_mw_rb_yb_rb_er Mw-to-Er teleportation trial 318 succeeded (completed=True, direct match=True, latency=6.314796875 seconds).
19,080,000,030,062,000 WARNING main_het_teleport_mw_rb_yb_rb_er Starting Mw-to-Er teleportation trial 319 at 19080000030062000.
19,140,000,030,062,000 WARNING main_het_teleport_mw_rb_yb_rb_er Mw-to-Er teleportation trial 319 failed (completed=True, direct match=False, latency=12.5782675 seconds).
19,140,000,030,062,000 WARNING main_het_teleport_mw_rb_yb_rb_er Starting Mw-to-Er teleportation trial 320 at 19140000030062000.
19,200,000,030,062,000 WARNING main_het_teleport_mw_rb_yb_rb_er Mw-to-Er teleportation trial 320 succeeded (completed=True, direct match=True, latency=5.6260293125 seconds).
19,200,000,030,062,000 WARNING main_het_teleport_mw_rb_yb_rb_er Starting Mw-to-Er teleportation trial 321 at 19200000030062000.
19,260,000,030,062,000 WARNING main_het_teleport_mw_rb_yb_rb_er Mw-to-Er teleportation trial 321 succeeded (completed=True, direct match=True, latency=9.11042875 seconds).
19,260,000,030,062,000 WARNING main_het_teleport_mw_rb_yb_rb_er Starting Mw-to-Er teleportation trial 322 at 19260000030062000.
19,320,000,030,062,000 WARNING main_het_teleport_mw_rb_yb_rb_er Mw-to-Er teleportation trial 322 failed (completed=True, direct match=False, latency=11.2673900625 seconds).
19,320,000,030,062,000 WARNING main_het_teleport_mw_rb_yb_rb_er Starting Mw-to-Er teleportation trial 323 at 19320000030062000.
19,380,000,030,062,000 WARNING main_het_teleport_mw_rb_yb_rb_er Mw-to-Er teleportation trial 323 failed (completed=True, direct match=False, latency=39.8957406875 seconds).
19,380,000,030,062,000 WARNING main_het_teleport_mw_rb_yb_rb_er Starting Mw-to-Er teleportation trial 324 at 19380000030062000.
19,440,000,030,062,000 WARNING main_het_teleport_mw_rb_yb_rb_er Mw-to-Er teleportation trial 324 succeeded (completed=True, direct match=True, latency=5.6166689375 seconds).
19,440,000,030,062,000 WARNING main_het_teleport_mw_rb_yb_rb_er Starting Mw-to-Er teleportation trial 325 at 19440000030062000.
19,500,000,030,062,000 WARNING main_het_teleport_mw_rb_yb_rb_er Mw-to-Er teleportation trial 325 succeeded (completed=True, direct match=True, latency=2.791395875 seconds).
19,500,000,030,062,000 WARNING main_het_teleport_mw_rb_yb_rb_er Starting Mw-to-Er teleportation trial 326 at 19500000030062000.
19,560,000,030,062,000 WARNING main_het_teleport_mw_rb_yb_rb_er Mw-to-Er teleportation trial 326 succeeded (completed=True, direct match=True, latency=9.057386625 seconds).
19,560,000,030,062,000 WARNING main_het_teleport_mw_rb_yb_rb_er Starting Mw-to-Er teleportation trial 327 at 19560000030062000.
19,620,000,030,062,000 WARNING main_het_teleport_mw_rb_yb_rb_er Mw-to-Er teleportation trial 327 succeeded (completed=True, direct match=True, latency=3.4957640625 seconds).
19,620,000,030,062,000 WARNING main_het_teleport_mw_rb_yb_rb_er Starting Mw-to-Er teleportation trial 328 at 19620000030062000.
19,680,000,030,062,000 WARNING main_het_teleport_mw_rb_yb_rb_er Mw-to-Er teleportation trial 328 failed (completed=True, direct match=False, latency=5.577667375 seconds).
19,680,000,030,062,000 WARNING main_het_teleport_mw_rb_yb_rb_er Starting Mw-to-Er teleportation trial 329 at 19680000030062000.
19,740,000,030,062,000 WARNING main_het_teleport_mw_rb_yb_rb_er Mw-to-Er teleportation trial 329 failed (completed=True, direct match=False, latency=9.9042862875 seconds).
19,740,000,030,062,000 WARNING main_het_teleport_mw_rb_yb_rb_er Starting Mw-to-Er teleportation trial 330 at 19740000030062000.
19,800,000,030,062,000 WARNING main_het_teleport_mw_rb_yb_rb_er Mw-to-Er teleportation trial 330 failed (completed=True, direct match=False, latency=22.161731 seconds).
19,800,000,030,062,000 WARNING main_het_teleport_mw_rb_yb_rb_er Starting Mw-to-Er teleportation trial 331 at 19800000030062000.
19,860,000,030,062,000 WARNING main_het_teleport_mw_rb_yb_rb_er Mw-to-Er teleportation trial 331 failed (completed=True, direct match=False, latency=7.0162199375 seconds).
19,860,000,030,062,000 WARNING main_het_teleport_mw_rb_yb_rb_er Starting Mw-to-Er teleportation trial 332 at 19860000030062000.
19,920,000,030,062,000 WARNING main_het_teleport_mw_rb_yb_rb_er Mw-to-Er teleportation trial 332 succeeded (completed=True, direct match=True, latency=14.689387 seconds).
19,920,000,030,062,000 WARNING main_het_teleport_mw_rb_yb_rb_er Starting Mw-to-Er teleportation trial 333 at 19920000030062000.
19,980,000,030,062,000 WARNING main_het_teleport_mw_rb_yb_rb_er Mw-to-Er teleportation trial 333 succeeded (completed=True, direct match=True, latency=6.342878 seconds).
19,980,000,030,062,000 WARNING main_het_teleport_mw_rb_yb_rb_er Starting Mw-to-Er teleportation trial 334 at 19980000030062000.
20,040,000,030,062,000 WARNING main_het_teleport_mw_rb_yb_rb_er Mw-to-Er teleportation trial 334 succeeded (completed=True, direct match=True, latency=7.72353325 seconds).
20,040,000,030,062,000 WARNING main_het_teleport_mw_rb_yb_rb_er Starting Mw-to-Er teleportation trial 335 at 20040000030062000.
20,100,000,030,062,000 WARNING main_het_teleport_mw_rb_yb_rb_er Mw-to-Er teleportation trial 335 succeeded (completed=True, direct match=True, latency=4.9559825 seconds).
20,100,000,030,062,000 WARNING main_het_teleport_mw_rb_yb_rb_er Starting Mw-to-Er teleportation trial 336 at 20100000030062000.
20,160,000,030,062,000 WARNING main_het_teleport_mw_rb_yb_rb_er Mw-to-Er teleportation trial 336 failed (completed=True, direct match=False, latency=8.3498983125 seconds).
20,160,000,030,062,000 WARNING main_het_teleport_mw_rb_yb_rb_er Starting Mw-to-Er teleportation trial 337 at 20160000030062000.
20,220,000,030,062,000 WARNING main_het_teleport_mw_rb_yb_rb_er Mw-to-Er teleportation trial 337 failed (completed=True, direct match=False, latency=4.9325815625 seconds).
20,220,000,030,062,000 WARNING main_het_teleport_mw_rb_yb_rb_er Starting Mw-to-Er teleportation trial 338 at 20220000030062000.
20,280,000,030,062,000 WARNING main_het_teleport_mw_rb_yb_rb_er Mw-to-Er teleportation trial 338 succeeded (completed=True, direct match=True, latency=6.995764125 seconds).
20,280,000,030,062,000 WARNING main_het_teleport_mw_rb_yb_rb_er Starting Mw-to-Er teleportation trial 339 at 20280000030062000.
20,340,000,030,062,000 WARNING main_het_teleport_mw_rb_yb_rb_er Mw-to-Er teleportation trial 339 succeeded (completed=True, direct match=True, latency=3.509804625 seconds).
20,340,000,030,062,000 WARNING main_het_teleport_mw_rb_yb_rb_er Starting Mw-to-Er teleportation trial 340 at 20340000030062000.
20,400,000,030,062,000 WARNING main_het_teleport_mw_rb_yb_rb_er Mw-to-Er teleportation trial 340 succeeded (completed=True, direct match=True, latency=6.3258923125 seconds).
20,400,000,030,062,000 WARNING main_het_teleport_mw_rb_yb_rb_er Starting Mw-to-Er teleportation trial 341 at 20400000030062000.
20,460,000,030,062,000 WARNING main_het_teleport_mw_rb_yb_rb_er Mw-to-Er teleportation trial 341 failed (completed=True, direct match=False, latency=8.4091806875 seconds).
20,460,000,030,062,000 WARNING main_het_teleport_mw_rb_yb_rb_er Starting Mw-to-Er teleportation trial 342 at 20460000030062000.
20,520,000,030,062,000 WARNING main_het_teleport_mw_rb_yb_rb_er Mw-to-Er teleportation trial 342 failed (completed=True, direct match=False, latency=3.5300854375 seconds).
20,520,000,030,062,000 WARNING main_het_teleport_mw_rb_yb_rb_er Starting Mw-to-Er teleportation trial 343 at 20520000030062000.
20,580,000,030,062,000 WARNING main_het_teleport_mw_rb_yb_rb_er Mw-to-Er teleportation trial 343 failed (completed=True, direct match=False, latency=5.1137238125 seconds).
20,580,000,030,062,000 WARNING main_het_teleport_mw_rb_yb_rb_er Starting Mw-to-Er teleportation trial 344 at 20580000030062000.
20,640,000,030,062,000 WARNING main_het_teleport_mw_rb_yb_rb_er Mw-to-Er teleportation trial 344 failed (completed=True, direct match=False, latency=2.8054364375 seconds).
20,640,000,030,062,000 WARNING main_het_teleport_mw_rb_yb_rb_er Starting Mw-to-Er teleportation trial 345 at 20640000030062000.
20,700,000,030,062,000 WARNING main_het_teleport_mw_rb_yb_rb_er Mw-to-Er teleportation trial 345 succeeded (completed=True, direct match=True, latency=6.3257173125 seconds).
20,700,000,030,062,000 WARNING main_het_teleport_mw_rb_yb_rb_er Starting Mw-to-Er teleportation trial 346 at 20700000030062000.
20,760,000,030,062,000 WARNING main_het_teleport_mw_rb_yb_rb_er Mw-to-Er teleportation trial 346 succeeded (completed=True, direct match=True, latency=9.1307095625 seconds).
20,760,000,030,062,000 WARNING main_het_teleport_mw_rb_yb_rb_er Starting Mw-to-Er teleportation trial 347 at 20760000030062000.
20,820,000,030,062,000 WARNING main_het_teleport_mw_rb_yb_rb_er Mw-to-Er teleportation trial 347 succeeded (completed=True, direct match=True, latency=4.2079325625 seconds).
20,820,000,030,062,000 WARNING main_het_teleport_mw_rb_yb_rb_er Starting Mw-to-Er teleportation trial 348 at 20820000030062000.
20,880,000,030,062,000 WARNING main_het_teleport_mw_rb_yb_rb_er Mw-to-Er teleportation trial 348 failed (completed=True, direct match=False, latency=13.3038765625 seconds).
20,880,000,030,062,000 WARNING main_het_teleport_mw_rb_yb_rb_er Starting Mw-to-Er teleportation trial 349 at 20880000030062000.
20,940,000,030,062,000 WARNING main_het_teleport_mw_rb_yb_rb_er Mw-to-Er teleportation trial 349 succeeded (completed=True, direct match=True, latency=4.2360136875 seconds).
20,940,000,030,062,000 WARNING main_het_teleport_mw_rb_yb_rb_er Starting Mw-to-Er teleportation trial 350 at 20940000030062000.
21,000,000,030,062,000 WARNING main_het_teleport_mw_rb_yb_rb_er Mw-to-Er teleportation trial 350 failed (completed=True, direct match=False, latency=9.84755825 seconds).
21,000,000,030,062,000 WARNING main_het_teleport_mw_rb_yb_rb_er Starting Mw-to-Er teleportation trial 351 at 21000000030062000.
21,074,665,027,879,914 WARNING main_het_teleport_mw_rb_yb_rb_er Mw-to-Er teleportation trial 351 succeeded (completed=True, direct match=True, latency=17.509804875 seconds).
21,074,665,027,879,914 WARNING main_het_teleport_mw_rb_yb_rb_er Starting Mw-to-Er teleportation trial 352 at 21074665027879914.
21,134,665,027,879,914 WARNING main_het_teleport_mw_rb_yb_rb_er Mw-to-Er teleportation trial 352 failed (completed=True, direct match=False, latency=10.523845319586 seconds).
21,134,665,027,879,914 WARNING main_het_teleport_mw_rb_yb_rb_er Starting Mw-to-Er teleportation trial 353 at 21134665027879914.
21,194,665,027,879,914 WARNING main_het_teleport_mw_rb_yb_rb_er Mw-to-Er teleportation trial 353 succeeded (completed=True, direct match=True, latency=1.424781194586 seconds).
21,194,665,027,879,914 WARNING main_het_teleport_mw_rb_yb_rb_er Starting Mw-to-Er teleportation trial 354 at 21194665027879914.
21,254,665,027,879,914 WARNING main_het_teleport_mw_rb_yb_rb_er Mw-to-Er teleportation trial 354 failed (completed=True, direct match=False, latency=10.488138882086 seconds).
21,254,665,027,879,914 WARNING main_het_teleport_mw_rb_yb_rb_er Starting Mw-to-Er teleportation trial 355 at 21254665027879914.
21,314,665,027,879,914 WARNING main_het_teleport_mw_rb_yb_rb_er Mw-to-Er teleportation trial 355 succeeded (completed=True, direct match=True, latency=5.616668944586 seconds).
21,314,665,027,879,914 WARNING main_het_teleport_mw_rb_yb_rb_er Starting Mw-to-Er teleportation trial 356 at 21314665027879914.
21,374,665,027,879,914 WARNING main_het_teleport_mw_rb_yb_rb_er Mw-to-Er teleportation trial 356 failed (completed=True, direct match=False, latency=11.938996944586 seconds).
21,374,665,027,879,914 WARNING main_het_teleport_mw_rb_yb_rb_er Starting Mw-to-Er teleportation trial 357 at 21374665027879914.
21,434,665,027,879,914 WARNING main_het_teleport_mw_rb_yb_rb_er Mw-to-Er teleportation trial 357 succeeded (completed=True, direct match=True, latency=6.228993444586 seconds).
21,434,665,027,879,914 WARNING main_het_teleport_mw_rb_yb_rb_er Starting Mw-to-Er teleportation trial 358 at 21434665027879914.
21,494,665,027,879,914 WARNING main_het_teleport_mw_rb_yb_rb_er Mw-to-Er teleportation trial 358 succeeded (completed=True, direct match=True, latency=7.698572257086 seconds).
21,494,665,027,879,914 WARNING main_het_teleport_mw_rb_yb_rb_er Starting Mw-to-Er teleportation trial 359 at 21494665027879914.
21,554,665,027,879,914 WARNING main_het_teleport_mw_rb_yb_rb_er Mw-to-Er teleportation trial 359 failed (completed=True, direct match=False, latency=23.176126632086 seconds).
21,554,665,027,879,914 WARNING main_het_teleport_mw_rb_yb_rb_er Starting Mw-to-Er teleportation trial 360 at 21554665027879914.
21,614,665,027,879,914 WARNING main_het_teleport_mw_rb_yb_rb_er Mw-to-Er teleportation trial 360 succeeded (completed=True, direct match=True, latency=5.562066757086 seconds).
21,614,665,027,879,914 WARNING main_het_teleport_mw_rb_yb_rb_er Starting Mw-to-Er teleportation trial 361 at 21614665027879914.
21,674,665,027,879,914 WARNING main_het_teleport_mw_rb_yb_rb_er Mw-to-Er teleportation trial 361 succeeded (completed=True, direct match=True, latency=9.109043694586 seconds).
21,674,665,027,879,914 WARNING main_het_teleport_mw_rb_yb_rb_er Starting Mw-to-Er teleportation trial 362 at 21674665027879914.
21,734,665,027,879,914 WARNING main_het_teleport_mw_rb_yb_rb_er Mw-to-Er teleportation trial 362 succeeded (completed=True, direct match=True, latency=6.347558194586 seconds).
21,734,665,027,879,914 WARNING main_het_teleport_mw_rb_yb_rb_er Starting Mw-to-Er teleportation trial 363 at 21734665027879914.
21,794,665,027,879,914 WARNING main_het_teleport_mw_rb_yb_rb_er Mw-to-Er teleportation trial 363 succeeded (completed=True, direct match=True, latency=8.485798757086 seconds).
21,794,665,027,879,914 WARNING main_het_teleport_mw_rb_yb_rb_er Starting Mw-to-Er teleportation trial 364 at 21794665027879914.
21,854,665,027,879,914 WARNING main_het_teleport_mw_rb_yb_rb_er Mw-to-Er teleportation trial 364 failed (completed=True, direct match=False, latency=4.888899819586 seconds).
21,854,665,027,879,914 WARNING main_het_teleport_mw_rb_yb_rb_er Starting Mw-to-Er teleportation trial 365 at 21854665027879914.
21,914,665,027,879,914 WARNING main_het_teleport_mw_rb_yb_rb_er Mw-to-Er teleportation trial 365 succeeded (completed=True, direct match=True, latency=12.595003194586 seconds).
21,914,665,027,879,914 WARNING main_het_teleport_mw_rb_yb_rb_er Starting Mw-to-Er teleportation trial 366 at 21914665027879914.
21,974,665,027,879,914 WARNING main_het_teleport_mw_rb_yb_rb_er Mw-to-Er teleportation trial 366 succeeded (completed=True, direct match=True, latency=22.421661444586 seconds).
21,974,665,027,879,914 WARNING main_het_teleport_mw_rb_yb_rb_er Starting Mw-to-Er teleportation trial 367 at 21974665027879914.
22,034,665,027,879,914 WARNING main_het_teleport_mw_rb_yb_rb_er Mw-to-Er teleportation trial 367 succeeded (completed=True, direct match=True, latency=5.661910757086 seconds).
22,034,665,027,879,914 WARNING main_het_teleport_mw_rb_yb_rb_er Starting Mw-to-Er teleportation trial 368 at 22034665027879914.
22,094,665,027,879,914 WARNING main_het_teleport_mw_rb_yb_rb_er Mw-to-Er teleportation trial 368 failed (completed=True, direct match=False, latency=10.453642507086 seconds).
22,094,665,027,879,914 WARNING main_het_teleport_mw_rb_yb_rb_er Starting Mw-to-Er teleportation trial 369 at 22094665027879914.
22,154,665,027,879,914 WARNING main_het_teleport_mw_rb_yb_rb_er Mw-to-Er teleportation trial 369 succeeded (completed=True, direct match=True, latency=4.220413069586 seconds).
22,154,665,027,879,914 WARNING main_het_teleport_mw_rb_yb_rb_er Starting Mw-to-Er teleportation trial 370 at 22154665027879914.
22,214,665,027,879,914 WARNING main_het_teleport_mw_rb_yb_rb_er Mw-to-Er teleportation trial 370 succeeded (completed=True, direct match=True, latency=2.822597132086 seconds).
22,214,665,027,879,914 WARNING main_het_teleport_mw_rb_yb_rb_er Starting Mw-to-Er teleportation trial 371 at 22214665027879914.
22,274,665,027,879,914 WARNING main_het_teleport_mw_rb_yb_rb_er Mw-to-Er teleportation trial 371 succeeded (completed=True, direct match=True, latency=7.000444319586 seconds).
22,274,665,027,879,914 WARNING main_het_teleport_mw_rb_yb_rb_er Starting Mw-to-Er teleportation trial 372 at 22274665027879914.
22,334,665,027,879,914 WARNING main_het_teleport_mw_rb_yb_rb_er Mw-to-Er teleportation trial 372 succeeded (completed=True, direct match=True, latency=6.341317944586 seconds).
22,334,665,027,879,914 WARNING main_het_teleport_mw_rb_yb_rb_er Starting Mw-to-Er teleportation trial 373 at 22334665027879914.
22,394,665,027,879,914 WARNING main_het_teleport_mw_rb_yb_rb_er Mw-to-Er teleportation trial 373 succeeded (completed=True, direct match=True, latency=9.767995069586 seconds).
22,394,665,027,879,914 WARNING main_het_teleport_mw_rb_yb_rb_er Starting Mw-to-Er teleportation trial 374 at 22394665027879914.
22,454,665,027,879,914 WARNING main_het_teleport_mw_rb_yb_rb_er Mw-to-Er teleportation trial 374 failed (completed=True, direct match=False, latency=3.505124444586 seconds).
22,454,665,027,879,914 WARNING main_het_teleport_mw_rb_yb_rb_er Starting Mw-to-Er teleportation trial 375 at 22454665027879914.
22,514,665,027,879,914 WARNING main_het_teleport_mw_rb_yb_rb_er Mw-to-Er teleportation trial 375 failed (completed=True, direct match=False, latency=9.115108944586 seconds).
22,514,665,027,879,914 WARNING main_het_teleport_mw_rb_yb_rb_er Starting Mw-to-Er teleportation trial 376 at 22514665027879914.
22,574,665,027,879,914 WARNING main_het_teleport_mw_rb_yb_rb_er Mw-to-Er teleportation trial 376 failed (completed=True, direct match=False, latency=2.819477007086 seconds).
22,574,665,027,879,914 WARNING main_het_teleport_mw_rb_yb_rb_er Starting Mw-to-Er teleportation trial 377 at 22574665027879914.
22,634,665,027,879,914 WARNING main_het_teleport_mw_rb_yb_rb_er Mw-to-Er teleportation trial 377 succeeded (completed=True, direct match=True, latency=8.443677069586 seconds).
22,634,665,027,879,914 WARNING main_het_teleport_mw_rb_yb_rb_er Starting Mw-to-Er teleportation trial 378 at 22634665027879914.
22,694,665,027,879,914 WARNING main_het_teleport_mw_rb_yb_rb_er Mw-to-Er teleportation trial 378 succeeded (completed=True, direct match=True, latency=4.229773444586 seconds).
22,694,665,027,879,914 WARNING main_het_teleport_mw_rb_yb_rb_er Starting Mw-to-Er teleportation trial 379 at 22694665027879914.
22,754,665,027,879,914 WARNING main_het_teleport_mw_rb_yb_rb_er Mw-to-Er teleportation trial 379 succeeded (completed=True, direct match=True, latency=8.323552257086 seconds).
22,754,665,027,879,914 WARNING main_het_teleport_mw_rb_yb_rb_er Starting Mw-to-Er teleportation trial 380 at 22754665027879914.
22,814,665,027,879,914 WARNING main_het_teleport_mw_rb_yb_rb_er Mw-to-Er teleportation trial 380 succeeded (completed=True, direct match=True, latency=6.305436507086 seconds).
22,814,665,027,879,914 WARNING main_het_teleport_mw_rb_yb_rb_er Starting Mw-to-Er teleportation trial 381 at 22814665027879914.
22,874,665,027,879,914 WARNING main_het_teleport_mw_rb_yb_rb_er Mw-to-Er teleportation trial 381 failed (completed=True, direct match=False, latency=7.729773507086 seconds).
22,874,665,027,879,914 WARNING main_het_teleport_mw_rb_yb_rb_er Starting Mw-to-Er teleportation trial 382 at 22874665027879914.
22,934,665,027,879,914 WARNING main_het_teleport_mw_rb_yb_rb_er Mw-to-Er teleportation trial 382 failed (completed=True, direct match=False, latency=9.710639194586 seconds).
22,934,665,027,879,914 WARNING main_het_teleport_mw_rb_yb_rb_er Starting Mw-to-Er teleportation trial 383 at 22934665027879914.
22,994,665,027,879,914 WARNING main_het_teleport_mw_rb_yb_rb_er Mw-to-Er teleportation trial 383 failed (completed=True, direct match=False, latency=12.621349257086 seconds).
22,994,665,027,879,914 WARNING main_het_teleport_mw_rb_yb_rb_er Starting Mw-to-Er teleportation trial 384 at 22994665027879914.
23,054,665,027,879,914 WARNING main_het_teleport_mw_rb_yb_rb_er Mw-to-Er teleportation trial 384 succeeded (completed=True, direct match=True, latency=10.474098319586 seconds).
23,054,665,027,879,914 WARNING main_het_teleport_mw_rb_yb_rb_er Starting Mw-to-Er teleportation trial 385 at 23054665027879914.
23,114,665,027,879,914 WARNING main_het_teleport_mw_rb_yb_rb_er Mw-to-Er teleportation trial 385 failed (completed=True, direct match=False, latency=6.325892319586 seconds).
23,114,665,027,879,914 WARNING main_het_teleport_mw_rb_yb_rb_er Starting Mw-to-Er teleportation trial 386 at 23114665027879914.
23,174,665,027,879,914 WARNING main_het_teleport_mw_rb_yb_rb_er Mw-to-Er teleportation trial 386 succeeded (completed=True, direct match=True, latency=9.111988819586 seconds).
23,174,665,027,879,914 WARNING main_het_teleport_mw_rb_yb_rb_er Starting Mw-to-Er teleportation trial 387 at 23174665027879914.
23,234,665,027,879,914 WARNING main_het_teleport_mw_rb_yb_rb_er Mw-to-Er teleportation trial 387 succeeded (completed=True, direct match=True, latency=5.605748507086 seconds).
23,234,665,027,879,914 WARNING main_het_teleport_mw_rb_yb_rb_er Starting Mw-to-Er teleportation trial 388 at 23234665027879914.
23,294,665,027,879,914 WARNING main_het_teleport_mw_rb_yb_rb_er Mw-to-Er teleportation trial 388 succeeded (completed=True, direct match=True, latency=4.924781257086 seconds).
23,294,665,027,879,914 WARNING main_het_teleport_mw_rb_yb_rb_er Starting Mw-to-Er teleportation trial 389 at 23294665027879914.
23,354,665,027,879,914 WARNING main_het_teleport_mw_rb_yb_rb_er Mw-to-Er teleportation trial 389 failed (completed=True, direct match=False, latency=17.994379257086 seconds).
23,354,665,027,879,914 WARNING main_het_teleport_mw_rb_yb_rb_er Starting Mw-to-Er teleportation trial 390 at 23354665027879914.
23,414,665,027,879,914 WARNING main_het_teleport_mw_rb_yb_rb_er Mw-to-Er teleportation trial 390 succeeded (completed=True, direct match=True, latency=6.261754757086 seconds).
23,414,665,027,879,914 WARNING main_het_teleport_mw_rb_yb_rb_er Starting Mw-to-Er teleportation trial 391 at 23414665027879914.
23,474,665,027,879,914 WARNING main_het_teleport_mw_rb_yb_rb_er Mw-to-Er teleportation trial 391 failed (completed=True, direct match=False, latency=8.426516382086 seconds).
23,474,665,027,879,914 WARNING main_het_teleport_mw_rb_yb_rb_er Starting Mw-to-Er teleportation trial 392 at 23474665027879914.
23,534,665,027,879,914 WARNING main_het_teleport_mw_rb_yb_rb_er Mw-to-Er teleportation trial 392 succeeded (completed=True, direct match=True, latency=4.212612757086 seconds).
23,534,665,027,879,914 WARNING main_het_teleport_mw_rb_yb_rb_er Starting Mw-to-Er teleportation trial 393 at 23534665027879914.
23,594,665,027,879,914 WARNING main_het_teleport_mw_rb_yb_rb_er Mw-to-Er teleportation trial 393 succeeded (completed=True, direct match=True, latency=9.794516132086 seconds).
23,594,665,027,879,914 WARNING main_het_teleport_mw_rb_yb_rb_er Starting Mw-to-Er teleportation trial 394 at 23594665027879914.
23,654,665,027,879,914 WARNING main_het_teleport_mw_rb_yb_rb_er Mw-to-Er teleportation trial 394 succeeded (completed=True, direct match=True, latency=2.835077632086 seconds).
23,654,665,027,879,914 WARNING main_het_teleport_mw_rb_yb_rb_er Starting Mw-to-Er teleportation trial 395 at 23654665027879914.
23,714,665,027,879,914 WARNING main_het_teleport_mw_rb_yb_rb_er Mw-to-Er teleportation trial 395 failed (completed=True, direct match=False, latency=8.434141694586 seconds).
23,714,665,027,879,914 WARNING main_het_teleport_mw_rb_yb_rb_er Starting Mw-to-Er teleportation trial 396 at 23714665027879914.
23,774,665,027,879,914 WARNING main_het_teleport_mw_rb_yb_rb_er Mw-to-Er teleportation trial 396 succeeded (completed=True, direct match=True, latency=14.497924319586 seconds).
23,774,665,027,879,914 WARNING main_het_teleport_mw_rb_yb_rb_er Starting Mw-to-Er teleportation trial 397 at 23774665027879914.
23,834,665,027,879,914 WARNING main_het_teleport_mw_rb_yb_rb_er Mw-to-Er teleportation trial 397 succeeded (completed=True, direct match=True, latency=5.604188444586 seconds).
23,834,665,027,879,914 WARNING main_het_teleport_mw_rb_yb_rb_er Starting Mw-to-Er teleportation trial 398 at 23834665027879914.
23,894,665,027,879,914 WARNING main_het_teleport_mw_rb_yb_rb_er Mw-to-Er teleportation trial 398 succeeded (completed=True, direct match=True, latency=8.409355694586 seconds).
23,894,665,027,879,914 WARNING main_het_teleport_mw_rb_yb_rb_er Starting Mw-to-Er teleportation trial 399 at 23894665027879914.
23,954,665,027,879,914 WARNING main_het_teleport_mw_rb_yb_rb_er Mw-to-Er teleportation trial 399 succeeded (completed=True, direct match=True, latency=3.526965319586 seconds).
23,954,665,027,879,914 WARNING main_het_teleport_mw_rb_yb_rb_er Starting Mw-to-Er teleportation trial 400 at 23954665027879914.
24,014,665,027,879,914 WARNING main_het_teleport_mw_rb_yb_rb_er Mw-to-Er teleportation trial 400 succeeded (completed=True, direct match=True, latency=2.799196194586 seconds).
24,014,665,027,879,914 WARNING main_het_teleport_mw_rb_yb_rb_er Starting Mw-to-Er teleportation trial 401 at 24014665027879914.
24,074,665,027,879,914 WARNING main_het_teleport_mw_rb_yb_rb_er Mw-to-Er teleportation trial 401 succeeded (completed=True, direct match=True, latency=4.951302319586 seconds).
24,074,665,027,879,914 WARNING main_het_teleport_mw_rb_yb_rb_er Starting Mw-to-Er teleportation trial 402 at 24074665027879914.
24,134,665,027,879,914 WARNING main_het_teleport_mw_rb_yb_rb_er Mw-to-Er teleportation trial 402 succeeded (completed=True, direct match=True, latency=2.146310069586 seconds).
24,134,665,027,879,914 WARNING main_het_teleport_mw_rb_yb_rb_er Starting Mw-to-Er teleportation trial 403 at 24134665027879914.
24,194,665,027,879,914 WARNING main_het_teleport_mw_rb_yb_rb_er Mw-to-Er teleportation trial 403 succeeded (completed=True, direct match=True, latency=6.265049882086 seconds).
24,194,665,027,879,914 WARNING main_het_teleport_mw_rb_yb_rb_er Starting Mw-to-Er teleportation trial 404 at 24194665027879914.
24,254,665,027,879,914 WARNING main_het_teleport_mw_rb_yb_rb_er Mw-to-Er teleportation trial 404 succeeded (completed=True, direct match=True, latency=4.200132257086 seconds).
24,254,665,027,879,914 WARNING main_het_teleport_mw_rb_yb_rb_er Starting Mw-to-Er teleportation trial 405 at 24254665027879914.
24,314,665,027,879,914 WARNING main_het_teleport_mw_rb_yb_rb_er Mw-to-Er teleportation trial 405 succeeded (completed=True, direct match=True, latency=6.296076132086 seconds).
24,314,665,027,879,914 WARNING main_het_teleport_mw_rb_yb_rb_er Starting Mw-to-Er teleportation trial 406 at 24314665027879914.
24,374,665,027,879,914 WARNING main_het_teleport_mw_rb_yb_rb_er Mw-to-Er teleportation trial 406 failed (completed=True, direct match=False, latency=4.195452069586 seconds).
24,374,665,027,879,914 WARNING main_het_teleport_mw_rb_yb_rb_er Starting Mw-to-Er teleportation trial 407 at 24374665027879914.
24,434,665,027,879,914 WARNING main_het_teleport_mw_rb_yb_rb_er Mw-to-Er teleportation trial 407 failed (completed=True, direct match=False, latency=16.998704382086 seconds).
24,434,665,027,879,914 WARNING main_het_teleport_mw_rb_yb_rb_er Starting Mw-to-Er teleportation trial 408 at 24434665027879914.
24,494,665,027,879,914 WARNING main_het_teleport_mw_rb_yb_rb_er Mw-to-Er teleportation trial 408 succeeded (completed=True, direct match=True, latency=4.197012132086 seconds).
24,494,665,027,879,914 WARNING main_het_teleport_mw_rb_yb_rb_er Starting Mw-to-Er teleportation trial 409 at 24494665027879914.
24,554,665,027,879,914 WARNING main_het_teleport_mw_rb_yb_rb_er Mw-to-Er teleportation trial 409 failed (completed=True, direct match=False, latency=5.143390957086 seconds).
24,554,665,027,879,914 WARNING main_het_teleport_mw_rb_yb_rb_er Starting Mw-to-Er teleportation trial 410 at 24554665027879914.
24,614,665,027,879,914 WARNING main_het_teleport_mw_rb_yb_rb_er Mw-to-Er teleportation trial 410 succeeded (completed=True, direct match=True, latency=6.317917007086 seconds).
24,614,665,027,879,914 WARNING main_het_teleport_mw_rb_yb_rb_er Starting Mw-to-Er teleportation trial 411 at 24614665027879914.
24,674,665,027,879,914 WARNING main_het_teleport_mw_rb_yb_rb_er Mw-to-Er teleportation trial 411 succeeded (completed=True, direct match=True, latency=5.565611882086 seconds).
24,674,665,027,879,914 WARNING main_het_teleport_mw_rb_yb_rb_er Starting Mw-to-Er teleportation trial 412 at 24674665027879914.
24,734,665,027,879,914 WARNING main_het_teleport_mw_rb_yb_rb_er Mw-to-Er teleportation trial 412 failed (completed=True, direct match=False, latency=7.729773507086 seconds).
24,734,665,027,879,914 WARNING main_het_teleport_mw_rb_yb_rb_er Starting Mw-to-Er teleportation trial 413 at 24734665027879914.
24,794,665,027,879,914 WARNING main_het_teleport_mw_rb_yb_rb_er Mw-to-Er teleportation trial 413 succeeded (completed=True, direct match=True, latency=16.808556819586 seconds).
24,794,665,027,879,914 WARNING main_het_teleport_mw_rb_yb_rb_er Starting Mw-to-Er teleportation trial 414 at 24794665027879914.
24,854,665,027,879,914 WARNING main_het_teleport_mw_rb_yb_rb_er Mw-to-Er teleportation trial 414 succeeded (completed=True, direct match=True, latency=9.122909257086 seconds).
24,854,665,027,879,914 WARNING main_het_teleport_mw_rb_yb_rb_er Starting Mw-to-Er teleportation trial 415 at 24854665027879914.
24,914,665,027,879,914 WARNING main_het_teleport_mw_rb_yb_rb_er Mw-to-Er teleportation trial 415 failed (completed=True, direct match=False, latency=6.304051444586 seconds).
24,914,665,027,879,914 WARNING main_het_teleport_mw_rb_yb_rb_er Starting Mw-to-Er teleportation trial 416 at 24914665027879914.
24,974,665,027,879,914 WARNING main_het_teleport_mw_rb_yb_rb_er Mw-to-Er teleportation trial 416 succeeded (completed=True, direct match=True, latency=2.803876382086 seconds).
24,974,665,027,879,914 WARNING main_het_teleport_mw_rb_yb_rb_er Starting Mw-to-Er teleportation trial 417 at 24974665027879914.
25,034,665,027,879,914 WARNING main_het_teleport_mw_rb_yb_rb_er Mw-to-Er teleportation trial 417 succeeded (completed=True, direct match=True, latency=7.034765694586 seconds).
25,034,665,027,879,914 WARNING main_het_teleport_mw_rb_yb_rb_er Starting Mw-to-Er teleportation trial 418 at 25034665027879914.
25,094,665,027,879,914 WARNING main_het_teleport_mw_rb_yb_rb_er Mw-to-Er teleportation trial 418 succeeded (completed=True, direct match=True, latency=2.821037069586 seconds).
25,094,665,027,879,914 WARNING main_het_teleport_mw_rb_yb_rb_er Starting Mw-to-Er teleportation trial 419 at 25094665027879914.
25,154,665,027,879,914 WARNING main_het_teleport_mw_rb_yb_rb_er Mw-to-Er teleportation trial 419 succeeded (completed=True, direct match=True, latency=7.014484882086 seconds).
25,154,665,027,879,914 WARNING main_het_teleport_mw_rb_yb_rb_er Starting Mw-to-Er teleportation trial 420 at 25154665027879914.
25,214,665,027,879,914 WARNING main_het_teleport_mw_rb_yb_rb_er Mw-to-Er teleportation trial 420 failed (completed=True, direct match=False, latency=11.214172944586 seconds).
25,214,665,027,879,914 WARNING main_het_teleport_mw_rb_yb_rb_er Starting Mw-to-Er teleportation trial 421 at 25214665027879914.
25,274,665,027,879,914 WARNING main_het_teleport_mw_rb_yb_rb_er Mw-to-Er teleportation trial 421 succeeded (completed=True, direct match=True, latency=3.623417794586 seconds).
25,274,665,027,879,914 WARNING main_het_teleport_mw_rb_yb_rb_er Starting Mw-to-Er teleportation trial 422 at 25274665027879914.
25,334,665,027,879,914 WARNING main_het_teleport_mw_rb_yb_rb_er Mw-to-Er teleportation trial 422 succeeded (completed=True, direct match=True, latency=6.260194694586 seconds).
25,334,665,027,879,914 WARNING main_het_teleport_mw_rb_yb_rb_er Starting Mw-to-Er teleportation trial 423 at 25334665027879914.
25,394,665,027,879,914 WARNING main_het_teleport_mw_rb_yb_rb_er Mw-to-Er teleportation trial 423 succeeded (completed=True, direct match=True, latency=4.201692319586 seconds).
25,394,665,027,879,914 WARNING main_het_teleport_mw_rb_yb_rb_er Starting Mw-to-Er teleportation trial 424 at 25394665027879914.
25,454,665,027,879,914 WARNING main_het_teleport_mw_rb_yb_rb_er Mw-to-Er teleportation trial 424 succeeded (completed=True, direct match=True, latency=6.292956007086 seconds).
25,454,665,027,879,914 WARNING main_het_teleport_mw_rb_yb_rb_er Starting Mw-to-Er teleportation trial 425 at 25454665027879914.
25,514,665,027,879,914 WARNING main_het_teleport_mw_rb_yb_rb_er Mw-to-Er teleportation trial 425 failed (completed=True, direct match=False, latency=2.791395882086 seconds).
25,514,665,027,879,914 WARNING main_het_teleport_mw_rb_yb_rb_er Starting Mw-to-Er teleportation trial 426 at 25514665027879914.
25,574,665,027,879,914 WARNING main_het_teleport_mw_rb_yb_rb_er Mw-to-Er teleportation trial 426 failed (completed=True, direct match=False, latency=4.209667632086 seconds).
25,574,665,027,879,914 WARNING main_het_teleport_mw_rb_yb_rb_er Starting Mw-to-Er teleportation trial 427 at 25574665027879914.
25,634,665,027,879,914 WARNING main_het_teleport_mw_rb_yb_rb_er Mw-to-Er teleportation trial 427 failed (completed=True, direct match=False, latency=5.613548819586 seconds).
25,634,665,027,879,914 WARNING main_het_teleport_mw_rb_yb_rb_er Starting Mw-to-Er teleportation trial 428 at 25634665027879914.
25,694,665,027,879,914 WARNING main_het_teleport_mw_rb_yb_rb_er Mw-to-Er teleportation trial 428 succeeded (completed=True, direct match=True, latency=4.207932569586 seconds).
25,694,665,027,879,914 WARNING main_het_teleport_mw_rb_yb_rb_er Starting Mw-to-Er teleportation trial 429 at 25694665027879914.
25,754,665,027,879,914 WARNING main_het_teleport_mw_rb_yb_rb_er Mw-to-Er teleportation trial 429 succeeded (completed=True, direct match=True, latency=1.421661069586 seconds).
25,754,665,027,879,914 WARNING main_het_teleport_mw_rb_yb_rb_er Starting Mw-to-Er teleportation trial 430 at 25754665027879914.
25,814,665,027,879,914 WARNING main_het_teleport_mw_rb_yb_rb_er Mw-to-Er teleportation trial 430 failed (completed=True, direct match=False, latency=6.998884257086 seconds).
25,814,665,027,879,914 WARNING main_het_teleport_mw_rb_yb_rb_er Starting Mw-to-Er teleportation trial 431 at 25814665027879914.
25,874,665,027,879,914 WARNING main_het_teleport_mw_rb_yb_rb_er Mw-to-Er teleportation trial 431 succeeded (completed=True, direct match=True, latency=4.870179069586 seconds).
25,874,665,027,879,914 WARNING main_het_teleport_mw_rb_yb_rb_er Starting Mw-to-Er teleportation trial 432 at 25874665027879914.
25,934,665,027,879,914 WARNING main_het_teleport_mw_rb_yb_rb_er Mw-to-Er teleportation trial 432 succeeded (completed=True, direct match=True, latency=4.218853007086 seconds).
25,934,665,027,879,914 WARNING main_het_teleport_mw_rb_yb_rb_er Starting Mw-to-Er teleportation trial 433 at 25934665027879914.
25,994,665,027,879,914 WARNING main_het_teleport_mw_rb_yb_rb_er Mw-to-Er teleportation trial 433 succeeded (completed=True, direct match=True, latency=7.715732944586 seconds).
25,994,665,027,879,914 WARNING main_het_teleport_mw_rb_yb_rb_er Starting Mw-to-Er teleportation trial 434 at 25994665027879914.
26,054,665,027,879,914 WARNING main_het_teleport_mw_rb_yb_rb_er Mw-to-Er teleportation trial 434 succeeded (completed=True, direct match=True, latency=12.608868757086 seconds).
26,054,665,027,879,914 WARNING main_het_teleport_mw_rb_yb_rb_er Starting Mw-to-Er teleportation trial 435 at 26054665027879914.
26,114,665,027,879,914 WARNING main_het_teleport_mw_rb_yb_rb_er Mw-to-Er teleportation trial 435 succeeded (completed=True, direct match=True, latency=9.062066819586 seconds).
26,114,665,027,879,914 WARNING main_het_teleport_mw_rb_yb_rb_er Starting Mw-to-Er teleportation trial 436 at 26114665027879914.
26,174,665,027,879,914 WARNING main_het_teleport_mw_rb_yb_rb_er Mw-to-Er teleportation trial 436 succeeded (completed=True, direct match=True, latency=9.119789132086 seconds).
26,174,665,027,879,914 WARNING main_het_teleport_mw_rb_yb_rb_er Starting Mw-to-Er teleportation trial 437 at 26174665027879914.
26,234,665,027,879,914 WARNING main_het_teleport_mw_rb_yb_rb_er Mw-to-Er teleportation trial 437 failed (completed=True, direct match=False, latency=9.244594132086 seconds).
26,234,665,027,879,914 WARNING main_het_teleport_mw_rb_yb_rb_er Starting Mw-to-Er teleportation trial 438 at 26234665027879914.
26,294,665,027,879,914 WARNING main_het_teleport_mw_rb_yb_rb_er Mw-to-Er teleportation trial 438 succeeded (completed=True, direct match=True, latency=11.058166694586 seconds).
26,294,665,027,879,914 WARNING main_het_teleport_mw_rb_yb_rb_er Starting Mw-to-Er teleportation trial 439 at 26294665027879914.
26,354,665,027,879,914 WARNING main_het_teleport_mw_rb_yb_rb_er Mw-to-Er teleportation trial 439 succeeded (completed=True, direct match=True, latency=5.599508257086 seconds).
26,354,665,027,879,914 WARNING main_het_teleport_mw_rb_yb_rb_er Starting Mw-to-Er teleportation trial 440 at 26354665027879914.
26,414,665,027,879,914 WARNING main_het_teleport_mw_rb_yb_rb_er Mw-to-Er teleportation trial 440 succeeded (completed=True, direct match=True, latency=8.416981007086 seconds).
26,414,665,027,879,914 WARNING main_het_teleport_mw_rb_yb_rb_er Starting Mw-to-Er teleportation trial 441 at 26414665027879914.
26,474,665,027,879,914 WARNING main_het_teleport_mw_rb_yb_rb_er Mw-to-Er teleportation trial 441 succeeded (completed=True, direct match=True, latency=5.704032444586 seconds).
26,474,665,027,879,914 WARNING main_het_teleport_mw_rb_yb_rb_er Starting Mw-to-Er teleportation trial 442 at 26474665027879914.
26,534,665,027,879,914 WARNING main_het_teleport_mw_rb_yb_rb_er Mw-to-Er teleportation trial 442 succeeded (completed=True, direct match=True, latency=13.241649069586 seconds).
26,534,665,027,879,914 WARNING main_het_teleport_mw_rb_yb_rb_er Starting Mw-to-Er teleportation trial 443 at 26534665027879914.
26,594,665,027,879,914 WARNING main_het_teleport_mw_rb_yb_rb_er Mw-to-Er teleportation trial 443 succeeded (completed=True, direct match=True, latency=7.687651819586 seconds).
26,594,665,027,879,914 WARNING main_het_teleport_mw_rb_yb_rb_er Starting Mw-to-Er teleportation trial 444 at 26594665027879914.
26,654,665,027,879,914 WARNING main_het_teleport_mw_rb_yb_rb_er Mw-to-Er teleportation trial 444 failed (completed=True, direct match=False, latency=7.020725132086 seconds).
26,654,665,027,879,914 WARNING main_het_teleport_mw_rb_yb_rb_er Starting Mw-to-Er teleportation trial 445 at 26654665027879914.
26,714,665,027,879,914 WARNING main_het_teleport_mw_rb_yb_rb_er Mw-to-Er teleportation trial 445 succeeded (completed=True, direct match=True, latency=12.636949882086 seconds).
26,714,665,027,879,914 WARNING main_het_teleport_mw_rb_yb_rb_er Starting Mw-to-Er teleportation trial 446 at 26714665027879914.
26,774,665,027,879,914 WARNING main_het_teleport_mw_rb_yb_rb_er Mw-to-Er teleportation trial 446 succeeded (completed=True, direct match=True, latency=6.980163507086 seconds).
26,774,665,027,879,914 WARNING main_het_teleport_mw_rb_yb_rb_er Starting Mw-to-Er teleportation trial 447 at 26774665027879914.
26,834,665,027,879,914 WARNING main_het_teleport_mw_rb_yb_rb_er Mw-to-Er teleportation trial 447 succeeded (completed=True, direct match=True, latency=6.322597194586 seconds).
26,834,665,027,879,914 WARNING main_het_teleport_mw_rb_yb_rb_er Starting Mw-to-Er teleportation trial 448 at 26834665027879914.
26,894,665,027,879,914 WARNING main_het_teleport_mw_rb_yb_rb_er Mw-to-Er teleportation trial 448 succeeded (completed=True, direct match=True, latency=2.852238319586 seconds).
26,894,665,027,879,914 WARNING main_het_teleport_mw_rb_yb_rb_er Starting Mw-to-Er teleportation trial 449 at 26894665027879914.
26,954,665,027,879,914 WARNING main_het_teleport_mw_rb_yb_rb_er Mw-to-Er teleportation trial 449 succeeded (completed=True, direct match=True, latency=4.918541007086 seconds).
26,954,665,027,879,914 WARNING main_het_teleport_mw_rb_yb_rb_er Starting Mw-to-Er teleportation trial 450 at 26954665027879914.
27,014,665,027,879,914 WARNING main_het_teleport_mw_rb_yb_rb_er Mw-to-Er teleportation trial 450 succeeded (completed=True, direct match=True, latency=6.306996569586 seconds).
27,014,665,027,879,914 WARNING main_het_teleport_mw_rb_yb_rb_er Starting Mw-to-Er teleportation trial 451 at 27014665027879914.
27,074,665,027,879,914 WARNING main_het_teleport_mw_rb_yb_rb_er Mw-to-Er teleportation trial 451 succeeded (completed=True, direct match=True, latency=2.838622757086 seconds).
27,074,665,027,879,914 WARNING main_het_teleport_mw_rb_yb_rb_er Starting Mw-to-Er teleportation trial 452 at 27074665027879914.
27,134,665,027,879,914 WARNING main_het_teleport_mw_rb_yb_rb_er Mw-to-Er teleportation trial 452 succeeded (completed=True, direct match=True, latency=3.463002757086 seconds).
27,134,665,027,879,914 WARNING main_het_teleport_mw_rb_yb_rb_er Starting Mw-to-Er teleportation trial 453 at 27134665027879914.
27,194,665,027,879,914 WARNING main_het_teleport_mw_rb_yb_rb_er Mw-to-Er teleportation trial 453 succeeded (completed=True, direct match=True, latency=4.240693882086 seconds).
27,194,665,027,879,914 WARNING main_het_teleport_mw_rb_yb_rb_er Starting Mw-to-Er teleportation trial 454 at 27194665027879914.
27,254,665,027,879,914 WARNING main_het_teleport_mw_rb_yb_rb_er Mw-to-Er teleportation trial 454 succeeded (completed=True, direct match=True, latency=6.308556632086 seconds).
27,254,665,027,879,914 WARNING main_het_teleport_mw_rb_yb_rb_er Starting Mw-to-Er teleportation trial 455 at 27254665027879914.
27,314,665,027,879,914 WARNING main_het_teleport_mw_rb_yb_rb_er Mw-to-Er teleportation trial 455 succeeded (completed=True, direct match=True, latency=6.286715757086 seconds).
27,314,665,027,879,914 WARNING main_het_teleport_mw_rb_yb_rb_er Starting Mw-to-Er teleportation trial 456 at 27314665027879914.
27,374,665,027,879,914 WARNING main_het_teleport_mw_rb_yb_rb_er Mw-to-Er teleportation trial 456 failed (completed=True, direct match=False, latency=9.771115194586 seconds).
27,374,665,027,879,914 WARNING main_het_teleport_mw_rb_yb_rb_er Starting Mw-to-Er teleportation trial 457 at 27374665027879914.
27,434,665,027,879,914 WARNING main_het_teleport_mw_rb_yb_rb_er Mw-to-Er teleportation trial 457 failed (completed=True, direct match=False, latency=10.695933257086 seconds).
27,434,665,027,879,914 WARNING main_het_teleport_mw_rb_yb_rb_er Starting Mw-to-Er teleportation trial 458 at 27434665027879914.
27,494,665,027,879,914 WARNING main_het_teleport_mw_rb_yb_rb_er Mw-to-Er teleportation trial 458 succeeded (completed=True, direct match=True, latency=5.583907632086 seconds).
27,494,665,027,879,914 WARNING main_het_teleport_mw_rb_yb_rb_er Starting Mw-to-Er teleportation trial 459 at 27494665027879914.
27,554,665,027,879,914 WARNING main_het_teleport_mw_rb_yb_rb_er Mw-to-Er teleportation trial 459 succeeded (completed=True, direct match=True, latency=10.547246257086 seconds).
27,554,665,027,879,914 WARNING main_het_teleport_mw_rb_yb_rb_er Starting Mw-to-Er teleportation trial 460 at 27554665027879914.
27,614,665,027,879,914 WARNING main_het_teleport_mw_rb_yb_rb_er Mw-to-Er teleportation trial 460 succeeded (completed=True, direct match=True, latency=4.934141632086 seconds).
27,614,665,027,879,914 WARNING main_het_teleport_mw_rb_yb_rb_er Starting Mw-to-Er teleportation trial 461 at 27614665027879914.
27,674,665,027,879,914 WARNING main_het_teleport_mw_rb_yb_rb_er Mw-to-Er teleportation trial 461 succeeded (completed=True, direct match=True, latency=3.517604944586 seconds).
27,674,665,027,879,914 WARNING main_het_teleport_mw_rb_yb_rb_er Starting Mw-to-Er teleportation trial 462 at 27674665027879914.
27,734,665,027,879,914 WARNING main_het_teleport_mw_rb_yb_rb_er Mw-to-Er teleportation trial 462 succeeded (completed=True, direct match=True, latency=16.618404194586 seconds).
27,734,665,027,879,914 WARNING main_het_teleport_mw_rb_yb_rb_er Starting Mw-to-Er teleportation trial 463 at 27734665027879914.
27,794,665,027,879,914 WARNING main_het_teleport_mw_rb_yb_rb_er Mw-to-Er teleportation trial 463 succeeded (completed=True, direct match=True, latency=9.111988819586 seconds).
27,794,665,027,879,914 WARNING main_het_teleport_mw_rb_yb_rb_er Starting Mw-to-Er teleportation trial 464 at 27794665027879914.
27,854,665,027,879,914 WARNING main_het_teleport_mw_rb_yb_rb_er Mw-to-Er teleportation trial 464 succeeded (completed=True, direct match=True, latency=16.152975569586 seconds).
27,854,665,027,879,914 WARNING main_het_teleport_mw_rb_yb_rb_er Starting Mw-to-Er teleportation trial 465 at 27854665027879914.
27,914,665,027,879,914 WARNING main_het_teleport_mw_rb_yb_rb_er Mw-to-Er teleportation trial 465 succeeded (completed=True, direct match=True, latency=3.505124444586 seconds).
27,914,665,027,879,914 WARNING main_het_teleport_mw_rb_yb_rb_er Starting Mw-to-Er teleportation trial 466 at 27914665027879914.
27,974,665,027,879,914 WARNING main_het_teleport_mw_rb_yb_rb_er Mw-to-Er teleportation trial 466 succeeded (completed=True, direct match=True, latency=20.306996819586 seconds).
27,974,665,027,879,914 WARNING main_het_teleport_mw_rb_yb_rb_er Starting Mw-to-Er teleportation trial 467 at 27974665027879914.
28,034,665,027,879,914 WARNING main_het_teleport_mw_rb_yb_rb_er Mw-to-Er teleportation trial 467 succeeded (completed=True, direct match=True, latency=22.240869194586 seconds).
28,034,665,027,879,914 WARNING main_het_teleport_mw_rb_yb_rb_er Starting Mw-to-Er teleportation trial 468 at 28034665027879914.
28,094,665,027,879,914 WARNING main_het_teleport_mw_rb_yb_rb_er Mw-to-Er teleportation trial 468 succeeded (completed=True, direct match=True, latency=5.616668944586 seconds).
28,094,665,027,879,914 WARNING main_het_teleport_mw_rb_yb_rb_er Starting Mw-to-Er teleportation trial 469 at 28094665027879914.
28,154,665,027,879,914 WARNING main_het_teleport_mw_rb_yb_rb_er Mw-to-Er teleportation trial 469 failed (completed=True, direct match=False, latency=5.607308569586 seconds).
28,154,665,027,879,914 WARNING main_het_teleport_mw_rb_yb_rb_er Starting Mw-to-Er teleportation trial 470 at 28154665027879914.
28,214,665,027,879,914 WARNING main_het_teleport_mw_rb_yb_rb_er Mw-to-Er teleportation trial 470 succeeded (completed=True, direct match=True, latency=14.709492819586 seconds).
28,214,665,027,879,914 WARNING main_het_teleport_mw_rb_yb_rb_er Starting Mw-to-Er teleportation trial 471 at 28214665027879914.
28,274,665,027,879,914 WARNING main_het_teleport_mw_rb_yb_rb_er Mw-to-Er teleportation trial 471 succeeded (completed=True, direct match=True, latency=3.528525382086 seconds).
28,274,665,027,879,914 WARNING main_het_teleport_mw_rb_yb_rb_er Starting Mw-to-Er teleportation trial 472 at 28274665027879914.
28,334,665,027,879,914 WARNING main_het_teleport_mw_rb_yb_rb_er Mw-to-Er teleportation trial 472 failed (completed=True, direct match=False, latency=7.736013757086 seconds).
28,334,665,027,879,914 WARNING main_het_teleport_mw_rb_yb_rb_er Starting Mw-to-Er teleportation trial 473 at 28334665027879914.
28,394,665,027,879,914 WARNING main_het_teleport_mw_rb_yb_rb_er Mw-to-Er teleportation trial 473 failed (completed=True, direct match=False, latency=4.935876694586 seconds).
28,394,665,027,879,914 WARNING main_het_teleport_mw_rb_yb_rb_er Starting Mw-to-Er teleportation trial 474 at 28394665027879914.
28,454,665,027,879,914 WARNING main_het_teleport_mw_rb_yb_rb_er Mw-to-Er teleportation trial 474 succeeded (completed=True, direct match=True, latency=8.420101132086 seconds).
28,454,665,027,879,914 WARNING main_het_teleport_mw_rb_yb_rb_er Starting Mw-to-Er teleportation trial 475 at 28454665027879914.
28,514,665,027,879,914 WARNING main_het_teleport_mw_rb_yb_rb_er Mw-to-Er teleportation trial 475 failed (completed=True, direct match=False, latency=6.368014007086 seconds).
28,514,665,027,879,914 WARNING main_het_teleport_mw_rb_yb_rb_er Starting Mw-to-Er teleportation trial 476 at 28514665027879914.
28,574,665,027,879,914 WARNING main_het_teleport_mw_rb_yb_rb_er Mw-to-Er teleportation trial 476 succeeded (completed=True, direct match=True, latency=7.650210319586 seconds).
28,574,665,027,879,914 WARNING main_het_teleport_mw_rb_yb_rb_er Starting Mw-to-Er teleportation trial 477 at 28574665027879914.
28,634,665,027,879,914 WARNING main_het_teleport_mw_rb_yb_rb_er Mw-to-Er teleportation trial 477 succeeded (completed=True, direct match=True, latency=4.926341319586 seconds).
28,634,665,027,879,914 WARNING main_het_teleport_mw_rb_yb_rb_er Starting Mw-to-Er teleportation trial 478 at 28634665027879914.
28,694,665,027,879,914 WARNING main_het_teleport_mw_rb_yb_rb_er Mw-to-Er teleportation trial 478 succeeded (completed=True, direct match=True, latency=4.888899819586 seconds).
28,694,665,027,879,914 WARNING main_het_teleport_mw_rb_yb_rb_er Starting Mw-to-Er teleportation trial 479 at 28694665027879914.
28,754,665,027,879,914 WARNING main_het_teleport_mw_rb_yb_rb_er Mw-to-Er teleportation trial 479 succeeded (completed=True, direct match=True, latency=5.630709507086 seconds).
28,754,665,027,879,914 WARNING main_het_teleport_mw_rb_yb_rb_er Starting Mw-to-Er teleportation trial 480 at 28754665027879914.
28,814,665,027,879,914 WARNING main_het_teleport_mw_rb_yb_rb_er Mw-to-Er teleportation trial 480 failed (completed=True, direct match=False, latency=4.198572194586 seconds).
28,814,665,027,879,914 WARNING main_het_teleport_mw_rb_yb_rb_er Starting Mw-to-Er teleportation trial 481 at 28814665027879914.
28,874,665,027,879,914 WARNING main_het_teleport_mw_rb_yb_rb_er Mw-to-Er teleportation trial 481 succeeded (completed=True, direct match=True, latency=8.415420944586 seconds).
28,874,665,027,879,914 WARNING main_het_teleport_mw_rb_yb_rb_er Starting Mw-to-Er teleportation trial 482 at 28874665027879914.
28,934,665,027,879,914 WARNING main_het_teleport_mw_rb_yb_rb_er Mw-to-Er teleportation trial 482 failed (completed=True, direct match=False, latency=7.693892069586 seconds).
28,934,665,027,879,914 WARNING main_het_teleport_mw_rb_yb_rb_er Starting Mw-to-Er teleportation trial 483 at 28934665027879914.
28,994,665,027,879,914 WARNING main_het_teleport_mw_rb_yb_rb_er Mw-to-Er teleportation trial 483 succeeded (completed=True, direct match=True, latency=5.647870194586 seconds).
28,994,665,027,879,914 WARNING main_het_teleport_mw_rb_yb_rb_er Starting Mw-to-Er teleportation trial 484 at 28994665027879914.
29,054,665,027,879,914 WARNING main_het_teleport_mw_rb_yb_rb_er Mw-to-Er teleportation trial 484 succeeded (completed=True, direct match=True, latency=2.077667319586 seconds).
29,054,665,027,879,914 WARNING main_het_teleport_mw_rb_yb_rb_er Starting Mw-to-Er teleportation trial 485 at 29054665027879914.
29,114,665,027,879,914 WARNING main_het_teleport_mw_rb_yb_rb_er Mw-to-Er teleportation trial 485 failed (completed=True, direct match=False, latency=6.317917007086 seconds).
29,114,665,027,879,914 WARNING main_het_teleport_mw_rb_yb_rb_er Starting Mw-to-Er teleportation trial 486 at 29114665027879914.
29,174,665,027,879,914 WARNING main_het_teleport_mw_rb_yb_rb_er Mw-to-Er teleportation trial 486 succeeded (completed=True, direct match=True, latency=4.221973132086 seconds).
29,174,665,027,879,914 WARNING main_het_teleport_mw_rb_yb_rb_er Starting Mw-to-Er teleportation trial 487 at 29174665027879914.
29,234,665,027,879,914 WARNING main_het_teleport_mw_rb_yb_rb_er Mw-to-Er teleportation trial 487 succeeded (completed=True, direct match=True, latency=6.316356944586 seconds).
29,234,665,027,879,914 WARNING main_het_teleport_mw_rb_yb_rb_er Starting Mw-to-Er teleportation trial 488 at 29234665027879914.
29,294,665,027,879,914 WARNING main_het_teleport_mw_rb_yb_rb_er Mw-to-Er teleportation trial 488 failed (completed=True, direct match=False, latency=16.792956194586 seconds).
29,294,665,027,879,914 WARNING main_het_teleport_mw_rb_yb_rb_er Starting Mw-to-Er teleportation trial 489 at 29294665027879914.
29,354,665,027,879,914 WARNING main_het_teleport_mw_rb_yb_rb_er Mw-to-Er teleportation trial 489 succeeded (completed=True, direct match=True, latency=2.780475444586 seconds).
29,354,665,027,879,914 WARNING main_het_teleport_mw_rb_yb_rb_er Starting Mw-to-Er teleportation trial 490 at 29354665027879914.
29,414,665,027,879,914 WARNING main_het_teleport_mw_rb_yb_rb_er Mw-to-Er teleportation trial 490 succeeded (completed=True, direct match=True, latency=9.116669007086 seconds).
29,414,665,027,879,914 WARNING main_het_teleport_mw_rb_yb_rb_er Starting Mw-to-Er teleportation trial 491 at 29414665027879914.
29,474,665,027,879,914 WARNING main_het_teleport_mw_rb_yb_rb_er Mw-to-Er teleportation trial 491 succeeded (completed=True, direct match=True, latency=3.506859507086 seconds).
29,474,665,027,879,914 WARNING main_het_teleport_mw_rb_yb_rb_er Starting Mw-to-Er teleportation trial 492 at 29474665027879914.
29,534,665,027,879,914 WARNING main_het_teleport_mw_rb_yb_rb_er Mw-to-Er teleportation trial 492 succeeded (completed=True, direct match=True, latency=7.717293007086 seconds).
29,534,665,027,879,914 WARNING main_het_teleport_mw_rb_yb_rb_er Starting Mw-to-Er teleportation trial 493 at 29534665027879914.
29,594,665,027,879,914 WARNING main_het_teleport_mw_rb_yb_rb_er Mw-to-Er teleportation trial 493 succeeded (completed=True, direct match=True, latency=5.635389694586 seconds).
29,594,665,027,879,914 WARNING main_het_teleport_mw_rb_yb_rb_er Starting Mw-to-Er teleportation trial 494 at 29594665027879914.
29,654,665,027,879,914 WARNING main_het_teleport_mw_rb_yb_rb_er Mw-to-Er teleportation trial 494 succeeded (completed=True, direct match=True, latency=6.311676757086 seconds).
29,654,665,027,879,914 WARNING main_het_teleport_mw_rb_yb_rb_er Starting Mw-to-Er teleportation trial 495 at 29654665027879914.
29,714,665,027,879,914 WARNING main_het_teleport_mw_rb_yb_rb_er Mw-to-Er teleportation trial 495 succeeded (completed=True, direct match=True, latency=2.813411757086 seconds).
29,714,665,027,879,914 WARNING main_het_teleport_mw_rb_yb_rb_er Starting Mw-to-Er teleportation trial 496 at 29714665027879914.
29,774,665,027,879,914 WARNING main_het_teleport_mw_rb_yb_rb_er Mw-to-Er teleportation trial 496 succeeded (completed=True, direct match=True, latency=4.920101069586 seconds).
29,774,665,027,879,914 WARNING main_het_teleport_mw_rb_yb_rb_er Starting Mw-to-Er teleportation trial 497 at 29774665027879914.
29,834,665,027,879,914 WARNING main_het_teleport_mw_rb_yb_rb_er Mw-to-Er teleportation trial 497 succeeded (completed=True, direct match=True, latency=9.789835944586 seconds).
29,834,665,027,879,914 WARNING main_het_teleport_mw_rb_yb_rb_er Starting Mw-to-Er teleportation trial 498 at 29834665027879914.
29,894,665,027,879,914 WARNING main_het_teleport_mw_rb_yb_rb_er Mw-to-Er teleportation trial 498 succeeded (completed=True, direct match=True, latency=11.764269944586 seconds).
29,894,665,027,879,914 WARNING main_het_teleport_mw_rb_yb_rb_er Starting Mw-to-Er teleportation trial 499 at 29894665027879914.
29,954,665,027,879,914 WARNING main_het_teleport_mw_rb_yb_rb_er Mw-to-Er teleportation trial 499 succeeded (completed=True, direct match=True, latency=3.539445819586 seconds).
29,954,665,027,879,914 WARNING main_het_teleport_mw_rb_yb_rb_er Starting Mw-to-Er teleportation trial 500 at 29954665027879914.
30,014,665,027,879,914 WARNING main_het_teleport_mw_rb_yb_rb_er Mw-to-Er teleportation trial 500 failed (completed=True, direct match=False, latency=10.541356007086 seconds).
30,014,665,027,879,914 WARNING main_het_teleport_mw_rb_yb_rb_er Raw teleport fidelity by direct comparison: 350/500 (70.00%)
30,014,665,027,879,914 WARNING main_het_teleport_mw_rb_yb_rb_er Teleport fidelity after Rb measurement, Mw measurement, and gate losses: 65.70% (operation fidelity factor=0.9386304)
30,014,665,027,879,914 WARNING main_het_teleport_mw_rb_yb_rb_er Average teleport latency: 7.720584537 seconds over 499 completed trials
