0                    WARNING main_het_teleport_mw_rb_yb_rb_er Starting Mw-to-Er teleportation trial 1 at 0.
60,000,000,000,000   WARNING main_het_teleport_mw_rb_yb_rb_er Mw-to-Er teleportation trial 1 failed (completed=True, direct match=False, latency=2.649430187 seconds).
60,000,000,000,000   WARNING main_het_teleport_mw_rb_yb_rb_er Starting Mw-to-Er teleportation trial 2 at 60000000000000.
120,000,000,000,000  WARNING main_het_teleport_mw_rb_yb_rb_er Mw-to-Er teleportation trial 2 failed (completed=True, direct match=False, latency=4.4696664745 seconds).
120,000,000,000,000  WARNING main_het_teleport_mw_rb_yb_rb_er Starting Mw-to-Er teleportation trial 3 at 120000000000000.
180,000,000,000,000  WARNING main_het_teleport_mw_rb_yb_rb_er Mw-to-Er teleportation trial 3 succeeded (completed=True, direct match=True, latency=7.0082446245 seconds).
180,000,000,000,000  WARNING main_het_teleport_mw_rb_yb_rb_er Starting Mw-to-Er teleportation trial 4 at 180000000000000.
240,000,000,000,000  WARNING main_het_teleport_mw_rb_yb_rb_er Mw-to-Er teleportation trial 4 succeeded (completed=True, direct match=True, latency=6.310116687 seconds).
240,000,000,000,000  WARNING main_het_teleport_mw_rb_yb_rb_er Starting Mw-to-Er teleportation trial 5 at 240000000000000.
300,000,000,000,000  WARNING main_het_teleport_mw_rb_yb_rb_er Mw-to-Er teleportation trial 5 succeeded (completed=True, direct match=True, latency=5.566746937 seconds).
300,000,000,000,000  WARNING main_het_teleport_mw_rb_yb_rb_er Starting Mw-to-Er teleportation trial 6 at 300000000000000.
360,000,000,000,000  WARNING main_het_teleport_mw_rb_yb_rb_er Mw-to-Er teleportation trial 6 succeeded (completed=True, direct match=True, latency=7.022285187 seconds).
360,000,000,000,000  WARNING main_het_teleport_mw_rb_yb_rb_er Starting Mw-to-Er teleportation trial 7 at 360000000000000.
420,000,000,000,000  WARNING main_het_teleport_mw_rb_yb_rb_er Mw-to-Er teleportation trial 7 succeeded (completed=True, direct match=True, latency=4.2313334995 seconds).
420,000,000,000,000  WARNING main_het_teleport_mw_rb_yb_rb_er Starting Mw-to-Er teleportation trial 8 at 420000000000000.
480,000,000,000,000  WARNING main_het_teleport_mw_rb_yb_rb_er Mw-to-Er teleportation trial 8 succeeded (completed=True, direct match=True, latency=1.3888997495 seconds).
480,000,000,000,000  WARNING main_het_teleport_mw_rb_yb_rb_er Starting Mw-to-Er teleportation trial 9 at 480000000000000.
540,000,000,000,000  WARNING main_het_teleport_mw_rb_yb_rb_er Mw-to-Er teleportation trial 9 succeeded (completed=True, direct match=True, latency=11.2126128745 seconds).
540,000,000,000,000  WARNING main_het_teleport_mw_rb_yb_rb_er Starting Mw-to-Er teleportation trial 10 at 540000000000000.
600,000,000,000,000  WARNING main_het_teleport_mw_rb_yb_rb_er Mw-to-Er teleportation trial 10 succeeded (completed=True, direct match=True, latency=11.220588187 seconds).
600,000,000,000,000  WARNING main_het_teleport_mw_rb_yb_rb_er Starting Mw-to-Er teleportation trial 11 at 600000000000000.
660,000,000,000,000  WARNING main_het_teleport_mw_rb_yb_rb_er Mw-to-Er teleportation trial 11 failed (completed=True, direct match=False, latency=2.811676687 seconds).
660,000,000,000,000  WARNING main_het_teleport_mw_rb_yb_rb_er Starting Mw-to-Er teleportation trial 12 at 660000000000000.
720,000,000,000,000  WARNING main_het_teleport_mw_rb_yb_rb_er Mw-to-Er teleportation trial 12 failed (completed=True, direct match=False, latency=13.2993713745 seconds).
720,000,000,000,000  WARNING main_het_teleport_mw_rb_yb_rb_er Starting Mw-to-Er teleportation trial 13 at 720000000000000.
780,000,000,000,000  WARNING main_het_teleport_mw_rb_yb_rb_er Mw-to-Er teleportation trial 13 succeeded (completed=True, direct match=True, latency=4.9435019995 seconds).
780,000,000,000,000  WARNING main_het_teleport_mw_rb_yb_rb_er Starting Mw-to-Er teleportation trial 14 at 780000000000000.
840,000,000,000,000  WARNING main_het_teleport_mw_rb_yb_rb_er Mw-to-Er teleportation trial 14 failed (completed=True, direct match=False, latency=3.5191649995 seconds).
840,000,000,000,000  WARNING main_het_teleport_mw_rb_yb_rb_er Starting Mw-to-Er teleportation trial 15 at 840000000000000.
900,000,000,000,000  WARNING main_het_teleport_mw_rb_yb_rb_er Mw-to-Er teleportation trial 15 succeeded (completed=True, direct match=True, latency=11.211052812 seconds).
900,000,000,000,000  WARNING main_het_teleport_mw_rb_yb_rb_er Starting Mw-to-Er teleportation trial 16 at 900000000000000.
960,000,000,000,000  WARNING main_het_teleport_mw_rb_yb_rb_er Mw-to-Er teleportation trial 16 succeeded (completed=True, direct match=True, latency=9.777355437 seconds).
960,000,000,000,000  WARNING main_het_teleport_mw_rb_yb_rb_er Starting Mw-to-Er teleportation trial 17 at 960000000000000.
1,020,000,000,000,000 WARNING main_het_teleport_mw_rb_yb_rb_er Mw-to-Er teleportation trial 17 succeeded (completed=True, direct match=True, latency=3.5503662495 seconds).
1,020,000,000,000,000 WARNING main_het_teleport_mw_rb_yb_rb_er Starting Mw-to-Er teleportation trial 18 at 1020000000000000.
1,080,000,000,000,000 WARNING main_het_teleport_mw_rb_yb_rb_er Mw-to-Er teleportation trial 18 succeeded (completed=True, direct match=True, latency=10.5193401245 seconds).
1,080,000,000,000,000 WARNING main_het_teleport_mw_rb_yb_rb_er Starting Mw-to-Er teleportation trial 19 at 1080000000000000.
1,140,000,000,000,000 WARNING main_het_teleport_mw_rb_yb_rb_er Mw-to-Er teleportation trial 19 succeeded (completed=True, direct match=True, latency=5.554266437 seconds).
1,140,000,000,000,000 WARNING main_het_teleport_mw_rb_yb_rb_er Starting Mw-to-Er teleportation trial 20 at 1140000000000000.
1,200,000,000,000,000 WARNING main_het_teleport_mw_rb_yb_rb_er Mw-to-Er teleportation trial 20 succeeded (completed=True, direct match=True, latency=4.916980937 seconds).
1,200,000,000,000,000 WARNING main_het_teleport_mw_rb_yb_rb_er Starting Mw-to-Er teleportation trial 21 at 1200000000000000.
1,260,000,000,000,000 WARNING main_het_teleport_mw_rb_yb_rb_er Mw-to-Er teleportation trial 21 succeeded (completed=True, direct match=True, latency=5.619789062 seconds).
1,260,000,000,000,000 WARNING main_het_teleport_mw_rb_yb_rb_er Starting Mw-to-Er teleportation trial 22 at 1260000000000000.
1,320,000,000,000,000 WARNING main_het_teleport_mw_rb_yb_rb_er Mw-to-Er teleportation trial 22 succeeded (completed=True, direct match=True, latency=9.8381978745 seconds).
1,320,000,000,000,000 WARNING main_het_teleport_mw_rb_yb_rb_er Starting Mw-to-Er teleportation trial 23 at 1320000000000000.
1,380,000,000,000,000 WARNING main_het_teleport_mw_rb_yb_rb_er Mw-to-Er teleportation trial 23 succeeded (completed=True, direct match=True, latency=2.8631587495 seconds).
1,380,000,000,000,000 WARNING main_het_teleport_mw_rb_yb_rb_er Starting Mw-to-Er teleportation trial 24 at 1380000000000000.
1,440,000,000,000,000 WARNING main_het_teleport_mw_rb_yb_rb_er Mw-to-Er teleportation trial 24 succeeded (completed=True, direct match=True, latency=4.9279013745 seconds).
1,440,000,000,000,000 WARNING main_het_teleport_mw_rb_yb_rb_er Starting Mw-to-Er teleportation trial 25 at 1440000000000000.
1,500,000,000,000,000 WARNING main_het_teleport_mw_rb_yb_rb_er Mw-to-Er teleportation trial 25 succeeded (completed=True, direct match=True, latency=12.619789187 seconds).
1,500,000,000,000,000 WARNING main_het_teleport_mw_rb_yb_rb_er Starting Mw-to-Er teleportation trial 26 at 1500000000000000.
1,560,000,000,000,000 WARNING main_het_teleport_mw_rb_yb_rb_er Mw-to-Er teleportation trial 26 succeeded (completed=True, direct match=True, latency=3.508244562 seconds).
1,560,000,000,000,000 WARNING main_het_teleport_mw_rb_yb_rb_er Starting Mw-to-Er teleportation trial 27 at 1560000000000000.
1,620,000,000,000,000 WARNING main_het_teleport_mw_rb_yb_rb_er Mw-to-Er teleportation trial 27 failed (completed=True, direct match=False, latency=10.5821676245 seconds).
1,620,000,000,000,000 WARNING main_het_teleport_mw_rb_yb_rb_er Starting Mw-to-Er teleportation trial 28 at 1620000000000000.
1,680,000,000,000,000 WARNING main_het_teleport_mw_rb_yb_rb_er Mw-to-Er teleportation trial 28 succeeded (completed=True, direct match=True, latency=3.511364687 seconds).
1,680,000,000,000,000 WARNING main_het_teleport_mw_rb_yb_rb_er Starting Mw-to-Er teleportation trial 29 at 1680000000000000.
1,740,000,000,000,000 WARNING main_het_teleport_mw_rb_yb_rb_er Mw-to-Er teleportation trial 29 succeeded (completed=True, direct match=True, latency=4.2438139995 seconds).
1,740,000,000,000,000 WARNING main_het_teleport_mw_rb_yb_rb_er Starting Mw-to-Er teleportation trial 30 at 1740000000000000.
1,800,000,000,000,000 WARNING main_het_teleport_mw_rb_yb_rb_er Mw-to-Er teleportation trial 30 succeeded (completed=True, direct match=True, latency=10.4567626245 seconds).
1,800,000,000,000,000 WARNING main_het_teleport_mw_rb_yb_rb_er Starting Mw-to-Er teleportation trial 31 at 1800000000000000.
1,860,000,000,000,000 WARNING main_het_teleport_mw_rb_yb_rb_er Mw-to-Er teleportation trial 31 failed (completed=True, direct match=False, latency=9.3354078745 seconds).
1,860,000,000,000,000 WARNING main_het_teleport_mw_rb_yb_rb_er Starting Mw-to-Er teleportation trial 32 at 1860000000000000.
1,920,000,000,000,000 WARNING main_het_teleport_mw_rb_yb_rb_er Mw-to-Er teleportation trial 32 succeeded (completed=True, direct match=True, latency=3.523845187 seconds).
1,920,000,000,000,000 WARNING main_het_teleport_mw_rb_yb_rb_er Starting Mw-to-Er teleportation trial 33 at 1920000000000000.
1,980,000,000,000,000 WARNING main_het_teleport_mw_rb_yb_rb_er Mw-to-Er teleportation trial 33 succeeded (completed=True, direct match=True, latency=4.9653428745 seconds).
1,980,000,000,000,000 WARNING main_het_teleport_mw_rb_yb_rb_er Starting Mw-to-Er teleportation trial 34 at 1980000000000000.
2,040,000,000,000,000 WARNING main_het_teleport_mw_rb_yb_rb_er Mw-to-Er teleportation trial 34 failed (completed=True, direct match=False, latency=9.8352527495 seconds).
2,040,000,000,000,000 WARNING main_het_teleport_mw_rb_yb_rb_er Starting Mw-to-Er teleportation trial 35 at 2040000000000000.
2,100,000,000,000,000 WARNING main_het_teleport_mw_rb_yb_rb_er Mw-to-Er teleportation trial 35 failed (completed=True, direct match=False, latency=14.0020044995 seconds).
2,100,000,000,000,000 WARNING main_het_teleport_mw_rb_yb_rb_er Starting Mw-to-Er teleportation trial 36 at 2100000000000000.
2,160,000,000,000,000 WARNING main_het_teleport_mw_rb_yb_rb_er Mw-to-Er teleportation trial 36 succeeded (completed=True, direct match=True, latency=7.6829716245 seconds).
2,160,000,000,000,000 WARNING main_het_teleport_mw_rb_yb_rb_er Starting Mw-to-Er teleportation trial 37 at 2160000000000000.
2,220,000,000,000,000 WARNING main_het_teleport_mw_rb_yb_rb_er Mw-to-Er teleportation trial 37 failed (completed=True, direct match=False, latency=10.5129248745 seconds).
2,220,000,000,000,000 WARNING main_het_teleport_mw_rb_yb_rb_er Starting Mw-to-Er teleportation trial 38 at 2220000000000000.
2,280,000,000,000,000 WARNING main_het_teleport_mw_rb_yb_rb_er Mw-to-Er teleportation trial 38 succeeded (completed=True, direct match=True, latency=4.242253937 seconds).
2,280,000,000,000,000 WARNING main_het_teleport_mw_rb_yb_rb_er Starting Mw-to-Er teleportation trial 39 at 2280000000000000.
2,340,000,000,000,000 WARNING main_het_teleport_mw_rb_yb_rb_er Mw-to-Er teleportation trial 39 succeeded (completed=True, direct match=True, latency=4.298416187 seconds).
2,340,000,000,000,000 WARNING main_het_teleport_mw_rb_yb_rb_er Starting Mw-to-Er teleportation trial 40 at 2340000000000000.
2,400,000,000,000,000 WARNING main_het_teleport_mw_rb_yb_rb_er Mw-to-Er teleportation trial 40 succeeded (completed=True, direct match=True, latency=9.814796937 seconds).
2,400,000,000,000,000 WARNING main_het_teleport_mw_rb_yb_rb_er Starting Mw-to-Er teleportation trial 41 at 2400000000000000.
2,460,000,000,000,000 WARNING main_het_teleport_mw_rb_yb_rb_er Mw-to-Er teleportation trial 41 succeeded (completed=True, direct match=True, latency=3.5846876245 seconds).
2,460,000,000,000,000 WARNING main_het_teleport_mw_rb_yb_rb_er Starting Mw-to-Er teleportation trial 42 at 2460000000000000.
2,520,000,000,000,000 WARNING main_het_teleport_mw_rb_yb_rb_er Mw-to-Er teleportation trial 42 failed (completed=True, direct match=False, latency=4.9123007495 seconds).
2,520,000,000,000,000 WARNING main_het_teleport_mw_rb_yb_rb_er Starting Mw-to-Er teleportation trial 43 at 2520000000000000.
2,580,000,000,000,000 WARNING main_het_teleport_mw_rb_yb_rb_er Mw-to-Er teleportation trial 43 succeeded (completed=True, direct match=True, latency=5.626029312 seconds).
2,580,000,000,000,000 WARNING main_het_teleport_mw_rb_yb_rb_er Starting Mw-to-Er teleportation trial 44 at 2580000000000000.
2,640,000,000,000,000 WARNING main_het_teleport_mw_rb_yb_rb_er Mw-to-Er teleportation trial 44 failed (completed=True, direct match=False, latency=6.3212121245 seconds).
2,640,000,000,000,000 WARNING main_het_teleport_mw_rb_yb_rb_er Starting Mw-to-Er teleportation trial 45 at 2640000000000000.
2,700,000,000,000,000 WARNING main_het_teleport_mw_rb_yb_rb_er Mw-to-Er teleportation trial 45 succeeded (completed=True, direct match=True, latency=2.827277312 seconds).
2,700,000,000,000,000 WARNING main_het_teleport_mw_rb_yb_rb_er Starting Mw-to-Er teleportation trial 46 at 2700000000000000.
2,760,000,000,000,000 WARNING main_het_teleport_mw_rb_yb_rb_er Mw-to-Er teleportation trial 46 succeeded (completed=True, direct match=True, latency=7.0741922495 seconds).
2,760,000,000,000,000 WARNING main_het_teleport_mw_rb_yb_rb_er Starting Mw-to-Er teleportation trial 47 at 2760000000000000.
2,820,000,000,000,000 WARNING main_het_teleport_mw_rb_yb_rb_er Mw-to-Er teleportation trial 47 failed (completed=True, direct match=False, latency=6.3180919995 seconds).
2,820,000,000,000,000 WARNING main_het_teleport_mw_rb_yb_rb_er Starting Mw-to-Er teleportation trial 48 at 2820000000000000.
2,880,000,000,000,000 WARNING main_het_teleport_mw_rb_yb_rb_er Mw-to-Er teleportation trial 48 succeeded (completed=True, direct match=True, latency=6.3085566245 seconds).
2,880,000,000,000,000 WARNING main_het_teleport_mw_rb_yb_rb_er Starting Mw-to-Er teleportation trial 49 at 2880000000000000.
2,940,000,000,000,000 WARNING main_het_teleport_mw_rb_yb_rb_er Mw-to-Er teleportation trial 49 succeeded (completed=True, direct match=True, latency=13.328837562 seconds).
2,940,000,000,000,000 WARNING main_het_teleport_mw_rb_yb_rb_er Starting Mw-to-Er teleportation trial 50 at 2940000000000000.
3,000,000,000,000,000 WARNING main_het_teleport_mw_rb_yb_rb_er Mw-to-Er teleportation trial 50 succeeded (completed=True, direct match=True, latency=7.7391338745 seconds).
3,000,000,000,000,000 WARNING main_het_teleport_mw_rb_yb_rb_er Starting Mw-to-Er teleportation trial 51 at 3000000000000000.
3,060,000,000,000,000 WARNING main_het_teleport_mw_rb_yb_rb_er Mw-to-Er teleportation trial 51 succeeded (completed=True, direct match=True, latency=4.9185409995 seconds).
3,060,000,000,000,000 WARNING main_het_teleport_mw_rb_yb_rb_er Starting Mw-to-Er teleportation trial 52 at 3060000000000000.
3,120,000,000,000,000 WARNING main_het_teleport_mw_rb_yb_rb_er Mw-to-Er teleportation trial 52 failed (completed=True, direct match=False, latency=5.626029312 seconds).
3,120,000,000,000,000 WARNING main_het_teleport_mw_rb_yb_rb_er Starting Mw-to-Er teleportation trial 53 at 3120000000000000.
3,180,000,000,000,000 WARNING main_het_teleport_mw_rb_yb_rb_er Mw-to-Er teleportation trial 53 succeeded (completed=True, direct match=True, latency=3.6793297745 seconds).
3,180,000,000,000,000 WARNING main_het_teleport_mw_rb_yb_rb_er Starting Mw-to-Er teleportation trial 54 at 3180000000000000.
3,240,000,000,000,000 WARNING main_het_teleport_mw_rb_yb_rb_er Mw-to-Er teleportation trial 54 succeeded (completed=True, direct match=True, latency=6.297636187 seconds).
3,240,000,000,000,000 WARNING main_het_teleport_mw_rb_yb_rb_er Starting Mw-to-Er teleportation trial 55 at 3240000000000000.
3,300,000,000,000,000 WARNING main_het_teleport_mw_rb_yb_rb_er Mw-to-Er teleportation trial 55 succeeded (completed=True, direct match=True, latency=12.6026284995 seconds).
3,300,000,000,000,000 WARNING main_het_teleport_mw_rb_yb_rb_er Starting Mw-to-Er teleportation trial 56 at 3300000000000000.
3,360,000,000,000,000 WARNING main_het_teleport_mw_rb_yb_rb_er Mw-to-Er teleportation trial 56 succeeded (completed=True, direct match=True, latency=13.969243187 seconds).
3,360,000,000,000,000 WARNING main_het_teleport_mw_rb_yb_rb_er Starting Mw-to-Er teleportation trial 57 at 3360000000000000.
3,420,000,000,000,000 WARNING main_het_teleport_mw_rb_yb_rb_er Mw-to-Er teleportation trial 57 succeeded (completed=True, direct match=True, latency=5.626029312 seconds).
3,420,000,000,000,000 WARNING main_het_teleport_mw_rb_yb_rb_er Starting Mw-to-Er teleportation trial 58 at 3420000000000000.
3,480,000,000,000,000 WARNING main_het_teleport_mw_rb_yb_rb_er Mw-to-Er teleportation trial 58 succeeded (completed=True, direct match=True, latency=10.502004437 seconds).
3,480,000,000,000,000 WARNING main_het_teleport_mw_rb_yb_rb_er Starting Mw-to-Er teleportation trial 59 at 3480000000000000.
3,540,000,000,000,000 WARNING main_het_teleport_mw_rb_yb_rb_er Mw-to-Er teleportation trial 59 failed (completed=True, direct match=False, latency=3.555046437 seconds).
3,540,000,000,000,000 WARNING main_het_teleport_mw_rb_yb_rb_er Starting Mw-to-Er teleportation trial 60 at 3540000000000000.
3,600,000,000,000,000 WARNING main_het_teleport_mw_rb_yb_rb_er Mw-to-Er teleportation trial 60 succeeded (completed=True, direct match=True, latency=7.687651812 seconds).
3,600,000,000,000,000 WARNING main_het_teleport_mw_rb_yb_rb_er Starting Mw-to-Er teleportation trial 61 at 3600000000000000.
3,660,000,000,000,000 WARNING main_het_teleport_mw_rb_yb_rb_er Mw-to-Er teleportation trial 61 succeeded (completed=True, direct match=True, latency=7.737573812 seconds).
3,660,000,000,000,000 WARNING main_het_teleport_mw_rb_yb_rb_er Starting Mw-to-Er teleportation trial 62 at 3660000000000000.
3,720,000,000,000,000 WARNING main_het_teleport_mw_rb_yb_rb_er Mw-to-Er teleportation trial 62 failed (completed=True, direct match=False, latency=2.1010682495 seconds).
3,720,000,000,000,000 WARNING main_het_teleport_mw_rb_yb_rb_er Starting Mw-to-Er teleportation trial 63 at 3720000000000000.
3,780,000,000,000,000 WARNING main_het_teleport_mw_rb_yb_rb_er Mw-to-Er teleportation trial 63 succeeded (completed=True, direct match=True, latency=13.335077812 seconds).
3,780,000,000,000,000 WARNING main_het_teleport_mw_rb_yb_rb_er Starting Mw-to-Er teleportation trial 64 at 3780000000000000.
3,840,000,000,000,000 WARNING main_het_teleport_mw_rb_yb_rb_er Mw-to-Er teleportation trial 64 failed (completed=True, direct match=False, latency=5.672831187 seconds).
3,840,000,000,000,000 WARNING main_het_teleport_mw_rb_yb_rb_er Starting Mw-to-Er teleportation trial 65 at 3840000000000000.
3,900,000,000,000,000 WARNING main_het_teleport_mw_rb_yb_rb_er Mw-to-Er teleportation trial 65 succeeded (completed=True, direct match=True, latency=7.7734552495 seconds).
3,900,000,000,000,000 WARNING main_het_teleport_mw_rb_yb_rb_er Starting Mw-to-Er teleportation trial 66 at 3900000000000000.
3,960,000,000,000,000 WARNING main_het_teleport_mw_rb_yb_rb_er Mw-to-Er teleportation trial 66 failed (completed=True, direct match=False, latency=9.811676812 seconds).
3,960,000,000,000,000 WARNING main_het_teleport_mw_rb_yb_rb_er Starting Mw-to-Er teleportation trial 67 at 3960000000000000.
4,020,000,000,000,000 WARNING main_het_teleport_mw_rb_yb_rb_er Mw-to-Er teleportation trial 67 succeeded (completed=True, direct match=True, latency=5.6182289995 seconds).
4,020,000,000,000,000 WARNING main_het_teleport_mw_rb_yb_rb_er Starting Mw-to-Er teleportation trial 68 at 4020000000000000.
4,080,000,000,000,000 WARNING main_het_teleport_mw_rb_yb_rb_er Mw-to-Er teleportation trial 68 failed (completed=True, direct match=False, latency=7.028525437 seconds).
4,080,000,000,000,000 WARNING main_het_teleport_mw_rb_yb_rb_er Starting Mw-to-Er teleportation trial 69 at 4080000000000000.
4,140,000,000,000,000 WARNING main_het_teleport_mw_rb_yb_rb_er Mw-to-Er teleportation trial 69 succeeded (completed=True, direct match=True, latency=4.257854562 seconds).
4,140,000,000,000,000 WARNING main_het_teleport_mw_rb_yb_rb_er Starting Mw-to-Er teleportation trial 70 at 4140000000000000.
4,200,000,000,000,000 WARNING main_het_teleport_mw_rb_yb_rb_er Mw-to-Er teleportation trial 70 failed (completed=True, direct match=False, latency=6.3241572495 seconds).
4,200,000,000,000,000 WARNING main_het_teleport_mw_rb_yb_rb_er Starting Mw-to-Er teleportation trial 71 at 4200000000000000.
4,260,000,000,000,000 WARNING main_het_teleport_mw_rb_yb_rb_er Mw-to-Er teleportation trial 71 failed (completed=True, direct match=False, latency=5.660350687 seconds).
4,260,000,000,000,000 WARNING main_het_teleport_mw_rb_yb_rb_er Starting Mw-to-Er teleportation trial 72 at 4260000000000000.
4,320,000,000,000,000 WARNING main_het_teleport_mw_rb_yb_rb_er Mw-to-Er teleportation trial 72 succeeded (completed=True, direct match=True, latency=7.022285187 seconds).
4,320,000,000,000,000 WARNING main_het_teleport_mw_rb_yb_rb_er Starting Mw-to-Er teleportation trial 73 at 4320000000000000.
4,380,000,000,000,000 WARNING main_het_teleport_mw_rb_yb_rb_er Mw-to-Er teleportation trial 73 succeeded (completed=True, direct match=True, latency=3.520725062 seconds).
4,380,000,000,000,000 WARNING main_het_teleport_mw_rb_yb_rb_er Starting Mw-to-Er teleportation trial 74 at 4380000000000000.
4,440,000,000,000,000 WARNING main_het_teleport_mw_rb_yb_rb_er Mw-to-Er teleportation trial 74 failed (completed=True, direct match=False, latency=7.0427409995 seconds).
4,440,000,000,000,000 WARNING main_het_teleport_mw_rb_yb_rb_er Starting Mw-to-Er teleportation trial 75 at 4440000000000000.
4,500,000,000,000,000 WARNING main_het_teleport_mw_rb_yb_rb_er Mw-to-Er teleportation trial 75 failed (completed=True, direct match=False, latency=15.446797312 seconds).
4,500,000,000,000,000 WARNING main_het_teleport_mw_rb_yb_rb_er Starting Mw-to-Er teleportation trial 76 at 4500000000000000.
4,560,000,000,000,000 WARNING main_het_teleport_mw_rb_yb_rb_er Mw-to-Er teleportation trial 76 failed (completed=True, direct match=False, latency=4.251614312 seconds).
4,560,000,000,000,000 WARNING main_het_teleport_mw_rb_yb_rb_er Starting Mw-to-Er teleportation trial 77 at 4560000000000000.
4,620,000,000,000,000 WARNING main_het_teleport_mw_rb_yb_rb_er Mw-to-Er teleportation trial 77 succeeded (completed=True, direct match=True, latency=7.737748812 seconds).
4,620,000,000,000,000 WARNING main_het_teleport_mw_rb_yb_rb_er Starting Mw-to-Er teleportation trial 78 at 4620000000000000.
4,680,000,000,000,000 WARNING main_het_teleport_mw_rb_yb_rb_er Mw-to-Er teleportation trial 78 failed (completed=True, direct match=False, latency=4.2126127495 seconds).
4,680,000,000,000,000 WARNING main_het_teleport_mw_rb_yb_rb_er Starting Mw-to-Er teleportation trial 79 at 4680000000000000.
4,740,000,000,000,000 WARNING main_het_teleport_mw_rb_yb_rb_er Mw-to-Er teleportation trial 79 succeeded (completed=True, direct match=True, latency=4.2063724995 seconds).
4,740,000,000,000,000 WARNING main_het_teleport_mw_rb_yb_rb_er Starting Mw-to-Er teleportation trial 80 at 4740000000000000.
4,800,000,000,000,000 WARNING main_het_teleport_mw_rb_yb_rb_er Mw-to-Er teleportation trial 80 succeeded (completed=True, direct match=True, latency=6.213567812 seconds).
4,800,000,000,000,000 WARNING main_het_teleport_mw_rb_yb_rb_er Starting Mw-to-Er teleportation trial 81 at 4800000000000000.
4,860,000,000,000,000 WARNING main_het_teleport_mw_rb_yb_rb_er Mw-to-Er teleportation trial 81 failed (completed=True, direct match=False, latency=8.409530687 seconds).
4,860,000,000,000,000 WARNING main_het_teleport_mw_rb_yb_rb_er Starting Mw-to-Er teleportation trial 82 at 4860000000000000.
4,920,000,000,000,000 WARNING main_het_teleport_mw_rb_yb_rb_er Mw-to-Er teleportation trial 82 succeeded (completed=True, direct match=True, latency=12.576107437 seconds).
4,920,000,000,000,000 WARNING main_het_teleport_mw_rb_yb_rb_er Starting Mw-to-Er teleportation trial 83 at 4920000000000000.
4,980,000,000,000,000 WARNING main_het_teleport_mw_rb_yb_rb_er Mw-to-Er teleportation trial 83 succeeded (completed=True, direct match=True, latency=8.421661187 seconds).
4,980,000,000,000,000 WARNING main_het_teleport_mw_rb_yb_rb_er Starting Mw-to-Er teleportation trial 84 at 4980000000000000.
5,040,000,000,000,000 WARNING main_het_teleport_mw_rb_yb_rb_er Mw-to-Er teleportation trial 84 succeeded (completed=True, direct match=True, latency=5.460662687 seconds).
5,040,000,000,000,000 WARNING main_het_teleport_mw_rb_yb_rb_er Starting Mw-to-Er teleportation trial 85 at 5040000000000000.
5,100,000,000,000,000 WARNING main_het_teleport_mw_rb_yb_rb_er Mw-to-Er teleportation trial 85 succeeded (completed=True, direct match=True, latency=5.619789062 seconds).
5,100,000,000,000,000 WARNING main_het_teleport_mw_rb_yb_rb_er Starting Mw-to-Er teleportation trial 86 at 5100000000000000.
5,160,000,000,000,000 WARNING main_het_teleport_mw_rb_yb_rb_er Mw-to-Er teleportation trial 86 succeeded (completed=True, direct match=True, latency=6.3085566245 seconds).
5,160,000,000,000,000 WARNING main_het_teleport_mw_rb_yb_rb_er Starting Mw-to-Er teleportation trial 87 at 5160000000000000.
5,220,000,000,000,000 WARNING main_het_teleport_mw_rb_yb_rb_er Mw-to-Er teleportation trial 87 failed (completed=True, direct match=False, latency=5.694672062 seconds).
5,220,000,000,000,000 WARNING main_het_teleport_mw_rb_yb_rb_er Starting Mw-to-Er teleportation trial 88 at 5220000000000000.
5,280,000,000,000,000 WARNING main_het_teleport_mw_rb_yb_rb_er Mw-to-Er teleportation trial 88 succeeded (completed=True, direct match=True, latency=5.6400698745 seconds).
5,280,000,000,000,000 WARNING main_het_teleport_mw_rb_yb_rb_er Starting Mw-to-Er teleportation trial 89 at 5280000000000000.
5,340,000,000,000,000 WARNING main_het_teleport_mw_rb_yb_rb_er Mw-to-Er teleportation trial 89 succeeded (completed=True, direct match=True, latency=9.0761073745 seconds).
5,340,000,000,000,000 WARNING main_het_teleport_mw_rb_yb_rb_er Starting Mw-to-Er teleportation trial 90 at 5340000000000000.
5,400,000,000,000,000 WARNING main_het_teleport_mw_rb_yb_rb_er Mw-to-Er teleportation trial 90 succeeded (completed=True, direct match=True, latency=1.434141562 seconds).
5,400,000,000,000,000 WARNING main_het_teleport_mw_rb_yb_rb_er Starting Mw-to-Er teleportation trial 91 at 5400000000000000.
5,460,000,000,000,000 WARNING main_het_teleport_mw_rb_yb_rb_er Mw-to-Er teleportation trial 91 succeeded (completed=True, direct match=True, latency=6.3428779995 seconds).
5,460,000,000,000,000 WARNING main_het_teleport_mw_rb_yb_rb_er Starting Mw-to-Er teleportation trial 92 at 5460000000000000.
5,520,000,000,000,000 WARNING main_het_teleport_mw_rb_yb_rb_er Mw-to-Er teleportation trial 92 failed (completed=True, direct match=False, latency=4.2283883745 seconds).
5,520,000,000,000,000 WARNING main_het_teleport_mw_rb_yb_rb_er Starting Mw-to-Er teleportation trial 93 at 5520000000000000.
5,580,000,000,000,000 WARNING main_het_teleport_mw_rb_yb_rb_er Mw-to-Er teleportation trial 93 succeeded (completed=True, direct match=True, latency=5.6307094995 seconds).
5,580,000,000,000,000 WARNING main_het_teleport_mw_rb_yb_rb_er Starting Mw-to-Er teleportation trial 94 at 5580000000000000.
5,640,000,000,000,000 WARNING main_het_teleport_mw_rb_yb_rb_er Mw-to-Er teleportation trial 94 failed (completed=True, direct match=False, latency=1.4481821245 seconds).
5,640,000,000,000,000 WARNING main_het_teleport_mw_rb_yb_rb_er Starting Mw-to-Er teleportation trial 95 at 5640000000000000.
5,700,000,000,000,000 WARNING main_het_teleport_mw_rb_yb_rb_er Mw-to-Er teleportation trial 95 succeeded (completed=True, direct match=True, latency=6.3116767495 seconds).
5,700,000,000,000,000 WARNING main_het_teleport_mw_rb_yb_rb_er Starting Mw-to-Er teleportation trial 96 at 5700000000000000.
5,760,000,000,000,000 WARNING main_het_teleport_mw_rb_yb_rb_er Mw-to-Er teleportation trial 96 succeeded (completed=True, direct match=True, latency=5.566746937 seconds).
5,760,000,000,000,000 WARNING main_het_teleport_mw_rb_yb_rb_er Starting Mw-to-Er teleportation trial 97 at 5760000000000000.
5,820,000,000,000,000 WARNING main_het_teleport_mw_rb_yb_rb_er Mw-to-Er teleportation trial 97 succeeded (completed=True, direct match=True, latency=3.5534863745 seconds).
5,820,000,000,000,000 WARNING main_het_teleport_mw_rb_yb_rb_er Starting Mw-to-Er teleportation trial 98 at 5820000000000000.
5,880,000,000,000,000 WARNING main_het_teleport_mw_rb_yb_rb_er Mw-to-Er teleportation trial 98 failed (completed=True, direct match=False, latency=8.4013803745 seconds).
5,880,000,000,000,000 WARNING main_het_teleport_mw_rb_yb_rb_er Starting Mw-to-Er teleportation trial 99 at 5880000000000000.
5,940,000,000,000,000 WARNING main_het_teleport_mw_rb_yb_rb_er Mw-to-Er teleportation trial 99 succeeded (completed=True, direct match=True, latency=4.217292937 seconds).
5,940,000,000,000,000 WARNING main_het_teleport_mw_rb_yb_rb_er Starting Mw-to-Er teleportation trial 100 at 5940000000000000.
6,000,000,000,000,000 WARNING main_het_teleport_mw_rb_yb_rb_er Mw-to-Er teleportation trial 100 succeeded (completed=True, direct match=True, latency=14.5052996245 seconds).
6,000,000,000,000,000 WARNING main_het_teleport_mw_rb_yb_rb_er Starting Mw-to-Er teleportation trial 101 at 6000000000000000.
6,060,000,000,000,000 WARNING main_het_teleport_mw_rb_yb_rb_er Mw-to-Er teleportation trial 101 succeeded (completed=True, direct match=True, latency=4.888899812 seconds).
6,060,000,000,000,000 WARNING main_het_teleport_mw_rb_yb_rb_er Starting Mw-to-Er teleportation trial 102 at 6060000000000000.
6,120,000,000,000,000 WARNING main_het_teleport_mw_rb_yb_rb_er Mw-to-Er teleportation trial 102 succeeded (completed=True, direct match=True, latency=8.4421169995 seconds).
6,120,000,000,000,000 WARNING main_het_teleport_mw_rb_yb_rb_er Starting Mw-to-Er teleportation trial 103 at 6120000000000000.
6,180,000,000,000,000 WARNING main_het_teleport_mw_rb_yb_rb_er Mw-to-Er teleportation trial 103 succeeded (completed=True, direct match=True, latency=4.8592586245 seconds).
6,180,000,000,000,000 WARNING main_het_teleport_mw_rb_yb_rb_er Starting Mw-to-Er teleportation trial 104 at 6180000000000000.
6,240,000,000,000,000 WARNING main_het_teleport_mw_rb_yb_rb_er Mw-to-Er teleportation trial 104 failed (completed=True, direct match=False, latency=21.710092937 seconds).
6,240,000,000,000,000 WARNING main_het_teleport_mw_rb_yb_rb_er Starting Mw-to-Er teleportation trial 105 at 6240000000000000.
6,300,000,000,000,000 WARNING main_het_teleport_mw_rb_yb_rb_er Mw-to-Er teleportation trial 105 succeeded (completed=True, direct match=True, latency=7.7172929995 seconds).
6,300,000,000,000,000 WARNING main_het_teleport_mw_rb_yb_rb_er Starting Mw-to-Er teleportation trial 106 at 6300000000000000.
6,360,000,000,000,000 WARNING main_het_teleport_mw_rb_yb_rb_er Mw-to-Er teleportation trial 106 failed (completed=True, direct match=False, latency=8.4077956245 seconds).
6,360,000,000,000,000 WARNING main_het_teleport_mw_rb_yb_rb_er Starting Mw-to-Er teleportation trial 107 at 6360000000000000.
6,420,000,000,000,000 WARNING main_het_teleport_mw_rb_yb_rb_er Mw-to-Er teleportation trial 107 succeeded (completed=True, direct match=True, latency=10.489856937 seconds).
6,420,000,000,000,000 WARNING main_het_teleport_mw_rb_yb_rb_er Starting Mw-to-Er teleportation trial 108 at 6420000000000000.
6,480,000,000,000,000 WARNING main_het_teleport_mw_rb_yb_rb_er Mw-to-Er teleportation trial 108 succeeded (completed=True, direct match=True, latency=9.111988812 seconds).
6,480,000,000,000,000 WARNING main_het_teleport_mw_rb_yb_rb_er Starting Mw-to-Er teleportation trial 109 at 6480000000000000.
6,540,000,000,000,000 WARNING main_het_teleport_mw_rb_yb_rb_er Mw-to-Er teleportation trial 109 failed (completed=True, direct match=False, latency=7.700557312 seconds).
6,540,000,000,000,000 WARNING main_het_teleport_mw_rb_yb_rb_er Starting Mw-to-Er teleportation trial 110 at 6540000000000000.
6,600,000,000,000,000 WARNING main_het_teleport_mw_rb_yb_rb_er Mw-to-Er teleportation trial 110 succeeded (completed=True, direct match=True, latency=6.3179169995 seconds).
6,600,000,000,000,000 WARNING main_het_teleport_mw_rb_yb_rb_er Starting Mw-to-Er teleportation trial 111 at 6600000000000000.
6,660,000,000,000,000 WARNING main_het_teleport_mw_rb_yb_rb_er Mw-to-Er teleportation trial 111 failed (completed=True, direct match=False, latency=7.728213437 seconds).
6,660,000,000,000,000 WARNING main_het_teleport_mw_rb_yb_rb_er Starting Mw-to-Er teleportation trial 112 at 6660000000000000.
6,720,000,000,000,000 WARNING main_het_teleport_mw_rb_yb_rb_er Mw-to-Er teleportation trial 112 succeeded (completed=True, direct match=True, latency=2.1541103745 seconds).
6,720,000,000,000,000 WARNING main_het_teleport_mw_rb_yb_rb_er Starting Mw-to-Er teleportation trial 113 at 6720000000000000.
6,780,000,000,000,000 WARNING main_het_teleport_mw_rb_yb_rb_er Mw-to-Er teleportation trial 113 succeeded (completed=True, direct match=True, latency=22.3795397495 seconds).
6,780,000,000,000,000 WARNING main_het_teleport_mw_rb_yb_rb_er Starting Mw-to-Er teleportation trial 114 at 6780000000000000.
6,840,000,000,000,000 WARNING main_het_teleport_mw_rb_yb_rb_er Mw-to-Er teleportation trial 114 failed (completed=True, direct match=False, latency=4.910740687 seconds).
6,840,000,000,000,000 WARNING main_het_teleport_mw_rb_yb_rb_er Starting Mw-to-Er teleportation trial 115 at 6840000000000000.
6,900,000,000,000,000 WARNING main_het_teleport_mw_rb_yb_rb_er Mw-to-Er teleportation trial 115 failed (completed=True, direct match=False, latency=4.920101062 seconds).
6,900,000,000,000,000 WARNING main_het_teleport_mw_rb_yb_rb_er Starting Mw-to-Er teleportation trial 116 at 6900000000000000.
6,960,000,000,000,000 WARNING main_het_teleport_mw_rb_yb_rb_er Mw-to-Er teleportation trial 116 succeeded (completed=True, direct match=True, latency=6.322597187 seconds).
6,960,000,000,000,000 WARNING main_het_teleport_mw_rb_yb_rb_er Starting Mw-to-Er teleportation trial 117 at 6960000000000000.
7,020,000,000,000,000 WARNING main_het_teleport_mw_rb_yb_rb_er Mw-to-Er teleportation trial 117 succeeded (completed=True, direct match=True, latency=8.390459937 seconds).
7,020,000,000,000,000 WARNING main_het_teleport_mw_rb_yb_rb_er Starting Mw-to-Er teleportation trial 118 at 7020000000000000.
7,080,000,000,000,000 WARNING main_het_teleport_mw_rb_yb_rb_er Mw-to-Er teleportation trial 118 succeeded (completed=True, direct match=True, latency=16.105748687 seconds).
7,080,000,000,000,000 WARNING main_het_teleport_mw_rb_yb_rb_er Starting Mw-to-Er teleportation trial 119 at 7080000000000000.
7,140,000,000,000,000 WARNING main_het_teleport_mw_rb_yb_rb_er Mw-to-Er teleportation trial 119 succeeded (completed=True, direct match=True, latency=6.316356937 seconds).
7,140,000,000,000,000 WARNING main_het_teleport_mw_rb_yb_rb_er Starting Mw-to-Er teleportation trial 120 at 7140000000000000.
7,200,000,000,000,000 WARNING main_het_teleport_mw_rb_yb_rb_er Mw-to-Er teleportation trial 120 succeeded (completed=True, direct match=True, latency=7.053486437 seconds).
7,200,000,000,000,000 WARNING main_het_teleport_mw_rb_yb_rb_er Starting Mw-to-Er teleportation trial 121 at 7200000000000000.
7,260,000,000,000,000 WARNING main_het_teleport_mw_rb_yb_rb_er Mw-to-Er teleportation trial 121 failed (completed=True, direct match=False, latency=14.7079327495 seconds).
7,260,000,000,000,000 WARNING main_het_teleport_mw_rb_yb_rb_er Starting Mw-to-Er teleportation trial 122 at 7260000000000000.
7,320,000,000,000,000 WARNING main_het_teleport_mw_rb_yb_rb_er Mw-to-Er teleportation trial 122 failed (completed=True, direct match=False, latency=5.6152838745 seconds).
7,320,000,000,000,000 WARNING main_het_teleport_mw_rb_yb_rb_er Starting Mw-to-Er teleportation trial 123 at 7320000000000000.
7,380,000,000,000,000 WARNING main_het_teleport_mw_rb_yb_rb_er Mw-to-Er teleportation trial 123 failed (completed=True, direct match=False, latency=5.6090436245 seconds).
7,380,000,000,000,000 WARNING main_het_teleport_mw_rb_yb_rb_er Starting Mw-to-Er teleportation trial 124 at 7380000000000000.
7,440,000,000,000,000 WARNING main_het_teleport_mw_rb_yb_rb_er Mw-to-Er teleportation trial 124 failed (completed=True, direct match=False, latency=13.9620428745 seconds).
7,440,000,000,000,000 WARNING main_het_teleport_mw_rb_yb_rb_er Starting Mw-to-Er teleportation trial 125 at 7440000000000000.
7,500,000,000,000,000 WARNING main_het_teleport_mw_rb_yb_rb_er Mw-to-Er teleportation trial 125 succeeded (completed=True, direct match=True, latency=2.090147812 seconds).
7,500,000,000,000,000 WARNING main_het_teleport_mw_rb_yb_rb_er Starting Mw-to-Er teleportation trial 126 at 7500000000000000.
7,560,000,000,000,000 WARNING main_het_teleport_mw_rb_yb_rb_er Mw-to-Er teleportation trial 126 failed (completed=True, direct match=False, latency=9.8619688745 seconds).
7,560,000,000,000,000 WARNING main_het_teleport_mw_rb_yb_rb_er Starting Mw-to-Er teleportation trial 127 at 7560000000000000.
7,620,000,000,000,000 WARNING main_het_teleport_mw_rb_yb_rb_er Mw-to-Er teleportation trial 127 succeeded (completed=True, direct match=True, latency=9.0542664995 seconds).
7,620,000,000,000,000 WARNING main_het_teleport_mw_rb_yb_rb_er Starting Mw-to-Er teleportation trial 128 at 7620000000000000.
7,680,000,000,000,000 WARNING main_het_teleport_mw_rb_yb_rb_er Mw-to-Er teleportation trial 128 failed (completed=True, direct match=False, latency=9.818092062 seconds).
7,680,000,000,000,000 WARNING main_het_teleport_mw_rb_yb_rb_er Starting Mw-to-Er teleportation trial 129 at 7680000000000000.
7,740,000,000,000,000 WARNING main_het_teleport_mw_rb_yb_rb_er Mw-to-Er teleportation trial 129 failed (completed=True, direct match=False, latency=7.684531687 seconds).
7,740,000,000,000,000 WARNING main_het_teleport_mw_rb_yb_rb_er Starting Mw-to-Er teleportation trial 130 at 7740000000000000.
7,800,000,000,000,000 WARNING main_het_teleport_mw_rb_yb_rb_er Mw-to-Er teleportation trial 130 succeeded (completed=True, direct match=True, latency=2.1135487495 seconds).
7,800,000,000,000,000 WARNING main_het_teleport_mw_rb_yb_rb_er Starting Mw-to-Er teleportation trial 131 at 7800000000000000.
7,860,000,000,000,000 WARNING main_het_teleport_mw_rb_yb_rb_er Mw-to-Er teleportation trial 131 succeeded (completed=True, direct match=True, latency=4.257854562 seconds).
7,860,000,000,000,000 WARNING main_het_teleport_mw_rb_yb_rb_er Starting Mw-to-Er teleportation trial 132 at 7860000000000000.
7,920,000,000,000,000 WARNING main_het_teleport_mw_rb_yb_rb_er Mw-to-Er teleportation trial 132 succeeded (completed=True, direct match=True, latency=10.4754833745 seconds).
7,920,000,000,000,000 WARNING main_het_teleport_mw_rb_yb_rb_er Starting Mw-to-Er teleportation trial 133 at 7920000000000000.
7,980,000,000,000,000 WARNING main_het_teleport_mw_rb_yb_rb_er Mw-to-Er teleportation trial 133 succeeded (completed=True, direct match=True, latency=2.062066687 seconds).
7,980,000,000,000,000 WARNING main_het_teleport_mw_rb_yb_rb_er Starting Mw-to-Er teleportation trial 134 at 7980000000000000.
8,040,000,000,000,000 WARNING main_het_teleport_mw_rb_yb_rb_er Mw-to-Er teleportation trial 134 failed (completed=True, direct match=False, latency=17.4725383745 seconds).
8,040,000,000,000,000 WARNING main_het_teleport_mw_rb_yb_rb_er Starting Mw-to-Er teleportation trial 135 at 8040000000000000.
8,100,000,000,000,000 WARNING main_het_teleport_mw_rb_yb_rb_er Mw-to-Er teleportation trial 135 succeeded (completed=True, direct match=True, latency=4.951302312 seconds).
8,100,000,000,000,000 WARNING main_het_teleport_mw_rb_yb_rb_er Starting Mw-to-Er teleportation trial 136 at 8100000000000000.
8,160,000,000,000,000 WARNING main_het_teleport_mw_rb_yb_rb_er Mw-to-Er teleportation trial 136 succeeded (completed=True, direct match=True, latency=5.6026283745 seconds).
8,160,000,000,000,000 WARNING main_het_teleport_mw_rb_yb_rb_er Starting Mw-to-Er teleportation trial 137 at 8160000000000000.
8,220,000,000,000,000 WARNING main_het_teleport_mw_rb_yb_rb_er Mw-to-Er teleportation trial 137 succeeded (completed=True, direct match=True, latency=8.402940437 seconds).
8,220,000,000,000,000 WARNING main_het_teleport_mw_rb_yb_rb_er Starting Mw-to-Er teleportation trial 138 at 8220000000000000.
8,280,000,000,000,000 WARNING main_het_teleport_mw_rb_yb_rb_er Mw-to-Er teleportation trial 138 succeeded (completed=True, direct match=True, latency=4.9296231245 seconds).
8,280,000,000,000,000 WARNING main_het_teleport_mw_rb_yb_rb_er Starting Mw-to-Er teleportation trial 139 at 8280000000000000.
8,340,000,000,000,000 WARNING main_het_teleport_mw_rb_yb_rb_er Mw-to-Er teleportation trial 139 succeeded (completed=True, direct match=True, latency=6.335077687 seconds).
8,340,000,000,000,000 WARNING main_het_teleport_mw_rb_yb_rb_er Starting Mw-to-Er teleportation trial 140 at 8340000000000000.
8,400,000,000,000,000 WARNING main_het_teleport_mw_rb_yb_rb_er Mw-to-Er teleportation trial 140 succeeded (completed=True, direct match=True, latency=13.2929561245 seconds).
8,400,000,000,000,000 WARNING main_het_teleport_mw_rb_yb_rb_er Starting Mw-to-Er teleportation trial 141 at 8400000000000000.
8,460,000,000,000,000 WARNING main_het_teleport_mw_rb_yb_rb_er Mw-to-Er teleportation trial 141 failed (completed=True, direct match=False, latency=2.8258267745 seconds).
8,460,000,000,000,000 WARNING main_het_teleport_mw_rb_yb_rb_er Starting Mw-to-Er teleportation trial 142 at 8460000000000000.
8,520,000,000,000,000 WARNING main_het_teleport_mw_rb_yb_rb_er Mw-to-Er teleportation trial 142 succeeded (completed=True, direct match=True, latency=5.6057484995 seconds).
8,520,000,000,000,000 WARNING main_het_teleport_mw_rb_yb_rb_er Starting Mw-to-Er teleportation trial 143 at 8520000000000000.
8,580,000,000,000,000 WARNING main_het_teleport_mw_rb_yb_rb_er Mw-to-Er teleportation trial 143 failed (completed=True, direct match=False, latency=9.8446131245 seconds).
8,580,000,000,000,000 WARNING main_het_teleport_mw_rb_yb_rb_er Starting Mw-to-Er teleportation trial 144 at 8580000000000000.
8,640,000,000,000,000 WARNING main_het_teleport_mw_rb_yb_rb_er Mw-to-Er teleportation trial 144 succeeded (completed=True, direct match=True, latency=5.610428687 seconds).
8,640,000,000,000,000 WARNING main_het_teleport_mw_rb_yb_rb_er Starting Mw-to-Er teleportation trial 145 at 8640000000000000.
8,700,000,000,000,000 WARNING main_het_teleport_mw_rb_yb_rb_er Mw-to-Er teleportation trial 145 failed (completed=True, direct match=False, latency=5.6277643745 seconds).
8,700,000,000,000,000 WARNING main_het_teleport_mw_rb_yb_rb_er Starting Mw-to-Er teleportation trial 146 at 8700000000000000.
8,760,000,000,000,000 WARNING main_het_teleport_mw_rb_yb_rb_er Mw-to-Er teleportation trial 146 succeeded (completed=True, direct match=True, latency=21.081567812 seconds).
8,760,000,000,000,000 WARNING main_het_teleport_mw_rb_yb_rb_er Starting Mw-to-Er teleportation trial 147 at 8760000000000000.
8,820,000,000,000,000 WARNING main_het_teleport_mw_rb_yb_rb_er Mw-to-Er teleportation trial 147 succeeded (completed=True, direct match=True, latency=11.910740812 seconds).
8,820,000,000,000,000 WARNING main_het_teleport_mw_rb_yb_rb_er Starting Mw-to-Er teleportation trial 148 at 8820000000000000.
8,880,000,000,000,000 WARNING main_het_teleport_mw_rb_yb_rb_er Mw-to-Er teleportation trial 148 failed (completed=True, direct match=False, latency=11.9310216245 seconds).
8,880,000,000,000,000 WARNING main_het_teleport_mw_rb_yb_rb_er Starting Mw-to-Er teleportation trial 149 at 8880000000000000.
8,940,000,000,000,000 WARNING main_het_teleport_mw_rb_yb_rb_er Mw-to-Er teleportation trial 149 succeeded (completed=True, direct match=True, latency=5.501224312 seconds).
8,940,000,000,000,000 WARNING main_het_teleport_mw_rb_yb_rb_er Starting Mw-to-Er teleportation trial 150 at 8940000000000000.
9,000,000,000,000,000 WARNING main_het_teleport_mw_rb_yb_rb_er Mw-to-Er teleportation trial 150 failed (completed=True, direct match=False, latency=11.229447312 seconds).
9,000,000,000,000,000 WARNING main_het_teleport_mw_rb_yb_rb_er Starting Mw-to-Er teleportation trial 151 at 9000000000000000.
9,060,000,000,000,000 WARNING main_het_teleport_mw_rb_yb_rb_er Mw-to-Er teleportation trial 151 succeeded (completed=True, direct match=True, latency=5.632269562 seconds).
9,060,000,000,000,000 WARNING main_het_teleport_mw_rb_yb_rb_er Starting Mw-to-Er teleportation trial 152 at 9060000000000000.
9,120,000,000,000,000 WARNING main_het_teleport_mw_rb_yb_rb_er Mw-to-Er teleportation trial 152 succeeded (completed=True, direct match=True, latency=8.303096437 seconds).
9,120,000,000,000,000 WARNING main_het_teleport_mw_rb_yb_rb_er Starting Mw-to-Er teleportation trial 153 at 9120000000000000.
9,180,000,000,000,000 WARNING main_het_teleport_mw_rb_yb_rb_er Mw-to-Er teleportation trial 153 failed (completed=True, direct match=False, latency=5.6775113745 seconds).
9,180,000,000,000,000 WARNING main_het_teleport_mw_rb_yb_rb_er Starting Mw-to-Er teleportation trial 154 at 9180000000000000.
9,240,000,000,000,000 WARNING main_het_teleport_mw_rb_yb_rb_er Mw-to-Er teleportation trial 154 succeeded (completed=True, direct match=True, latency=17.986578937 seconds).
9,240,000,000,000,000 WARNING main_het_teleport_mw_rb_yb_rb_er Starting Mw-to-Er teleportation trial 155 at 9240000000000000.
9,300,000,000,000,000 WARNING main_het_teleport_mw_rb_yb_rb_er Mw-to-Er teleportation trial 155 succeeded (completed=True, direct match=True, latency=15.169531187 seconds).
9,300,000,000,000,000 WARNING main_het_teleport_mw_rb_yb_rb_er Starting Mw-to-Er teleportation trial 156 at 9300000000000000.
9,360,000,000,000,000 WARNING main_het_teleport_mw_rb_yb_rb_er Mw-to-Er teleportation trial 156 succeeded (completed=True, direct match=True, latency=4.954422437 seconds).
9,360,000,000,000,000 WARNING main_het_teleport_mw_rb_yb_rb_er Starting Mw-to-Er teleportation trial 157 at 9360000000000000.
9,420,000,000,000,000 WARNING main_het_teleport_mw_rb_yb_rb_er Mw-to-Er teleportation trial 157 succeeded (completed=True, direct match=True, latency=4.123689187 seconds).
9,420,000,000,000,000 WARNING main_het_teleport_mw_rb_yb_rb_er Starting Mw-to-Er teleportation trial 158 at 9420000000000000.
9,480,000,000,000,000 WARNING main_het_teleport_mw_rb_yb_rb_er Mw-to-Er teleportation trial 158 succeeded (completed=True, direct match=True, latency=9.111988812 seconds).
9,480,000,000,000,000 WARNING main_het_teleport_mw_rb_yb_rb_er Starting Mw-to-Er teleportation trial 159 at 9480000000000000.
9,540,000,000,000,000 WARNING main_het_teleport_mw_rb_yb_rb_er Mw-to-Er teleportation trial 159 succeeded (completed=True, direct match=True, latency=4.204812437 seconds).
9,540,000,000,000,000 WARNING main_het_teleport_mw_rb_yb_rb_er Starting Mw-to-Er teleportation trial 160 at 9540000000000000.
9,600,000,000,000,000 WARNING main_het_teleport_mw_rb_yb_rb_er Mw-to-Er teleportation trial 160 failed (completed=True, direct match=False, latency=8.446797187 seconds).
9,600,000,000,000,000 WARNING main_het_teleport_mw_rb_yb_rb_er Starting Mw-to-Er teleportation trial 161 at 9600000000000000.
9,660,000,000,000,000 WARNING main_het_teleport_mw_rb_yb_rb_er Mw-to-Er teleportation trial 161 succeeded (completed=True, direct match=True, latency=7.0082446245 seconds).
9,660,000,000,000,000 WARNING main_het_teleport_mw_rb_yb_rb_er Starting Mw-to-Er teleportation trial 162 at 9660000000000000.
9,720,000,000,000,000 WARNING main_het_teleport_mw_rb_yb_rb_er Mw-to-Er teleportation trial 162 failed (completed=True, direct match=False, latency=15.175771437 seconds).
9,720,000,000,000,000 WARNING main_het_teleport_mw_rb_yb_rb_er Starting Mw-to-Er teleportation trial 163 at 9720000000000000.
9,780,000,000,000,000 WARNING main_het_teleport_mw_rb_yb_rb_er Mw-to-Er teleportation trial 163 succeeded (completed=True, direct match=True, latency=8.2081076245 seconds).
9,780,000,000,000,000 WARNING main_het_teleport_mw_rb_yb_rb_er Starting Mw-to-Er teleportation trial 164 at 9780000000000000.
9,840,000,000,000,000 WARNING main_het_teleport_mw_rb_yb_rb_er Mw-to-Er teleportation trial 164 succeeded (completed=True, direct match=True, latency=4.2375737495 seconds).
9,840,000,000,000,000 WARNING main_het_teleport_mw_rb_yb_rb_er Starting Mw-to-Er teleportation trial 165 at 9840000000000000.
9,900,000,000,000,000 WARNING main_het_teleport_mw_rb_yb_rb_er Mw-to-Er teleportation trial 165 failed (completed=True, direct match=False, latency=7.0144848745 seconds).
9,900,000,000,000,000 WARNING main_het_teleport_mw_rb_yb_rb_er Starting Mw-to-Er teleportation trial 166 at 9900000000000000.
9,960,000,000,000,000 WARNING main_het_teleport_mw_rb_yb_rb_er Mw-to-Er teleportation trial 166 succeeded (completed=True, direct match=True, latency=2.1122831495 seconds).
9,960,000,000,000,000 WARNING main_het_teleport_mw_rb_yb_rb_er Starting Mw-to-Er teleportation trial 167 at 9960000000000000.
10,020,000,000,000,000 WARNING main_het_teleport_mw_rb_yb_rb_er Mw-to-Er teleportation trial 167 succeeded (completed=True, direct match=True, latency=4.0692619995 seconds).
10,020,000,000,000,000 WARNING main_het_teleport_mw_rb_yb_rb_er Starting Mw-to-Er teleportation trial 168 at 10020000000000000.
10,080,000,000,000,000 WARNING main_het_teleport_mw_rb_yb_rb_er Mw-to-Er teleportation trial 168 succeeded (completed=True, direct match=True, latency=8.4138608745 seconds).
10,080,000,000,000,000 WARNING main_het_teleport_mw_rb_yb_rb_er Starting Mw-to-Er teleportation trial 169 at 10080000000000000.
10,140,000,000,000,000 WARNING main_het_teleport_mw_rb_yb_rb_er Mw-to-Er teleportation trial 169 succeeded (completed=True, direct match=True, latency=5.6026283745 seconds).
10,140,000,000,000,000 WARNING main_het_teleport_mw_rb_yb_rb_er Starting Mw-to-Er teleportation trial 170 at 10140000000000000.
10,200,000,000,000,000 WARNING main_het_teleport_mw_rb_yb_rb_er Mw-to-Er teleportation trial 170 failed (completed=True, direct match=False, latency=19.650990562 seconds).
10,200,000,000,000,000 WARNING main_het_teleport_mw_rb_yb_rb_er Starting Mw-to-Er teleportation trial 171 at 10200000000000000.
10,260,000,000,000,000 WARNING main_het_teleport_mw_rb_yb_rb_er Mw-to-Er teleportation trial 171 succeeded (completed=True, direct match=True, latency=9.8600387495 seconds).
10,260,000,000,000,000 WARNING main_het_teleport_mw_rb_yb_rb_er Starting Mw-to-Er teleportation trial 172 at 10260000000000000.
10,320,000,000,000,000 WARNING main_het_teleport_mw_rb_yb_rb_er Mw-to-Er teleportation trial 172 succeeded (completed=True, direct match=True, latency=18.807776812 seconds).
10,320,000,000,000,000 WARNING main_het_teleport_mw_rb_yb_rb_er Starting Mw-to-Er teleportation trial 173 at 10320000000000000.
10,380,000,000,000,000 WARNING main_het_teleport_mw_rb_yb_rb_er Mw-to-Er teleportation trial 173 failed (completed=True, direct match=False, latency=6.3397578745 seconds).
10,380,000,000,000,000 WARNING main_het_teleport_mw_rb_yb_rb_er Starting Mw-to-Er teleportation trial 174 at 10380000000000000.
10,440,000,000,000,000 WARNING main_het_teleport_mw_rb_yb_rb_er Mw-to-Er teleportation trial 174 succeeded (completed=True, direct match=True, latency=14.0617118745 seconds).
10,440,000,000,000,000 WARNING main_het_teleport_mw_rb_yb_rb_er Starting Mw-to-Er teleportation trial 175 at 10440000000000000.
10,500,000,000,000,000 WARNING main_het_teleport_mw_rb_yb_rb_er Mw-to-Er teleportation trial 175 succeeded (completed=True, direct match=True, latency=22.8052567495 seconds).
10,500,000,000,000,000 WARNING main_het_teleport_mw_rb_yb_rb_er Starting Mw-to-Er teleportation trial 176 at 10500000000000000.
10,560,000,000,000,000 WARNING main_het_teleport_mw_rb_yb_rb_er Mw-to-Er teleportation trial 176 succeeded (completed=True, direct match=True, latency=11.1626908745 seconds).
10,560,000,000,000,000 WARNING main_het_teleport_mw_rb_yb_rb_er Starting Mw-to-Er teleportation trial 177 at 10560000000000000.
10,629,316,032,486,865 WARNING main_het_teleport_mw_rb_yb_rb_er Mw-to-Er teleportation trial 177 succeeded (completed=True, direct match=True, latency=15.953037562 seconds).
10,629,316,032,486,865 WARNING main_het_teleport_mw_rb_yb_rb_er Starting Mw-to-Er teleportation trial 178 at 10629316032486865.
10,689,316,032,486,865 WARNING main_het_teleport_mw_rb_yb_rb_er Mw-to-Er teleportation trial 178 failed (completed=True, direct match=False, latency=8.368794062635 seconds).
10,689,316,032,486,865 WARNING main_het_teleport_mw_rb_yb_rb_er Starting Mw-to-Er teleportation trial 179 at 10689316032486865.
10,749,316,032,486,865 WARNING main_het_teleport_mw_rb_yb_rb_er Mw-to-Er teleportation trial 179 succeeded (completed=True, direct match=True, latency=8.365498937635 seconds).
10,749,316,032,486,865 WARNING main_het_teleport_mw_rb_yb_rb_er Starting Mw-to-Er teleportation trial 180 at 10749316032486865.
10,809,316,032,486,865 WARNING main_het_teleport_mw_rb_yb_rb_er Mw-to-Er teleportation trial 180 succeeded (completed=True, direct match=True, latency=4.937261750135 seconds).
10,809,316,032,486,865 WARNING main_het_teleport_mw_rb_yb_rb_er Starting Mw-to-Er teleportation trial 181 at 10809316032486865.
10,869,316,032,486,865 WARNING main_het_teleport_mw_rb_yb_rb_er Mw-to-Er teleportation trial 181 succeeded (completed=True, direct match=True, latency=13.255864625135 seconds).
10,869,316,032,486,865 WARNING main_het_teleport_mw_rb_yb_rb_er Starting Mw-to-Er teleportation trial 182 at 10869316032486865.
10,929,316,032,486,865 WARNING main_het_teleport_mw_rb_yb_rb_er Mw-to-Er teleportation trial 182 failed (completed=True, direct match=False, latency=6.985018687635 seconds).
10,929,316,032,486,865 WARNING main_het_teleport_mw_rb_yb_rb_er Starting Mw-to-Er teleportation trial 183 at 10929316032486865.
10,989,316,032,486,865 WARNING main_het_teleport_mw_rb_yb_rb_er Mw-to-Er teleportation trial 183 succeeded (completed=True, direct match=True, latency=7.750054312635 seconds).
10,989,316,032,486,865 WARNING main_het_teleport_mw_rb_yb_rb_er Starting Mw-to-Er teleportation trial 184 at 10989316032486865.
11,049,316,032,486,865 WARNING main_het_teleport_mw_rb_yb_rb_er Mw-to-Er teleportation trial 184 failed (completed=True, direct match=False, latency=9.140669937635 seconds).
11,049,316,032,486,865 WARNING main_het_teleport_mw_rb_yb_rb_er Starting Mw-to-Er teleportation trial 185 at 11049316032486865.
11,109,316,032,486,865 WARNING main_het_teleport_mw_rb_yb_rb_er Mw-to-Er teleportation trial 185 succeeded (completed=True, direct match=True, latency=3.466122875135 seconds).
11,109,316,032,486,865 WARNING main_het_teleport_mw_rb_yb_rb_er Starting Mw-to-Er teleportation trial 186 at 11109316032486865.
11,169,316,032,486,865 WARNING main_het_teleport_mw_rb_yb_rb_er Mw-to-Er teleportation trial 186 succeeded (completed=True, direct match=True, latency=5.577667375135 seconds).
11,169,316,032,486,865 WARNING main_het_teleport_mw_rb_yb_rb_er Starting Mw-to-Er teleportation trial 187 at 11169316032486865.
11,229,316,032,486,865 WARNING main_het_teleport_mw_rb_yb_rb_er Mw-to-Er teleportation trial 187 succeeded (completed=True, direct match=True, latency=3.531645500135 seconds).
11,229,316,032,486,865 WARNING main_het_teleport_mw_rb_yb_rb_er Starting Mw-to-Er teleportation trial 188 at 11229316032486865.
11,289,316,032,486,865 WARNING main_het_teleport_mw_rb_yb_rb_er Mw-to-Er teleportation trial 188 succeeded (completed=True, direct match=True, latency=9.794516125135 seconds).
11,289,316,032,486,865 WARNING main_het_teleport_mw_rb_yb_rb_er Starting Mw-to-Er teleportation trial 189 at 11289316032486865.
11,349,316,032,486,865 WARNING main_het_teleport_mw_rb_yb_rb_er Mw-to-Er teleportation trial 189 succeeded (completed=True, direct match=True, latency=5.613548812635 seconds).
11,349,316,032,486,865 WARNING main_het_teleport_mw_rb_yb_rb_er Starting Mw-to-Er teleportation trial 190 at 11349316032486865.
11,409,316,032,486,865 WARNING main_het_teleport_mw_rb_yb_rb_er Mw-to-Er teleportation trial 190 succeeded (completed=True, direct match=True, latency=7.650210312635 seconds).
11,409,316,032,486,865 WARNING main_het_teleport_mw_rb_yb_rb_er Starting Mw-to-Er teleportation trial 191 at 11409316032486865.
11,469,316,032,486,865 WARNING main_het_teleport_mw_rb_yb_rb_er Mw-to-Er teleportation trial 191 failed (completed=True, direct match=False, latency=11.914035937635 seconds).
11,469,316,032,486,865 WARNING main_het_teleport_mw_rb_yb_rb_er Starting Mw-to-Er teleportation trial 192 at 11469316032486865.
11,529,316,032,486,865 WARNING main_het_teleport_mw_rb_yb_rb_er Mw-to-Er teleportation trial 192 succeeded (completed=True, direct match=True, latency=11.193892125135 seconds).
11,529,316,032,486,865 WARNING main_het_teleport_mw_rb_yb_rb_er Starting Mw-to-Er teleportation trial 193 at 11529316032486865.
11,589,316,032,486,865 WARNING main_het_teleport_mw_rb_yb_rb_er Mw-to-Er teleportation trial 193 failed (completed=True, direct match=False, latency=22.395490375135 seconds).
11,589,316,032,486,865 WARNING main_het_teleport_mw_rb_yb_rb_er Starting Mw-to-Er teleportation trial 194 at 11589316032486865.
11,649,316,032,486,865 WARNING main_het_teleport_mw_rb_yb_rb_er Mw-to-Er teleportation trial 194 succeeded (completed=True, direct match=True, latency=6.316356937635 seconds).
11,649,316,032,486,865 WARNING main_het_teleport_mw_rb_yb_rb_er Starting Mw-to-Er teleportation trial 195 at 11649316032486865.
11,709,316,032,486,865 WARNING main_het_teleport_mw_rb_yb_rb_er Mw-to-Er teleportation trial 195 failed (completed=True, direct match=False, latency=7.712612812635 seconds).
11,709,316,032,486,865 WARNING main_het_teleport_mw_rb_yb_rb_er Starting Mw-to-Er teleportation trial 196 at 11709316032486865.
11,769,316,032,486,865 WARNING main_het_teleport_mw_rb_yb_rb_er Mw-to-Er teleportation trial 196 failed (completed=True, direct match=False, latency=6.358478625135 seconds).
11,769,316,032,486,865 WARNING main_het_teleport_mw_rb_yb_rb_er Starting Mw-to-Er teleportation trial 197 at 11769316032486865.
11,829,316,032,486,865 WARNING main_het_teleport_mw_rb_yb_rb_er Mw-to-Er teleportation trial 197 succeeded (completed=True, direct match=True, latency=11.226653437635 seconds).
11,829,316,032,486,865 WARNING main_het_teleport_mw_rb_yb_rb_er Starting Mw-to-Er teleportation trial 198 at 11829316032486865.
11,889,316,032,486,865 WARNING main_het_teleport_mw_rb_yb_rb_er Mw-to-Er teleportation trial 198 succeeded (completed=True, direct match=True, latency=5.615108875135 seconds).
11,889,316,032,486,865 WARNING main_het_teleport_mw_rb_yb_rb_er Starting Mw-to-Er teleportation trial 199 at 11889316032486865.
11,949,316,032,486,865 WARNING main_het_teleport_mw_rb_yb_rb_er Mw-to-Er teleportation trial 199 succeeded (completed=True, direct match=True, latency=6.953642437635 seconds).
11,949,316,032,486,865 WARNING main_het_teleport_mw_rb_yb_rb_er Starting Mw-to-Er teleportation trial 200 at 11949316032486865.
12,009,316,032,486,865 WARNING main_het_teleport_mw_rb_yb_rb_er Mw-to-Er teleportation trial 200 succeeded (completed=True, direct match=True, latency=7.720413125135 seconds).
12,009,316,032,486,865 WARNING main_het_teleport_mw_rb_yb_rb_er Starting Mw-to-Er teleportation trial 201 at 12009316032486865.
12,069,316,032,486,865 WARNING main_het_teleport_mw_rb_yb_rb_er Mw-to-Er teleportation trial 201 failed (completed=True, direct match=False, latency=3.485443625135 seconds).
12,069,316,032,486,865 WARNING main_het_teleport_mw_rb_yb_rb_er Starting Mw-to-Er teleportation trial 202 at 12069316032486865.
12,129,316,032,486,865 WARNING main_het_teleport_mw_rb_yb_rb_er Mw-to-Er teleportation trial 202 failed (completed=True, direct match=False, latency=4.896700125135 seconds).
12,129,316,032,486,865 WARNING main_het_teleport_mw_rb_yb_rb_er Starting Mw-to-Er teleportation trial 203 at 12129316032486865.
12,189,316,032,486,865 WARNING main_het_teleport_mw_rb_yb_rb_er Mw-to-Er teleportation trial 203 failed (completed=True, direct match=False, latency=6.984843687635 seconds).
12,189,316,032,486,865 WARNING main_het_teleport_mw_rb_yb_rb_er Starting Mw-to-Er teleportation trial 204 at 12189316032486865.
12,249,316,032,486,865 WARNING main_het_teleport_mw_rb_yb_rb_er Mw-to-Er teleportation trial 204 succeeded (completed=True, direct match=True, latency=12.431621625135 seconds).
12,249,316,032,486,865 WARNING main_het_teleport_mw_rb_yb_rb_er Starting Mw-to-Er teleportation trial 205 at 12249316032486865.
12,309,316,032,486,865 WARNING main_het_teleport_mw_rb_yb_rb_er Mw-to-Er teleportation trial 205 succeeded (completed=True, direct match=True, latency=4.709492625135 seconds).
12,309,316,032,486,865 WARNING main_het_teleport_mw_rb_yb_rb_er Starting Mw-to-Er teleportation trial 206 at 12309316032486865.
12,369,316,032,486,865 WARNING main_het_teleport_mw_rb_yb_rb_er Mw-to-Er teleportation trial 206 failed (completed=True, direct match=False, latency=5.633829625135 seconds).
12,369,316,032,486,865 WARNING main_het_teleport_mw_rb_yb_rb_er Starting Mw-to-Er teleportation trial 207 at 12369316032486865.
12,429,316,032,486,865 WARNING main_het_teleport_mw_rb_yb_rb_er Mw-to-Er teleportation trial 207 succeeded (completed=True, direct match=True, latency=7.723533250135 seconds).
12,429,316,032,486,865 WARNING main_het_teleport_mw_rb_yb_rb_er Starting Mw-to-Er teleportation trial 208 at 12429316032486865.
12,489,316,032,486,865 WARNING main_het_teleport_mw_rb_yb_rb_er Mw-to-Er teleportation trial 208 succeeded (completed=True, direct match=True, latency=6.303876437635 seconds).
12,489,316,032,486,865 WARNING main_het_teleport_mw_rb_yb_rb_er Starting Mw-to-Er teleportation trial 209 at 12489316032486865.
12,549,316,032,486,865 WARNING main_het_teleport_mw_rb_yb_rb_er Mw-to-Er teleportation trial 209 succeeded (completed=True, direct match=True, latency=6.989523875135 seconds).
12,549,316,032,486,865 WARNING main_het_teleport_mw_rb_yb_rb_er Starting Mw-to-Er teleportation trial 210 at 12549316032486865.
12,609,316,032,486,865 WARNING main_het_teleport_mw_rb_yb_rb_er Mw-to-Er teleportation trial 210 succeeded (completed=True, direct match=True, latency=2.817916937635 seconds).
12,609,316,032,486,865 WARNING main_het_teleport_mw_rb_yb_rb_er Starting Mw-to-Er teleportation trial 211 at 12609316032486865.
12,669,316,032,486,865 WARNING main_het_teleport_mw_rb_yb_rb_er Mw-to-Er teleportation trial 211 succeeded (completed=True, direct match=True, latency=7.023845250135 seconds).
12,669,316,032,486,865 WARNING main_het_teleport_mw_rb_yb_rb_er Starting Mw-to-Er teleportation trial 212 at 12669316032486865.
12,729,316,032,486,865 WARNING main_het_teleport_mw_rb_yb_rb_er Mw-to-Er teleportation trial 212 succeeded (completed=True, direct match=True, latency=11.195452187635 seconds).
12,729,316,032,486,865 WARNING main_het_teleport_mw_rb_yb_rb_er Starting Mw-to-Er teleportation trial 213 at 12729316032486865.
12,803,453,297,303,700 WARNING main_het_teleport_mw_rb_yb_rb_er Mw-to-Er teleportation trial 213 succeeded (completed=True, direct match=True, latency=13.306996687635 seconds).
12,803,453,297,303,700 WARNING main_het_teleport_mw_rb_yb_rb_er Starting Mw-to-Er teleportation trial 214 at 12803453297303700.
12,863,453,297,303,700 WARNING main_het_teleport_mw_rb_yb_rb_er Mw-to-Er teleportation trial 214 succeeded (completed=True, direct match=True, latency=11.2204131958 seconds).
12,863,453,297,303,700 WARNING main_het_teleport_mw_rb_yb_rb_er Starting Mw-to-Er teleportation trial 215 at 12863453297303700.
12,923,453,297,303,700 WARNING main_het_teleport_mw_rb_yb_rb_er Mw-to-Er teleportation trial 215 succeeded (completed=True, direct match=True, latency=20.2976364458 seconds).
12,923,453,297,303,700 WARNING main_het_teleport_mw_rb_yb_rb_er Starting Mw-to-Er teleportation trial 216 at 12923453297303700.
12,983,453,297,303,700 WARNING main_het_teleport_mw_rb_yb_rb_er Mw-to-Er teleportation trial 216 failed (completed=True, direct match=False, latency=6.3085566333 seconds).
12,983,453,297,303,700 WARNING main_het_teleport_mw_rb_yb_rb_er Starting Mw-to-Er teleportation trial 217 at 12983453297303700.
13,043,453,297,303,700 WARNING main_het_teleport_mw_rb_yb_rb_er Mw-to-Er teleportation trial 217 succeeded (completed=True, direct match=True, latency=6.3210371333 seconds).
13,043,453,297,303,700 WARNING main_het_teleport_mw_rb_yb_rb_er Starting Mw-to-Er teleportation trial 218 at 13043453297303700.
13,103,453,297,303,700 WARNING main_het_teleport_mw_rb_yb_rb_er Mw-to-Er teleportation trial 218 succeeded (completed=True, direct match=True, latency=7.0113647583 seconds).
13,103,453,297,303,700 WARNING main_het_teleport_mw_rb_yb_rb_er Starting Mw-to-Er teleportation trial 219 at 13103453297303700.
13,163,453,297,303,700 WARNING main_het_teleport_mw_rb_yb_rb_er Mw-to-Er teleportation trial 219 succeeded (completed=True, direct match=True, latency=9.1041885083 seconds).
13,163,453,297,303,700 WARNING main_het_teleport_mw_rb_yb_rb_er Starting Mw-to-Er teleportation trial 220 at 13163453297303700.
13,223,453,297,303,700 WARNING main_het_teleport_mw_rb_yb_rb_er Mw-to-Er teleportation trial 220 succeeded (completed=True, direct match=True, latency=6.4084006333 seconds).
13,223,453,297,303,700 WARNING main_het_teleport_mw_rb_yb_rb_er Starting Mw-to-Er teleportation trial 221 at 13223453297303700.
13,283,453,297,303,700 WARNING main_het_teleport_mw_rb_yb_rb_er Mw-to-Er teleportation trial 221 succeeded (completed=True, direct match=True, latency=7.7141728833 seconds).
13,283,453,297,303,700 WARNING main_het_teleport_mw_rb_yb_rb_er Starting Mw-to-Er teleportation trial 222 at 13283453297303700.
13,343,453,297,303,700 WARNING main_het_teleport_mw_rb_yb_rb_er Mw-to-Er teleportation trial 222 succeeded (completed=True, direct match=True, latency=3.6236891958 seconds).
13,343,453,297,303,700 WARNING main_het_teleport_mw_rb_yb_rb_er Starting Mw-to-Er teleportation trial 223 at 13343453297303700.
13,403,453,297,303,700 WARNING main_het_teleport_mw_rb_yb_rb_er Mw-to-Er teleportation trial 223 succeeded (completed=True, direct match=True, latency=9.1213491958 seconds).
13,403,453,297,303,700 WARNING main_het_teleport_mw_rb_yb_rb_er Starting Mw-to-Er teleportation trial 224 at 13403453297303700.
13,463,453,297,303,700 WARNING main_het_teleport_mw_rb_yb_rb_er Mw-to-Er teleportation trial 224 succeeded (completed=True, direct match=True, latency=6.3225971958 seconds).
13,463,453,297,303,700 WARNING main_het_teleport_mw_rb_yb_rb_er Starting Mw-to-Er teleportation trial 225 at 13463453297303700.
13,523,453,297,303,700 WARNING main_het_teleport_mw_rb_yb_rb_er Mw-to-Er teleportation trial 225 succeeded (completed=True, direct match=True, latency=7.0238452583 seconds).
13,523,453,297,303,700 WARNING main_het_teleport_mw_rb_yb_rb_er Starting Mw-to-Er teleportation trial 226 at 13523453297303700.
13,583,453,297,303,700 WARNING main_het_teleport_mw_rb_yb_rb_er Mw-to-Er teleportation trial 226 succeeded (completed=True, direct match=True, latency=7.7172930083 seconds).
13,583,453,297,303,700 WARNING main_het_teleport_mw_rb_yb_rb_er Starting Mw-to-Er teleportation trial 227 at 13583453297303700.
13,643,453,297,303,700 WARNING main_het_teleport_mw_rb_yb_rb_er Mw-to-Er teleportation trial 227 succeeded (completed=True, direct match=True, latency=9.0948281333 seconds).
13,643,453,297,303,700 WARNING main_het_teleport_mw_rb_yb_rb_er Starting Mw-to-Er teleportation trial 228 at 13643453297303700.
13,703,453,297,303,700 WARNING main_het_teleport_mw_rb_yb_rb_er Mw-to-Er teleportation trial 228 failed (completed=True, direct match=False, latency=9.7901859458 seconds).
13,703,453,297,303,700 WARNING main_het_teleport_mw_rb_yb_rb_er Starting Mw-to-Er teleportation trial 229 at 13703453297303700.
13,763,453,297,303,700 WARNING main_het_teleport_mw_rb_yb_rb_er Mw-to-Er teleportation trial 229 succeeded (completed=True, direct match=True, latency=9.1371248208 seconds).
13,763,453,297,303,700 WARNING main_het_teleport_mw_rb_yb_rb_er Starting Mw-to-Er teleportation trial 230 at 13763453297303700.
13,823,453,297,303,700 WARNING main_het_teleport_mw_rb_yb_rb_er Mw-to-Er teleportation trial 230 succeeded (completed=True, direct match=True, latency=5.6026283833 seconds).
13,823,453,297,303,700 WARNING main_het_teleport_mw_rb_yb_rb_er Starting Mw-to-Er teleportation trial 231 at 13823453297303700.
13,883,453,297,303,700 WARNING main_het_teleport_mw_rb_yb_rb_er Mw-to-Er teleportation trial 231 succeeded (completed=True, direct match=True, latency=3.5316455083 seconds).
13,883,453,297,303,700 WARNING main_het_teleport_mw_rb_yb_rb_er Starting Mw-to-Er teleportation trial 232 at 13883453297303700.
13,943,453,297,303,700 WARNING main_het_teleport_mw_rb_yb_rb_er Mw-to-Er teleportation trial 232 succeeded (completed=True, direct match=True, latency=9.7884508833 seconds).
13,943,453,297,303,700 WARNING main_het_teleport_mw_rb_yb_rb_er Starting Mw-to-Er teleportation trial 233 at 13943453297303700.
14,003,453,297,303,700 WARNING main_het_teleport_mw_rb_yb_rb_er Mw-to-Er teleportation trial 233 succeeded (completed=True, direct match=True, latency=7.7048125083 seconds).
14,003,453,297,303,700 WARNING main_het_teleport_mw_rb_yb_rb_er Starting Mw-to-Er teleportation trial 234 at 14003453297303700.
14,063,453,297,303,700 WARNING main_het_teleport_mw_rb_yb_rb_er Mw-to-Er teleportation trial 234 succeeded (completed=True, direct match=True, latency=9.8147969458 seconds).
14,063,453,297,303,700 WARNING main_het_teleport_mw_rb_yb_rb_er Starting Mw-to-Er teleportation trial 235 at 14063453297303700.
14,123,453,297,303,700 WARNING main_het_teleport_mw_rb_yb_rb_er Mw-to-Er teleportation trial 235 succeeded (completed=True, direct match=True, latency=12.5823476958 seconds).
14,123,453,297,303,700 WARNING main_het_teleport_mw_rb_yb_rb_er Starting Mw-to-Er teleportation trial 236 at 14123453297303700.
14,183,453,297,303,700 WARNING main_het_teleport_mw_rb_yb_rb_er Mw-to-Er teleportation trial 236 succeeded (completed=True, direct match=True, latency=2.8350776333 seconds).
14,183,453,297,303,700 WARNING main_het_teleport_mw_rb_yb_rb_er Starting Mw-to-Er teleportation trial 237 at 14183453297303700.
14,243,453,297,303,700 WARNING main_het_teleport_mw_rb_yb_rb_er Mw-to-Er teleportation trial 237 succeeded (completed=True, direct match=True, latency=7.0035644458 seconds).
14,243,453,297,303,700 WARNING main_het_teleport_mw_rb_yb_rb_er Starting Mw-to-Er teleportation trial 238 at 14243453297303700.
14,303,453,297,303,700 WARNING main_het_teleport_mw_rb_yb_rb_er Mw-to-Er teleportation trial 238 succeeded (completed=True, direct match=True, latency=7.0035644458 seconds).
14,303,453,297,303,700 WARNING main_het_teleport_mw_rb_yb_rb_er Starting Mw-to-Er teleportation trial 239 at 14303453297303700.
14,363,453,297,303,700 WARNING main_het_teleport_mw_rb_yb_rb_er Mw-to-Er teleportation trial 239 succeeded (completed=True, direct match=True, latency=4.2328935708 seconds).
14,363,453,297,303,700 WARNING main_het_teleport_mw_rb_yb_rb_er Starting Mw-to-Er teleportation trial 240 at 14363453297303700.
14,423,453,297,303,700 WARNING main_het_teleport_mw_rb_yb_rb_er Mw-to-Er teleportation trial 240 succeeded (completed=True, direct match=True, latency=4.7750152583 seconds).
14,423,453,297,303,700 WARNING main_het_teleport_mw_rb_yb_rb_er Starting Mw-to-Er teleportation trial 241 at 14423453297303700.
14,483,453,297,303,700 WARNING main_het_teleport_mw_rb_yb_rb_er Mw-to-Er teleportation trial 241 succeeded (completed=True, direct match=True, latency=7.0238452583 seconds).
14,483,453,297,303,700 WARNING main_het_teleport_mw_rb_yb_rb_er Starting Mw-to-Er teleportation trial 242 at 14483453297303700.
14,543,453,297,303,700 WARNING main_het_teleport_mw_rb_yb_rb_er Mw-to-Er teleportation trial 242 succeeded (completed=True, direct match=True, latency=9.1322696333 seconds).
14,543,453,297,303,700 WARNING main_het_teleport_mw_rb_yb_rb_er Starting Mw-to-Er teleportation trial 243 at 14543453297303700.
14,603,453,297,303,700 WARNING main_het_teleport_mw_rb_yb_rb_er Mw-to-Er teleportation trial 243 failed (completed=True, direct match=False, latency=14.4174991458 seconds).
14,603,453,297,303,700 WARNING main_het_teleport_mw_rb_yb_rb_er Starting Mw-to-Er teleportation trial 244 at 14603453297303700.
14,663,453,297,303,700 WARNING main_het_teleport_mw_rb_yb_rb_er Mw-to-Er teleportation trial 244 succeeded (completed=True, direct match=True, latency=6.5537975083 seconds).
14,663,453,297,303,700 WARNING main_het_teleport_mw_rb_yb_rb_er Starting Mw-to-Er teleportation trial 245 at 14663453297303700.
14,723,453,297,303,700 WARNING main_het_teleport_mw_rb_yb_rb_er Mw-to-Er teleportation trial 245 succeeded (completed=True, direct match=True, latency=6.3257173208 seconds).
14,723,453,297,303,700 WARNING main_het_teleport_mw_rb_yb_rb_er Starting Mw-to-Er teleportation trial 246 at 14723453297303700.
14,783,453,297,303,700 WARNING main_het_teleport_mw_rb_yb_rb_er Mw-to-Er teleportation trial 246 succeeded (completed=True, direct match=True, latency=9.8434780708 seconds).
14,783,453,297,303,700 WARNING main_het_teleport_mw_rb_yb_rb_er Starting Mw-to-Er teleportation trial 247 at 14783453297303700.
14,843,453,297,303,700 WARNING main_het_teleport_mw_rb_yb_rb_er Mw-to-Er teleportation trial 247 failed (completed=True, direct match=False, latency=8.4091806958 seconds).
14,843,453,297,303,700 WARNING main_het_teleport_mw_rb_yb_rb_er Starting Mw-to-Er teleportation trial 248 at 14843453297303700.
14,903,453,297,303,700 WARNING main_het_teleport_mw_rb_yb_rb_er Mw-to-Er teleportation trial 248 failed (completed=True, direct match=False, latency=6.3054365083 seconds).
14,903,453,297,303,700 WARNING main_het_teleport_mw_rb_yb_rb_er Starting Mw-to-Er teleportation trial 249 at 14903453297303700.
14,963,453,297,303,700 WARNING main_het_teleport_mw_rb_yb_rb_er Mw-to-Er teleportation trial 249 succeeded (completed=True, direct match=True, latency=13.3144049458 seconds).
14,963,453,297,303,700 WARNING main_het_teleport_mw_rb_yb_rb_er Starting Mw-to-Er teleportation trial 250 at 14963453297303700.
15,023,453,297,303,700 WARNING main_het_teleport_mw_rb_yb_rb_er Mw-to-Er teleportation trial 250 failed (completed=True, direct match=False, latency=19.3953153208 seconds).
15,023,453,297,303,700 WARNING main_het_teleport_mw_rb_yb_rb_er Starting Mw-to-Er teleportation trial 251 at 15023453297303700.
15,083,453,297,303,700 WARNING main_het_teleport_mw_rb_yb_rb_er Mw-to-Er teleportation trial 251 succeeded (completed=True, direct match=True, latency=6.3413179458 seconds).
15,083,453,297,303,700 WARNING main_het_teleport_mw_rb_yb_rb_er Starting Mw-to-Er teleportation trial 252 at 15083453297303700.
15,143,453,297,303,700 WARNING main_het_teleport_mw_rb_yb_rb_er Mw-to-Er teleportation trial 252 succeeded (completed=True, direct match=True, latency=7.7219731958 seconds).
15,143,453,297,303,700 WARNING main_het_teleport_mw_rb_yb_rb_er Starting Mw-to-Er teleportation trial 253 at 15143453297303700.
15,203,453,297,303,700 WARNING main_het_teleport_mw_rb_yb_rb_er Mw-to-Er teleportation trial 253 succeeded (completed=True, direct match=True, latency=9.1135488833 seconds).
15,203,453,297,303,700 WARNING main_het_teleport_mw_rb_yb_rb_er Starting Mw-to-Er teleportation trial 254 at 15203453297303700.
15,263,453,297,303,700 WARNING main_het_teleport_mw_rb_yb_rb_er Mw-to-Er teleportation trial 254 succeeded (completed=True, direct match=True, latency=6.3069965708 seconds).
15,263,453,297,303,700 WARNING main_het_teleport_mw_rb_yb_rb_er Starting Mw-to-Er teleportation trial 255 at 15263453297303700.
15,323,453,297,303,700 WARNING main_het_teleport_mw_rb_yb_rb_er Mw-to-Er teleportation trial 255 succeeded (completed=True, direct match=True, latency=3.5066845083 seconds).
15,323,453,297,303,700 WARNING main_het_teleport_mw_rb_yb_rb_er Starting Mw-to-Er teleportation trial 256 at 15323453297303700.
15,383,453,297,303,700 WARNING main_het_teleport_mw_rb_yb_rb_er Mw-to-Er teleportation trial 256 succeeded (completed=True, direct match=True, latency=6.3194770708 seconds).
15,383,453,297,303,700 WARNING main_het_teleport_mw_rb_yb_rb_er Starting Mw-to-Er teleportation trial 257 at 15383453297303700.
15,443,453,297,303,700 WARNING main_het_teleport_mw_rb_yb_rb_er Mw-to-Er teleportation trial 257 failed (completed=True, direct match=False, latency=2.7601946333 seconds).
15,443,453,297,303,700 WARNING main_het_teleport_mw_rb_yb_rb_er Starting Mw-to-Er teleportation trial 258 at 15443453297303700.
15,503,453,297,303,700 WARNING main_het_teleport_mw_rb_yb_rb_er Mw-to-Er teleportation trial 258 succeeded (completed=True, direct match=True, latency=4.9325815708 seconds).
15,503,453,297,303,700 WARNING main_het_teleport_mw_rb_yb_rb_er Starting Mw-to-Er teleportation trial 259 at 15503453297303700.
15,563,453,297,303,700 WARNING main_het_teleport_mw_rb_yb_rb_er Mw-to-Er teleportation trial 259 succeeded (completed=True, direct match=True, latency=4.2282133833 seconds).
15,563,453,297,303,700 WARNING main_het_teleport_mw_rb_yb_rb_er Starting Mw-to-Er teleportation trial 260 at 15563453297303700.
15,623,453,297,303,700 WARNING main_het_teleport_mw_rb_yb_rb_er Mw-to-Er teleportation trial 260 succeeded (completed=True, direct match=True, latency=7.6892118833 seconds).
15,623,453,297,303,700 WARNING main_het_teleport_mw_rb_yb_rb_er Starting Mw-to-Er teleportation trial 261 at 15623453297303700.
15,683,453,297,303,700 WARNING main_het_teleport_mw_rb_yb_rb_er Mw-to-Er teleportation trial 261 failed (completed=True, direct match=False, latency=8.3530184458 seconds).
15,683,453,297,303,700 WARNING main_het_teleport_mw_rb_yb_rb_er Starting Mw-to-Er teleportation trial 262 at 15683453297303700.
15,743,453,297,303,700 WARNING main_het_teleport_mw_rb_yb_rb_er Mw-to-Er teleportation trial 262 succeeded (completed=True, direct match=True, latency=9.1026284458 seconds).
15,743,453,297,303,700 WARNING main_het_teleport_mw_rb_yb_rb_er Starting Mw-to-Er teleportation trial 263 at 15743453297303700.
15,803,453,297,303,700 WARNING main_het_teleport_mw_rb_yb_rb_er Mw-to-Er teleportation trial 263 succeeded (completed=True, direct match=True, latency=5.5948280708 seconds).
15,803,453,297,303,700 WARNING main_het_teleport_mw_rb_yb_rb_er Starting Mw-to-Er teleportation trial 264 at 15803453297303700.
15,863,453,297,303,700 WARNING main_het_teleport_mw_rb_yb_rb_er Mw-to-Er teleportation trial 264 succeeded (completed=True, direct match=True, latency=2.1525503208 seconds).
15,863,453,297,303,700 WARNING main_het_teleport_mw_rb_yb_rb_er Starting Mw-to-Er teleportation trial 265 at 15863453297303700.
15,923,453,297,303,700 WARNING main_het_teleport_mw_rb_yb_rb_er Mw-to-Er teleportation trial 265 succeeded (completed=True, direct match=True, latency=2.8257172583 seconds).
15,923,453,297,303,700 WARNING main_het_teleport_mw_rb_yb_rb_er Starting Mw-to-Er teleportation trial 266 at 15923453297303700.
15,983,453,297,303,700 WARNING main_het_teleport_mw_rb_yb_rb_er Mw-to-Er teleportation trial 266 succeeded (completed=True, direct match=True, latency=17.5363259458 seconds).
15,983,453,297,303,700 WARNING main_het_teleport_mw_rb_yb_rb_er Starting Mw-to-Er teleportation trial 267 at 15983453297303700.
16,043,453,297,303,700 WARNING main_het_teleport_mw_rb_yb_rb_er Mw-to-Er teleportation trial 267 failed (completed=True, direct match=False, latency=16.1041886333 seconds).
16,043,453,297,303,700 WARNING main_het_teleport_mw_rb_yb_rb_er Starting Mw-to-Er teleportation trial 268 at 16043453297303700.
16,103,453,297,303,700 WARNING main_het_teleport_mw_rb_yb_rb_er Mw-to-Er teleportation trial 268 succeeded (completed=True, direct match=True, latency=8.5546915083 seconds).
16,103,453,297,303,700 WARNING main_het_teleport_mw_rb_yb_rb_er Starting Mw-to-Er teleportation trial 269 at 16103453297303700.
16,163,453,297,303,700 WARNING main_het_teleport_mw_rb_yb_rb_er Mw-to-Er teleportation trial 269 succeeded (completed=True, direct match=True, latency=10.4271214458 seconds).
16,163,453,297,303,700 WARNING main_het_teleport_mw_rb_yb_rb_er Starting Mw-to-Er teleportation trial 270 at 16163453297303700.
16,223,453,297,303,700 WARNING main_het_teleport_mw_rb_yb_rb_er Mw-to-Er teleportation trial 270 succeeded (completed=True, direct match=True, latency=2.8272773208 seconds).
16,223,453,297,303,700 WARNING main_het_teleport_mw_rb_yb_rb_er Starting Mw-to-Er teleportation trial 271 at 16223453297303700.
16,293,021,424,182,705 WARNING main_het_teleport_mw_rb_yb_rb_er Mw-to-Er teleportation trial 271 succeeded (completed=True, direct match=True, latency=14.0831277583 seconds).
16,293,021,424,182,705 WARNING main_het_teleport_mw_rb_yb_rb_er Starting Mw-to-Er teleportation trial 272 at 16293021424182705.
16,353,021,424,182,705 WARNING main_het_teleport_mw_rb_yb_rb_er Mw-to-Er teleportation trial 272 succeeded (completed=True, direct match=True, latency=17.470978316795 seconds).
16,353,021,424,182,705 WARNING main_het_teleport_mw_rb_yb_rb_er Starting Mw-to-Er teleportation trial 273 at 16353021424182705.
16,413,021,424,182,705 WARNING main_het_teleport_mw_rb_yb_rb_er Mw-to-Er teleportation trial 273 succeeded (completed=True, direct match=True, latency=2.813236754295 seconds).
16,413,021,424,182,705 WARNING main_het_teleport_mw_rb_yb_rb_er Starting Mw-to-Er teleportation trial 274 at 16413021424182705.
16,473,021,424,182,705 WARNING main_het_teleport_mw_rb_yb_rb_er Mw-to-Er teleportation trial 274 succeeded (completed=True, direct match=True, latency=7.736013754295 seconds).
16,473,021,424,182,705 WARNING main_het_teleport_mw_rb_yb_rb_er Starting Mw-to-Er teleportation trial 275 at 16473021424182705.
16,533,021,424,182,705 WARNING main_het_teleport_mw_rb_yb_rb_er Mw-to-Er teleportation trial 275 succeeded (completed=True, direct match=True, latency=7.016044941795 seconds).
16,533,021,424,182,705 WARNING main_het_teleport_mw_rb_yb_rb_er Starting Mw-to-Er teleportation trial 276 at 16533021424182705.
16,593,021,424,182,705 WARNING main_het_teleport_mw_rb_yb_rb_er Mw-to-Er teleportation trial 276 failed (completed=True, direct match=False, latency=4.444473579295 seconds).
16,593,021,424,182,705 WARNING main_het_teleport_mw_rb_yb_rb_er Starting Mw-to-Er teleportation trial 277 at 16593021424182705.
16,653,021,424,182,705 WARNING main_het_teleport_mw_rb_yb_rb_er Mw-to-Er teleportation trial 277 failed (completed=True, direct match=False, latency=19.241294129295 seconds).
16,653,021,424,182,705 WARNING main_het_teleport_mw_rb_yb_rb_er Starting Mw-to-Er teleportation trial 278 at 16653021424182705.
16,713,021,424,182,705 WARNING main_het_teleport_mw_rb_yb_rb_er Mw-to-Er teleportation trial 278 succeeded (completed=True, direct match=True, latency=4.238477379295 seconds).
16,713,021,424,182,705 WARNING main_het_teleport_mw_rb_yb_rb_er Starting Mw-to-Er teleportation trial 279 at 16713021424182705.
16,773,021,424,182,705 WARNING main_het_teleport_mw_rb_yb_rb_er Mw-to-Er teleportation trial 279 succeeded (completed=True, direct match=True, latency=5.602628379295 seconds).
16,773,021,424,182,705 WARNING main_het_teleport_mw_rb_yb_rb_er Starting Mw-to-Er teleportation trial 280 at 16773021424182705.
16,833,021,424,182,705 WARNING main_het_teleport_mw_rb_yb_rb_er Mw-to-Er teleportation trial 280 succeeded (completed=True, direct match=True, latency=7.750054316795 seconds).
16,833,021,424,182,705 WARNING main_het_teleport_mw_rb_yb_rb_er Starting Mw-to-Er teleportation trial 281 at 16833021424182705.
16,893,021,424,182,705 WARNING main_het_teleport_mw_rb_yb_rb_er Mw-to-Er teleportation trial 281 succeeded (completed=True, direct match=True, latency=2.821037066795 seconds).
16,893,021,424,182,705 WARNING main_het_teleport_mw_rb_yb_rb_er Starting Mw-to-Er teleportation trial 282 at 16893021424182705.
16,953,021,424,182,705 WARNING main_het_teleport_mw_rb_yb_rb_er Mw-to-Er teleportation trial 282 failed (completed=True, direct match=False, latency=6.901025316795 seconds).
16,953,021,424,182,705 WARNING main_het_teleport_mw_rb_yb_rb_er Starting Mw-to-Er teleportation trial 283 at 16953021424182705.
17,013,021,424,182,705 WARNING main_het_teleport_mw_rb_yb_rb_er Mw-to-Er teleportation trial 283 failed (completed=True, direct match=False, latency=3.643031441795 seconds).
17,013,021,424,182,705 WARNING main_het_teleport_mw_rb_yb_rb_er Starting Mw-to-Er teleportation trial 284 at 17013021424182705.
17,073,021,424,182,705 WARNING main_het_teleport_mw_rb_yb_rb_er Mw-to-Er teleportation trial 284 failed (completed=True, direct match=False, latency=4.870179066795 seconds).
17,073,021,424,182,705 WARNING main_het_teleport_mw_rb_yb_rb_er Starting Mw-to-Er teleportation trial 285 at 17073021424182705.
17,133,021,424,182,705 WARNING main_het_teleport_mw_rb_yb_rb_er Mw-to-Er teleportation trial 285 failed (completed=True, direct match=False, latency=8.428501441795 seconds).
17,133,021,424,182,705 WARNING main_het_teleport_mw_rb_yb_rb_er Starting Mw-to-Er teleportation trial 286 at 17133021424182705.
17,193,021,424,182,705 WARNING main_het_teleport_mw_rb_yb_rb_er Mw-to-Er teleportation trial 286 succeeded (completed=True, direct match=True, latency=7.712612816795 seconds).
17,193,021,424,182,705 WARNING main_het_teleport_mw_rb_yb_rb_er Starting Mw-to-Er teleportation trial 287 at 17193021424182705.
17,253,021,424,182,705 WARNING main_het_teleport_mw_rb_yb_rb_er Mw-to-Er teleportation trial 287 failed (completed=True, direct match=False, latency=7.000444316795 seconds).
17,253,021,424,182,705 WARNING main_het_teleport_mw_rb_yb_rb_er Starting Mw-to-Er teleportation trial 288 at 17253021424182705.
17,313,021,424,182,705 WARNING main_het_teleport_mw_rb_yb_rb_er Mw-to-Er teleportation trial 288 succeeded (completed=True, direct match=True, latency=4.935701691795 seconds).
17,313,021,424,182,705 WARNING main_het_teleport_mw_rb_yb_rb_er Starting Mw-to-Er teleportation trial 289 at 17313021424182705.
17,373,021,424,182,705 WARNING main_het_teleport_mw_rb_yb_rb_er Mw-to-Er teleportation trial 289 succeeded (completed=True, direct match=True, latency=5.616668941795 seconds).
17,373,021,424,182,705 WARNING main_het_teleport_mw_rb_yb_rb_er Starting Mw-to-Er teleportation trial 290 at 17373021424182705.
17,433,021,424,182,705 WARNING main_het_teleport_mw_rb_yb_rb_er Mw-to-Er teleportation trial 290 succeeded (completed=True, direct match=True, latency=6.310116691795 seconds).
17,433,021,424,182,705 WARNING main_het_teleport_mw_rb_yb_rb_er Starting Mw-to-Er teleportation trial 291 at 17433021424182705.
17,493,021,424,182,705 WARNING main_het_teleport_mw_rb_yb_rb_er Mw-to-Er teleportation trial 291 failed (completed=True, direct match=False, latency=7.636769754295 seconds).
17,493,021,424,182,705 WARNING main_het_teleport_mw_rb_yb_rb_er Starting Mw-to-Er teleportation trial 292 at 17493021424182705.
17,553,021,424,182,705 WARNING main_het_teleport_mw_rb_yb_rb_er Mw-to-Er teleportation trial 292 failed (completed=True, direct match=False, latency=4.943502004295 seconds).
17,553,021,424,182,705 WARNING main_het_teleport_mw_rb_yb_rb_er Starting Mw-to-Er teleportation trial 293 at 17553021424182705.
17,613,021,424,182,705 WARNING main_het_teleport_mw_rb_yb_rb_er Mw-to-Er teleportation trial 293 succeeded (completed=True, direct match=True, latency=2.652550316795 seconds).
17,613,021,424,182,705 WARNING main_het_teleport_mw_rb_yb_rb_er Starting Mw-to-Er teleportation trial 294 at 17613021424182705.
17,673,021,424,182,705 WARNING main_het_teleport_mw_rb_yb_rb_er Mw-to-Er teleportation trial 294 failed (completed=True, direct match=False, latency=3.643970004295 seconds).
17,673,021,424,182,705 WARNING main_het_teleport_mw_rb_yb_rb_er Starting Mw-to-Er teleportation trial 295 at 17673021424182705.
17,733,021,424,182,705 WARNING main_het_teleport_mw_rb_yb_rb_er Mw-to-Er teleportation trial 295 failed (completed=True, direct match=False, latency=8.432756629295 seconds).
17,733,021,424,182,705 WARNING main_het_teleport_mw_rb_yb_rb_er Starting Mw-to-Er teleportation trial 296 at 17733021424182705.
17,793,021,424,182,705 WARNING main_het_teleport_mw_rb_yb_rb_er Mw-to-Er teleportation trial 296 succeeded (completed=True, direct match=True, latency=5.640069879295 seconds).
17,793,021,424,182,705 WARNING main_het_teleport_mw_rb_yb_rb_er Starting Mw-to-Er teleportation trial 297 at 17793021424182705.
17,853,021,424,182,705 WARNING main_het_teleport_mw_rb_yb_rb_er Mw-to-Er teleportation trial 297 succeeded (completed=True, direct match=True, latency=6.299196254295 seconds).
17,853,021,424,182,705 WARNING main_het_teleport_mw_rb_yb_rb_er Starting Mw-to-Er teleportation trial 298 at 17853021424182705.
17,913,021,424,182,705 WARNING main_het_teleport_mw_rb_yb_rb_er Mw-to-Er teleportation trial 298 succeeded (completed=True, direct match=True, latency=5.613548816795 seconds).
17,913,021,424,182,705 WARNING main_het_teleport_mw_rb_yb_rb_er Starting Mw-to-Er teleportation trial 299 at 17913021424182705.
17,973,021,424,182,705 WARNING main_het_teleport_mw_rb_yb_rb_er Mw-to-Er teleportation trial 299 failed (completed=True, direct match=False, latency=9.806996629295 seconds).
17,973,021,424,182,705 WARNING main_het_teleport_mw_rb_yb_rb_er Starting Mw-to-Er teleportation trial 300 at 17973021424182705.
18,033,021,424,182,705 WARNING main_het_teleport_mw_rb_yb_rb_er Mw-to-Er teleportation trial 300 succeeded (completed=True, direct match=True, latency=8.402940441795 seconds).
18,033,021,424,182,705 WARNING main_het_teleport_mw_rb_yb_rb_er Starting Mw-to-Er teleportation trial 301 at 18033021424182705.
18,093,021,424,182,705 WARNING main_het_teleport_mw_rb_yb_rb_er Mw-to-Er teleportation trial 301 succeeded (completed=True, direct match=True, latency=7.736013754295 seconds).
18,093,021,424,182,705 WARNING main_het_teleport_mw_rb_yb_rb_er Starting Mw-to-Er teleportation trial 302 at 18093021424182705.
18,153,021,424,182,705 WARNING main_het_teleport_mw_rb_yb_rb_er Mw-to-Er teleportation trial 302 succeeded (completed=True, direct match=True, latency=10.517605066795 seconds).
18,153,021,424,182,705 WARNING main_het_teleport_mw_rb_yb_rb_er Starting Mw-to-Er teleportation trial 303 at 18153021424182705.
18,213,021,424,182,705 WARNING main_het_teleport_mw_rb_yb_rb_er Mw-to-Er teleportation trial 303 succeeded (completed=True, direct match=True, latency=7.016044941795 seconds).
18,213,021,424,182,705 WARNING main_het_teleport_mw_rb_yb_rb_er Starting Mw-to-Er teleportation trial 304 at 18213021424182705.
18,273,021,424,182,705 WARNING main_het_teleport_mw_rb_yb_rb_er Mw-to-Er teleportation trial 304 succeeded (completed=True, direct match=True, latency=7.020725129295 seconds).
18,273,021,424,182,705 WARNING main_het_teleport_mw_rb_yb_rb_er Starting Mw-to-Er teleportation trial 305 at 18273021424182705.
18,333,021,424,182,705 WARNING main_het_teleport_mw_rb_yb_rb_er Mw-to-Er teleportation trial 305 succeeded (completed=True, direct match=True, latency=19.974878504295 seconds).
18,333,021,424,182,705 WARNING main_het_teleport_mw_rb_yb_rb_er Starting Mw-to-Er teleportation trial 306 at 18333021424182705.
18,393,021,424,182,705 WARNING main_het_teleport_mw_rb_yb_rb_er Mw-to-Er teleportation trial 306 failed (completed=True, direct match=False, latency=3.534765629295 seconds).
18,393,021,424,182,705 WARNING main_het_teleport_mw_rb_yb_rb_er Starting Mw-to-Er teleportation trial 307 at 18393021424182705.
18,453,021,424,182,705 WARNING main_het_teleport_mw_rb_yb_rb_er Mw-to-Er teleportation trial 307 failed (completed=True, direct match=False, latency=9.769555129295 seconds).
18,453,021,424,182,705 WARNING main_het_teleport_mw_rb_yb_rb_er Starting Mw-to-Er teleportation trial 308 at 18453021424182705.
18,513,021,424,182,705 WARNING main_het_teleport_mw_rb_yb_rb_er Mw-to-Er teleportation trial 308 failed (completed=True, direct match=False, latency=7.030085504295 seconds).
18,513,021,424,182,705 WARNING main_het_teleport_mw_rb_yb_rb_er Starting Mw-to-Er teleportation trial 309 at 18513021424182705.
18,573,021,424,182,705 WARNING main_het_teleport_mw_rb_yb_rb_er Mw-to-Er teleportation trial 309 succeeded (completed=True, direct match=True, latency=12.635564816795 seconds).
18,573,021,424,182,705 WARNING main_het_teleport_mw_rb_yb_rb_er Starting Mw-to-Er teleportation trial 310 at 18573021424182705.
18,633,021,424,182,705 WARNING main_het_teleport_mw_rb_yb_rb_er Mw-to-Er teleportation trial 310 failed (completed=True, direct match=False, latency=4.917405941795 seconds).
18,633,021,424,182,705 WARNING main_het_teleport_mw_rb_yb_rb_er Starting Mw-to-Er teleportation trial 311 at 18633021424182705.
18,693,021,424,182,705 WARNING main_het_teleport_mw_rb_yb_rb_er Mw-to-Er teleportation trial 311 succeeded (completed=True, direct match=True, latency=6.328837441795 seconds).
18,693,021,424,182,705 WARNING main_het_teleport_mw_rb_yb_rb_er Starting Mw-to-Er teleportation trial 312 at 18693021424182705.
18,759,788,931,182,577 WARNING main_het_teleport_mw_rb_yb_rb_er Mw-to-Er teleportation trial 312 succeeded (completed=True, direct match=True, latency=13.303876566795 seconds).
18,759,788,931,182,577 WARNING main_het_teleport_mw_rb_yb_rb_er Starting Mw-to-Er teleportation trial 313 at 18759788931182577.
18,819,788,931,182,577 WARNING main_het_teleport_mw_rb_yb_rb_er Mw-to-Er teleportation trial 313 succeeded (completed=True, direct match=True, latency=4.399207641923 seconds).
18,819,788,931,182,577 WARNING main_het_teleport_mw_rb_yb_rb_er Starting Mw-to-Er teleportation trial 314 at 18819788931182577.
18,879,788,931,182,577 WARNING main_het_teleport_mw_rb_yb_rb_er Mw-to-Er teleportation trial 314 succeeded (completed=True, direct match=True, latency=5.622909191923 seconds).
18,879,788,931,182,577 WARNING main_het_teleport_mw_rb_yb_rb_er Starting Mw-to-Er teleportation trial 315 at 18879788931182577.
18,939,788,931,182,577 WARNING main_het_teleport_mw_rb_yb_rb_er Mw-to-Er teleportation trial 315 succeeded (completed=True, direct match=True, latency=7.709492691923 seconds).
18,939,788,931,182,577 WARNING main_het_teleport_mw_rb_yb_rb_er Starting Mw-to-Er teleportation trial 316 at 18939788931182577.
18,999,788,931,182,577 WARNING main_het_teleport_mw_rb_yb_rb_er Mw-to-Er teleportation trial 316 failed (completed=True, direct match=False, latency=7.695452129423 seconds).
18,999,788,931,182,577 WARNING main_het_teleport_mw_rb_yb_rb_er Starting Mw-to-Er teleportation trial 317 at 18999788931182577.
19,061,861,081,259,547 WARNING main_het_teleport_mw_rb_yb_rb_er Mw-to-Er teleportation trial 317 succeeded (completed=True, direct match=True, latency=3.523845191923 seconds).
19,061,861,081,259,547 WARNING main_het_teleport_mw_rb_yb_rb_er Starting Mw-to-Er teleportation trial 318 at 19061861081259547.
19,121,861,081,259,547 WARNING main_het_teleport_mw_rb_yb_rb_er Mw-to-Er teleportation trial 318 succeeded (completed=True, direct match=True, latency=2.099508189953 seconds).
19,121,861,081,259,547 WARNING main_het_teleport_mw_rb_yb_rb_er Starting Mw-to-Er teleportation trial 319 at 19121861081259547.
19,181,861,081,259,547 WARNING main_het_teleport_mw_rb_yb_rb_er Mw-to-Er teleportation trial 319 succeeded (completed=True, direct match=True, latency=7.737573814953 seconds).
19,181,861,081,259,547 WARNING main_het_teleport_mw_rb_yb_rb_er Starting Mw-to-Er teleportation trial 320 at 19181861081259547.
19,241,861,081,259,547 WARNING main_het_teleport_mw_rb_yb_rb_er Mw-to-Er teleportation trial 320 failed (completed=True, direct match=False, latency=19.608868877453 seconds).
19,241,861,081,259,547 WARNING main_het_teleport_mw_rb_yb_rb_er Starting Mw-to-Er teleportation trial 321 at 19241861081259547.
19,301,861,081,259,547 WARNING main_het_teleport_mw_rb_yb_rb_er Mw-to-Er teleportation trial 321 succeeded (completed=True, direct match=True, latency=5.706017502453 seconds).
19,301,861,081,259,547 WARNING main_het_teleport_mw_rb_yb_rb_er Starting Mw-to-Er teleportation trial 322 at 19301861081259547.
19,361,861,081,259,547 WARNING main_het_teleport_mw_rb_yb_rb_er Mw-to-Er teleportation trial 322 failed (completed=True, direct match=False, latency=2.838197752453 seconds).
19,361,861,081,259,547 WARNING main_het_teleport_mw_rb_yb_rb_er Starting Mw-to-Er teleportation trial 323 at 19361861081259547.
19,421,861,081,259,547 WARNING main_het_teleport_mw_rb_yb_rb_er Mw-to-Er teleportation trial 323 succeeded (completed=True, direct match=True, latency=6.338197814953 seconds).
19,421,861,081,259,547 WARNING main_het_teleport_mw_rb_yb_rb_er Starting Mw-to-Er teleportation trial 324 at 19421861081259547.
19,481,861,081,259,547 WARNING main_het_teleport_mw_rb_yb_rb_er Mw-to-Er teleportation trial 324 failed (completed=True, direct match=False, latency=4.868619002453 seconds).
19,481,861,081,259,547 WARNING main_het_teleport_mw_rb_yb_rb_er Starting Mw-to-Er teleportation trial 325 at 19481861081259547.
19,541,861,081,259,547 WARNING main_het_teleport_mw_rb_yb_rb_er Mw-to-Er teleportation trial 325 succeeded (completed=True, direct match=True, latency=4.173611189953 seconds).
19,541,861,081,259,547 WARNING main_het_teleport_mw_rb_yb_rb_er Starting Mw-to-Er teleportation trial 326 at 19541861081259547.
19,601,861,081,259,547 WARNING main_het_teleport_mw_rb_yb_rb_er Mw-to-Er teleportation trial 326 failed (completed=True, direct match=False, latency=9.122909252453 seconds).
19,601,861,081,259,547 WARNING main_het_teleport_mw_rb_yb_rb_er Starting Mw-to-Er teleportation trial 327 at 19601861081259547.
19,661,861,081,259,547 WARNING main_het_teleport_mw_rb_yb_rb_er Mw-to-Er teleportation trial 327 succeeded (completed=True, direct match=True, latency=9.254111189953 seconds).
19,661,861,081,259,547 WARNING main_het_teleport_mw_rb_yb_rb_er Starting Mw-to-Er teleportation trial 328 at 19661861081259547.
19,721,861,081,259,547 WARNING main_het_teleport_mw_rb_yb_rb_er Mw-to-Er teleportation trial 328 succeeded (completed=True, direct match=True, latency=4.126984314953 seconds).
19,721,861,081,259,547 WARNING main_het_teleport_mw_rb_yb_rb_er Starting Mw-to-Er teleportation trial 329 at 19721861081259547.
19,781,861,081,259,547 WARNING main_het_teleport_mw_rb_yb_rb_er Mw-to-Er teleportation trial 329 failed (completed=True, direct match=False, latency=5.674391252453 seconds).
19,781,861,081,259,547 WARNING main_het_teleport_mw_rb_yb_rb_er Starting Mw-to-Er teleportation trial 330 at 19781861081259547.
19,841,861,081,259,547 WARNING main_het_teleport_mw_rb_yb_rb_er Mw-to-Er teleportation trial 330 succeeded (completed=True, direct match=True, latency=3.525405252453 seconds).
19,841,861,081,259,547 WARNING main_het_teleport_mw_rb_yb_rb_er Starting Mw-to-Er teleportation trial 331 at 19841861081259547.
19,901,861,081,259,547 WARNING main_het_teleport_mw_rb_yb_rb_er Mw-to-Er teleportation trial 331 succeeded (completed=True, direct match=True, latency=7.023845252453 seconds).
19,901,861,081,259,547 WARNING main_het_teleport_mw_rb_yb_rb_er Starting Mw-to-Er teleportation trial 332 at 19901861081259547.
19,961,861,081,259,547 WARNING main_het_teleport_mw_rb_yb_rb_er Mw-to-Er teleportation trial 332 succeeded (completed=True, direct match=True, latency=8.434141689953 seconds).
19,961,861,081,259,547 WARNING main_het_teleport_mw_rb_yb_rb_er Starting Mw-to-Er teleportation trial 333 at 19961861081259547.
20,021,861,081,259,547 WARNING main_het_teleport_mw_rb_yb_rb_er Mw-to-Er teleportation trial 333 succeeded (completed=True, direct match=True, latency=9.803876502453 seconds).
20,021,861,081,259,547 WARNING main_het_teleport_mw_rb_yb_rb_er Starting Mw-to-Er teleportation trial 334 at 20021861081259547.
20,081,861,081,259,547 WARNING main_het_teleport_mw_rb_yb_rb_er Mw-to-Er teleportation trial 334 succeeded (completed=True, direct match=True, latency=6.319477064953 seconds).
20,081,861,081,259,547 WARNING main_het_teleport_mw_rb_yb_rb_er Starting Mw-to-Er teleportation trial 335 at 20081861081259547.
20,141,861,081,259,547 WARNING main_het_teleport_mw_rb_yb_rb_er Mw-to-Er teleportation trial 335 succeeded (completed=True, direct match=True, latency=4.170916064953 seconds).
20,141,861,081,259,547 WARNING main_het_teleport_mw_rb_yb_rb_er Starting Mw-to-Er teleportation trial 336 at 20141861081259547.
20,201,861,081,259,547 WARNING main_het_teleport_mw_rb_yb_rb_er Mw-to-Er teleportation trial 336 succeeded (completed=True, direct match=True, latency=8.429461502453 seconds).
20,201,861,081,259,547 WARNING main_het_teleport_mw_rb_yb_rb_er Starting Mw-to-Er teleportation trial 337 at 20201861081259547.
20,261,861,081,259,547 WARNING main_het_teleport_mw_rb_yb_rb_er Mw-to-Er teleportation trial 337 succeeded (completed=True, direct match=True, latency=4.913860814953 seconds).
20,261,861,081,259,547 WARNING main_het_teleport_mw_rb_yb_rb_er Starting Mw-to-Er teleportation trial 338 at 20261861081259547.
20,321,861,081,259,547 WARNING main_het_teleport_mw_rb_yb_rb_er Mw-to-Er teleportation trial 338 succeeded (completed=True, direct match=True, latency=6.328837439953 seconds).
20,321,861,081,259,547 WARNING main_het_teleport_mw_rb_yb_rb_er Starting Mw-to-Er teleportation trial 339 at 20321861081259547.
20,381,861,081,259,547 WARNING main_het_teleport_mw_rb_yb_rb_er Mw-to-Er teleportation trial 339 succeeded (completed=True, direct match=True, latency=9.126454377453 seconds).
20,381,861,081,259,547 WARNING main_het_teleport_mw_rb_yb_rb_er Starting Mw-to-Er teleportation trial 340 at 20381861081259547.
20,441,861,081,259,547 WARNING main_het_teleport_mw_rb_yb_rb_er Mw-to-Er teleportation trial 340 succeeded (completed=True, direct match=True, latency=5.607308564953 seconds).
20,441,861,081,259,547 WARNING main_het_teleport_mw_rb_yb_rb_er Starting Mw-to-Er teleportation trial 341 at 20441861081259547.
20,501,861,081,259,547 WARNING main_het_teleport_mw_rb_yb_rb_er Mw-to-Er teleportation trial 341 failed (completed=True, direct match=False, latency=4.935701689953 seconds).
20,501,861,081,259,547 WARNING main_het_teleport_mw_rb_yb_rb_er Starting Mw-to-Er teleportation trial 342 at 20501861081259547.
20,561,861,081,259,547 WARNING main_het_teleport_mw_rb_yb_rb_er Mw-to-Er teleportation trial 342 failed (completed=True, direct match=False, latency=4.853193377453 seconds).
20,561,861,081,259,547 WARNING main_het_teleport_mw_rb_yb_rb_er Starting Mw-to-Er teleportation trial 343 at 20561861081259547.
20,621,861,081,259,547 WARNING main_het_teleport_mw_rb_yb_rb_er Mw-to-Er teleportation trial 343 failed (completed=True, direct match=False, latency=8.410915752453 seconds).
20,621,861,081,259,547 WARNING main_het_teleport_mw_rb_yb_rb_er Starting Mw-to-Er teleportation trial 344 at 20621861081259547.
20,681,861,081,259,547 WARNING main_het_teleport_mw_rb_yb_rb_er Mw-to-Er teleportation trial 344 succeeded (completed=True, direct match=True, latency=6.986403752453 seconds).
20,681,861,081,259,547 WARNING main_het_teleport_mw_rb_yb_rb_er Starting Mw-to-Er teleportation trial 345 at 20681861081259547.
20,741,861,081,259,547 WARNING main_het_teleport_mw_rb_yb_rb_er Mw-to-Er teleportation trial 345 succeeded (completed=True, direct match=True, latency=7.725093314953 seconds).
20,741,861,081,259,547 WARNING main_het_teleport_mw_rb_yb_rb_er Starting Mw-to-Er teleportation trial 346 at 20741861081259547.
20,801,861,081,259,547 WARNING main_het_teleport_mw_rb_yb_rb_er Mw-to-Er teleportation trial 346 succeeded (completed=True, direct match=True, latency=6.305052877453 seconds).
20,801,861,081,259,547 WARNING main_het_teleport_mw_rb_yb_rb_er Starting Mw-to-Er teleportation trial 347 at 20801861081259547.
20,861,861,081,259,547 WARNING main_het_teleport_mw_rb_yb_rb_er Mw-to-Er teleportation trial 347 succeeded (completed=True, direct match=True, latency=9.079402502453 seconds).
20,861,861,081,259,547 WARNING main_het_teleport_mw_rb_yb_rb_er Starting Mw-to-Er teleportation trial 348 at 20861861081259547.
20,921,861,081,259,547 WARNING main_het_teleport_mw_rb_yb_rb_er Mw-to-Er teleportation trial 348 failed (completed=True, direct match=False, latency=7.006684564953 seconds).
20,921,861,081,259,547 WARNING main_het_teleport_mw_rb_yb_rb_er Starting Mw-to-Er teleportation trial 349 at 20921861081259547.
20,981,861,081,259,547 WARNING main_het_teleport_mw_rb_yb_rb_er Mw-to-Er teleportation trial 349 failed (completed=True, direct match=False, latency=13.308731752453 seconds).
20,981,861,081,259,547 WARNING main_het_teleport_mw_rb_yb_rb_er Starting Mw-to-Er teleportation trial 350 at 20981861081259547.
21,041,861,081,259,547 WARNING main_het_teleport_mw_rb_yb_rb_er Mw-to-Er teleportation trial 350 failed (completed=True, direct match=False, latency=11.167371064953 seconds).
21,041,861,081,259,547 WARNING main_het_teleport_mw_rb_yb_rb_er Starting Mw-to-Er teleportation trial 351 at 21041861081259547.
21,101,861,081,259,547 WARNING main_het_teleport_mw_rb_yb_rb_er Mw-to-Er teleportation trial 351 succeeded (completed=True, direct match=True, latency=17.502004564953 seconds).
21,101,861,081,259,547 WARNING main_het_teleport_mw_rb_yb_rb_er Starting Mw-to-Er teleportation trial 352 at 21101861081259547.
21,161,861,081,259,547 WARNING main_het_teleport_mw_rb_yb_rb_er Mw-to-Er teleportation trial 352 succeeded (completed=True, direct match=True, latency=12.607308689953 seconds).
21,161,861,081,259,547 WARNING main_het_teleport_mw_rb_yb_rb_er Starting Mw-to-Er teleportation trial 353 at 21161861081259547.
21,221,861,081,259,547 WARNING main_het_teleport_mw_rb_yb_rb_er Mw-to-Er teleportation trial 353 failed (completed=True, direct match=False, latency=8.495159127453 seconds).
21,221,861,081,259,547 WARNING main_het_teleport_mw_rb_yb_rb_er Starting Mw-to-Er teleportation trial 354 at 21221861081259547.
21,281,861,081,259,547 WARNING main_het_teleport_mw_rb_yb_rb_er Mw-to-Er teleportation trial 354 succeeded (completed=True, direct match=True, latency=7.720413127453 seconds).
21,281,861,081,259,547 WARNING main_het_teleport_mw_rb_yb_rb_er Starting Mw-to-Er teleportation trial 355 at 21281861081259547.
21,341,861,081,259,547 WARNING main_het_teleport_mw_rb_yb_rb_er Mw-to-Er teleportation trial 355 succeeded (completed=True, direct match=True, latency=4.899820252453 seconds).
21,341,861,081,259,547 WARNING main_het_teleport_mw_rb_yb_rb_er Starting Mw-to-Er teleportation trial 356 at 21341861081259547.
21,401,861,081,259,547 WARNING main_het_teleport_mw_rb_yb_rb_er Mw-to-Er teleportation trial 356 succeeded (completed=True, direct match=True, latency=10.525405377453 seconds).
21,401,861,081,259,547 WARNING main_het_teleport_mw_rb_yb_rb_er Starting Mw-to-Er teleportation trial 357 at 21401861081259547.
21,461,861,081,259,547 WARNING main_het_teleport_mw_rb_yb_rb_er Mw-to-Er teleportation trial 357 succeeded (completed=True, direct match=True, latency=2.937308714953 seconds).
21,461,861,081,259,547 WARNING main_het_teleport_mw_rb_yb_rb_er Starting Mw-to-Er teleportation trial 358 at 21461861081259547.
21,521,861,081,259,547 WARNING main_het_teleport_mw_rb_yb_rb_er Mw-to-Er teleportation trial 358 succeeded (completed=True, direct match=True, latency=8.324937314953 seconds).
21,521,861,081,259,547 WARNING main_het_teleport_mw_rb_yb_rb_er Starting Mw-to-Er teleportation trial 359 at 21521861081259547.
21,581,861,081,259,547 WARNING main_het_teleport_mw_rb_yb_rb_er Mw-to-Er teleportation trial 359 succeeded (completed=True, direct match=True, latency=2.163470752453 seconds).
21,581,861,081,259,547 WARNING main_het_teleport_mw_rb_yb_rb_er Starting Mw-to-Er teleportation trial 360 at 21581861081259547.
21,641,861,081,259,547 WARNING main_het_teleport_mw_rb_yb_rb_er Mw-to-Er teleportation trial 360 failed (completed=True, direct match=False, latency=9.082522627453 seconds).
21,641,861,081,259,547 WARNING main_het_teleport_mw_rb_yb_rb_er Starting Mw-to-Er teleportation trial 361 at 21641861081259547.
21,701,861,081,259,547 WARNING main_het_teleport_mw_rb_yb_rb_er Mw-to-Er teleportation trial 361 succeeded (completed=True, direct match=True, latency=13.898080314953 seconds).
21,701,861,081,259,547 WARNING main_het_teleport_mw_rb_yb_rb_er Starting Mw-to-Er teleportation trial 362 at 21701861081259547.
21,761,861,081,259,547 WARNING main_het_teleport_mw_rb_yb_rb_er Mw-to-Er teleportation trial 362 succeeded (completed=True, direct match=True, latency=9.814796939953 seconds).
21,761,861,081,259,547 WARNING main_het_teleport_mw_rb_yb_rb_er Starting Mw-to-Er teleportation trial 363 at 21761861081259547.
21,821,861,081,259,547 WARNING main_het_teleport_mw_rb_yb_rb_er Mw-to-Er teleportation trial 363 failed (completed=True, direct match=False, latency=12.562241877453 seconds).
21,821,861,081,259,547 WARNING main_het_teleport_mw_rb_yb_rb_er Starting Mw-to-Er teleportation trial 364 at 21821861081259547.
21,881,861,081,259,547 WARNING main_het_teleport_mw_rb_yb_rb_er Mw-to-Er teleportation trial 364 failed (completed=True, direct match=False, latency=8.384819689953 seconds).
21,881,861,081,259,547 WARNING main_het_teleport_mw_rb_yb_rb_er Starting Mw-to-Er teleportation trial 365 at 21881861081259547.
21,941,861,081,259,547 WARNING main_het_teleport_mw_rb_yb_rb_er Mw-to-Er teleportation trial 365 succeeded (completed=True, direct match=True, latency=7.016044939953 seconds).
21,941,861,081,259,547 WARNING main_het_teleport_mw_rb_yb_rb_er Starting Mw-to-Er teleportation trial 366 at 21941861081259547.
22,001,861,081,259,547 WARNING main_het_teleport_mw_rb_yb_rb_er Mw-to-Er teleportation trial 366 succeeded (completed=True, direct match=True, latency=9.769555127453 seconds).
22,001,861,081,259,547 WARNING main_het_teleport_mw_rb_yb_rb_er Starting Mw-to-Er teleportation trial 367 at 22001861081259547.
22,061,861,081,259,547 WARNING main_het_teleport_mw_rb_yb_rb_er Mw-to-Er teleportation trial 367 succeeded (completed=True, direct match=True, latency=6.350678314953 seconds).
22,061,861,081,259,547 WARNING main_het_teleport_mw_rb_yb_rb_er Starting Mw-to-Er teleportation trial 368 at 22061861081259547.
22,121,861,081,259,547 WARNING main_het_teleport_mw_rb_yb_rb_er Mw-to-Er teleportation trial 368 succeeded (completed=True, direct match=True, latency=5.638509814953 seconds).
22,121,861,081,259,547 WARNING main_het_teleport_mw_rb_yb_rb_er Starting Mw-to-Er teleportation trial 369 at 22121861081259547.
22,181,861,081,259,547 WARNING main_het_teleport_mw_rb_yb_rb_er Mw-to-Er teleportation trial 369 succeeded (completed=True, direct match=True, latency=4.963782814953 seconds).
22,181,861,081,259,547 WARNING main_het_teleport_mw_rb_yb_rb_er Starting Mw-to-Er teleportation trial 370 at 22181861081259547.
22,241,861,081,259,547 WARNING main_het_teleport_mw_rb_yb_rb_er Mw-to-Er teleportation trial 370 succeeded (completed=True, direct match=True, latency=9.821037189953 seconds).
22,241,861,081,259,547 WARNING main_het_teleport_mw_rb_yb_rb_er Starting Mw-to-Er teleportation trial 371 at 22241861081259547.
22,301,861,081,259,547 WARNING main_het_teleport_mw_rb_yb_rb_er Mw-to-Er teleportation trial 371 succeeded (completed=True, direct match=True, latency=6.328837439953 seconds).
22,301,861,081,259,547 WARNING main_het_teleport_mw_rb_yb_rb_er Starting Mw-to-Er teleportation trial 372 at 22301861081259547.
22,361,861,081,259,547 WARNING main_het_teleport_mw_rb_yb_rb_er Mw-to-Er teleportation trial 372 succeeded (completed=True, direct match=True, latency=7.039445877453 seconds).
22,361,861,081,259,547 WARNING main_het_teleport_mw_rb_yb_rb_er Starting Mw-to-Er teleportation trial 373 at 22361861081259547.
22,421,861,081,259,547 WARNING main_het_teleport_mw_rb_yb_rb_er Mw-to-Er teleportation trial 373 succeeded (completed=True, direct match=True, latency=11.923221314953 seconds).
22,421,861,081,259,547 WARNING main_het_teleport_mw_rb_yb_rb_er Starting Mw-to-Er teleportation trial 374 at 22421861081259547.
22,481,861,081,259,547 WARNING main_het_teleport_mw_rb_yb_rb_er Mw-to-Er teleportation trial 374 succeeded (completed=True, direct match=True, latency=3.531645502453 seconds).
22,481,861,081,259,547 WARNING main_het_teleport_mw_rb_yb_rb_er Starting Mw-to-Er teleportation trial 375 at 22481861081259547.
22,541,861,081,259,547 WARNING main_het_teleport_mw_rb_yb_rb_er Mw-to-Er teleportation trial 375 succeeded (completed=True, direct match=True, latency=10.470803189953 seconds).
22,541,861,081,259,547 WARNING main_het_teleport_mw_rb_yb_rb_er Starting Mw-to-Er teleportation trial 376 at 22541861081259547.
22,601,861,081,259,547 WARNING main_het_teleport_mw_rb_yb_rb_er Mw-to-Er teleportation trial 376 succeeded (completed=True, direct match=True, latency=11.211052814953 seconds).
22,601,861,081,259,547 WARNING main_het_teleport_mw_rb_yb_rb_er Starting Mw-to-Er teleportation trial 377 at 22601861081259547.
22,661,861,081,259,547 WARNING main_het_teleport_mw_rb_yb_rb_er Mw-to-Er teleportation trial 377 succeeded (completed=True, direct match=True, latency=9.824157314953 seconds).
22,661,861,081,259,547 WARNING main_het_teleport_mw_rb_yb_rb_er Starting Mw-to-Er teleportation trial 378 at 22661861081259547.
22,721,861,081,259,547 WARNING main_het_teleport_mw_rb_yb_rb_er Mw-to-Er teleportation trial 378 succeeded (completed=True, direct match=True, latency=5.771115127453 seconds).
22,721,861,081,259,547 WARNING main_het_teleport_mw_rb_yb_rb_er Starting Mw-to-Er teleportation trial 379 at 22721861081259547.
22,781,861,081,259,547 WARNING main_het_teleport_mw_rb_yb_rb_er Mw-to-Er teleportation trial 379 failed (completed=True, direct match=False, latency=5.498104189953 seconds).
22,781,861,081,259,547 WARNING main_het_teleport_mw_rb_yb_rb_er Starting Mw-to-Er teleportation trial 380 at 22781861081259547.
22,841,861,081,259,547 WARNING main_het_teleport_mw_rb_yb_rb_er Mw-to-Er teleportation trial 380 failed (completed=True, direct match=False, latency=8.367059002453 seconds).
22,841,861,081,259,547 WARNING main_het_teleport_mw_rb_yb_rb_er Starting Mw-to-Er teleportation trial 381 at 22841861081259547.
22,901,861,081,259,547 WARNING main_het_teleport_mw_rb_yb_rb_er Mw-to-Er teleportation trial 381 succeeded (completed=True, direct match=True, latency=8.468463064953 seconds).
22,901,861,081,259,547 WARNING main_het_teleport_mw_rb_yb_rb_er Starting Mw-to-Er teleportation trial 382 at 22901861081259547.
22,961,861,081,259,547 WARNING main_het_teleport_mw_rb_yb_rb_er Mw-to-Er teleportation trial 382 succeeded (completed=True, direct match=True, latency=2.816356877453 seconds).
22,961,861,081,259,547 WARNING main_het_teleport_mw_rb_yb_rb_er Starting Mw-to-Er teleportation trial 383 at 22961861081259547.
23,021,861,081,259,547 WARNING main_het_teleport_mw_rb_yb_rb_er Mw-to-Er teleportation trial 383 failed (completed=True, direct match=False, latency=9.877374439953 seconds).
23,021,861,081,259,547 WARNING main_het_teleport_mw_rb_yb_rb_er Starting Mw-to-Er teleportation trial 384 at 23021861081259547.
23,081,861,081,259,547 WARNING main_het_teleport_mw_rb_yb_rb_er Mw-to-Er teleportation trial 384 succeeded (completed=True, direct match=True, latency=11.948182314953 seconds).
23,081,861,081,259,547 WARNING main_het_teleport_mw_rb_yb_rb_er Starting Mw-to-Er teleportation trial 385 at 23081861081259547.
23,141,861,081,259,547 WARNING main_het_teleport_mw_rb_yb_rb_er Mw-to-Er teleportation trial 385 succeeded (completed=True, direct match=True, latency=11.245549189953 seconds).
23,141,861,081,259,547 WARNING main_het_teleport_mw_rb_yb_rb_er Starting Mw-to-Er teleportation trial 386 at 23141861081259547.
23,201,861,081,259,547 WARNING main_het_teleport_mw_rb_yb_rb_er Mw-to-Er teleportation trial 386 succeeded (completed=True, direct match=True, latency=10.541006002453 seconds).
23,201,861,081,259,547 WARNING main_het_teleport_mw_rb_yb_rb_er Starting Mw-to-Er teleportation trial 387 at 23201861081259547.
23,261,861,081,259,547 WARNING main_het_teleport_mw_rb_yb_rb_er Mw-to-Er teleportation trial 387 succeeded (completed=True, direct match=True, latency=10.461442814953 seconds).
23,261,861,081,259,547 WARNING main_het_teleport_mw_rb_yb_rb_er Starting Mw-to-Er teleportation trial 388 at 23261861081259547.
23,321,861,081,259,547 WARNING main_het_teleport_mw_rb_yb_rb_er Mw-to-Er teleportation trial 388 succeeded (completed=True, direct match=True, latency=2.871895827453 seconds).
23,321,861,081,259,547 WARNING main_het_teleport_mw_rb_yb_rb_er Starting Mw-to-Er teleportation trial 389 at 23321861081259547.
23,381,861,081,259,547 WARNING main_het_teleport_mw_rb_yb_rb_er Mw-to-Er teleportation trial 389 succeeded (completed=True, direct match=True, latency=2.845998064953 seconds).
23,381,861,081,259,547 WARNING main_het_teleport_mw_rb_yb_rb_er Starting Mw-to-Er teleportation trial 390 at 23381861081259547.
23,441,861,081,259,547 WARNING main_het_teleport_mw_rb_yb_rb_er Mw-to-Er teleportation trial 390 succeeded (completed=True, direct match=True, latency=7.690771939953 seconds).
23,441,861,081,259,547 WARNING main_het_teleport_mw_rb_yb_rb_er Starting Mw-to-Er teleportation trial 391 at 23441861081259547.
23,501,861,081,259,547 WARNING main_het_teleport_mw_rb_yb_rb_er Mw-to-Er teleportation trial 391 succeeded (completed=True, direct match=True, latency=21.031645814953 seconds).
23,501,861,081,259,547 WARNING main_het_teleport_mw_rb_yb_rb_er Starting Mw-to-Er teleportation trial 392 at 23501861081259547.
23,561,861,081,259,547 WARNING main_het_teleport_mw_rb_yb_rb_er Mw-to-Er teleportation trial 392 succeeded (completed=True, direct match=True, latency=6.311851752453 seconds).
23,561,861,081,259,547 WARNING main_het_teleport_mw_rb_yb_rb_er Starting Mw-to-Er teleportation trial 393 at 23561861081259547.
23,621,861,081,259,547 WARNING main_het_teleport_mw_rb_yb_rb_er Mw-to-Er teleportation trial 393 failed (completed=True, direct match=False, latency=4.369002252453 seconds).
23,621,861,081,259,547 WARNING main_het_teleport_mw_rb_yb_rb_er Starting Mw-to-Er teleportation trial 394 at 23621861081259547.
23,681,861,081,259,547 WARNING main_het_teleport_mw_rb_yb_rb_er Mw-to-Er teleportation trial 394 failed (completed=True, direct match=False, latency=7.102593939953 seconds).
23,681,861,081,259,547 WARNING main_het_teleport_mw_rb_yb_rb_er Starting Mw-to-Er teleportation trial 395 at 23681861081259547.
23,741,861,081,259,547 WARNING main_het_teleport_mw_rb_yb_rb_er Mw-to-Er teleportation trial 395 succeeded (completed=True, direct match=True, latency=5.641629939953 seconds).
23,741,861,081,259,547 WARNING main_het_teleport_mw_rb_yb_rb_er Starting Mw-to-Er teleportation trial 396 at 23741861081259547.
23,801,861,081,259,547 WARNING main_het_teleport_mw_rb_yb_rb_er Mw-to-Er teleportation trial 396 succeeded (completed=True, direct match=True, latency=13.230553627453 seconds).
23,801,861,081,259,547 WARNING main_het_teleport_mw_rb_yb_rb_er Starting Mw-to-Er teleportation trial 397 at 23801861081259547.
23,861,861,081,259,547 WARNING main_het_teleport_mw_rb_yb_rb_er Mw-to-Er teleportation trial 397 failed (completed=True, direct match=False, latency=9.835677752453 seconds).
23,861,861,081,259,547 WARNING main_het_teleport_mw_rb_yb_rb_er Starting Mw-to-Er teleportation trial 398 at 23861861081259547.
23,921,861,081,259,547 WARNING main_het_teleport_mw_rb_yb_rb_er Mw-to-Er teleportation trial 398 succeeded (completed=True, direct match=True, latency=4.231333502453 seconds).
23,921,861,081,259,547 WARNING main_het_teleport_mw_rb_yb_rb_er Starting Mw-to-Er teleportation trial 399 at 23921861081259547.
23,981,861,081,259,547 WARNING main_het_teleport_mw_rb_yb_rb_er Mw-to-Er teleportation trial 399 failed (completed=True, direct match=False, latency=22.653930689953 seconds).
23,981,861,081,259,547 WARNING main_het_teleport_mw_rb_yb_rb_er Starting Mw-to-Er teleportation trial 400 at 23981861081259547.
24,041,861,081,259,547 WARNING main_het_teleport_mw_rb_yb_rb_er Mw-to-Er teleportation trial 400 succeeded (completed=True, direct match=True, latency=11.743989127453 seconds).
24,041,861,081,259,547 WARNING main_het_teleport_mw_rb_yb_rb_er Starting Mw-to-Er teleportation trial 401 at 24041861081259547.
24,101,861,081,259,547 WARNING main_het_teleport_mw_rb_yb_rb_er Mw-to-Er teleportation trial 401 failed (completed=True, direct match=False, latency=4.849898252453 seconds).
24,101,861,081,259,547 WARNING main_het_teleport_mw_rb_yb_rb_er Starting Mw-to-Er teleportation trial 402 at 24101861081259547.
24,161,861,081,259,547 WARNING main_het_teleport_mw_rb_yb_rb_er Mw-to-Er teleportation trial 402 succeeded (completed=True, direct match=True, latency=7.732893627453 seconds).
24,161,861,081,259,547 WARNING main_het_teleport_mw_rb_yb_rb_er Starting Mw-to-Er teleportation trial 403 at 24161861081259547.
24,221,861,081,259,547 WARNING main_het_teleport_mw_rb_yb_rb_er Mw-to-Er teleportation trial 403 succeeded (completed=True, direct match=True, latency=4.895140064953 seconds).
24,221,861,081,259,547 WARNING main_het_teleport_mw_rb_yb_rb_er Starting Mw-to-Er teleportation trial 404 at 24221861081259547.
24,281,861,081,259,547 WARNING main_het_teleport_mw_rb_yb_rb_er Mw-to-Er teleportation trial 404 succeeded (completed=True, direct match=True, latency=5.613723814953 seconds).
24,281,861,081,259,547 WARNING main_het_teleport_mw_rb_yb_rb_er Starting Mw-to-Er teleportation trial 405 at 24281861081259547.
24,341,861,081,259,547 WARNING main_het_teleport_mw_rb_yb_rb_er Mw-to-Er teleportation trial 405 failed (completed=True, direct match=False, latency=6.347733189953 seconds).
24,341,861,081,259,547 WARNING main_het_teleport_mw_rb_yb_rb_er Starting Mw-to-Er teleportation trial 406 at 24341861081259547.
24,401,861,081,259,547 WARNING main_het_teleport_mw_rb_yb_rb_er Mw-to-Er teleportation trial 406 succeeded (completed=True, direct match=True, latency=9.763489877453 seconds).
24,401,861,081,259,547 WARNING main_het_teleport_mw_rb_yb_rb_er Starting Mw-to-Er teleportation trial 407 at 24401861081259547.
24,461,861,081,259,547 WARNING main_het_teleport_mw_rb_yb_rb_er Mw-to-Er teleportation trial 407 succeeded (completed=True, direct match=True, latency=11.290791002453 seconds).
24,461,861,081,259,547 WARNING main_het_teleport_mw_rb_yb_rb_er Starting Mw-to-Er teleportation trial 408 at 24461861081259547.
24,521,861,081,259,547 WARNING main_het_teleport_mw_rb_yb_rb_er Mw-to-Er teleportation trial 408 succeeded (completed=True, direct match=True, latency=4.237573752453 seconds).
24,521,861,081,259,547 WARNING main_het_teleport_mw_rb_yb_rb_er Starting Mw-to-Er teleportation trial 409 at 24521861081259547.
24,581,861,081,259,547 WARNING main_het_teleport_mw_rb_yb_rb_er Mw-to-Er teleportation trial 409 succeeded (completed=True, direct match=True, latency=6.333517627453 seconds).
24,581,861,081,259,547 WARNING main_het_teleport_mw_rb_yb_rb_er Starting Mw-to-Er teleportation trial 410 at 24581861081259547.
24,641,861,081,259,547 WARNING main_het_teleport_mw_rb_yb_rb_er Mw-to-Er teleportation trial 410 failed (completed=True, direct match=False, latency=10.533380689953 seconds).
24,641,861,081,259,547 WARNING main_het_teleport_mw_rb_yb_rb_er Starting Mw-to-Er teleportation trial 411 at 24641861081259547.
24,701,861,081,259,547 WARNING main_het_teleport_mw_rb_yb_rb_er Mw-to-Er teleportation trial 411 succeeded (completed=True, direct match=True, latency=8.449742314953 seconds).
24,701,861,081,259,547 WARNING main_het_teleport_mw_rb_yb_rb_er Starting Mw-to-Er teleportation trial 412 at 24701861081259547.
24,761,861,081,259,547 WARNING main_het_teleport_mw_rb_yb_rb_er Mw-to-Er teleportation trial 412 succeeded (completed=True, direct match=True, latency=7.725518314953 seconds).
24,761,861,081,259,547 WARNING main_het_teleport_mw_rb_yb_rb_er Starting Mw-to-Er teleportation trial 413 at 24761861081259547.
24,821,861,081,259,547 WARNING main_het_teleport_mw_rb_yb_rb_er Mw-to-Er teleportation trial 413 succeeded (completed=True, direct match=True, latency=15.408728964953 seconds).
24,821,861,081,259,547 WARNING main_het_teleport_mw_rb_yb_rb_er Starting Mw-to-Er teleportation trial 414 at 24821861081259547.
24,881,861,081,259,547 WARNING main_het_teleport_mw_rb_yb_rb_er Mw-to-Er teleportation trial 414 failed (completed=True, direct match=False, latency=3.525405252453 seconds).
24,881,861,081,259,547 WARNING main_het_teleport_mw_rb_yb_rb_er Starting Mw-to-Er teleportation trial 415 at 24881861081259547.
24,941,861,081,259,547 WARNING main_het_teleport_mw_rb_yb_rb_er Mw-to-Er teleportation trial 415 succeeded (completed=True, direct match=True, latency=2.797636127453 seconds).
24,941,861,081,259,547 WARNING main_het_teleport_mw_rb_yb_rb_er Starting Mw-to-Er teleportation trial 416 at 24941861081259547.
25,001,861,081,259,547 WARNING main_het_teleport_mw_rb_yb_rb_er Mw-to-Er teleportation trial 416 succeeded (completed=True, direct match=True, latency=9.134004689953 seconds).
25,001,861,081,259,547 WARNING main_het_teleport_mw_rb_yb_rb_er Starting Mw-to-Er teleportation trial 417 at 25001861081259547.
25,061,861,081,259,547 WARNING main_het_teleport_mw_rb_yb_rb_er Mw-to-Er teleportation trial 417 failed (completed=True, direct match=False, latency=15.944811502453 seconds).
25,061,861,081,259,547 WARNING main_het_teleport_mw_rb_yb_rb_er Starting Mw-to-Er teleportation trial 418 at 25061861081259547.
25,121,861,081,259,547 WARNING main_het_teleport_mw_rb_yb_rb_er Mw-to-Er teleportation trial 418 succeeded (completed=True, direct match=True, latency=7.715732939953 seconds).
25,121,861,081,259,547 WARNING main_het_teleport_mw_rb_yb_rb_er Starting Mw-to-Er teleportation trial 419 at 25121861081259547.
25,181,861,081,259,547 WARNING main_het_teleport_mw_rb_yb_rb_er Mw-to-Er teleportation trial 419 failed (completed=True, direct match=False, latency=5.619789064953 seconds).
25,181,861,081,259,547 WARNING main_het_teleport_mw_rb_yb_rb_er Starting Mw-to-Er teleportation trial 420 at 25181861081259547.
25,241,861,081,259,547 WARNING main_het_teleport_mw_rb_yb_rb_er Mw-to-Er teleportation trial 420 succeeded (completed=True, direct match=True, latency=8.399820314953 seconds).
25,241,861,081,259,547 WARNING main_het_teleport_mw_rb_yb_rb_er Starting Mw-to-Er teleportation trial 421 at 25241861081259547.
25,301,861,081,259,547 WARNING main_het_teleport_mw_rb_yb_rb_er Mw-to-Er teleportation trial 421 succeeded (completed=True, direct match=True, latency=3.509804627453 seconds).
25,301,861,081,259,547 WARNING main_het_teleport_mw_rb_yb_rb_er Starting Mw-to-Er teleportation trial 422 at 25301861081259547.
25,361,861,081,259,547 WARNING main_het_teleport_mw_rb_yb_rb_er Mw-to-Er teleportation trial 422 succeeded (completed=True, direct match=True, latency=4.234453627453 seconds).
25,361,861,081,259,547 WARNING main_het_teleport_mw_rb_yb_rb_er Starting Mw-to-Er teleportation trial 423 at 25361861081259547.
25,421,861,081,259,547 WARNING main_het_teleport_mw_rb_yb_rb_er Mw-to-Er teleportation trial 423 succeeded (completed=True, direct match=True, latency=9.093268064953 seconds).
25,421,861,081,259,547 WARNING main_het_teleport_mw_rb_yb_rb_er Starting Mw-to-Er teleportation trial 424 at 25421861081259547.
25,481,861,117,324,500 WARNING main_het_teleport_mw_rb_yb_rb_er Mw-to-Er teleportation trial 424 failed (completed=False, direct match=False, latency=None seconds).
25,481,861,117,324,500 WARNING main_het_teleport_mw_rb_yb_rb_er Starting Mw-to-Er teleportation trial 425 at 25481861117324500.
25,541,861,117,324,500 WARNING main_het_teleport_mw_rb_yb_rb_er Mw-to-Er teleportation trial 425 failed (completed=True, direct match=False, latency=7.6597456875 seconds).
25,541,861,117,324,500 WARNING main_het_teleport_mw_rb_yb_rb_er Starting Mw-to-Er teleportation trial 426 at 25541861117324500.
25,601,861,117,324,500 WARNING main_het_teleport_mw_rb_yb_rb_er Mw-to-Er teleportation trial 426 succeeded (completed=True, direct match=True, latency=7.7547345 seconds).
25,601,861,117,324,500 WARNING main_het_teleport_mw_rb_yb_rb_er Starting Mw-to-Er teleportation trial 427 at 25601861117324500.
25,661,861,117,324,500 WARNING main_het_teleport_mw_rb_yb_rb_er Mw-to-Er teleportation trial 427 failed (completed=True, direct match=False, latency=7.68626675 seconds).
25,661,861,117,324,500 WARNING main_het_teleport_mw_rb_yb_rb_er Starting Mw-to-Er teleportation trial 428 at 25661861117324500.
25,721,861,117,324,500 WARNING main_het_teleport_mw_rb_yb_rb_er Mw-to-Er teleportation trial 428 succeeded (completed=True, direct match=True, latency=2.1213490625 seconds).
25,721,861,117,324,500 WARNING main_het_teleport_mw_rb_yb_rb_er Starting Mw-to-Er teleportation trial 429 at 25721861117324500.
25,781,861,117,324,500 WARNING main_het_teleport_mw_rb_yb_rb_er Mw-to-Er teleportation trial 429 succeeded (completed=True, direct match=True, latency=5.621524125 seconds).
25,781,861,117,324,500 WARNING main_het_teleport_mw_rb_yb_rb_er Starting Mw-to-Er teleportation trial 430 at 25781861117324500.
25,841,861,117,324,500 WARNING main_het_teleport_mw_rb_yb_rb_er Mw-to-Er teleportation trial 430 succeeded (completed=True, direct match=True, latency=7.6970121875 seconds).
25,841,861,117,324,500 WARNING main_het_teleport_mw_rb_yb_rb_er Starting Mw-to-Er teleportation trial 431 at 25841861117324500.
25,901,861,117,324,500 WARNING main_het_teleport_mw_rb_yb_rb_er Mw-to-Er teleportation trial 431 failed (completed=True, direct match=False, latency=4.4097403 seconds).
25,901,861,117,324,500 WARNING main_het_teleport_mw_rb_yb_rb_er Starting Mw-to-Er teleportation trial 432 at 25901861117324500.
25,961,861,117,324,500 WARNING main_het_teleport_mw_rb_yb_rb_er Mw-to-Er teleportation trial 432 succeeded (completed=True, direct match=True, latency=10.4801635625 seconds).
25,961,861,117,324,500 WARNING main_het_teleport_mw_rb_yb_rb_er Starting Mw-to-Er teleportation trial 433 at 25961861117324500.
26,021,861,117,324,500 WARNING main_het_teleport_mw_rb_yb_rb_er Mw-to-Er teleportation trial 433 failed (completed=True, direct match=False, latency=7.733068625 seconds).
26,021,861,117,324,500 WARNING main_het_teleport_mw_rb_yb_rb_er Starting Mw-to-Er teleportation trial 434 at 26021861117324500.
26,081,861,117,324,500 WARNING main_het_teleport_mw_rb_yb_rb_er Mw-to-Er teleportation trial 434 failed (completed=True, direct match=False, latency=11.8520584375 seconds).
26,081,861,117,324,500 WARNING main_het_teleport_mw_rb_yb_rb_er Starting Mw-to-Er teleportation trial 435 at 26081861117324500.
26,141,861,117,324,500 WARNING main_het_teleport_mw_rb_yb_rb_er Mw-to-Er teleportation trial 435 failed (completed=True, direct match=False, latency=10.516045 seconds).
26,141,861,117,324,500 WARNING main_het_teleport_mw_rb_yb_rb_er Starting Mw-to-Er teleportation trial 436 at 26141861117324500.
26,201,861,117,324,500 WARNING main_het_teleport_mw_rb_yb_rb_er Mw-to-Er teleportation trial 436 failed (completed=True, direct match=False, latency=16.835427875 seconds).
26,201,861,117,324,500 WARNING main_het_teleport_mw_rb_yb_rb_er Starting Mw-to-Er teleportation trial 437 at 26201861117324500.
26,261,861,117,324,500 WARNING main_het_teleport_mw_rb_yb_rb_er Mw-to-Er teleportation trial 437 failed (completed=True, direct match=False, latency=3.5113646875 seconds).
26,261,861,117,324,500 WARNING main_het_teleport_mw_rb_yb_rb_er Starting Mw-to-Er teleportation trial 438 at 26261861117324500.
26,321,861,117,324,500 WARNING main_het_teleport_mw_rb_yb_rb_er Mw-to-Er teleportation trial 438 failed (completed=True, direct match=False, latency=20.103228625 seconds).
26,321,861,117,324,500 WARNING main_het_teleport_mw_rb_yb_rb_er Starting Mw-to-Er teleportation trial 439 at 26321861117324500.
26,381,861,117,324,500 WARNING main_het_teleport_mw_rb_yb_rb_er Mw-to-Er teleportation trial 439 succeeded (completed=True, direct match=True, latency=3.503739375 seconds).
26,381,861,117,324,500 WARNING main_het_teleport_mw_rb_yb_rb_er Starting Mw-to-Er teleportation trial 440 at 26381861117324500.
26,441,861,117,324,500 WARNING main_het_teleport_mw_rb_yb_rb_er Mw-to-Er teleportation trial 440 failed (completed=True, direct match=False, latency=3.4834585625 seconds).
26,441,861,117,324,500 WARNING main_het_teleport_mw_rb_yb_rb_er Starting Mw-to-Er teleportation trial 441 at 26441861117324500.
26,501,861,117,324,500 WARNING main_het_teleport_mw_rb_yb_rb_er Mw-to-Er teleportation trial 441 succeeded (completed=True, direct match=True, latency=9.12290925 seconds).
26,501,861,117,324,500 WARNING main_het_teleport_mw_rb_yb_rb_er Starting Mw-to-Er teleportation trial 442 at 26501861117324500.
26,561,861,117,324,500 WARNING main_het_teleport_mw_rb_yb_rb_er Mw-to-Er teleportation trial 442 succeeded (completed=True, direct match=True, latency=6.9848436875 seconds).
26,561,861,117,324,500 WARNING main_het_teleport_mw_rb_yb_rb_er Starting Mw-to-Er teleportation trial 443 at 26561861117324500.
26,621,861,117,324,500 WARNING main_het_teleport_mw_rb_yb_rb_er Mw-to-Er teleportation trial 443 failed (completed=True, direct match=False, latency=6.9694180625 seconds).
26,621,861,117,324,500 WARNING main_het_teleport_mw_rb_yb_rb_er Starting Mw-to-Er teleportation trial 444 at 26621861117324500.
26,681,861,117,324,500 WARNING main_het_teleport_mw_rb_yb_rb_er Mw-to-Er teleportation trial 444 failed (completed=True, direct match=False, latency=7.039445875 seconds).
26,681,861,117,324,500 WARNING main_het_teleport_mw_rb_yb_rb_er Starting Mw-to-Er teleportation trial 445 at 26681861117324500.
26,741,861,117,324,500 WARNING main_het_teleport_mw_rb_yb_rb_er Mw-to-Er teleportation trial 445 succeeded (completed=True, direct match=True, latency=2.8818795 seconds).
26,741,861,117,324,500 WARNING main_het_teleport_mw_rb_yb_rb_er Starting Mw-to-Er teleportation trial 446 at 26741861117324500.
26,801,861,117,324,500 WARNING main_het_teleport_mw_rb_yb_rb_er Mw-to-Er teleportation trial 446 succeeded (completed=True, direct match=True, latency=6.3444380625 seconds).
26,801,861,117,324,500 WARNING main_het_teleport_mw_rb_yb_rb_er Starting Mw-to-Er teleportation trial 447 at 26801861117324500.
26,861,861,117,324,500 WARNING main_het_teleport_mw_rb_yb_rb_er Mw-to-Er teleportation trial 447 failed (completed=True, direct match=False, latency=13.2642971375 seconds).
26,861,861,117,324,500 WARNING main_het_teleport_mw_rb_yb_rb_er Starting Mw-to-Er teleportation trial 448 at 26861861117324500.
26,921,861,117,324,500 WARNING main_het_teleport_mw_rb_yb_rb_er Mw-to-Er teleportation trial 448 succeeded (completed=True, direct match=True, latency=16.113549 seconds).
26,921,861,117,324,500 WARNING main_het_teleport_mw_rb_yb_rb_er Starting Mw-to-Er teleportation trial 449 at 26921861117324500.
26,981,861,117,324,500 WARNING main_het_teleport_mw_rb_yb_rb_er Mw-to-Er teleportation trial 449 failed (completed=True, direct match=False, latency=6.9382168125 seconds).
26,981,861,117,324,500 WARNING main_het_teleport_mw_rb_yb_rb_er Starting Mw-to-Er teleportation trial 450 at 26981861117324500.
27,041,861,117,324,500 WARNING main_het_teleport_mw_rb_yb_rb_er Mw-to-Er teleportation trial 450 succeeded (completed=True, direct match=True, latency=7.017605 seconds).
27,041,861,117,324,500 WARNING main_het_teleport_mw_rb_yb_rb_er Starting Mw-to-Er teleportation trial 451 at 27041861117324500.
27,101,861,117,324,500 WARNING main_het_teleport_mw_rb_yb_rb_er Mw-to-Er teleportation trial 451 succeeded (completed=True, direct match=True, latency=6.3132368125 seconds).
27,101,861,117,324,500 WARNING main_het_teleport_mw_rb_yb_rb_er Starting Mw-to-Er teleportation trial 452 at 27101861117324500.
27,161,861,117,324,500 WARNING main_het_teleport_mw_rb_yb_rb_er Mw-to-Er teleportation trial 452 succeeded (completed=True, direct match=True, latency=13.849293375 seconds).
27,161,861,117,324,500 WARNING main_het_teleport_mw_rb_yb_rb_er Starting Mw-to-Er teleportation trial 453 at 27161861117324500.
27,221,861,117,324,500 WARNING main_het_teleport_mw_rb_yb_rb_er Mw-to-Er teleportation trial 453 succeeded (completed=True, direct match=True, latency=4.2063725 seconds).
27,221,861,117,324,500 WARNING main_het_teleport_mw_rb_yb_rb_er Starting Mw-to-Er teleportation trial 454 at 27221861117324500.
27,281,861,117,324,500 WARNING main_het_teleport_mw_rb_yb_rb_er Mw-to-Er teleportation trial 454 failed (completed=True, direct match=False, latency=3.50044425 seconds).
27,281,861,117,324,500 WARNING main_het_teleport_mw_rb_yb_rb_er Starting Mw-to-Er teleportation trial 455 at 27281861117324500.
27,341,861,117,324,500 WARNING main_het_teleport_mw_rb_yb_rb_er Mw-to-Er teleportation trial 455 succeeded (completed=True, direct match=True, latency=6.292956 seconds).
27,341,861,117,324,500 WARNING main_het_teleport_mw_rb_yb_rb_er Starting Mw-to-Er teleportation trial 456 at 27341861117324500.
27,401,861,117,324,500 WARNING main_het_teleport_mw_rb_yb_rb_er Mw-to-Er teleportation trial 456 succeeded (completed=True, direct match=True, latency=8.43570175 seconds).
27,401,861,117,324,500 WARNING main_het_teleport_mw_rb_yb_rb_er Starting Mw-to-Er teleportation trial 457 at 27401861117324500.
27,461,861,117,324,500 WARNING main_het_teleport_mw_rb_yb_rb_er Mw-to-Er teleportation trial 457 succeeded (completed=True, direct match=True, latency=4.9169809375 seconds).
27,461,861,117,324,500 WARNING main_het_teleport_mw_rb_yb_rb_er Starting Mw-to-Er teleportation trial 458 at 27461861117324500.
27,521,861,117,324,500 WARNING main_het_teleport_mw_rb_yb_rb_er Mw-to-Er teleportation trial 458 succeeded (completed=True, direct match=True, latency=8.3967001875 seconds).
27,521,861,117,324,500 WARNING main_het_teleport_mw_rb_yb_rb_er Starting Mw-to-Er teleportation trial 459 at 27521861117324500.
27,581,861,117,324,500 WARNING main_het_teleport_mw_rb_yb_rb_er Mw-to-Er teleportation trial 459 failed (completed=True, direct match=False, latency=17.534765875 seconds).
27,581,861,117,324,500 WARNING main_het_teleport_mw_rb_yb_rb_er Starting Mw-to-Er teleportation trial 460 at 27581861117324500.
27,641,861,117,324,500 WARNING main_het_teleport_mw_rb_yb_rb_er Mw-to-Er teleportation trial 460 succeeded (completed=True, direct match=True, latency=9.1556705625 seconds).
27,641,861,117,324,500 WARNING main_het_teleport_mw_rb_yb_rb_er Starting Mw-to-Er teleportation trial 461 at 27641861117324500.
27,701,861,117,324,500 WARNING main_het_teleport_mw_rb_yb_rb_er Mw-to-Er teleportation trial 461 succeeded (completed=True, direct match=True, latency=13.3101168125 seconds).
27,701,861,117,324,500 WARNING main_het_teleport_mw_rb_yb_rb_er Starting Mw-to-Er teleportation trial 462 at 27701861117324500.
27,761,861,117,324,500 WARNING main_het_teleport_mw_rb_yb_rb_er Mw-to-Er teleportation trial 462 succeeded (completed=True, direct match=True, latency=4.92478125 seconds).
27,761,861,117,324,500 WARNING main_het_teleport_mw_rb_yb_rb_er Starting Mw-to-Er teleportation trial 463 at 27761861117324500.
27,821,861,117,324,500 WARNING main_het_teleport_mw_rb_yb_rb_er Mw-to-Er teleportation trial 463 succeeded (completed=True, direct match=True, latency=6.3163569375 seconds).
27,821,861,117,324,500 WARNING main_het_teleport_mw_rb_yb_rb_er Starting Mw-to-Er teleportation trial 464 at 27821861117324500.
27,881,861,117,324,500 WARNING main_het_teleport_mw_rb_yb_rb_er Mw-to-Er teleportation trial 464 succeeded (completed=True, direct match=True, latency=2.8834395625 seconds).
27,881,861,117,324,500 WARNING main_het_teleport_mw_rb_yb_rb_er Starting Mw-to-Er teleportation trial 465 at 27881861117324500.
27,941,861,117,324,500 WARNING main_het_teleport_mw_rb_yb_rb_er Mw-to-Er teleportation trial 465 succeeded (completed=True, direct match=True, latency=9.0792275 seconds).
27,941,861,117,324,500 WARNING main_het_teleport_mw_rb_yb_rb_er Starting Mw-to-Er teleportation trial 466 at 27941861117324500.
28,001,861,117,324,500 WARNING main_het_teleport_mw_rb_yb_rb_er Mw-to-Er teleportation trial 466 succeeded (completed=True, direct match=True, latency=5.6416299375 seconds).
28,001,861,117,324,500 WARNING main_het_teleport_mw_rb_yb_rb_er Starting Mw-to-Er teleportation trial 467 at 28001861117324500.
28,061,861,117,324,500 WARNING main_het_teleport_mw_rb_yb_rb_er Mw-to-Er teleportation trial 467 failed (completed=True, direct match=False, latency=8.395140125 seconds).
28,061,861,117,324,500 WARNING main_het_teleport_mw_rb_yb_rb_er Starting Mw-to-Er teleportation trial 468 at 28061861117324500.
28,121,861,117,324,500 WARNING main_het_teleport_mw_rb_yb_rb_er Mw-to-Er teleportation trial 468 succeeded (completed=True, direct match=True, latency=6.314796875 seconds).
28,121,861,117,324,500 WARNING main_het_teleport_mw_rb_yb_rb_er Starting Mw-to-Er teleportation trial 469 at 28121861117324500.
28,181,861,117,324,500 WARNING main_het_teleport_mw_rb_yb_rb_er Mw-to-Er teleportation trial 469 succeeded (completed=True, direct match=True, latency=4.1767313125 seconds).
28,181,861,117,324,500 WARNING main_het_teleport_mw_rb_yb_rb_er Starting Mw-to-Er teleportation trial 470 at 28181861117324500.
28,241,861,117,324,500 WARNING main_het_teleport_mw_rb_yb_rb_er Mw-to-Er teleportation trial 470 succeeded (completed=True, direct match=True, latency=8.38577975 seconds).
28,241,861,117,324,500 WARNING main_het_teleport_mw_rb_yb_rb_er Starting Mw-to-Er teleportation trial 471 at 28241861117324500.
28,301,861,117,324,500 WARNING main_het_teleport_mw_rb_yb_rb_er Mw-to-Er teleportation trial 471 succeeded (completed=True, direct match=True, latency=7.026965375 seconds).
28,301,861,117,324,500 WARNING main_het_teleport_mw_rb_yb_rb_er Starting Mw-to-Er teleportation trial 472 at 28301861117324500.
28,361,861,117,324,500 WARNING main_het_teleport_mw_rb_yb_rb_er Mw-to-Er teleportation trial 472 succeeded (completed=True, direct match=True, latency=4.9669029375 seconds).
28,361,861,117,324,500 WARNING main_het_teleport_mw_rb_yb_rb_er Starting Mw-to-Er teleportation trial 473 at 28361861117324500.
28,421,861,117,324,500 WARNING main_het_teleport_mw_rb_yb_rb_er Mw-to-Er teleportation trial 473 succeeded (completed=True, direct match=True, latency=16.10730875 seconds).
28,421,861,117,324,500 WARNING main_het_teleport_mw_rb_yb_rb_er Starting Mw-to-Er teleportation trial 474 at 28421861117324500.
28,481,861,117,324,500 WARNING main_het_teleport_mw_rb_yb_rb_er Mw-to-Er teleportation trial 474 succeeded (completed=True, direct match=True, latency=4.1580105625 seconds).
28,481,861,117,324,500 WARNING main_het_teleport_mw_rb_yb_rb_er Starting Mw-to-Er teleportation trial 475 at 28481861117324500.
28,541,861,117,324,500 WARNING main_het_teleport_mw_rb_yb_rb_er Mw-to-Er teleportation trial 475 failed (completed=True, direct match=False, latency=6.3194770625 seconds).
28,541,861,117,324,500 WARNING main_het_teleport_mw_rb_yb_rb_er Starting Mw-to-Er teleportation trial 476 at 28541861117324500.
28,601,861,117,324,500 WARNING main_het_teleport_mw_rb_yb_rb_er Mw-to-Er teleportation trial 476 failed (completed=True, direct match=False, latency=9.09794825 seconds).
28,601,861,117,324,500 WARNING main_het_teleport_mw_rb_yb_rb_er Starting Mw-to-Er teleportation trial 477 at 28601861117324500.
28,661,861,117,324,500 WARNING main_het_teleport_mw_rb_yb_rb_er Mw-to-Er teleportation trial 477 succeeded (completed=True, direct match=True, latency=7.7313335625 seconds).
28,661,861,117,324,500 WARNING main_het_teleport_mw_rb_yb_rb_er Starting Mw-to-Er teleportation trial 478 at 28661861117324500.
28,721,861,117,324,500 WARNING main_het_teleport_mw_rb_yb_rb_er Mw-to-Er teleportation trial 478 failed (completed=True, direct match=False, latency=5.6812315 seconds).
28,721,861,117,324,500 WARNING main_het_teleport_mw_rb_yb_rb_er Starting Mw-to-Er teleportation trial 479 at 28721861117324500.
28,781,861,117,324,500 WARNING main_het_teleport_mw_rb_yb_rb_er Mw-to-Er teleportation trial 479 succeeded (completed=True, direct match=True, latency=3.503564375 seconds).
28,781,861,117,324,500 WARNING main_het_teleport_mw_rb_yb_rb_er Starting Mw-to-Er teleportation trial 480 at 28781861117324500.
28,841,861,117,324,500 WARNING main_het_teleport_mw_rb_yb_rb_er Mw-to-Er teleportation trial 480 succeeded (completed=True, direct match=True, latency=8.3407129375 seconds).
28,841,861,117,324,500 WARNING main_het_teleport_mw_rb_yb_rb_er Starting Mw-to-Er teleportation trial 481 at 28841861117324500.
28,901,861,117,324,500 WARNING main_het_teleport_mw_rb_yb_rb_er Mw-to-Er teleportation trial 481 succeeded (completed=True, direct match=True, latency=6.283595625 seconds).
28,901,861,117,324,500 WARNING main_het_teleport_mw_rb_yb_rb_er Starting Mw-to-Er teleportation trial 482 at 28901861117324500.
28,961,861,117,324,500 WARNING main_het_teleport_mw_rb_yb_rb_er Mw-to-Er teleportation trial 482 succeeded (completed=True, direct match=True, latency=8.413860875 seconds).
28,961,861,117,324,500 WARNING main_het_teleport_mw_rb_yb_rb_er Starting Mw-to-Er teleportation trial 483 at 28961861117324500.
29,021,861,117,324,500 WARNING main_het_teleport_mw_rb_yb_rb_er Mw-to-Er teleportation trial 483 failed (completed=True, direct match=False, latency=9.825717375 seconds).
29,021,861,117,324,500 WARNING main_het_teleport_mw_rb_yb_rb_er Starting Mw-to-Er teleportation trial 484 at 29021861117324500.
29,081,861,117,324,500 WARNING main_het_teleport_mw_rb_yb_rb_er Mw-to-Er teleportation trial 484 succeeded (completed=True, direct match=True, latency=2.8069965 seconds).
29,081,861,117,324,500 WARNING main_het_teleport_mw_rb_yb_rb_er Starting Mw-to-Er teleportation trial 485 at 29081861117324500.
29,141,861,117,324,500 WARNING main_het_teleport_mw_rb_yb_rb_er Mw-to-Er teleportation trial 485 succeeded (completed=True, direct match=True, latency=8.207932625 seconds).
29,141,861,117,324,500 WARNING main_het_teleport_mw_rb_yb_rb_er Starting Mw-to-Er teleportation trial 486 at 29141861117324500.
29,201,861,117,324,500 WARNING main_het_teleport_mw_rb_yb_rb_er Mw-to-Er teleportation trial 486 succeeded (completed=True, direct match=True, latency=7.739133875 seconds).
29,201,861,117,324,500 WARNING main_het_teleport_mw_rb_yb_rb_er Starting Mw-to-Er teleportation trial 487 at 29201861117324500.
29,261,861,117,324,500 WARNING main_het_teleport_mw_rb_yb_rb_er Mw-to-Er teleportation trial 487 succeeded (completed=True, direct match=True, latency=5.6197890625 seconds).
29,261,861,117,324,500 WARNING main_het_teleport_mw_rb_yb_rb_er Starting Mw-to-Er teleportation trial 488 at 29261861117324500.
29,321,861,117,324,500 WARNING main_het_teleport_mw_rb_yb_rb_er Mw-to-Er teleportation trial 488 succeeded (completed=True, direct match=True, latency=5.5480261875 seconds).
29,321,861,117,324,500 WARNING main_het_teleport_mw_rb_yb_rb_er Starting Mw-to-Er teleportation trial 489 at 29321861117324500.
29,381,861,117,324,500 WARNING main_het_teleport_mw_rb_yb_rb_er Mw-to-Er teleportation trial 489 succeeded (completed=True, direct match=True, latency=4.940556875 seconds).
29,381,861,117,324,500 WARNING main_het_teleport_mw_rb_yb_rb_er Starting Mw-to-Er teleportation trial 490 at 29381861117324500.
29,441,861,117,324,500 WARNING main_het_teleport_mw_rb_yb_rb_er Mw-to-Er teleportation trial 490 failed (completed=True, direct match=False, latency=7.0503663125 seconds).
29,441,861,117,324,500 WARNING main_het_teleport_mw_rb_yb_rb_er Starting Mw-to-Er teleportation trial 491 at 29441861117324500.
29,501,861,117,324,500 WARNING main_het_teleport_mw_rb_yb_rb_er Mw-to-Er teleportation trial 491 failed (completed=True, direct match=False, latency=4.1424099375 seconds).
29,501,861,117,324,500 WARNING main_het_teleport_mw_rb_yb_rb_er Starting Mw-to-Er teleportation trial 492 at 29501861117324500.
29,561,861,117,324,500 WARNING main_het_teleport_mw_rb_yb_rb_er Mw-to-Er teleportation trial 492 succeeded (completed=True, direct match=True, latency=13.3475583125 seconds).
29,561,861,117,324,500 WARNING main_het_teleport_mw_rb_yb_rb_er Starting Mw-to-Er teleportation trial 493 at 29561861117324500.
29,621,861,117,324,500 WARNING main_het_teleport_mw_rb_yb_rb_er Mw-to-Er teleportation trial 493 succeeded (completed=True, direct match=True, latency=11.865499 seconds).
29,621,861,117,324,500 WARNING main_het_teleport_mw_rb_yb_rb_er Starting Mw-to-Er teleportation trial 494 at 29621861117324500.
29,681,861,117,324,500 WARNING main_het_teleport_mw_rb_yb_rb_er Mw-to-Er teleportation trial 494 succeeded (completed=True, direct match=True, latency=8.4310215625 seconds).
29,681,861,117,324,500 WARNING main_het_teleport_mw_rb_yb_rb_er Starting Mw-to-Er teleportation trial 495 at 29681861117324500.
29,741,861,117,324,500 WARNING main_het_teleport_mw_rb_yb_rb_er Mw-to-Er teleportation trial 495 failed (completed=True, direct match=False, latency=5.6057485 seconds).
29,741,861,117,324,500 WARNING main_het_teleport_mw_rb_yb_rb_er Starting Mw-to-Er teleportation trial 496 at 29741861117324500.
29,801,861,117,324,500 WARNING main_het_teleport_mw_rb_yb_rb_er Mw-to-Er teleportation trial 496 succeeded (completed=True, direct match=True, latency=11.9481823125 seconds).
29,801,861,117,324,500 WARNING main_het_teleport_mw_rb_yb_rb_er Starting Mw-to-Er teleportation trial 497 at 29801861117324500.
29,861,861,117,324,500 WARNING main_het_teleport_mw_rb_yb_rb_er Mw-to-Er teleportation trial 497 succeeded (completed=True, direct match=True, latency=23.1311348125 seconds).
29,861,861,117,324,500 WARNING main_het_teleport_mw_rb_yb_rb_er Starting Mw-to-Er teleportation trial 498 at 29861861117324500.
29,921,861,117,324,500 WARNING main_het_teleport_mw_rb_yb_rb_er Mw-to-Er teleportation trial 498 succeeded (completed=True, direct match=True, latency=4.178291375 seconds).
29,921,861,117,324,500 WARNING main_het_teleport_mw_rb_yb_rb_er Starting Mw-to-Er teleportation trial 499 at 29921861117324500.
29,981,861,117,324,500 WARNING main_het_teleport_mw_rb_yb_rb_er Mw-to-Er teleportation trial 499 succeeded (completed=True, direct match=True, latency=4.946797125 seconds).
29,981,861,117,324,500 WARNING main_het_teleport_mw_rb_yb_rb_er Starting Mw-to-Er teleportation trial 500 at 29981861117324500.
30,041,861,117,324,500 WARNING main_het_teleport_mw_rb_yb_rb_er Mw-to-Er teleportation trial 500 succeeded (completed=True, direct match=True, latency=9.8241573125 seconds).
30,041,861,117,324,500 WARNING main_het_teleport_mw_rb_yb_rb_er Raw teleport fidelity by direct comparison: 355/500 (71.00%)
30,041,861,117,324,500 WARNING main_het_teleport_mw_rb_yb_rb_er Teleport fidelity after Rb measurement, Mw measurement, and gate losses: 66.64% (operation fidelity factor=0.9386304)
30,041,861,117,324,500 WARNING main_het_teleport_mw_rb_yb_rb_er Average teleport latency: 7.830424380 seconds over 499 completed trials
