0                    WARNING main_het_teleport_mw_rb_yb_rb_er Starting Mw-to-Er teleportation trial 1 at 0.
60,000,000,000,000   WARNING main_het_teleport_mw_rb_yb_rb_er Mw-to-Er teleportation trial 1 failed (completed=True, direct match=False, latency=12.4124758745 seconds).
60,000,000,000,000   WARNING main_het_teleport_mw_rb_yb_rb_er Starting Mw-to-Er teleportation trial 2 at 60000000000000.
120,000,000,000,000  WARNING main_het_teleport_mw_rb_yb_rb_er Mw-to-Er teleportation trial 2 failed (completed=True, direct match=False, latency=7.028525437 seconds).
120,000,000,000,000  WARNING main_het_teleport_mw_rb_yb_rb_er Starting Mw-to-Er teleportation trial 3 at 120000000000000.
180,000,000,000,000  WARNING main_het_teleport_mw_rb_yb_rb_er Mw-to-Er teleportation trial 3 failed (completed=True, direct match=False, latency=2.1166688745 seconds).
180,000,000,000,000  WARNING main_het_teleport_mw_rb_yb_rb_er Starting Mw-to-Er teleportation trial 4 at 180000000000000.
240,000,000,000,000  WARNING main_het_teleport_mw_rb_yb_rb_er Mw-to-Er teleportation trial 4 succeeded (completed=True, direct match=True, latency=10.5129248745 seconds).
240,000,000,000,000  WARNING main_het_teleport_mw_rb_yb_rb_er Starting Mw-to-Er teleportation trial 5 at 240000000000000.
300,000,000,000,000  WARNING main_het_teleport_mw_rb_yb_rb_er Mw-to-Er teleportation trial 5 succeeded (completed=True, direct match=True, latency=3.520725062 seconds).
300,000,000,000,000  WARNING main_het_teleport_mw_rb_yb_rb_er Starting Mw-to-Er teleportation trial 6 at 300000000000000.
360,000,000,000,000  WARNING main_het_teleport_mw_rb_yb_rb_er Mw-to-Er teleportation trial 6 succeeded (completed=True, direct match=True, latency=6.972363187 seconds).
360,000,000,000,000  WARNING main_het_teleport_mw_rb_yb_rb_er Starting Mw-to-Er teleportation trial 7 at 360000000000000.
420,000,000,000,000  WARNING main_het_teleport_mw_rb_yb_rb_er Mw-to-Er teleportation trial 7 succeeded (completed=True, direct match=True, latency=11.8405379995 seconds).
420,000,000,000,000  WARNING main_het_teleport_mw_rb_yb_rb_er Starting Mw-to-Er teleportation trial 8 at 420000000000000.
480,000,000,000,000  WARNING main_het_teleport_mw_rb_yb_rb_er Mw-to-Er teleportation trial 8 failed (completed=True, direct match=False, latency=6.338197812 seconds).
480,000,000,000,000  WARNING main_het_teleport_mw_rb_yb_rb_er Starting Mw-to-Er teleportation trial 9 at 480000000000000.
540,000,000,000,000  WARNING main_het_teleport_mw_rb_yb_rb_er Mw-to-Er teleportation trial 9 failed (completed=True, direct match=False, latency=3.5160448745 seconds).
540,000,000,000,000  WARNING main_het_teleport_mw_rb_yb_rb_er Starting Mw-to-Er teleportation trial 10 at 540000000000000.
600,000,000,000,000  WARNING main_het_teleport_mw_rb_yb_rb_er Mw-to-Er teleportation trial 10 succeeded (completed=True, direct match=True, latency=4.9091806245 seconds).
600,000,000,000,000  WARNING main_het_teleport_mw_rb_yb_rb_er Starting Mw-to-Er teleportation trial 11 at 600000000000000.
660,000,000,000,000  WARNING main_het_teleport_mw_rb_yb_rb_er Mw-to-Er teleportation trial 11 succeeded (completed=True, direct match=True, latency=6.335077687 seconds).
660,000,000,000,000  WARNING main_het_teleport_mw_rb_yb_rb_er Starting Mw-to-Er teleportation trial 12 at 660000000000000.
720,000,000,000,000  WARNING main_het_teleport_mw_rb_yb_rb_er Mw-to-Er teleportation trial 12 failed (completed=True, direct match=False, latency=14.7236511995 seconds).
720,000,000,000,000  WARNING main_het_teleport_mw_rb_yb_rb_er Starting Mw-to-Er teleportation trial 13 at 720000000000000.
780,000,000,000,000  WARNING main_het_teleport_mw_rb_yb_rb_er Mw-to-Er teleportation trial 13 failed (completed=True, direct match=False, latency=19.623509437 seconds).
780,000,000,000,000  WARNING main_het_teleport_mw_rb_yb_rb_er Starting Mw-to-Er teleportation trial 14 at 780000000000000.
840,000,000,000,000  WARNING main_het_teleport_mw_rb_yb_rb_er Mw-to-Er teleportation trial 14 succeeded (completed=True, direct match=True, latency=7.6646758745 seconds).
840,000,000,000,000  WARNING main_het_teleport_mw_rb_yb_rb_er Starting Mw-to-Er teleportation trial 15 at 840000000000000.
900,000,000,000,000  WARNING main_het_teleport_mw_rb_yb_rb_er Mw-to-Er teleportation trial 15 succeeded (completed=True, direct match=True, latency=4.1876517495 seconds).
900,000,000,000,000  WARNING main_het_teleport_mw_rb_yb_rb_er Starting Mw-to-Er teleportation trial 16 at 900000000000000.
960,000,000,000,000  WARNING main_het_teleport_mw_rb_yb_rb_er Mw-to-Er teleportation trial 16 succeeded (completed=True, direct match=True, latency=5.6182289995 seconds).
960,000,000,000,000  WARNING main_het_teleport_mw_rb_yb_rb_er Starting Mw-to-Er teleportation trial 17 at 960000000000000.
1,020,000,000,000,000 WARNING main_het_teleport_mw_rb_yb_rb_er Mw-to-Er teleportation trial 17 succeeded (completed=True, direct match=True, latency=4.192506937 seconds).
1,020,000,000,000,000 WARNING main_het_teleport_mw_rb_yb_rb_er Starting Mw-to-Er teleportation trial 18 at 1020000000000000.
1,080,000,000,000,000 WARNING main_het_teleport_mw_rb_yb_rb_er Mw-to-Er teleportation trial 18 succeeded (completed=True, direct match=True, latency=4.226653312 seconds).
1,080,000,000,000,000 WARNING main_het_teleport_mw_rb_yb_rb_er Starting Mw-to-Er teleportation trial 19 at 1080000000000000.
1,140,000,000,000,000 WARNING main_het_teleport_mw_rb_yb_rb_er Mw-to-Er teleportation trial 19 failed (completed=True, direct match=False, latency=18.725435312 seconds).
1,140,000,000,000,000 WARNING main_het_teleport_mw_rb_yb_rb_er Starting Mw-to-Er teleportation trial 20 at 1140000000000000.
1,200,000,000,000,000 WARNING main_het_teleport_mw_rb_yb_rb_er Mw-to-Er teleportation trial 20 succeeded (completed=True, direct match=True, latency=6.2523943745 seconds).
1,200,000,000,000,000 WARNING main_het_teleport_mw_rb_yb_rb_er Starting Mw-to-Er teleportation trial 21 at 1200000000000000.
1,260,000,000,000,000 WARNING main_het_teleport_mw_rb_yb_rb_er Mw-to-Er teleportation trial 21 failed (completed=True, direct match=False, latency=13.9988843745 seconds).
1,260,000,000,000,000 WARNING main_het_teleport_mw_rb_yb_rb_er Starting Mw-to-Er teleportation trial 22 at 1260000000000000.
1,320,000,000,000,000 WARNING main_het_teleport_mw_rb_yb_rb_er Mw-to-Er teleportation trial 22 succeeded (completed=True, direct match=True, latency=11.898435312 seconds).
1,320,000,000,000,000 WARNING main_het_teleport_mw_rb_yb_rb_er Starting Mw-to-Er teleportation trial 23 at 1320000000000000.
1,380,000,000,000,000 WARNING main_het_teleport_mw_rb_yb_rb_er Mw-to-Er teleportation trial 23 failed (completed=True, direct match=False, latency=8.421836187 seconds).
1,380,000,000,000,000 WARNING main_het_teleport_mw_rb_yb_rb_er Starting Mw-to-Er teleportation trial 24 at 1380000000000000.
1,440,000,000,000,000 WARNING main_het_teleport_mw_rb_yb_rb_er Mw-to-Er teleportation trial 24 failed (completed=True, direct match=False, latency=27.994204437 seconds).
1,440,000,000,000,000 WARNING main_het_teleport_mw_rb_yb_rb_er Starting Mw-to-Er teleportation trial 25 at 1440000000000000.
1,500,000,000,000,000 WARNING main_het_teleport_mw_rb_yb_rb_er Mw-to-Er teleportation trial 25 succeeded (completed=True, direct match=True, latency=12.622909312 seconds).
1,500,000,000,000,000 WARNING main_het_teleport_mw_rb_yb_rb_er Starting Mw-to-Er teleportation trial 26 at 1500000000000000.
1,560,000,000,000,000 WARNING main_het_teleport_mw_rb_yb_rb_er Mw-to-Er teleportation trial 26 succeeded (completed=True, direct match=True, latency=2.821037062 seconds).
1,560,000,000,000,000 WARNING main_het_teleport_mw_rb_yb_rb_er Starting Mw-to-Er teleportation trial 27 at 1560000000000000.
1,620,000,000,000,000 WARNING main_het_teleport_mw_rb_yb_rb_er Mw-to-Er teleportation trial 27 succeeded (completed=True, direct match=True, latency=5.5371057495 seconds).
1,620,000,000,000,000 WARNING main_het_teleport_mw_rb_yb_rb_er Starting Mw-to-Er teleportation trial 28 at 1620000000000000.
1,680,000,000,000,000 WARNING main_het_teleport_mw_rb_yb_rb_er Mw-to-Er teleportation trial 28 succeeded (completed=True, direct match=True, latency=3.5690869995 seconds).
1,680,000,000,000,000 WARNING main_het_teleport_mw_rb_yb_rb_er Starting Mw-to-Er teleportation trial 29 at 1680000000000000.
1,740,000,000,000,000 WARNING main_het_teleport_mw_rb_yb_rb_er Mw-to-Er teleportation trial 29 failed (completed=True, direct match=False, latency=8.377979437 seconds).
1,740,000,000,000,000 WARNING main_het_teleport_mw_rb_yb_rb_er Starting Mw-to-Er teleportation trial 30 at 1740000000000000.
1,800,000,000,000,000 WARNING main_het_teleport_mw_rb_yb_rb_er Mw-to-Er teleportation trial 30 failed (completed=True, direct match=False, latency=6.3303974995 seconds).
1,800,000,000,000,000 WARNING main_het_teleport_mw_rb_yb_rb_er Starting Mw-to-Er teleportation trial 31 at 1800000000000000.
1,860,000,000,000,000 WARNING main_het_teleport_mw_rb_yb_rb_er Mw-to-Er teleportation trial 31 succeeded (completed=True, direct match=True, latency=6.3210371245 seconds).
1,860,000,000,000,000 WARNING main_het_teleport_mw_rb_yb_rb_er Starting Mw-to-Er teleportation trial 32 at 1860000000000000.
1,920,000,000,000,000 WARNING main_het_teleport_mw_rb_yb_rb_er Mw-to-Er teleportation trial 32 succeeded (completed=True, direct match=True, latency=8.4171559995 seconds).
1,920,000,000,000,000 WARNING main_het_teleport_mw_rb_yb_rb_er Starting Mw-to-Er teleportation trial 33 at 1920000000000000.
1,980,000,000,000,000 WARNING main_het_teleport_mw_rb_yb_rb_er Mw-to-Er teleportation trial 33 succeeded (completed=True, direct match=True, latency=6.310116687 seconds).
1,980,000,000,000,000 WARNING main_het_teleport_mw_rb_yb_rb_er Starting Mw-to-Er teleportation trial 34 at 1980000000000000.
2,040,000,000,000,000 WARNING main_het_teleport_mw_rb_yb_rb_er Mw-to-Er teleportation trial 34 failed (completed=True, direct match=False, latency=7.006684562 seconds).
2,040,000,000,000,000 WARNING main_het_teleport_mw_rb_yb_rb_er Starting Mw-to-Er teleportation trial 35 at 2040000000000000.
2,100,000,000,000,000 WARNING main_het_teleport_mw_rb_yb_rb_er Mw-to-Er teleportation trial 35 failed (completed=True, direct match=False, latency=3.442721937 seconds).
2,100,000,000,000,000 WARNING main_het_teleport_mw_rb_yb_rb_er Starting Mw-to-Er teleportation trial 36 at 2100000000000000.
2,160,000,000,000,000 WARNING main_het_teleport_mw_rb_yb_rb_er Mw-to-Er teleportation trial 36 failed (completed=True, direct match=False, latency=4.929636437 seconds).
2,160,000,000,000,000 WARNING main_het_teleport_mw_rb_yb_rb_er Starting Mw-to-Er teleportation trial 37 at 2160000000000000.
2,220,000,000,000,000 WARNING main_het_teleport_mw_rb_yb_rb_er Mw-to-Er teleportation trial 37 succeeded (completed=True, direct match=True, latency=13.098123312 seconds).
2,220,000,000,000,000 WARNING main_het_teleport_mw_rb_yb_rb_er Starting Mw-to-Er teleportation trial 38 at 2220000000000000.
2,280,000,000,000,000 WARNING main_het_teleport_mw_rb_yb_rb_er Mw-to-Er teleportation trial 38 succeeded (completed=True, direct match=True, latency=4.2157328745 seconds).
2,280,000,000,000,000 WARNING main_het_teleport_mw_rb_yb_rb_er Starting Mw-to-Er teleportation trial 39 at 2280000000000000.
2,340,000,000,000,000 WARNING main_het_teleport_mw_rb_yb_rb_er Mw-to-Er teleportation trial 39 succeeded (completed=True, direct match=True, latency=8.3581236245 seconds).
2,340,000,000,000,000 WARNING main_het_teleport_mw_rb_yb_rb_er Starting Mw-to-Er teleportation trial 40 at 2340000000000000.
2,400,000,000,000,000 WARNING main_het_teleport_mw_rb_yb_rb_er Mw-to-Er teleportation trial 40 failed (completed=True, direct match=False, latency=4.9029403745 seconds).
2,400,000,000,000,000 WARNING main_het_teleport_mw_rb_yb_rb_er Starting Mw-to-Er teleportation trial 41 at 2400000000000000.
2,460,000,000,000,000 WARNING main_het_teleport_mw_rb_yb_rb_er Mw-to-Er teleportation trial 41 succeeded (completed=True, direct match=True, latency=4.895140062 seconds).
2,460,000,000,000,000 WARNING main_het_teleport_mw_rb_yb_rb_er Starting Mw-to-Er teleportation trial 42 at 2460000000000000.
2,520,000,000,000,000 WARNING main_het_teleport_mw_rb_yb_rb_er Mw-to-Er teleportation trial 42 failed (completed=True, direct match=False, latency=18.917156187 seconds).
2,520,000,000,000,000 WARNING main_het_teleport_mw_rb_yb_rb_er Starting Mw-to-Er teleportation trial 43 at 2520000000000000.
2,580,000,000,000,000 WARNING main_het_teleport_mw_rb_yb_rb_er Mw-to-Er teleportation trial 43 failed (completed=True, direct match=False, latency=5.616668937 seconds).
2,580,000,000,000,000 WARNING main_het_teleport_mw_rb_yb_rb_er Starting Mw-to-Er teleportation trial 44 at 2580000000000000.
2,640,000,000,000,000 WARNING main_het_teleport_mw_rb_yb_rb_er Mw-to-Er teleportation trial 44 failed (completed=True, direct match=False, latency=8.4701981245 seconds).
2,640,000,000,000,000 WARNING main_het_teleport_mw_rb_yb_rb_er Starting Mw-to-Er teleportation trial 45 at 2640000000000000.
2,700,000,000,000,000 WARNING main_het_teleport_mw_rb_yb_rb_er Mw-to-Er teleportation trial 45 succeeded (completed=True, direct match=True, latency=8.927901437 seconds).
2,700,000,000,000,000 WARNING main_het_teleport_mw_rb_yb_rb_er Starting Mw-to-Er teleportation trial 46 at 2700000000000000.
2,760,000,000,000,000 WARNING main_het_teleport_mw_rb_yb_rb_er Mw-to-Er teleportation trial 46 succeeded (completed=True, direct match=True, latency=7.0488062495 seconds).
2,760,000,000,000,000 WARNING main_het_teleport_mw_rb_yb_rb_er Starting Mw-to-Er teleportation trial 47 at 2760000000000000.
2,820,000,000,000,000 WARNING main_het_teleport_mw_rb_yb_rb_er Mw-to-Er teleportation trial 47 succeeded (completed=True, direct match=True, latency=3.5285253745 seconds).
2,820,000,000,000,000 WARNING main_het_teleport_mw_rb_yb_rb_er Starting Mw-to-Er teleportation trial 48 at 2820000000000000.
2,880,000,000,000,000 WARNING main_het_teleport_mw_rb_yb_rb_er Mw-to-Er teleportation trial 48 succeeded (completed=True, direct match=True, latency=8.353193437 seconds).
2,880,000,000,000,000 WARNING main_het_teleport_mw_rb_yb_rb_er Starting Mw-to-Er teleportation trial 49 at 2880000000000000.
2,940,000,000,000,000 WARNING main_het_teleport_mw_rb_yb_rb_er Mw-to-Er teleportation trial 49 succeeded (completed=True, direct match=True, latency=2.0917078745 seconds).
2,940,000,000,000,000 WARNING main_het_teleport_mw_rb_yb_rb_er Starting Mw-to-Er teleportation trial 50 at 2940000000000000.
3,000,000,000,000,000 WARNING main_het_teleport_mw_rb_yb_rb_er Mw-to-Er teleportation trial 50 succeeded (completed=True, direct match=True, latency=11.2250933745 seconds).
3,000,000,000,000,000 WARNING main_het_teleport_mw_rb_yb_rb_er Starting Mw-to-Er teleportation trial 51 at 3000000000000000.
3,060,000,000,000,000 WARNING main_het_teleport_mw_rb_yb_rb_er Mw-to-Er teleportation trial 51 succeeded (completed=True, direct match=True, latency=7.7081076245 seconds).
3,060,000,000,000,000 WARNING main_het_teleport_mw_rb_yb_rb_er Starting Mw-to-Er teleportation trial 52 at 3060000000000000.
3,120,000,000,000,000 WARNING main_het_teleport_mw_rb_yb_rb_er Mw-to-Er teleportation trial 52 succeeded (completed=True, direct match=True, latency=4.926341312 seconds).
3,120,000,000,000,000 WARNING main_het_teleport_mw_rb_yb_rb_er Starting Mw-to-Er teleportation trial 53 at 3120000000000000.
3,180,000,000,000,000 WARNING main_het_teleport_mw_rb_yb_rb_er Mw-to-Er teleportation trial 53 succeeded (completed=True, direct match=True, latency=6.2650498745 seconds).
3,180,000,000,000,000 WARNING main_het_teleport_mw_rb_yb_rb_er Starting Mw-to-Er teleportation trial 54 at 3180000000000000.
3,240,000,000,000,000 WARNING main_het_teleport_mw_rb_yb_rb_er Mw-to-Er teleportation trial 54 succeeded (completed=True, direct match=True, latency=9.774235312 seconds).
3,240,000,000,000,000 WARNING main_het_teleport_mw_rb_yb_rb_er Starting Mw-to-Er teleportation trial 55 at 3240000000000000.
3,300,000,000,000,000 WARNING main_het_teleport_mw_rb_yb_rb_er Mw-to-Er teleportation trial 55 succeeded (completed=True, direct match=True, latency=4.870179062 seconds).
3,300,000,000,000,000 WARNING main_het_teleport_mw_rb_yb_rb_er Starting Mw-to-Er teleportation trial 56 at 3300000000000000.
3,360,000,000,000,000 WARNING main_het_teleport_mw_rb_yb_rb_er Mw-to-Er teleportation trial 56 succeeded (completed=True, direct match=True, latency=7.7016923745 seconds).
3,360,000,000,000,000 WARNING main_het_teleport_mw_rb_yb_rb_er Starting Mw-to-Er teleportation trial 57 at 3360000000000000.
3,420,000,000,000,000 WARNING main_het_teleport_mw_rb_yb_rb_er Mw-to-Er teleportation trial 57 failed (completed=True, direct match=False, latency=14.7048126245 seconds).
3,420,000,000,000,000 WARNING main_het_teleport_mw_rb_yb_rb_er Starting Mw-to-Er teleportation trial 58 at 3420000000000000.
3,480,000,000,000,000 WARNING main_het_teleport_mw_rb_yb_rb_er Mw-to-Er teleportation trial 58 succeeded (completed=True, direct match=True, latency=4.126809312 seconds).
3,480,000,000,000,000 WARNING main_het_teleport_mw_rb_yb_rb_er Starting Mw-to-Er teleportation trial 59 at 3480000000000000.
3,540,000,000,000,000 WARNING main_het_teleport_mw_rb_yb_rb_er Mw-to-Er teleportation trial 59 succeeded (completed=True, direct match=True, latency=9.099508312 seconds).
3,540,000,000,000,000 WARNING main_het_teleport_mw_rb_yb_rb_er Starting Mw-to-Er teleportation trial 60 at 3540000000000000.
3,600,000,000,000,000 WARNING main_het_teleport_mw_rb_yb_rb_er Mw-to-Er teleportation trial 60 succeeded (completed=True, direct match=True, latency=8.384219687 seconds).
3,600,000,000,000,000 WARNING main_het_teleport_mw_rb_yb_rb_er Starting Mw-to-Er teleportation trial 61 at 3600000000000000.
3,660,000,000,000,000 WARNING main_het_teleport_mw_rb_yb_rb_er Mw-to-Er teleportation trial 61 succeeded (completed=True, direct match=True, latency=8.406060562 seconds).
3,660,000,000,000,000 WARNING main_het_teleport_mw_rb_yb_rb_er Starting Mw-to-Er teleportation trial 62 at 3660000000000000.
3,720,000,000,000,000 WARNING main_het_teleport_mw_rb_yb_rb_er Mw-to-Er teleportation trial 62 failed (completed=True, direct match=False, latency=9.1106037495 seconds).
3,720,000,000,000,000 WARNING main_het_teleport_mw_rb_yb_rb_er Starting Mw-to-Er teleportation trial 63 at 3720000000000000.
3,780,000,000,000,000 WARNING main_het_teleport_mw_rb_yb_rb_er Mw-to-Er teleportation trial 63 succeeded (completed=True, direct match=True, latency=6.966122937 seconds).
3,780,000,000,000,000 WARNING main_het_teleport_mw_rb_yb_rb_er Starting Mw-to-Er teleportation trial 64 at 3780000000000000.
3,840,000,000,000,000 WARNING main_het_teleport_mw_rb_yb_rb_er Mw-to-Er teleportation trial 64 succeeded (completed=True, direct match=True, latency=5.6369497495 seconds).
3,840,000,000,000,000 WARNING main_het_teleport_mw_rb_yb_rb_er Starting Mw-to-Er teleportation trial 65 at 3840000000000000.
3,900,000,000,000,000 WARNING main_het_teleport_mw_rb_yb_rb_er Mw-to-Er teleportation trial 65 succeeded (completed=True, direct match=True, latency=9.792956062 seconds).
3,900,000,000,000,000 WARNING main_het_teleport_mw_rb_yb_rb_er Starting Mw-to-Er teleportation trial 66 at 3900000000000000.
3,960,000,000,000,000 WARNING main_het_teleport_mw_rb_yb_rb_er Mw-to-Er teleportation trial 66 succeeded (completed=True, direct match=True, latency=6.216512937 seconds).
3,960,000,000,000,000 WARNING main_het_teleport_mw_rb_yb_rb_er Starting Mw-to-Er teleportation trial 67 at 3960000000000000.
4,020,000,000,000,000 WARNING main_het_teleport_mw_rb_yb_rb_er Mw-to-Er teleportation trial 67 succeeded (completed=True, direct match=True, latency=11.226653437 seconds).
4,020,000,000,000,000 WARNING main_het_teleport_mw_rb_yb_rb_er Starting Mw-to-Er teleportation trial 68 at 4020000000000000.
4,080,000,000,000,000 WARNING main_het_teleport_mw_rb_yb_rb_er Mw-to-Er teleportation trial 68 succeeded (completed=True, direct match=True, latency=6.3054364995 seconds).
4,080,000,000,000,000 WARNING main_het_teleport_mw_rb_yb_rb_er Starting Mw-to-Er teleportation trial 69 at 4080000000000000.
4,140,000,000,000,000 WARNING main_het_teleport_mw_rb_yb_rb_er Mw-to-Er teleportation trial 69 failed (completed=True, direct match=False, latency=4.9436769995 seconds).
4,140,000,000,000,000 WARNING main_het_teleport_mw_rb_yb_rb_er Starting Mw-to-Er teleportation trial 70 at 4140000000000000.
4,200,000,000,000,000 WARNING main_het_teleport_mw_rb_yb_rb_er Mw-to-Er teleportation trial 70 succeeded (completed=True, direct match=True, latency=11.2094927495 seconds).
4,200,000,000,000,000 WARNING main_het_teleport_mw_rb_yb_rb_er Starting Mw-to-Er teleportation trial 71 at 4200000000000000.
4,260,000,000,000,000 WARNING main_het_teleport_mw_rb_yb_rb_er Mw-to-Er teleportation trial 71 succeeded (completed=True, direct match=True, latency=7.7266533745 seconds).
4,260,000,000,000,000 WARNING main_het_teleport_mw_rb_yb_rb_er Starting Mw-to-Er teleportation trial 72 at 4260000000000000.
4,320,000,000,000,000 WARNING main_het_teleport_mw_rb_yb_rb_er Mw-to-Er teleportation trial 72 succeeded (completed=True, direct match=True, latency=2.102803312 seconds).
4,320,000,000,000,000 WARNING main_het_teleport_mw_rb_yb_rb_er Starting Mw-to-Er teleportation trial 73 at 4320000000000000.
4,380,000,000,000,000 WARNING main_het_teleport_mw_rb_yb_rb_er Mw-to-Er teleportation trial 73 failed (completed=True, direct match=False, latency=9.2102727495 seconds).
4,380,000,000,000,000 WARNING main_het_teleport_mw_rb_yb_rb_er Starting Mw-to-Er teleportation trial 74 at 4380000000000000.
4,440,000,000,000,000 WARNING main_het_teleport_mw_rb_yb_rb_er Mw-to-Er teleportation trial 74 succeeded (completed=True, direct match=True, latency=8.3420979995 seconds).
4,440,000,000,000,000 WARNING main_het_teleport_mw_rb_yb_rb_er Starting Mw-to-Er teleportation trial 75 at 4440000000000000.
4,500,000,000,000,000 WARNING main_het_teleport_mw_rb_yb_rb_er Mw-to-Er teleportation trial 75 succeeded (completed=True, direct match=True, latency=3.5222851245 seconds).
4,500,000,000,000,000 WARNING main_het_teleport_mw_rb_yb_rb_er Starting Mw-to-Er teleportation trial 76 at 4500000000000000.
4,560,000,000,000,000 WARNING main_het_teleport_mw_rb_yb_rb_er Mw-to-Er teleportation trial 76 failed (completed=True, direct match=False, latency=11.945412187 seconds).
4,560,000,000,000,000 WARNING main_het_teleport_mw_rb_yb_rb_er Starting Mw-to-Er teleportation trial 77 at 4560000000000000.
4,620,000,000,000,000 WARNING main_het_teleport_mw_rb_yb_rb_er Mw-to-Er teleportation trial 77 succeeded (completed=True, direct match=True, latency=4.910740687 seconds).
4,620,000,000,000,000 WARNING main_het_teleport_mw_rb_yb_rb_er Starting Mw-to-Er teleportation trial 78 at 4620000000000000.
4,680,000,000,000,000 WARNING main_het_teleport_mw_rb_yb_rb_er Mw-to-Er teleportation trial 78 succeeded (completed=True, direct match=True, latency=6.981723562 seconds).
4,680,000,000,000,000 WARNING main_het_teleport_mw_rb_yb_rb_er Starting Mw-to-Er teleportation trial 79 at 4680000000000000.
4,740,000,000,000,000 WARNING main_het_teleport_mw_rb_yb_rb_er Mw-to-Er teleportation trial 79 succeeded (completed=True, direct match=True, latency=4.870179062 seconds).
4,740,000,000,000,000 WARNING main_het_teleport_mw_rb_yb_rb_er Starting Mw-to-Er teleportation trial 80 at 4740000000000000.
4,800,000,000,000,000 WARNING main_het_teleport_mw_rb_yb_rb_er Mw-to-Er teleportation trial 80 failed (completed=True, direct match=False, latency=7.718853062 seconds).
4,800,000,000,000,000 WARNING main_het_teleport_mw_rb_yb_rb_er Starting Mw-to-Er teleportation trial 81 at 4800000000000000.
4,860,000,000,000,000 WARNING main_het_teleport_mw_rb_yb_rb_er Mw-to-Er teleportation trial 81 failed (completed=True, direct match=False, latency=8.4481822495 seconds).
4,860,000,000,000,000 WARNING main_het_teleport_mw_rb_yb_rb_er Starting Mw-to-Er teleportation trial 82 at 4860000000000000.
4,920,000,000,000,000 WARNING main_het_teleport_mw_rb_yb_rb_er Mw-to-Er teleportation trial 82 succeeded (completed=True, direct match=True, latency=9.2321136245 seconds).
4,920,000,000,000,000 WARNING main_het_teleport_mw_rb_yb_rb_er Starting Mw-to-Er teleportation trial 83 at 4920000000000000.
4,980,000,000,000,000 WARNING main_het_teleport_mw_rb_yb_rb_er Mw-to-Er teleportation trial 83 succeeded (completed=True, direct match=True, latency=8.368619062 seconds).
4,980,000,000,000,000 WARNING main_het_teleport_mw_rb_yb_rb_er Starting Mw-to-Er teleportation trial 84 at 4980000000000000.
5,040,000,000,000,000 WARNING main_het_teleport_mw_rb_yb_rb_er Mw-to-Er teleportation trial 84 failed (completed=True, direct match=False, latency=9.8071716245 seconds).
5,040,000,000,000,000 WARNING main_het_teleport_mw_rb_yb_rb_er Starting Mw-to-Er teleportation trial 85 at 5040000000000000.
5,100,000,000,000,000 WARNING main_het_teleport_mw_rb_yb_rb_er Mw-to-Er teleportation trial 85 succeeded (completed=True, direct match=True, latency=3.5222851245 seconds).
5,100,000,000,000,000 WARNING main_het_teleport_mw_rb_yb_rb_er Starting Mw-to-Er teleportation trial 86 at 5100000000000000.
5,160,000,000,000,000 WARNING main_het_teleport_mw_rb_yb_rb_er Mw-to-Er teleportation trial 86 succeeded (completed=True, direct match=True, latency=6.2929559995 seconds).
5,160,000,000,000,000 WARNING main_het_teleport_mw_rb_yb_rb_er Starting Mw-to-Er teleportation trial 87 at 5160000000000000.
5,220,000,000,000,000 WARNING main_het_teleport_mw_rb_yb_rb_er Mw-to-Er teleportation trial 87 succeeded (completed=True, direct match=True, latency=5.6369497495 seconds).
5,220,000,000,000,000 WARNING main_het_teleport_mw_rb_yb_rb_er Starting Mw-to-Er teleportation trial 88 at 5220000000000000.
5,280,000,000,000,000 WARNING main_het_teleport_mw_rb_yb_rb_er Mw-to-Er teleportation trial 88 succeeded (completed=True, direct match=True, latency=6.3054364995 seconds).
5,280,000,000,000,000 WARNING main_het_teleport_mw_rb_yb_rb_er Starting Mw-to-Er teleportation trial 89 at 5280000000000000.
5,340,000,000,000,000 WARNING main_het_teleport_mw_rb_yb_rb_er Mw-to-Er teleportation trial 89 succeeded (completed=True, direct match=True, latency=6.316356937 seconds).
5,340,000,000,000,000 WARNING main_het_teleport_mw_rb_yb_rb_er Starting Mw-to-Er teleportation trial 90 at 5340000000000000.
5,400,000,000,000,000 WARNING main_het_teleport_mw_rb_yb_rb_er Mw-to-Er teleportation trial 90 succeeded (completed=True, direct match=True, latency=10.508244687 seconds).
5,400,000,000,000,000 WARNING main_het_teleport_mw_rb_yb_rb_er Starting Mw-to-Er teleportation trial 91 at 5400000000000000.
5,460,000,000,000,000 WARNING main_het_teleport_mw_rb_yb_rb_er Mw-to-Er teleportation trial 91 succeeded (completed=True, direct match=True, latency=4.904500437 seconds).
5,460,000,000,000,000 WARNING main_het_teleport_mw_rb_yb_rb_er Starting Mw-to-Er teleportation trial 92 at 5460000000000000.
5,520,000,000,000,000 WARNING main_het_teleport_mw_rb_yb_rb_er Mw-to-Er teleportation trial 92 succeeded (completed=True, direct match=True, latency=8.440381937 seconds).
5,520,000,000,000,000 WARNING main_het_teleport_mw_rb_yb_rb_er Starting Mw-to-Er teleportation trial 93 at 5520000000000000.
5,580,000,000,000,000 WARNING main_het_teleport_mw_rb_yb_rb_er Mw-to-Er teleportation trial 93 succeeded (completed=True, direct match=True, latency=22.013100062 seconds).
5,580,000,000,000,000 WARNING main_het_teleport_mw_rb_yb_rb_er Starting Mw-to-Er teleportation trial 94 at 5580000000000000.
5,640,000,000,000,000 WARNING main_het_teleport_mw_rb_yb_rb_er Mw-to-Er teleportation trial 94 succeeded (completed=True, direct match=True, latency=4.186091687 seconds).
5,640,000,000,000,000 WARNING main_het_teleport_mw_rb_yb_rb_er Starting Mw-to-Er teleportation trial 95 at 5640000000000000.
5,700,000,000,000,000 WARNING main_het_teleport_mw_rb_yb_rb_er Mw-to-Er teleportation trial 95 succeeded (completed=True, direct match=True, latency=4.9060604995 seconds).
5,700,000,000,000,000 WARNING main_het_teleport_mw_rb_yb_rb_er Starting Mw-to-Er teleportation trial 96 at 5700000000000000.
5,760,000,000,000,000 WARNING main_het_teleport_mw_rb_yb_rb_er Mw-to-Er teleportation trial 96 failed (completed=True, direct match=False, latency=4.932581562 seconds).
5,760,000,000,000,000 WARNING main_het_teleport_mw_rb_yb_rb_er Starting Mw-to-Er teleportation trial 97 at 5760000000000000.
5,820,000,000,000,000 WARNING main_het_teleport_mw_rb_yb_rb_er Mw-to-Er teleportation trial 97 succeeded (completed=True, direct match=True, latency=9.1447501245 seconds).
5,820,000,000,000,000 WARNING main_het_teleport_mw_rb_yb_rb_er Starting Mw-to-Er teleportation trial 98 at 5820000000000000.
5,880,000,000,000,000 WARNING main_het_teleport_mw_rb_yb_rb_er Mw-to-Er teleportation trial 98 succeeded (completed=True, direct match=True, latency=8.3888998745 seconds).
5,880,000,000,000,000 WARNING main_het_teleport_mw_rb_yb_rb_er Starting Mw-to-Er teleportation trial 99 at 5880000000000000.
5,940,000,000,000,000 WARNING main_het_teleport_mw_rb_yb_rb_er Mw-to-Er teleportation trial 99 succeeded (completed=True, direct match=True, latency=7.681411562 seconds).
5,940,000,000,000,000 WARNING main_het_teleport_mw_rb_yb_rb_er Starting Mw-to-Er teleportation trial 100 at 5940000000000000.
6,000,000,000,000,000 WARNING main_het_teleport_mw_rb_yb_rb_er Mw-to-Er teleportation trial 100 succeeded (completed=True, direct match=True, latency=6.3179169995 seconds).
6,000,000,000,000,000 WARNING main_het_teleport_mw_rb_yb_rb_er Starting Mw-to-Er teleportation trial 101 at 6000000000000000.
6,060,000,000,000,000 WARNING main_het_teleport_mw_rb_yb_rb_er Mw-to-Er teleportation trial 101 succeeded (completed=True, direct match=True, latency=4.8873397495 seconds).
6,060,000,000,000,000 WARNING main_het_teleport_mw_rb_yb_rb_er Starting Mw-to-Er teleportation trial 102 at 6060000000000000.
6,120,000,000,000,000 WARNING main_het_teleport_mw_rb_yb_rb_er Mw-to-Er teleportation trial 102 failed (completed=True, direct match=False, latency=4.9310214995 seconds).
6,120,000,000,000,000 WARNING main_het_teleport_mw_rb_yb_rb_er Starting Mw-to-Er teleportation trial 103 at 6120000000000000.
6,180,000,000,000,000 WARNING main_het_teleport_mw_rb_yb_rb_er Mw-to-Er teleportation trial 103 succeeded (completed=True, direct match=True, latency=11.236188812 seconds).
6,180,000,000,000,000 WARNING main_het_teleport_mw_rb_yb_rb_er Starting Mw-to-Er teleportation trial 104 at 6180000000000000.
6,240,000,000,000,000 WARNING main_het_teleport_mw_rb_yb_rb_er Mw-to-Er teleportation trial 104 succeeded (completed=True, direct match=True, latency=8.4013803745 seconds).
6,240,000,000,000,000 WARNING main_het_teleport_mw_rb_yb_rb_er Starting Mw-to-Er teleportation trial 105 at 6240000000000000.
6,300,000,000,000,000 WARNING main_het_teleport_mw_rb_yb_rb_er Mw-to-Er teleportation trial 105 succeeded (completed=True, direct match=True, latency=7.743814062 seconds).
6,300,000,000,000,000 WARNING main_het_teleport_mw_rb_yb_rb_er Starting Mw-to-Er teleportation trial 106 at 6300000000000000.
6,360,000,000,000,000 WARNING main_het_teleport_mw_rb_yb_rb_er Mw-to-Er teleportation trial 106 failed (completed=True, direct match=False, latency=11.2408689995 seconds).
6,360,000,000,000,000 WARNING main_het_teleport_mw_rb_yb_rb_er Starting Mw-to-Er teleportation trial 107 at 6360000000000000.
6,420,000,000,000,000 WARNING main_het_teleport_mw_rb_yb_rb_er Mw-to-Er teleportation trial 107 succeeded (completed=True, direct match=True, latency=8.3857797495 seconds).
6,420,000,000,000,000 WARNING main_het_teleport_mw_rb_yb_rb_er Starting Mw-to-Er teleportation trial 108 at 6420000000000000.
6,480,000,000,000,000 WARNING main_het_teleport_mw_rb_yb_rb_er Mw-to-Er teleportation trial 108 failed (completed=True, direct match=False, latency=3.7392559495 seconds).
6,480,000,000,000,000 WARNING main_het_teleport_mw_rb_yb_rb_er Starting Mw-to-Er teleportation trial 109 at 6480000000000000.
6,540,000,000,000,000 WARNING main_het_teleport_mw_rb_yb_rb_er Mw-to-Er teleportation trial 109 failed (completed=True, direct match=False, latency=17.374679437 seconds).
6,540,000,000,000,000 WARNING main_het_teleport_mw_rb_yb_rb_er Starting Mw-to-Er teleportation trial 110 at 6540000000000000.
6,600,000,000,000,000 WARNING main_het_teleport_mw_rb_yb_rb_er Mw-to-Er teleportation trial 110 failed (completed=True, direct match=False, latency=3.573767187 seconds).
6,600,000,000,000,000 WARNING main_het_teleport_mw_rb_yb_rb_er Starting Mw-to-Er teleportation trial 111 at 6600000000000000.
6,660,000,000,000,000 WARNING main_het_teleport_mw_rb_yb_rb_er Mw-to-Er teleportation trial 111 succeeded (completed=True, direct match=True, latency=18.870179312 seconds).
6,660,000,000,000,000 WARNING main_het_teleport_mw_rb_yb_rb_er Starting Mw-to-Er teleportation trial 112 at 6660000000000000.
6,720,000,000,000,000 WARNING main_het_teleport_mw_rb_yb_rb_er Mw-to-Er teleportation trial 112 failed (completed=True, direct match=False, latency=4.211052687 seconds).
6,720,000,000,000,000 WARNING main_het_teleport_mw_rb_yb_rb_er Starting Mw-to-Er teleportation trial 113 at 6720000000000000.
6,780,000,000,000,000 WARNING main_het_teleport_mw_rb_yb_rb_er Mw-to-Er teleportation trial 113 succeeded (completed=True, direct match=True, latency=9.8383728745 seconds).
6,780,000,000,000,000 WARNING main_het_teleport_mw_rb_yb_rb_er Starting Mw-to-Er teleportation trial 114 at 6780000000000000.
6,840,000,000,000,000 WARNING main_het_teleport_mw_rb_yb_rb_er Mw-to-Er teleportation trial 114 failed (completed=True, direct match=False, latency=8.353193437 seconds).
6,840,000,000,000,000 WARNING main_het_teleport_mw_rb_yb_rb_er Starting Mw-to-Er teleportation trial 115 at 6840000000000000.
6,900,000,000,000,000 WARNING main_het_teleport_mw_rb_yb_rb_er Mw-to-Er teleportation trial 115 succeeded (completed=True, direct match=True, latency=2.842877937 seconds).
6,900,000,000,000,000 WARNING main_het_teleport_mw_rb_yb_rb_er Starting Mw-to-Er teleportation trial 116 at 6900000000000000.
6,960,000,000,000,000 WARNING main_het_teleport_mw_rb_yb_rb_er Mw-to-Er teleportation trial 116 succeeded (completed=True, direct match=True, latency=6.3241572495 seconds).
6,960,000,000,000,000 WARNING main_het_teleport_mw_rb_yb_rb_er Starting Mw-to-Er teleportation trial 117 at 6960000000000000.
7,020,000,000,000,000 WARNING main_het_teleport_mw_rb_yb_rb_er Mw-to-Er teleportation trial 117 succeeded (completed=True, direct match=True, latency=5.607308562 seconds).
7,020,000,000,000,000 WARNING main_het_teleport_mw_rb_yb_rb_er Starting Mw-to-Er teleportation trial 118 at 7020000000000000.
7,080,000,000,000,000 WARNING main_het_teleport_mw_rb_yb_rb_er Mw-to-Er teleportation trial 118 failed (completed=True, direct match=False, latency=7.7016923745 seconds).
7,080,000,000,000,000 WARNING main_het_teleport_mw_rb_yb_rb_er Starting Mw-to-Er teleportation trial 119 at 7080000000000000.
7,140,000,000,000,000 WARNING main_het_teleport_mw_rb_yb_rb_er Mw-to-Er teleportation trial 119 succeeded (completed=True, direct match=True, latency=5.641629937 seconds).
7,140,000,000,000,000 WARNING main_het_teleport_mw_rb_yb_rb_er Starting Mw-to-Er teleportation trial 120 at 7140000000000000.
7,200,000,000,000,000 WARNING main_het_teleport_mw_rb_yb_rb_er Mw-to-Er teleportation trial 120 succeeded (completed=True, direct match=True, latency=6.369399062 seconds).
7,200,000,000,000,000 WARNING main_het_teleport_mw_rb_yb_rb_er Starting Mw-to-Er teleportation trial 121 at 7200000000000000.
7,260,000,000,000,000 WARNING main_het_teleport_mw_rb_yb_rb_er Mw-to-Er teleportation trial 121 failed (completed=True, direct match=False, latency=8.456157562 seconds).
7,260,000,000,000,000 WARNING main_het_teleport_mw_rb_yb_rb_er Starting Mw-to-Er teleportation trial 122 at 7260000000000000.
7,320,000,000,000,000 WARNING main_het_teleport_mw_rb_yb_rb_er Mw-to-Er teleportation trial 122 succeeded (completed=True, direct match=True, latency=9.1197891245 seconds).
7,320,000,000,000,000 WARNING main_het_teleport_mw_rb_yb_rb_er Starting Mw-to-Er teleportation trial 123 at 7320000000000000.
7,380,000,000,000,000 WARNING main_het_teleport_mw_rb_yb_rb_er Mw-to-Er teleportation trial 123 failed (completed=True, direct match=False, latency=11.1970122495 seconds).
7,380,000,000,000,000 WARNING main_het_teleport_mw_rb_yb_rb_er Starting Mw-to-Er teleportation trial 124 at 7380000000000000.
7,440,000,000,000,000 WARNING main_het_teleport_mw_rb_yb_rb_er Mw-to-Er teleportation trial 124 succeeded (completed=True, direct match=True, latency=2.1229091245 seconds).
7,440,000,000,000,000 WARNING main_het_teleport_mw_rb_yb_rb_er Starting Mw-to-Er teleportation trial 125 at 7440000000000000.
7,500,000,000,000,000 WARNING main_het_teleport_mw_rb_yb_rb_er Mw-to-Er teleportation trial 125 succeeded (completed=True, direct match=True, latency=10.483283687 seconds).
7,500,000,000,000,000 WARNING main_het_teleport_mw_rb_yb_rb_er Starting Mw-to-Er teleportation trial 126 at 7500000000000000.
7,560,000,000,000,000 WARNING main_het_teleport_mw_rb_yb_rb_er Mw-to-Er teleportation trial 126 succeeded (completed=True, direct match=True, latency=5.597948187 seconds).
7,560,000,000,000,000 WARNING main_het_teleport_mw_rb_yb_rb_er Starting Mw-to-Er teleportation trial 127 at 7560000000000000.
7,620,000,000,000,000 WARNING main_het_teleport_mw_rb_yb_rb_er Mw-to-Er teleportation trial 127 succeeded (completed=True, direct match=True, latency=16.1041886245 seconds).
7,620,000,000,000,000 WARNING main_het_teleport_mw_rb_yb_rb_er Starting Mw-to-Er teleportation trial 128 at 7620000000000000.
7,680,000,000,000,000 WARNING main_het_teleport_mw_rb_yb_rb_er Mw-to-Er teleportation trial 128 succeeded (completed=True, direct match=True, latency=8.431021562 seconds).
7,680,000,000,000,000 WARNING main_het_teleport_mw_rb_yb_rb_er Starting Mw-to-Er teleportation trial 129 at 7680000000000000.
7,740,000,000,000,000 WARNING main_het_teleport_mw_rb_yb_rb_er Mw-to-Er teleportation trial 129 succeeded (completed=True, direct match=True, latency=4.220413062 seconds).
7,740,000,000,000,000 WARNING main_het_teleport_mw_rb_yb_rb_er Starting Mw-to-Er teleportation trial 130 at 7740000000000000.
7,800,000,000,000,000 WARNING main_het_teleport_mw_rb_yb_rb_er Mw-to-Er teleportation trial 130 succeeded (completed=True, direct match=True, latency=7.687651812 seconds).
7,800,000,000,000,000 WARNING main_het_teleport_mw_rb_yb_rb_er Starting Mw-to-Er teleportation trial 131 at 7800000000000000.
7,860,000,000,000,000 WARNING main_het_teleport_mw_rb_yb_rb_er Mw-to-Er teleportation trial 131 succeeded (completed=True, direct match=True, latency=7.019165062 seconds).
7,860,000,000,000,000 WARNING main_het_teleport_mw_rb_yb_rb_er Starting Mw-to-Er teleportation trial 132 at 7860000000000000.
7,920,000,000,000,000 WARNING main_het_teleport_mw_rb_yb_rb_er Mw-to-Er teleportation trial 132 succeeded (completed=True, direct match=True, latency=6.9928189995 seconds).
7,920,000,000,000,000 WARNING main_het_teleport_mw_rb_yb_rb_er Starting Mw-to-Er teleportation trial 133 at 7920000000000000.
7,980,000,000,000,000 WARNING main_het_teleport_mw_rb_yb_rb_er Mw-to-Er teleportation trial 133 succeeded (completed=True, direct match=True, latency=13.322597312 seconds).
7,980,000,000,000,000 WARNING main_het_teleport_mw_rb_yb_rb_er Starting Mw-to-Er teleportation trial 134 at 7980000000000000.
8,040,000,000,000,000 WARNING main_het_teleport_mw_rb_yb_rb_er Mw-to-Er teleportation trial 134 failed (completed=True, direct match=False, latency=9.146485187 seconds).
8,040,000,000,000,000 WARNING main_het_teleport_mw_rb_yb_rb_er Starting Mw-to-Er teleportation trial 135 at 8040000000000000.
8,100,000,000,000,000 WARNING main_het_teleport_mw_rb_yb_rb_er Mw-to-Er teleportation trial 135 succeeded (completed=True, direct match=True, latency=8.3701791245 seconds).
8,100,000,000,000,000 WARNING main_het_teleport_mw_rb_yb_rb_er Starting Mw-to-Er teleportation trial 136 at 8100000000000000.
8,160,000,000,000,000 WARNING main_het_teleport_mw_rb_yb_rb_er Mw-to-Er teleportation trial 136 succeeded (completed=True, direct match=True, latency=5.0252252495 seconds).
8,160,000,000,000,000 WARNING main_het_teleport_mw_rb_yb_rb_er Starting Mw-to-Er teleportation trial 137 at 8160000000000000.
8,220,000,000,000,000 WARNING main_het_teleport_mw_rb_yb_rb_er Mw-to-Er teleportation trial 137 succeeded (completed=True, direct match=True, latency=3.4505222495 seconds).
8,220,000,000,000,000 WARNING main_het_teleport_mw_rb_yb_rb_er Starting Mw-to-Er teleportation trial 138 at 8220000000000000.
8,280,000,000,000,000 WARNING main_het_teleport_mw_rb_yb_rb_er Mw-to-Er teleportation trial 138 succeeded (completed=True, direct match=True, latency=7.7297734995 seconds).
8,280,000,000,000,000 WARNING main_het_teleport_mw_rb_yb_rb_er Starting Mw-to-Er teleportation trial 139 at 8280000000000000.
8,340,000,000,000,000 WARNING main_het_teleport_mw_rb_yb_rb_er Mw-to-Er teleportation trial 139 failed (completed=True, direct match=False, latency=5.610428687 seconds).
8,340,000,000,000,000 WARNING main_het_teleport_mw_rb_yb_rb_er Starting Mw-to-Er teleportation trial 140 at 8340000000000000.
8,400,000,000,000,000 WARNING main_het_teleport_mw_rb_yb_rb_er Mw-to-Er teleportation trial 140 failed (completed=True, direct match=False, latency=8.3393441245 seconds).
8,400,000,000,000,000 WARNING main_het_teleport_mw_rb_yb_rb_er Starting Mw-to-Er teleportation trial 141 at 8400000000000000.
8,460,000,000,000,000 WARNING main_het_teleport_mw_rb_yb_rb_er Mw-to-Er teleportation trial 141 succeeded (completed=True, direct match=True, latency=5.688606812 seconds).
8,460,000,000,000,000 WARNING main_het_teleport_mw_rb_yb_rb_er Starting Mw-to-Er teleportation trial 142 at 8460000000000000.
8,520,000,000,000,000 WARNING main_het_teleport_mw_rb_yb_rb_er Mw-to-Er teleportation trial 142 succeeded (completed=True, direct match=True, latency=4.2250932495 seconds).
8,520,000,000,000,000 WARNING main_het_teleport_mw_rb_yb_rb_er Starting Mw-to-Er teleportation trial 143 at 8520000000000000.
8,580,000,000,000,000 WARNING main_het_teleport_mw_rb_yb_rb_er Mw-to-Er teleportation trial 143 failed (completed=True, direct match=False, latency=4.920276062 seconds).
8,580,000,000,000,000 WARNING main_het_teleport_mw_rb_yb_rb_er Starting Mw-to-Er teleportation trial 144 at 8580000000000000.
8,640,000,000,000,000 WARNING main_het_teleport_mw_rb_yb_rb_er Mw-to-Er teleportation trial 144 succeeded (completed=True, direct match=True, latency=9.1262043745 seconds).
8,640,000,000,000,000 WARNING main_het_teleport_mw_rb_yb_rb_er Starting Mw-to-Er teleportation trial 145 at 8640000000000000.
8,700,000,000,000,000 WARNING main_het_teleport_mw_rb_yb_rb_er Mw-to-Er teleportation trial 145 succeeded (completed=True, direct match=True, latency=3.533205562 seconds).
8,700,000,000,000,000 WARNING main_het_teleport_mw_rb_yb_rb_er Starting Mw-to-Er teleportation trial 146 at 8700000000000000.
8,760,000,000,000,000 WARNING main_het_teleport_mw_rb_yb_rb_er Mw-to-Er teleportation trial 146 succeeded (completed=True, direct match=True, latency=9.1418049995 seconds).
8,760,000,000,000,000 WARNING main_het_teleport_mw_rb_yb_rb_er Starting Mw-to-Er teleportation trial 147 at 8760000000000000.
8,820,000,000,000,000 WARNING main_het_teleport_mw_rb_yb_rb_er Mw-to-Er teleportation trial 147 succeeded (completed=True, direct match=True, latency=1.434141562 seconds).
8,820,000,000,000,000 WARNING main_het_teleport_mw_rb_yb_rb_er Starting Mw-to-Er teleportation trial 148 at 8820000000000000.
8,880,000,000,000,000 WARNING main_het_teleport_mw_rb_yb_rb_er Mw-to-Er teleportation trial 148 failed (completed=True, direct match=False, latency=4.9060604995 seconds).
8,880,000,000,000,000 WARNING main_het_teleport_mw_rb_yb_rb_er Starting Mw-to-Er teleportation trial 149 at 8880000000000000.
8,940,000,000,000,000 WARNING main_het_teleport_mw_rb_yb_rb_er Mw-to-Er teleportation trial 149 succeeded (completed=True, direct match=True, latency=5.6119887495 seconds).
8,940,000,000,000,000 WARNING main_het_teleport_mw_rb_yb_rb_er Starting Mw-to-Er teleportation trial 150 at 8940000000000000.
9,000,000,000,000,000 WARNING main_het_teleport_mw_rb_yb_rb_er Mw-to-Er teleportation trial 150 succeeded (completed=True, direct match=True, latency=11.2972812495 seconds).
9,000,000,000,000,000 WARNING main_het_teleport_mw_rb_yb_rb_er Starting Mw-to-Er teleportation trial 151 at 9000000000000000.
9,060,000,000,000,000 WARNING main_het_teleport_mw_rb_yb_rb_er Mw-to-Er teleportation trial 151 failed (completed=True, direct match=False, latency=8.427901437 seconds).
9,060,000,000,000,000 WARNING main_het_teleport_mw_rb_yb_rb_er Starting Mw-to-Er teleportation trial 152 at 9060000000000000.
9,120,000,000,000,000 WARNING main_het_teleport_mw_rb_yb_rb_er Mw-to-Er teleportation trial 152 succeeded (completed=True, direct match=True, latency=5.632269562 seconds).
9,120,000,000,000,000 WARNING main_het_teleport_mw_rb_yb_rb_er Starting Mw-to-Er teleportation trial 153 at 9120000000000000.
9,180,000,000,000,000 WARNING main_het_teleport_mw_rb_yb_rb_er Mw-to-Er teleportation trial 153 succeeded (completed=True, direct match=True, latency=7.7141728745 seconds).
9,180,000,000,000,000 WARNING main_het_teleport_mw_rb_yb_rb_er Starting Mw-to-Er teleportation trial 154 at 9180000000000000.
9,240,000,000,000,000 WARNING main_het_teleport_mw_rb_yb_rb_er Mw-to-Er teleportation trial 154 failed (completed=True, direct match=False, latency=16.6110288745 seconds).
9,240,000,000,000,000 WARNING main_het_teleport_mw_rb_yb_rb_er Starting Mw-to-Er teleportation trial 155 at 9240000000000000.
9,300,000,000,000,000 WARNING main_het_teleport_mw_rb_yb_rb_er Mw-to-Er teleportation trial 155 succeeded (completed=True, direct match=True, latency=3.717090462 seconds).
9,300,000,000,000,000 WARNING main_het_teleport_mw_rb_yb_rb_er Starting Mw-to-Er teleportation trial 156 at 9300000000000000.
9,360,000,000,000,000 WARNING main_het_teleport_mw_rb_yb_rb_er Mw-to-Er teleportation trial 156 failed (completed=True, direct match=False, latency=2.1385097495 seconds).
9,360,000,000,000,000 WARNING main_het_teleport_mw_rb_yb_rb_er Starting Mw-to-Er teleportation trial 157 at 9360000000000000.
9,420,000,000,000,000 WARNING main_het_teleport_mw_rb_yb_rb_er Mw-to-Er teleportation trial 157 succeeded (completed=True, direct match=True, latency=5.607308562 seconds).
9,420,000,000,000,000 WARNING main_het_teleport_mw_rb_yb_rb_er Starting Mw-to-Er teleportation trial 158 at 9420000000000000.
9,480,000,000,000,000 WARNING main_het_teleport_mw_rb_yb_rb_er Mw-to-Er teleportation trial 158 succeeded (completed=True, direct match=True, latency=4.867058937 seconds).
9,480,000,000,000,000 WARNING main_het_teleport_mw_rb_yb_rb_er Starting Mw-to-Er teleportation trial 159 at 9480000000000000.
9,540,000,000,000,000 WARNING main_het_teleport_mw_rb_yb_rb_er Mw-to-Er teleportation trial 159 succeeded (completed=True, direct match=True, latency=5.554266437 seconds).
9,540,000,000,000,000 WARNING main_het_teleport_mw_rb_yb_rb_er Starting Mw-to-Er teleportation trial 160 at 9540000000000000.
9,600,000,000,000,000 WARNING main_het_teleport_mw_rb_yb_rb_er Mw-to-Er teleportation trial 160 succeeded (completed=True, direct match=True, latency=7.0332056245 seconds).
9,600,000,000,000,000 WARNING main_het_teleport_mw_rb_yb_rb_er Starting Mw-to-Er teleportation trial 161 at 9600000000000000.
9,660,000,000,000,000 WARNING main_het_teleport_mw_rb_yb_rb_er Mw-to-Er teleportation trial 161 failed (completed=True, direct match=False, latency=5.6463101245 seconds).
9,660,000,000,000,000 WARNING main_het_teleport_mw_rb_yb_rb_er Starting Mw-to-Er teleportation trial 162 at 9660000000000000.
9,720,000,000,000,000 WARNING main_het_teleport_mw_rb_yb_rb_er Mw-to-Er teleportation trial 162 succeeded (completed=True, direct match=True, latency=5.6369497495 seconds).
9,720,000,000,000,000 WARNING main_het_teleport_mw_rb_yb_rb_er Starting Mw-to-Er teleportation trial 163 at 9720000000000000.
9,780,000,000,000,000 WARNING main_het_teleport_mw_rb_yb_rb_er Mw-to-Er teleportation trial 163 succeeded (completed=True, direct match=True, latency=8.422086187 seconds).
9,780,000,000,000,000 WARNING main_het_teleport_mw_rb_yb_rb_er Starting Mw-to-Er teleportation trial 164 at 9780000000000000.
9,840,000,000,000,000 WARNING main_het_teleport_mw_rb_yb_rb_er Mw-to-Er teleportation trial 164 succeeded (completed=True, direct match=True, latency=9.065186937 seconds).
9,840,000,000,000,000 WARNING main_het_teleport_mw_rb_yb_rb_er Starting Mw-to-Er teleportation trial 165 at 9840000000000000.
9,900,000,000,000,000 WARNING main_het_teleport_mw_rb_yb_rb_er Mw-to-Er teleportation trial 165 succeeded (completed=True, direct match=True, latency=7.731333562 seconds).
9,900,000,000,000,000 WARNING main_het_teleport_mw_rb_yb_rb_er Starting Mw-to-Er teleportation trial 166 at 9900000000000000.
9,960,000,000,000,000 WARNING main_het_teleport_mw_rb_yb_rb_er Mw-to-Er teleportation trial 166 failed (completed=True, direct match=False, latency=10.502004437 seconds).
9,960,000,000,000,000 WARNING main_het_teleport_mw_rb_yb_rb_er Starting Mw-to-Er teleportation trial 167 at 9960000000000000.
10,020,000,000,000,000 WARNING main_het_teleport_mw_rb_yb_rb_er Mw-to-Er teleportation trial 167 succeeded (completed=True, direct match=True, latency=5.6088686245 seconds).
10,020,000,000,000,000 WARNING main_het_teleport_mw_rb_yb_rb_er Starting Mw-to-Er teleportation trial 168 at 10020000000000000.
10,080,000,000,000,000 WARNING main_het_teleport_mw_rb_yb_rb_er Mw-to-Er teleportation trial 168 failed (completed=True, direct match=False, latency=4.463450512 seconds).
10,080,000,000,000,000 WARNING main_het_teleport_mw_rb_yb_rb_er Starting Mw-to-Er teleportation trial 169 at 10080000000000000.
10,140,000,000,000,000 WARNING main_het_teleport_mw_rb_yb_rb_er Mw-to-Er teleportation trial 169 failed (completed=True, direct match=False, latency=8.4357017495 seconds).
10,140,000,000,000,000 WARNING main_het_teleport_mw_rb_yb_rb_er Starting Mw-to-Er teleportation trial 170 at 10140000000000000.
10,200,000,000,000,000 WARNING main_het_teleport_mw_rb_yb_rb_er Mw-to-Er teleportation trial 170 succeeded (completed=True, direct match=True, latency=2.7757952495 seconds).
10,200,000,000,000,000 WARNING main_het_teleport_mw_rb_yb_rb_er Starting Mw-to-Er teleportation trial 171 at 10200000000000000.
10,260,000,000,000,000 WARNING main_het_teleport_mw_rb_yb_rb_er Mw-to-Er teleportation trial 171 failed (completed=True, direct match=False, latency=11.1383298745 seconds).
10,260,000,000,000,000 WARNING main_het_teleport_mw_rb_yb_rb_er Starting Mw-to-Er teleportation trial 172 at 10260000000000000.
10,320,000,000,000,000 WARNING main_het_teleport_mw_rb_yb_rb_er Mw-to-Er teleportation trial 172 succeeded (completed=True, direct match=True, latency=9.059121687 seconds).
10,320,000,000,000,000 WARNING main_het_teleport_mw_rb_yb_rb_er Starting Mw-to-Er teleportation trial 173 at 10320000000000000.
10,380,000,000,000,000 WARNING main_het_teleport_mw_rb_yb_rb_er Mw-to-Er teleportation trial 173 failed (completed=True, direct match=False, latency=1.5606129745 seconds).
10,380,000,000,000,000 WARNING main_het_teleport_mw_rb_yb_rb_er Starting Mw-to-Er teleportation trial 174 at 10380000000000000.
10,440,000,000,000,000 WARNING main_het_teleport_mw_rb_yb_rb_er Mw-to-Er teleportation trial 174 failed (completed=True, direct match=False, latency=8.4138608745 seconds).
10,440,000,000,000,000 WARNING main_het_teleport_mw_rb_yb_rb_er Starting Mw-to-Er teleportation trial 175 at 10440000000000000.
10,500,000,000,000,000 WARNING main_het_teleport_mw_rb_yb_rb_er Mw-to-Er teleportation trial 175 succeeded (completed=True, direct match=True, latency=3.641735537 seconds).
10,500,000,000,000,000 WARNING main_het_teleport_mw_rb_yb_rb_er Starting Mw-to-Er teleportation trial 176 at 10500000000000000.
10,560,000,000,000,000 WARNING main_het_teleport_mw_rb_yb_rb_er Mw-to-Er teleportation trial 176 succeeded (completed=True, direct match=True, latency=13.431801687 seconds).
10,560,000,000,000,000 WARNING main_het_teleport_mw_rb_yb_rb_er Starting Mw-to-Er teleportation trial 177 at 10560000000000000.
10,620,000,000,000,000 WARNING main_het_teleport_mw_rb_yb_rb_er Mw-to-Er teleportation trial 177 succeeded (completed=True, direct match=True, latency=6.9805884995 seconds).
10,620,000,000,000,000 WARNING main_het_teleport_mw_rb_yb_rb_er Starting Mw-to-Er teleportation trial 178 at 10620000000000000.
10,680,000,000,000,000 WARNING main_het_teleport_mw_rb_yb_rb_er Mw-to-Er teleportation trial 178 succeeded (completed=True, direct match=True, latency=9.7913959995 seconds).
10,680,000,000,000,000 WARNING main_het_teleport_mw_rb_yb_rb_er Starting Mw-to-Er teleportation trial 179 at 10680000000000000.
10,740,000,000,000,000 WARNING main_het_teleport_mw_rb_yb_rb_er Mw-to-Er teleportation trial 179 succeeded (completed=True, direct match=True, latency=4.1970121245 seconds).
10,740,000,000,000,000 WARNING main_het_teleport_mw_rb_yb_rb_er Starting Mw-to-Er teleportation trial 180 at 10740000000000000.
10,800,000,000,000,000 WARNING main_het_teleport_mw_rb_yb_rb_er Mw-to-Er teleportation trial 180 succeeded (completed=True, direct match=True, latency=8.431021562 seconds).
10,800,000,000,000,000 WARNING main_het_teleport_mw_rb_yb_rb_er Starting Mw-to-Er teleportation trial 181 at 10800000000000000.
10,860,000,000,000,000 WARNING main_het_teleport_mw_rb_yb_rb_er Mw-to-Er teleportation trial 181 succeeded (completed=True, direct match=True, latency=9.8163569995 seconds).
10,860,000,000,000,000 WARNING main_het_teleport_mw_rb_yb_rb_er Starting Mw-to-Er teleportation trial 182 at 10860000000000000.
10,920,000,000,000,000 WARNING main_het_teleport_mw_rb_yb_rb_er Mw-to-Er teleportation trial 182 succeeded (completed=True, direct match=True, latency=1.4669028745 seconds).
10,920,000,000,000,000 WARNING main_het_teleport_mw_rb_yb_rb_er Starting Mw-to-Er teleportation trial 183 at 10920000000000000.
10,980,000,000,000,000 WARNING main_het_teleport_mw_rb_yb_rb_er Mw-to-Er teleportation trial 183 failed (completed=True, direct match=False, latency=6.3116767495 seconds).
10,980,000,000,000,000 WARNING main_het_teleport_mw_rb_yb_rb_er Starting Mw-to-Er teleportation trial 184 at 10980000000000000.
11,040,000,000,000,000 WARNING main_het_teleport_mw_rb_yb_rb_er Mw-to-Er teleportation trial 184 succeeded (completed=True, direct match=True, latency=3.5037393745 seconds).
11,040,000,000,000,000 WARNING main_het_teleport_mw_rb_yb_rb_er Starting Mw-to-Er teleportation trial 185 at 11040000000000000.
11,100,000,000,000,000 WARNING main_het_teleport_mw_rb_yb_rb_er Mw-to-Er teleportation trial 185 succeeded (completed=True, direct match=True, latency=4.2469341245 seconds).
11,100,000,000,000,000 WARNING main_het_teleport_mw_rb_yb_rb_er Starting Mw-to-Er teleportation trial 186 at 11100000000000000.
11,160,000,000,000,000 WARNING main_het_teleport_mw_rb_yb_rb_er Mw-to-Er teleportation trial 186 failed (completed=True, direct match=False, latency=24.909000937 seconds).
11,160,000,000,000,000 WARNING main_het_teleport_mw_rb_yb_rb_er Starting Mw-to-Er teleportation trial 187 at 11160000000000000.
11,220,000,000,000,000 WARNING main_het_teleport_mw_rb_yb_rb_er Mw-to-Er teleportation trial 187 succeeded (completed=True, direct match=True, latency=4.248494187 seconds).
11,220,000,000,000,000 WARNING main_het_teleport_mw_rb_yb_rb_er Starting Mw-to-Er teleportation trial 188 at 11220000000000000.
11,280,000,000,000,000 WARNING main_het_teleport_mw_rb_yb_rb_er Mw-to-Er teleportation trial 188 succeeded (completed=True, direct match=True, latency=13.322597312 seconds).
11,280,000,000,000,000 WARNING main_het_teleport_mw_rb_yb_rb_er Starting Mw-to-Er teleportation trial 189 at 11280000000000000.
11,340,000,000,000,000 WARNING main_het_teleport_mw_rb_yb_rb_er Mw-to-Er teleportation trial 189 succeeded (completed=True, direct match=True, latency=7.7083576245 seconds).
11,340,000,000,000,000 WARNING main_het_teleport_mw_rb_yb_rb_er Starting Mw-to-Er teleportation trial 190 at 11340000000000000.
11,400,000,000,000,000 WARNING main_het_teleport_mw_rb_yb_rb_er Mw-to-Er teleportation trial 190 succeeded (completed=True, direct match=True, latency=7.7328936245 seconds).
11,400,000,000,000,000 WARNING main_het_teleport_mw_rb_yb_rb_er Starting Mw-to-Er teleportation trial 191 at 11400000000000000.
11,460,000,000,000,000 WARNING main_het_teleport_mw_rb_yb_rb_er Mw-to-Er teleportation trial 191 succeeded (completed=True, direct match=True, latency=5.5995082495 seconds).
11,460,000,000,000,000 WARNING main_het_teleport_mw_rb_yb_rb_er Starting Mw-to-Er teleportation trial 192 at 11460000000000000.
11,520,000,000,000,000 WARNING main_het_teleport_mw_rb_yb_rb_er Mw-to-Er teleportation trial 192 succeeded (completed=True, direct match=True, latency=9.121349187 seconds).
11,520,000,000,000,000 WARNING main_het_teleport_mw_rb_yb_rb_er Starting Mw-to-Er teleportation trial 193 at 11520000000000000.
11,580,000,000,000,000 WARNING main_het_teleport_mw_rb_yb_rb_er Mw-to-Er teleportation trial 193 succeeded (completed=True, direct match=True, latency=9.1197891245 seconds).
11,580,000,000,000,000 WARNING main_het_teleport_mw_rb_yb_rb_er Starting Mw-to-Er teleportation trial 194 at 11580000000000000.
11,640,000,000,000,000 WARNING main_het_teleport_mw_rb_yb_rb_er Mw-to-Er teleportation trial 194 succeeded (completed=True, direct match=True, latency=9.8069966245 seconds).
11,640,000,000,000,000 WARNING main_het_teleport_mw_rb_yb_rb_er Starting Mw-to-Er teleportation trial 195 at 11640000000000000.
11,700,000,000,000,000 WARNING main_het_teleport_mw_rb_yb_rb_er Mw-to-Er teleportation trial 195 succeeded (completed=True, direct match=True, latency=4.207932562 seconds).
11,700,000,000,000,000 WARNING main_het_teleport_mw_rb_yb_rb_er Starting Mw-to-Er teleportation trial 196 at 11700000000000000.
11,760,000,000,000,000 WARNING main_het_teleport_mw_rb_yb_rb_er Mw-to-Er teleportation trial 196 failed (completed=True, direct match=False, latency=13.841493062 seconds).
11,760,000,000,000,000 WARNING main_het_teleport_mw_rb_yb_rb_er Starting Mw-to-Er teleportation trial 197 at 11760000000000000.
11,820,000,000,000,000 WARNING main_het_teleport_mw_rb_yb_rb_er Mw-to-Er teleportation trial 197 succeeded (completed=True, direct match=True, latency=11.6722262495 seconds).
11,820,000,000,000,000 WARNING main_het_teleport_mw_rb_yb_rb_er Starting Mw-to-Er teleportation trial 198 at 11820000000000000.
11,880,000,000,000,000 WARNING main_het_teleport_mw_rb_yb_rb_er Mw-to-Er teleportation trial 198 succeeded (completed=True, direct match=True, latency=3.5224601245 seconds).
11,880,000,000,000,000 WARNING main_het_teleport_mw_rb_yb_rb_er Starting Mw-to-Er teleportation trial 199 at 11880000000000000.
11,940,000,000,000,000 WARNING main_het_teleport_mw_rb_yb_rb_er Mw-to-Er teleportation trial 199 succeeded (completed=True, direct match=True, latency=3.4942039995 seconds).
11,940,000,000,000,000 WARNING main_het_teleport_mw_rb_yb_rb_er Starting Mw-to-Er teleportation trial 200 at 11940000000000000.
12,000,000,000,000,000 WARNING main_het_teleport_mw_rb_yb_rb_er Mw-to-Er teleportation trial 200 succeeded (completed=True, direct match=True, latency=4.9528623745 seconds).
12,000,000,000,000,000 WARNING main_het_teleport_mw_rb_yb_rb_er Starting Mw-to-Er teleportation trial 201 at 12000000000000000.
12,060,000,000,000,000 WARNING main_het_teleport_mw_rb_yb_rb_er Mw-to-Er teleportation trial 201 failed (completed=True, direct match=False, latency=4.904500437 seconds).
12,060,000,000,000,000 WARNING main_het_teleport_mw_rb_yb_rb_er Starting Mw-to-Er teleportation trial 202 at 12060000000000000.
12,120,000,000,000,000 WARNING main_het_teleport_mw_rb_yb_rb_er Mw-to-Er teleportation trial 202 failed (completed=True, direct match=False, latency=10.4786034995 seconds).
12,120,000,000,000,000 WARNING main_het_teleport_mw_rb_yb_rb_er Starting Mw-to-Er teleportation trial 203 at 12120000000000000.
12,180,000,000,000,000 WARNING main_het_teleport_mw_rb_yb_rb_er Mw-to-Er teleportation trial 203 succeeded (completed=True, direct match=True, latency=3.526965312 seconds).
12,180,000,000,000,000 WARNING main_het_teleport_mw_rb_yb_rb_er Starting Mw-to-Er teleportation trial 204 at 12180000000000000.
12,240,000,000,000,000 WARNING main_het_teleport_mw_rb_yb_rb_er Mw-to-Er teleportation trial 204 succeeded (completed=True, direct match=True, latency=7.703252437 seconds).
12,240,000,000,000,000 WARNING main_het_teleport_mw_rb_yb_rb_er Starting Mw-to-Er teleportation trial 205 at 12240000000000000.
12,300,000,000,000,000 WARNING main_het_teleport_mw_rb_yb_rb_er Mw-to-Er teleportation trial 205 failed (completed=True, direct match=False, latency=6.9772183745 seconds).
12,300,000,000,000,000 WARNING main_het_teleport_mw_rb_yb_rb_er Starting Mw-to-Er teleportation trial 206 at 12300000000000000.
12,360,000,000,000,000 WARNING main_het_teleport_mw_rb_yb_rb_er Mw-to-Er teleportation trial 206 failed (completed=True, direct match=False, latency=4.904500437 seconds).
12,360,000,000,000,000 WARNING main_het_teleport_mw_rb_yb_rb_er Starting Mw-to-Er teleportation trial 207 at 12360000000000000.
12,420,000,000,000,000 WARNING main_het_teleport_mw_rb_yb_rb_er Mw-to-Er teleportation trial 207 failed (completed=True, direct match=False, latency=4.2126127495 seconds).
12,420,000,000,000,000 WARNING main_het_teleport_mw_rb_yb_rb_er Starting Mw-to-Er teleportation trial 208 at 12420000000000000.
12,480,000,000,000,000 WARNING main_het_teleport_mw_rb_yb_rb_er Mw-to-Er teleportation trial 208 succeeded (completed=True, direct match=True, latency=13.3339427495 seconds).
12,480,000,000,000,000 WARNING main_het_teleport_mw_rb_yb_rb_er Starting Mw-to-Er teleportation trial 209 at 12480000000000000.
12,540,000,000,000,000 WARNING main_het_teleport_mw_rb_yb_rb_er Mw-to-Er teleportation trial 209 succeeded (completed=True, direct match=True, latency=6.2773553745 seconds).
12,540,000,000,000,000 WARNING main_het_teleport_mw_rb_yb_rb_er Starting Mw-to-Er teleportation trial 210 at 12540000000000000.
12,600,000,000,000,000 WARNING main_het_teleport_mw_rb_yb_rb_er Mw-to-Er teleportation trial 210 succeeded (completed=True, direct match=True, latency=6.325717312 seconds).
12,600,000,000,000,000 WARNING main_het_teleport_mw_rb_yb_rb_er Starting Mw-to-Er teleportation trial 211 at 12600000000000000.
12,660,000,000,000,000 WARNING main_het_teleport_mw_rb_yb_rb_er Mw-to-Er teleportation trial 211 succeeded (completed=True, direct match=True, latency=4.8592586245 seconds).
12,660,000,000,000,000 WARNING main_het_teleport_mw_rb_yb_rb_er Starting Mw-to-Er teleportation trial 212 at 12660000000000000.
12,720,000,000,000,000 WARNING main_het_teleport_mw_rb_yb_rb_er Mw-to-Er teleportation trial 212 succeeded (completed=True, direct match=True, latency=2.8350776245 seconds).
12,720,000,000,000,000 WARNING main_het_teleport_mw_rb_yb_rb_er Starting Mw-to-Er teleportation trial 213 at 12720000000000000.
12,780,000,000,000,000 WARNING main_het_teleport_mw_rb_yb_rb_er Mw-to-Er teleportation trial 213 failed (completed=True, direct match=False, latency=4.1971871245 seconds).
12,780,000,000,000,000 WARNING main_het_teleport_mw_rb_yb_rb_er Starting Mw-to-Er teleportation trial 214 at 12780000000000000.
12,840,000,000,000,000 WARNING main_het_teleport_mw_rb_yb_rb_er Mw-to-Er teleportation trial 214 succeeded (completed=True, direct match=True, latency=7.6985722495 seconds).
12,840,000,000,000,000 WARNING main_het_teleport_mw_rb_yb_rb_er Starting Mw-to-Er teleportation trial 215 at 12840000000000000.
12,900,000,000,000,000 WARNING main_het_teleport_mw_rb_yb_rb_er Mw-to-Er teleportation trial 215 failed (completed=True, direct match=False, latency=4.207932562 seconds).
12,900,000,000,000,000 WARNING main_het_teleport_mw_rb_yb_rb_er Starting Mw-to-Er teleportation trial 216 at 12900000000000000.
12,960,000,000,000,000 WARNING main_het_teleport_mw_rb_yb_rb_er Mw-to-Er teleportation trial 216 failed (completed=True, direct match=False, latency=5.591707937 seconds).
12,960,000,000,000,000 WARNING main_het_teleport_mw_rb_yb_rb_er Starting Mw-to-Er teleportation trial 217 at 12960000000000000.
13,020,000,000,000,000 WARNING main_het_teleport_mw_rb_yb_rb_er Mw-to-Er teleportation trial 217 failed (completed=True, direct match=False, latency=14.6614808745 seconds).
13,020,000,000,000,000 WARNING main_het_teleport_mw_rb_yb_rb_er Starting Mw-to-Er teleportation trial 218 at 13020000000000000.
13,080,000,000,000,000 WARNING main_het_teleport_mw_rb_yb_rb_er Mw-to-Er teleportation trial 218 failed (completed=True, direct match=False, latency=10.511364812 seconds).
13,080,000,000,000,000 WARNING main_het_teleport_mw_rb_yb_rb_er Starting Mw-to-Er teleportation trial 219 at 13080000000000000.
13,140,000,000,000,000 WARNING main_het_teleport_mw_rb_yb_rb_er Mw-to-Er teleportation trial 219 succeeded (completed=True, direct match=True, latency=7.003564437 seconds).
13,140,000,000,000,000 WARNING main_het_teleport_mw_rb_yb_rb_er Starting Mw-to-Er teleportation trial 220 at 13140000000000000.
13,206,897,936,794,620 WARNING main_het_teleport_mw_rb_yb_rb_er Mw-to-Er teleportation trial 220 succeeded (completed=True, direct match=True, latency=19.616669187 seconds).
13,206,897,936,794,620 WARNING main_het_teleport_mw_rb_yb_rb_er Starting Mw-to-Er teleportation trial 221 at 13206897936794620.
13,266,897,936,794,620 WARNING main_het_teleport_mw_rb_yb_rb_er Mw-to-Er teleportation trial 221 succeeded (completed=True, direct match=True, latency=5.61978906738 seconds).
13,266,897,936,794,620 WARNING main_het_teleport_mw_rb_yb_rb_er Starting Mw-to-Er teleportation trial 222 at 13266897936794620.
13,326,897,936,794,620 WARNING main_het_teleport_mw_rb_yb_rb_er Mw-to-Er teleportation trial 222 failed (completed=True, direct match=False, latency=29.42356056738 seconds).
13,326,897,936,794,620 WARNING main_het_teleport_mw_rb_yb_rb_er Starting Mw-to-Er teleportation trial 223 at 13326897936794620.
13,386,897,936,794,620 WARNING main_het_teleport_mw_rb_yb_rb_er Mw-to-Er teleportation trial 223 succeeded (completed=True, direct match=True, latency=7.01916506738 seconds).
13,386,897,936,794,620 WARNING main_het_teleport_mw_rb_yb_rb_er Starting Mw-to-Er teleportation trial 224 at 13386897936794620.
13,446,897,936,794,620 WARNING main_het_teleport_mw_rb_yb_rb_er Mw-to-Er teleportation trial 224 failed (completed=True, direct match=False, latency=14.31227687988 seconds).
13,446,897,936,794,620 WARNING main_het_teleport_mw_rb_yb_rb_er Starting Mw-to-Er teleportation trial 225 at 13446897936794620.
13,506,897,936,794,620 WARNING main_het_teleport_mw_rb_yb_rb_er Mw-to-Er teleportation trial 225 failed (completed=True, direct match=False, latency=4.86879400488 seconds).
13,506,897,936,794,620 WARNING main_het_teleport_mw_rb_yb_rb_er Starting Mw-to-Er teleportation trial 226 at 13506897936794620.
13,566,897,936,794,620 WARNING main_het_teleport_mw_rb_yb_rb_er Mw-to-Er teleportation trial 226 failed (completed=True, direct match=False, latency=12.62758950488 seconds).
13,566,897,936,794,620 WARNING main_het_teleport_mw_rb_yb_rb_er Starting Mw-to-Er teleportation trial 227 at 13566897936794620.
13,626,897,936,794,620 WARNING main_het_teleport_mw_rb_yb_rb_er Mw-to-Er teleportation trial 227 succeeded (completed=True, direct match=True, latency=7.00512450488 seconds).
13,626,897,936,794,620 WARNING main_het_teleport_mw_rb_yb_rb_er Starting Mw-to-Er teleportation trial 228 at 13626897936794620.
13,686,897,936,794,620 WARNING main_het_teleport_mw_rb_yb_rb_er Mw-to-Er teleportation trial 228 failed (completed=True, direct match=False, latency=12.61510900488 seconds).
13,686,897,936,794,620 WARNING main_het_teleport_mw_rb_yb_rb_er Starting Mw-to-Er teleportation trial 229 at 13686897936794620.
13,746,897,936,794,620 WARNING main_het_teleport_mw_rb_yb_rb_er Mw-to-Er teleportation trial 229 failed (completed=True, direct match=False, latency=10.37623937988 seconds).
13,746,897,936,794,620 WARNING main_het_teleport_mw_rb_yb_rb_er Starting Mw-to-Er teleportation trial 230 at 13746897936794620.
13,806,897,943,549,500 WARNING main_het_teleport_mw_rb_yb_rb_er Mw-to-Er teleportation trial 230 failed (completed=False, direct match=False, latency=None seconds).
13,806,897,943,549,500 WARNING main_het_teleport_mw_rb_yb_rb_er Starting Mw-to-Er teleportation trial 231 at 13806897943549500.
13,866,897,943,549,500 WARNING main_het_teleport_mw_rb_yb_rb_er Mw-to-Er teleportation trial 231 failed (completed=True, direct match=False, latency=1.4579001125 seconds).
13,866,897,943,549,500 WARNING main_het_teleport_mw_rb_yb_rb_er Starting Mw-to-Er teleportation trial 232 at 13866897943549500.
13,926,897,943,549,500 WARNING main_het_teleport_mw_rb_yb_rb_er Mw-to-Er teleportation trial 232 failed (completed=True, direct match=False, latency=3.5996727 seconds).
13,926,897,943,549,500 WARNING main_het_teleport_mw_rb_yb_rb_er Starting Mw-to-Er teleportation trial 233 at 13926897943549500.
13,986,897,943,549,500 WARNING main_het_teleport_mw_rb_yb_rb_er Mw-to-Er teleportation trial 233 succeeded (completed=True, direct match=True, latency=12.624469375 seconds).
13,986,897,943,549,500 WARNING main_het_teleport_mw_rb_yb_rb_er Starting Mw-to-Er teleportation trial 234 at 13986897943549500.
14,046,897,943,549,500 WARNING main_het_teleport_mw_rb_yb_rb_er Mw-to-Er teleportation trial 234 succeeded (completed=True, direct match=True, latency=2.7399138125 seconds).
14,046,897,943,549,500 WARNING main_het_teleport_mw_rb_yb_rb_er Starting Mw-to-Er teleportation trial 235 at 14046897943549500.
14,106,897,943,549,500 WARNING main_het_teleport_mw_rb_yb_rb_er Mw-to-Er teleportation trial 235 failed (completed=True, direct match=False, latency=12.6275895 seconds).
14,106,897,943,549,500 WARNING main_het_teleport_mw_rb_yb_rb_er Starting Mw-to-Er teleportation trial 236 at 14106897943549500.
14,166,897,943,549,500 WARNING main_het_teleport_mw_rb_yb_rb_er Mw-to-Er teleportation trial 236 failed (completed=True, direct match=False, latency=11.906060625 seconds).
14,166,897,943,549,500 WARNING main_het_teleport_mw_rb_yb_rb_er Starting Mw-to-Er teleportation trial 237 at 14166897943549500.
14,226,897,943,549,500 WARNING main_het_teleport_mw_rb_yb_rb_er Mw-to-Er teleportation trial 237 succeeded (completed=True, direct match=True, latency=4.9045004375 seconds).
14,226,897,943,549,500 WARNING main_het_teleport_mw_rb_yb_rb_er Starting Mw-to-Er teleportation trial 238 at 14226897943549500.
14,286,897,943,549,500 WARNING main_het_teleport_mw_rb_yb_rb_er Mw-to-Er teleportation trial 238 succeeded (completed=True, direct match=True, latency=4.9201010625 seconds).
14,286,897,943,549,500 WARNING main_het_teleport_mw_rb_yb_rb_er Starting Mw-to-Er teleportation trial 239 at 14286897943549500.
14,346,897,943,549,500 WARNING main_het_teleport_mw_rb_yb_rb_er Mw-to-Er teleportation trial 239 succeeded (completed=True, direct match=True, latency=19.5609319375 seconds).
14,346,897,943,549,500 WARNING main_het_teleport_mw_rb_yb_rb_er Starting Mw-to-Er teleportation trial 240 at 14346897943549500.
14,406,897,943,549,500 WARNING main_het_teleport_mw_rb_yb_rb_er Mw-to-Er teleportation trial 240 succeeded (completed=True, direct match=True, latency=16.773275375 seconds).
14,406,897,943,549,500 WARNING main_het_teleport_mw_rb_yb_rb_er Starting Mw-to-Er teleportation trial 241 at 14406897943549500.
14,466,897,943,549,500 WARNING main_het_teleport_mw_rb_yb_rb_er Mw-to-Er teleportation trial 241 succeeded (completed=True, direct match=True, latency=3.516044875 seconds).
14,466,897,943,549,500 WARNING main_het_teleport_mw_rb_yb_rb_er Starting Mw-to-Er teleportation trial 242 at 14466897943549500.
14,526,897,943,549,500 WARNING main_het_teleport_mw_rb_yb_rb_er Mw-to-Er teleportation trial 242 succeeded (completed=True, direct match=True, latency=16.0714273125 seconds).
14,526,897,943,549,500 WARNING main_het_teleport_mw_rb_yb_rb_er Starting Mw-to-Er teleportation trial 243 at 14526897943549500.
14,586,897,943,549,500 WARNING main_het_teleport_mw_rb_yb_rb_er Mw-to-Er teleportation trial 243 succeeded (completed=True, direct match=True, latency=2.797636125 seconds).
14,586,897,943,549,500 WARNING main_het_teleport_mw_rb_yb_rb_er Starting Mw-to-Er teleportation trial 244 at 14586897943549500.
14,646,897,943,549,500 WARNING main_het_teleport_mw_rb_yb_rb_er Mw-to-Er teleportation trial 244 succeeded (completed=True, direct match=True, latency=4.2360136875 seconds).
14,646,897,943,549,500 WARNING main_het_teleport_mw_rb_yb_rb_er Starting Mw-to-Er teleportation trial 245 at 14646897943549500.
14,706,897,943,549,500 WARNING main_het_teleport_mw_rb_yb_rb_er Mw-to-Er teleportation trial 245 failed (completed=True, direct match=False, latency=6.9723631875 seconds).
14,706,897,943,549,500 WARNING main_het_teleport_mw_rb_yb_rb_er Starting Mw-to-Er teleportation trial 246 at 14706897943549500.
14,766,897,943,549,500 WARNING main_het_teleport_mw_rb_yb_rb_er Mw-to-Er teleportation trial 246 failed (completed=True, direct match=False, latency=6.9848436875 seconds).
14,766,897,943,549,500 WARNING main_het_teleport_mw_rb_yb_rb_er Starting Mw-to-Er teleportation trial 247 at 14766897943549500.
14,826,897,943,549,500 WARNING main_het_teleport_mw_rb_yb_rb_er Mw-to-Er teleportation trial 247 succeeded (completed=True, direct match=True, latency=6.289835875 seconds).
14,826,897,943,549,500 WARNING main_het_teleport_mw_rb_yb_rb_er Starting Mw-to-Er teleportation trial 248 at 14826897943549500.
14,886,897,943,549,500 WARNING main_het_teleport_mw_rb_yb_rb_er Mw-to-Er teleportation trial 248 succeeded (completed=True, direct match=True, latency=8.3093366875 seconds).
14,886,897,943,549,500 WARNING main_het_teleport_mw_rb_yb_rb_er Starting Mw-to-Er teleportation trial 249 at 14886897943549500.
14,946,897,943,549,500 WARNING main_het_teleport_mw_rb_yb_rb_er Mw-to-Er teleportation trial 249 failed (completed=True, direct match=False, latency=10.537885875 seconds).
14,946,897,943,549,500 WARNING main_het_teleport_mw_rb_yb_rb_er Starting Mw-to-Er teleportation trial 250 at 14946897943549500.
15,006,897,943,549,500 WARNING main_het_teleport_mw_rb_yb_rb_er Mw-to-Er teleportation trial 250 succeeded (completed=True, direct match=True, latency=10.5113648125 seconds).
15,006,897,943,549,500 WARNING main_het_teleport_mw_rb_yb_rb_er Starting Mw-to-Er teleportation trial 251 at 15006897943549500.
15,066,897,943,549,500 WARNING main_het_teleport_mw_rb_yb_rb_er Mw-to-Er teleportation trial 251 succeeded (completed=True, direct match=True, latency=7.7001323125 seconds).
15,066,897,943,549,500 WARNING main_het_teleport_mw_rb_yb_rb_er Starting Mw-to-Er teleportation trial 252 at 15066897943549500.
15,126,897,943,549,500 WARNING main_het_teleport_mw_rb_yb_rb_er Mw-to-Er teleportation trial 252 succeeded (completed=True, direct match=True, latency=4.203252375 seconds).
15,126,897,943,549,500 WARNING main_het_teleport_mw_rb_yb_rb_er Starting Mw-to-Er teleportation trial 253 at 15126897943549500.
15,186,897,943,549,500 WARNING main_het_teleport_mw_rb_yb_rb_er Mw-to-Er teleportation trial 253 succeeded (completed=True, direct match=True, latency=6.308556625 seconds).
15,186,897,943,549,500 WARNING main_het_teleport_mw_rb_yb_rb_er Starting Mw-to-Er teleportation trial 254 at 15186897943549500.
15,246,897,943,549,500 WARNING main_het_teleport_mw_rb_yb_rb_er Mw-to-Er teleportation trial 254 succeeded (completed=True, direct match=True, latency=6.27423525 seconds).
15,246,897,943,549,500 WARNING main_het_teleport_mw_rb_yb_rb_er Starting Mw-to-Er teleportation trial 255 at 15246897943549500.
15,306,897,943,549,500 WARNING main_het_teleport_mw_rb_yb_rb_er Mw-to-Er teleportation trial 255 succeeded (completed=True, direct match=True, latency=4.2110526875 seconds).
15,306,897,943,549,500 WARNING main_het_teleport_mw_rb_yb_rb_er Starting Mw-to-Er teleportation trial 256 at 15306897943549500.
15,366,897,943,549,500 WARNING main_het_teleport_mw_rb_yb_rb_er Mw-to-Er teleportation trial 256 succeeded (completed=True, direct match=True, latency=8.4216611875 seconds).
15,366,897,943,549,500 WARNING main_het_teleport_mw_rb_yb_rb_er Starting Mw-to-Er teleportation trial 257 at 15366897943549500.
15,426,897,943,549,500 WARNING main_het_teleport_mw_rb_yb_rb_er Mw-to-Er teleportation trial 257 succeeded (completed=True, direct match=True, latency=7.7049875 seconds).
15,426,897,943,549,500 WARNING main_het_teleport_mw_rb_yb_rb_er Starting Mw-to-Er teleportation trial 258 at 15426897943549500.
15,515,999,341,624,099 WARNING main_het_teleport_mw_rb_yb_rb_er Mw-to-Er teleportation trial 258 succeeded (completed=True, direct match=True, latency=18.828057625 seconds).
15,515,999,341,624,099 WARNING main_het_teleport_mw_rb_yb_rb_er Starting Mw-to-Er teleportation trial 259 at 15515999341624099.
15,575,999,341,624,099 WARNING main_het_teleport_mw_rb_yb_rb_er Mw-to-Er teleportation trial 259 succeeded (completed=True, direct match=True, latency=4.158010562901 seconds).
15,575,999,341,624,099 WARNING main_het_teleport_mw_rb_yb_rb_er Starting Mw-to-Er teleportation trial 260 at 15575999341624099.
15,635,999,341,624,099 WARNING main_het_teleport_mw_rb_yb_rb_er Mw-to-Er teleportation trial 260 failed (completed=True, direct match=False, latency=7.019340062901 seconds).
15,635,999,341,624,099 WARNING main_het_teleport_mw_rb_yb_rb_er Starting Mw-to-Er teleportation trial 261 at 15635999341624099.
15,695,999,341,624,099 WARNING main_het_teleport_mw_rb_yb_rb_er Mw-to-Er teleportation trial 261 failed (completed=True, direct match=False, latency=6.277355375401 seconds).
15,695,999,341,624,099 WARNING main_het_teleport_mw_rb_yb_rb_er Starting Mw-to-Er teleportation trial 262 at 15695999341624099.
15,755,999,341,624,099 WARNING main_het_teleport_mw_rb_yb_rb_er Mw-to-Er teleportation trial 262 failed (completed=True, direct match=False, latency=3.589542812901 seconds).
15,755,999,341,624,099 WARNING main_het_teleport_mw_rb_yb_rb_er Starting Mw-to-Er teleportation trial 263 at 15755999341624099.
15,815,999,341,624,099 WARNING main_het_teleport_mw_rb_yb_rb_er Mw-to-Er teleportation trial 263 succeeded (completed=True, direct match=True, latency=2.033985562901 seconds).
15,815,999,341,624,099 WARNING main_het_teleport_mw_rb_yb_rb_er Starting Mw-to-Er teleportation trial 264 at 15815999341624099.
15,875,999,341,624,099 WARNING main_het_teleport_mw_rb_yb_rb_er Mw-to-Er teleportation trial 264 succeeded (completed=True, direct match=True, latency=12.635389812901 seconds).
15,875,999,341,624,099 WARNING main_het_teleport_mw_rb_yb_rb_er Starting Mw-to-Er teleportation trial 265 at 15875999341624099.
15,935,999,341,624,099 WARNING main_het_teleport_mw_rb_yb_rb_er Mw-to-Er teleportation trial 265 succeeded (completed=True, direct match=True, latency=3.503564375401 seconds).
15,935,999,341,624,099 WARNING main_het_teleport_mw_rb_yb_rb_er Starting Mw-to-Er teleportation trial 266 at 15935999341624099.
15,995,999,341,624,099 WARNING main_het_teleport_mw_rb_yb_rb_er Mw-to-Er teleportation trial 266 failed (completed=True, direct match=False, latency=2.994449862901 seconds).
15,995,999,341,624,099 WARNING main_het_teleport_mw_rb_yb_rb_er Starting Mw-to-Er teleportation trial 267 at 15995999341624099.
16,055,999,341,624,099 WARNING main_het_teleport_mw_rb_yb_rb_er Mw-to-Er teleportation trial 267 succeeded (completed=True, direct match=True, latency=8.976263375401 seconds).
16,055,999,341,624,099 WARNING main_het_teleport_mw_rb_yb_rb_er Starting Mw-to-Er teleportation trial 268 at 16055999341624099.
16,115,999,341,624,099 WARNING main_het_teleport_mw_rb_yb_rb_er Mw-to-Er teleportation trial 268 succeeded (completed=True, direct match=True, latency=8.451727375401 seconds).
16,115,999,341,624,099 WARNING main_het_teleport_mw_rb_yb_rb_er Starting Mw-to-Er teleportation trial 269 at 16115999341624099.
16,175,999,341,624,099 WARNING main_het_teleport_mw_rb_yb_rb_er Mw-to-Er teleportation trial 269 succeeded (completed=True, direct match=True, latency=6.992644000401 seconds).
16,175,999,341,624,099 WARNING main_het_teleport_mw_rb_yb_rb_er Starting Mw-to-Er teleportation trial 270 at 16175999341624099.
16,235,999,341,624,099 WARNING main_het_teleport_mw_rb_yb_rb_er Mw-to-Er teleportation trial 270 succeeded (completed=True, direct match=True, latency=5.607308562901 seconds).
16,235,999,341,624,099 WARNING main_het_teleport_mw_rb_yb_rb_er Starting Mw-to-Er teleportation trial 271 at 16235999341624099.
16,295,999,341,624,099 WARNING main_het_teleport_mw_rb_yb_rb_er Mw-to-Er teleportation trial 271 succeeded (completed=True, direct match=True, latency=5.636949750401 seconds).
16,295,999,341,624,099 WARNING main_het_teleport_mw_rb_yb_rb_er Starting Mw-to-Er teleportation trial 272 at 16295999341624099.
16,355,999,341,624,099 WARNING main_het_teleport_mw_rb_yb_rb_er Mw-to-Er teleportation trial 272 failed (completed=True, direct match=False, latency=6.991083937901 seconds).
16,355,999,341,624,099 WARNING main_het_teleport_mw_rb_yb_rb_er Starting Mw-to-Er teleportation trial 273 at 16355999341624099.
16,415,999,341,624,099 WARNING main_het_teleport_mw_rb_yb_rb_er Mw-to-Er teleportation trial 273 failed (completed=True, direct match=False, latency=6.321037125401 seconds).
16,415,999,341,624,099 WARNING main_het_teleport_mw_rb_yb_rb_er Starting Mw-to-Er teleportation trial 274 at 16415999341624099.
16,475,999,341,624,099 WARNING main_het_teleport_mw_rb_yb_rb_er Mw-to-Er teleportation trial 274 succeeded (completed=True, direct match=True, latency=11.209492750401 seconds).
16,475,999,341,624,099 WARNING main_het_teleport_mw_rb_yb_rb_er Starting Mw-to-Er teleportation trial 275 at 16475999341624099.
16,535,999,341,624,099 WARNING main_het_teleport_mw_rb_yb_rb_er Mw-to-Er teleportation trial 275 succeeded (completed=True, direct match=True, latency=2.825717250401 seconds).
16,535,999,341,624,099 WARNING main_het_teleport_mw_rb_yb_rb_er Starting Mw-to-Er teleportation trial 276 at 16535999341624099.
16,595,999,341,624,099 WARNING main_het_teleport_mw_rb_yb_rb_er Mw-to-Er teleportation trial 276 succeeded (completed=True, direct match=True, latency=2.091707875401 seconds).
16,595,999,341,624,099 WARNING main_het_teleport_mw_rb_yb_rb_er Starting Mw-to-Er teleportation trial 277 at 16595999341624099.
16,655,999,341,624,099 WARNING main_het_teleport_mw_rb_yb_rb_er Mw-to-Er teleportation trial 277 succeeded (completed=True, direct match=True, latency=4.250054250401 seconds).
16,655,999,341,624,099 WARNING main_het_teleport_mw_rb_yb_rb_er Starting Mw-to-Er teleportation trial 278 at 16655999341624099.
16,715,999,341,624,099 WARNING main_het_teleport_mw_rb_yb_rb_er Mw-to-Er teleportation trial 278 succeeded (completed=True, direct match=True, latency=5.607308562901 seconds).
16,715,999,341,624,099 WARNING main_het_teleport_mw_rb_yb_rb_er Starting Mw-to-Er teleportation trial 279 at 16715999341624099.
16,775,999,341,624,099 WARNING main_het_teleport_mw_rb_yb_rb_er Mw-to-Er teleportation trial 279 succeeded (completed=True, direct match=True, latency=7.003564437901 seconds).
16,775,999,341,624,099 WARNING main_het_teleport_mw_rb_yb_rb_er Starting Mw-to-Er teleportation trial 280 at 16775999341624099.
16,835,999,341,624,099 WARNING main_het_teleport_mw_rb_yb_rb_er Mw-to-Er teleportation trial 280 succeeded (completed=True, direct match=True, latency=7.720413125401 seconds).
16,835,999,341,624,099 WARNING main_het_teleport_mw_rb_yb_rb_er Starting Mw-to-Er teleportation trial 281 at 16835999341624099.
16,895,999,341,624,099 WARNING main_het_teleport_mw_rb_yb_rb_er Mw-to-Er teleportation trial 281 succeeded (completed=True, direct match=True, latency=6.274235250401 seconds).
16,895,999,341,624,099 WARNING main_het_teleport_mw_rb_yb_rb_er Starting Mw-to-Er teleportation trial 282 at 16895999341624099.
16,955,999,341,624,099 WARNING main_het_teleport_mw_rb_yb_rb_er Mw-to-Er teleportation trial 282 succeeded (completed=True, direct match=True, latency=4.929461437901 seconds).
16,955,999,341,624,099 WARNING main_het_teleport_mw_rb_yb_rb_er Starting Mw-to-Er teleportation trial 283 at 16955999341624099.
17,015,999,341,624,099 WARNING main_het_teleport_mw_rb_yb_rb_er Mw-to-Er teleportation trial 283 succeeded (completed=True, direct match=True, latency=5.605748500401 seconds).
17,015,999,341,624,099 WARNING main_het_teleport_mw_rb_yb_rb_er Starting Mw-to-Er teleportation trial 284 at 17015999341624099.
17,075,999,341,624,099 WARNING main_het_teleport_mw_rb_yb_rb_er Mw-to-Er teleportation trial 284 succeeded (completed=True, direct match=True, latency=7.005124500401 seconds).
17,075,999,341,624,099 WARNING main_het_teleport_mw_rb_yb_rb_er Starting Mw-to-Er teleportation trial 285 at 17075999341624099.
17,135,999,341,624,099 WARNING main_het_teleport_mw_rb_yb_rb_er Mw-to-Er teleportation trial 285 succeeded (completed=True, direct match=True, latency=7.715732937901 seconds).
17,135,999,341,624,099 WARNING main_het_teleport_mw_rb_yb_rb_er Starting Mw-to-Er teleportation trial 286 at 17135999341624099.
17,195,999,341,624,099 WARNING main_het_teleport_mw_rb_yb_rb_er Mw-to-Er teleportation trial 286 failed (completed=True, direct match=False, latency=13.928856562901 seconds).
17,195,999,341,624,099 WARNING main_het_teleport_mw_rb_yb_rb_er Starting Mw-to-Er teleportation trial 287 at 17195999341624099.
17,255,999,341,624,099 WARNING main_het_teleport_mw_rb_yb_rb_er Mw-to-Er teleportation trial 287 succeeded (completed=True, direct match=True, latency=11.225093375401 seconds).
17,255,999,341,624,099 WARNING main_het_teleport_mw_rb_yb_rb_er Starting Mw-to-Er teleportation trial 288 at 17255999341624099.
17,315,999,341,624,099 WARNING main_het_teleport_mw_rb_yb_rb_er Mw-to-Er teleportation trial 288 succeeded (completed=True, direct match=True, latency=4.879539437901 seconds).
17,315,999,341,624,099 WARNING main_het_teleport_mw_rb_yb_rb_er Starting Mw-to-Er teleportation trial 289 at 17315999341624099.
17,375,999,341,624,099 WARNING main_het_teleport_mw_rb_yb_rb_er Mw-to-Er teleportation trial 289 succeeded (completed=True, direct match=True, latency=4.181411500401 seconds).
17,375,999,341,624,099 WARNING main_het_teleport_mw_rb_yb_rb_er Starting Mw-to-Er teleportation trial 290 at 17375999341624099.
17,435,999,341,624,099 WARNING main_het_teleport_mw_rb_yb_rb_er Mw-to-Er teleportation trial 290 succeeded (completed=True, direct match=True, latency=2.786715687901 seconds).
17,435,999,341,624,099 WARNING main_het_teleport_mw_rb_yb_rb_er Starting Mw-to-Er teleportation trial 291 at 17435999341624099.
17,495,999,341,624,099 WARNING main_het_teleport_mw_rb_yb_rb_er Mw-to-Er teleportation trial 291 succeeded (completed=True, direct match=True, latency=4.200557250401 seconds).
17,495,999,341,624,099 WARNING main_het_teleport_mw_rb_yb_rb_er Starting Mw-to-Er teleportation trial 292 at 17495999341624099.
17,555,999,341,624,099 WARNING main_het_teleport_mw_rb_yb_rb_er Mw-to-Er teleportation trial 292 failed (completed=True, direct match=False, latency=8.357873625401 seconds).
17,555,999,341,624,099 WARNING main_het_teleport_mw_rb_yb_rb_er Starting Mw-to-Er teleportation trial 293 at 17555999341624099.
17,615,999,341,624,099 WARNING main_het_teleport_mw_rb_yb_rb_er Mw-to-Er teleportation trial 293 failed (completed=True, direct match=False, latency=4.245374062901 seconds).
17,615,999,341,624,099 WARNING main_het_teleport_mw_rb_yb_rb_er Starting Mw-to-Er teleportation trial 294 at 17615999341624099.
17,675,999,341,624,099 WARNING main_het_teleport_mw_rb_yb_rb_er Mw-to-Er teleportation trial 294 succeeded (completed=True, direct match=True, latency=5.629149437901 seconds).
17,675,999,341,624,099 WARNING main_het_teleport_mw_rb_yb_rb_er Starting Mw-to-Er teleportation trial 295 at 17675999341624099.
17,735,999,341,624,099 WARNING main_het_teleport_mw_rb_yb_rb_er Mw-to-Er teleportation trial 295 succeeded (completed=True, direct match=True, latency=2.838197750401 seconds).
17,735,999,341,624,099 WARNING main_het_teleport_mw_rb_yb_rb_er Starting Mw-to-Er teleportation trial 296 at 17735999341624099.
17,795,999,341,624,099 WARNING main_het_teleport_mw_rb_yb_rb_er Mw-to-Er teleportation trial 296 failed (completed=True, direct match=False, latency=12.583907750401 seconds).
17,795,999,341,624,099 WARNING main_het_teleport_mw_rb_yb_rb_er Starting Mw-to-Er teleportation trial 297 at 17795999341624099.
17,855,999,341,624,099 WARNING main_het_teleport_mw_rb_yb_rb_er Mw-to-Er teleportation trial 297 succeeded (completed=True, direct match=True, latency=6.987963812901 seconds).
17,855,999,341,624,099 WARNING main_het_teleport_mw_rb_yb_rb_er Starting Mw-to-Er teleportation trial 298 at 17855999341624099.
17,915,999,341,624,099 WARNING main_het_teleport_mw_rb_yb_rb_er Mw-to-Er teleportation trial 298 succeeded (completed=True, direct match=True, latency=5.621349125401 seconds).
17,915,999,341,624,099 WARNING main_het_teleport_mw_rb_yb_rb_er Starting Mw-to-Er teleportation trial 299 at 17915999341624099.
17,975,999,341,624,099 WARNING main_het_teleport_mw_rb_yb_rb_er Mw-to-Er teleportation trial 299 succeeded (completed=True, direct match=True, latency=7.725093312901 seconds).
17,975,999,341,624,099 WARNING main_het_teleport_mw_rb_yb_rb_er Starting Mw-to-Er teleportation trial 300 at 17975999341624099.
18,035,999,341,624,099 WARNING main_het_teleport_mw_rb_yb_rb_er Mw-to-Er teleportation trial 300 failed (completed=True, direct match=False, latency=2.934543687901 seconds).
18,035,999,341,624,099 WARNING main_het_teleport_mw_rb_yb_rb_er Starting Mw-to-Er teleportation trial 301 at 18035999341624099.
18,095,999,341,624,099 WARNING main_het_teleport_mw_rb_yb_rb_er Mw-to-Er teleportation trial 301 succeeded (completed=True, direct match=True, latency=9.825717375401 seconds).
18,095,999,341,624,099 WARNING main_het_teleport_mw_rb_yb_rb_er Starting Mw-to-Er teleportation trial 302 at 18095999341624099.
18,155,999,341,624,099 WARNING main_het_teleport_mw_rb_yb_rb_er Mw-to-Er teleportation trial 302 succeeded (completed=True, direct match=True, latency=6.344438062901 seconds).
18,155,999,341,624,099 WARNING main_het_teleport_mw_rb_yb_rb_er Starting Mw-to-Er teleportation trial 303 at 18155999341624099.
18,215,999,341,624,099 WARNING main_het_teleport_mw_rb_yb_rb_er Mw-to-Er teleportation trial 303 succeeded (completed=True, direct match=True, latency=5.502784375401 seconds).
18,215,999,341,624,099 WARNING main_het_teleport_mw_rb_yb_rb_er Starting Mw-to-Er teleportation trial 304 at 18215999341624099.
18,275,999,341,624,099 WARNING main_het_teleport_mw_rb_yb_rb_er Mw-to-Er teleportation trial 304 failed (completed=True, direct match=False, latency=4.218853000401 seconds).
18,275,999,341,624,099 WARNING main_het_teleport_mw_rb_yb_rb_er Starting Mw-to-Er teleportation trial 305 at 18275999341624099.
18,335,999,341,624,099 WARNING main_het_teleport_mw_rb_yb_rb_er Mw-to-Er teleportation trial 305 failed (completed=True, direct match=False, latency=4.403440050401 seconds).
18,335,999,341,624,099 WARNING main_het_teleport_mw_rb_yb_rb_er Starting Mw-to-Er teleportation trial 306 at 18335999341624099.
18,395,999,341,624,099 WARNING main_het_teleport_mw_rb_yb_rb_er Mw-to-Er teleportation trial 306 failed (completed=True, direct match=False, latency=2.958319625401 seconds).
18,395,999,341,624,099 WARNING main_het_teleport_mw_rb_yb_rb_er Starting Mw-to-Er teleportation trial 307 at 18395999341624099.
18,455,999,341,624,099 WARNING main_het_teleport_mw_rb_yb_rb_er Mw-to-Er teleportation trial 307 succeeded (completed=True, direct match=True, latency=8.359683687901 seconds).
18,455,999,341,624,099 WARNING main_het_teleport_mw_rb_yb_rb_er Starting Mw-to-Er teleportation trial 308 at 18455999341624099.
18,515,999,341,624,099 WARNING main_het_teleport_mw_rb_yb_rb_er Mw-to-Er teleportation trial 308 succeeded (completed=True, direct match=True, latency=13.313411937901 seconds).
18,515,999,341,624,099 WARNING main_het_teleport_mw_rb_yb_rb_er Starting Mw-to-Er teleportation trial 309 at 18515999341624099.
18,575,999,341,624,099 WARNING main_het_teleport_mw_rb_yb_rb_er Mw-to-Er teleportation trial 309 succeeded (completed=True, direct match=True, latency=9.136949812901 seconds).
18,575,999,341,624,099 WARNING main_het_teleport_mw_rb_yb_rb_er Starting Mw-to-Er teleportation trial 310 at 18575999341624099.
18,635,999,341,624,099 WARNING main_het_teleport_mw_rb_yb_rb_er Mw-to-Er teleportation trial 310 succeeded (completed=True, direct match=True, latency=3.533205562901 seconds).
18,635,999,341,624,099 WARNING main_het_teleport_mw_rb_yb_rb_er Starting Mw-to-Er teleportation trial 311 at 18635999341624099.
18,695,999,341,624,099 WARNING main_het_teleport_mw_rb_yb_rb_er Mw-to-Er teleportation trial 311 succeeded (completed=True, direct match=True, latency=5.638509812901 seconds).
18,695,999,341,624,099 WARNING main_het_teleport_mw_rb_yb_rb_er Starting Mw-to-Er teleportation trial 312 at 18695999341624099.
18,755,999,341,624,099 WARNING main_het_teleport_mw_rb_yb_rb_er Mw-to-Er teleportation trial 312 succeeded (completed=True, direct match=True, latency=6.355358500401 seconds).
18,755,999,341,624,099 WARNING main_het_teleport_mw_rb_yb_rb_er Starting Mw-to-Er teleportation trial 313 at 18755999341624099.
18,815,999,341,624,099 WARNING main_het_teleport_mw_rb_yb_rb_er Mw-to-Er teleportation trial 313 succeeded (completed=True, direct match=True, latency=9.813236875401 seconds).
18,815,999,341,624,099 WARNING main_het_teleport_mw_rb_yb_rb_er Starting Mw-to-Er teleportation trial 314 at 18815999341624099.
18,875,999,341,624,099 WARNING main_het_teleport_mw_rb_yb_rb_er Mw-to-Er teleportation trial 314 succeeded (completed=True, direct match=True, latency=2.926922912901 seconds).
18,875,999,341,624,099 WARNING main_het_teleport_mw_rb_yb_rb_er Starting Mw-to-Er teleportation trial 315 at 18875999341624099.
18,935,999,341,624,099 WARNING main_het_teleport_mw_rb_yb_rb_er Mw-to-Er teleportation trial 315 succeeded (completed=True, direct match=True, latency=7.022285187901 seconds).
18,935,999,341,624,099 WARNING main_het_teleport_mw_rb_yb_rb_er Starting Mw-to-Er teleportation trial 316 at 18935999341624099.
18,995,999,341,624,099 WARNING main_het_teleport_mw_rb_yb_rb_er Mw-to-Er teleportation trial 316 succeeded (completed=True, direct match=True, latency=17.464988062901 seconds).
18,995,999,341,624,099 WARNING main_het_teleport_mw_rb_yb_rb_er Starting Mw-to-Er teleportation trial 317 at 18995999341624099.
19,055,999,341,624,099 WARNING main_het_teleport_mw_rb_yb_rb_er Mw-to-Er teleportation trial 317 failed (completed=True, direct match=False, latency=11.214347937901 seconds).
19,055,999,341,624,099 WARNING main_het_teleport_mw_rb_yb_rb_er Starting Mw-to-Er teleportation trial 318 at 19055999341624099.
19,115,999,341,624,099 WARNING main_het_teleport_mw_rb_yb_rb_er Mw-to-Er teleportation trial 318 failed (completed=True, direct match=False, latency=3.514659812901 seconds).
19,115,999,341,624,099 WARNING main_het_teleport_mw_rb_yb_rb_er Starting Mw-to-Er teleportation trial 319 at 19115999341624099.
19,175,999,341,624,099 WARNING main_het_teleport_mw_rb_yb_rb_er Mw-to-Er teleportation trial 319 failed (completed=True, direct match=False, latency=5.607308562901 seconds).
19,175,999,341,624,099 WARNING main_het_teleport_mw_rb_yb_rb_er Starting Mw-to-Er teleportation trial 320 at 19175999341624099.
19,235,999,341,624,099 WARNING main_het_teleport_mw_rb_yb_rb_er Mw-to-Er teleportation trial 320 succeeded (completed=True, direct match=True, latency=14.008244750401 seconds).
19,235,999,341,624,099 WARNING main_het_teleport_mw_rb_yb_rb_er Starting Mw-to-Er teleportation trial 321 at 19235999341624099.
19,295,999,341,624,099 WARNING main_het_teleport_mw_rb_yb_rb_er Mw-to-Er teleportation trial 321 succeeded (completed=True, direct match=True, latency=4.201692312901 seconds).
19,295,999,341,624,099 WARNING main_het_teleport_mw_rb_yb_rb_er Starting Mw-to-Er teleportation trial 322 at 19295999341624099.
19,355,999,341,624,099 WARNING main_het_teleport_mw_rb_yb_rb_er Mw-to-Er teleportation trial 322 failed (completed=True, direct match=False, latency=9.095003125401 seconds).
19,355,999,341,624,099 WARNING main_het_teleport_mw_rb_yb_rb_er Starting Mw-to-Er teleportation trial 323 at 19355999341624099.
19,415,999,341,624,099 WARNING main_het_teleport_mw_rb_yb_rb_er Mw-to-Er teleportation trial 323 succeeded (completed=True, direct match=True, latency=5.689991875401 seconds).
19,415,999,341,624,099 WARNING main_het_teleport_mw_rb_yb_rb_er Starting Mw-to-Er teleportation trial 324 at 19415999341624099.
19,475,999,341,624,099 WARNING main_het_teleport_mw_rb_yb_rb_er Mw-to-Er teleportation trial 324 succeeded (completed=True, direct match=True, latency=4.246934125401 seconds).
19,475,999,341,624,099 WARNING main_het_teleport_mw_rb_yb_rb_er Starting Mw-to-Er teleportation trial 325 at 19475999341624099.
19,535,999,341,624,099 WARNING main_het_teleport_mw_rb_yb_rb_er Mw-to-Er teleportation trial 325 succeeded (completed=True, direct match=True, latency=4.360289812901 seconds).
19,535,999,341,624,099 WARNING main_het_teleport_mw_rb_yb_rb_er Starting Mw-to-Er teleportation trial 326 at 19535999341624099.
19,595,999,341,624,099 WARNING main_het_teleport_mw_rb_yb_rb_er Mw-to-Er teleportation trial 326 succeeded (completed=True, direct match=True, latency=4.955982500401 seconds).
19,595,999,341,624,099 WARNING main_het_teleport_mw_rb_yb_rb_er Starting Mw-to-Er teleportation trial 327 at 19595999341624099.
19,655,999,341,624,099 WARNING main_het_teleport_mw_rb_yb_rb_er Mw-to-Er teleportation trial 327 failed (completed=True, direct match=False, latency=3.622533725401 seconds).
19,655,999,341,624,099 WARNING main_het_teleport_mw_rb_yb_rb_er Starting Mw-to-Er teleportation trial 328 at 19655999341624099.
19,715,999,341,624,099 WARNING main_het_teleport_mw_rb_yb_rb_er Mw-to-Er teleportation trial 328 succeeded (completed=True, direct match=True, latency=4.069087000401 seconds).
19,715,999,341,624,099 WARNING main_het_teleport_mw_rb_yb_rb_er Starting Mw-to-Er teleportation trial 329 at 19715999341624099.
19,775,999,341,624,099 WARNING main_het_teleport_mw_rb_yb_rb_er Mw-to-Er teleportation trial 329 failed (completed=True, direct match=False, latency=9.129324500401 seconds).
19,775,999,341,624,099 WARNING main_het_teleport_mw_rb_yb_rb_er Starting Mw-to-Er teleportation trial 330 at 19775999341624099.
19,835,999,341,624,099 WARNING main_het_teleport_mw_rb_yb_rb_er Mw-to-Er teleportation trial 330 failed (completed=True, direct match=False, latency=2.207243287901 seconds).
19,835,999,341,624,099 WARNING main_het_teleport_mw_rb_yb_rb_er Starting Mw-to-Er teleportation trial 331 at 19835999341624099.
19,895,999,341,624,099 WARNING main_het_teleport_mw_rb_yb_rb_er Mw-to-Er teleportation trial 331 succeeded (completed=True, direct match=True, latency=4.824937250401 seconds).
19,895,999,341,624,099 WARNING main_het_teleport_mw_rb_yb_rb_er Starting Mw-to-Er teleportation trial 332 at 19895999341624099.
19,955,999,341,624,099 WARNING main_het_teleport_mw_rb_yb_rb_er Mw-to-Er teleportation trial 332 succeeded (completed=True, direct match=True, latency=8.450167312901 seconds).
19,955,999,341,624,099 WARNING main_het_teleport_mw_rb_yb_rb_er Starting Mw-to-Er teleportation trial 333 at 19955999341624099.
20,015,999,341,624,099 WARNING main_het_teleport_mw_rb_yb_rb_er Mw-to-Er teleportation trial 333 succeeded (completed=True, direct match=True, latency=6.967876125401 seconds).
20,015,999,341,624,099 WARNING main_het_teleport_mw_rb_yb_rb_er Starting Mw-to-Er teleportation trial 334 at 20015999341624099.
20,075,999,341,624,099 WARNING main_het_teleport_mw_rb_yb_rb_er Mw-to-Er teleportation trial 334 failed (completed=True, direct match=False, latency=21.661731000401 seconds).
20,075,999,341,624,099 WARNING main_het_teleport_mw_rb_yb_rb_er Starting Mw-to-Er teleportation trial 335 at 20075999341624099.
20,135,999,341,624,099 WARNING main_het_teleport_mw_rb_yb_rb_er Mw-to-Er teleportation trial 335 failed (completed=True, direct match=False, latency=5.655670500401 seconds).
20,135,999,341,624,099 WARNING main_het_teleport_mw_rb_yb_rb_er Starting Mw-to-Er teleportation trial 336 at 20135999341624099.
20,195,999,341,624,099 WARNING main_het_teleport_mw_rb_yb_rb_er Mw-to-Er teleportation trial 336 succeeded (completed=True, direct match=True, latency=7.100463312901 seconds).
20,195,999,341,624,099 WARNING main_het_teleport_mw_rb_yb_rb_er Starting Mw-to-Er teleportation trial 337 at 20195999341624099.
20,255,999,341,624,099 WARNING main_het_teleport_mw_rb_yb_rb_er Mw-to-Er teleportation trial 337 succeeded (completed=True, direct match=True, latency=11.892020062901 seconds).
20,255,999,341,624,099 WARNING main_het_teleport_mw_rb_yb_rb_er Starting Mw-to-Er teleportation trial 338 at 20255999341624099.
20,315,999,341,624,099 WARNING main_het_teleport_mw_rb_yb_rb_er Mw-to-Er teleportation trial 338 succeeded (completed=True, direct match=True, latency=4.248669187901 seconds).
20,315,999,341,624,099 WARNING main_het_teleport_mw_rb_yb_rb_er Starting Mw-to-Er teleportation trial 339 at 20315999341624099.
20,375,999,341,624,099 WARNING main_het_teleport_mw_rb_yb_rb_er Mw-to-Er teleportation trial 339 succeeded (completed=True, direct match=True, latency=8.290790937901 seconds).
20,375,999,341,624,099 WARNING main_het_teleport_mw_rb_yb_rb_er Starting Mw-to-Er teleportation trial 340 at 20375999341624099.
20,435,999,341,624,099 WARNING main_het_teleport_mw_rb_yb_rb_er Mw-to-Er teleportation trial 340 succeeded (completed=True, direct match=True, latency=11.926341437901 seconds).
20,435,999,341,624,099 WARNING main_het_teleport_mw_rb_yb_rb_er Starting Mw-to-Er teleportation trial 341 at 20435999341624099.
20,495,999,341,624,099 WARNING main_het_teleport_mw_rb_yb_rb_er Mw-to-Er teleportation trial 341 succeeded (completed=True, direct match=True, latency=5.602628375401 seconds).
20,495,999,341,624,099 WARNING main_het_teleport_mw_rb_yb_rb_er Starting Mw-to-Er teleportation trial 342 at 20495999341624099.
20,555,999,341,624,099 WARNING main_het_teleport_mw_rb_yb_rb_er Mw-to-Er teleportation trial 342 failed (completed=True, direct match=False, latency=12.531465625401 seconds).
20,555,999,341,624,099 WARNING main_het_teleport_mw_rb_yb_rb_er Starting Mw-to-Er teleportation trial 343 at 20555999341624099.
20,615,999,341,624,099 WARNING main_het_teleport_mw_rb_yb_rb_er Mw-to-Er teleportation trial 343 succeeded (completed=True, direct match=True, latency=2.090147812901 seconds).
20,615,999,341,624,099 WARNING main_het_teleport_mw_rb_yb_rb_er Starting Mw-to-Er teleportation trial 344 at 20615999341624099.
20,675,999,341,624,099 WARNING main_het_teleport_mw_rb_yb_rb_er Mw-to-Er teleportation trial 344 succeeded (completed=True, direct match=True, latency=7.023845250401 seconds).
20,675,999,341,624,099 WARNING main_het_teleport_mw_rb_yb_rb_er Starting Mw-to-Er teleportation trial 345 at 20675999341624099.
20,735,999,341,624,099 WARNING main_het_teleport_mw_rb_yb_rb_er Mw-to-Er teleportation trial 345 succeeded (completed=True, direct match=True, latency=10.514484937901 seconds).
20,735,999,341,624,099 WARNING main_het_teleport_mw_rb_yb_rb_er Starting Mw-to-Er teleportation trial 346 at 20735999341624099.
20,795,999,341,624,099 WARNING main_het_teleport_mw_rb_yb_rb_er Mw-to-Er teleportation trial 346 failed (completed=True, direct match=False, latency=7.020900125401 seconds).
20,795,999,341,624,099 WARNING main_het_teleport_mw_rb_yb_rb_er Starting Mw-to-Er teleportation trial 347 at 20795999341624099.
20,855,999,341,624,099 WARNING main_het_teleport_mw_rb_yb_rb_er Mw-to-Er teleportation trial 347 failed (completed=True, direct match=False, latency=12.601068437901 seconds).
20,855,999,341,624,099 WARNING main_het_teleport_mw_rb_yb_rb_er Starting Mw-to-Er teleportation trial 348 at 20855999341624099.
20,915,999,341,624,099 WARNING main_het_teleport_mw_rb_yb_rb_er Mw-to-Er teleportation trial 348 failed (completed=True, direct match=False, latency=10.541346437901 seconds).
20,915,999,341,624,099 WARNING main_het_teleport_mw_rb_yb_rb_er Starting Mw-to-Er teleportation trial 349 at 20915999341624099.
20,975,999,341,624,099 WARNING main_het_teleport_mw_rb_yb_rb_er Mw-to-Er teleportation trial 349 succeeded (completed=True, direct match=True, latency=4.909180625401 seconds).
20,975,999,341,624,099 WARNING main_het_teleport_mw_rb_yb_rb_er Starting Mw-to-Er teleportation trial 350 at 20975999341624099.
21,035,999,341,624,099 WARNING main_het_teleport_mw_rb_yb_rb_er Mw-to-Er teleportation trial 350 succeeded (completed=True, direct match=True, latency=15.588232937901 seconds).
21,035,999,341,624,099 WARNING main_het_teleport_mw_rb_yb_rb_er Starting Mw-to-Er teleportation trial 351 at 21035999341624099.
21,095,999,341,624,099 WARNING main_het_teleport_mw_rb_yb_rb_er Mw-to-Er teleportation trial 351 succeeded (completed=True, direct match=True, latency=6.283595625401 seconds).
21,095,999,341,624,099 WARNING main_het_teleport_mw_rb_yb_rb_er Starting Mw-to-Er teleportation trial 352 at 21095999341624099.
21,155,999,341,624,099 WARNING main_het_teleport_mw_rb_yb_rb_er Mw-to-Er teleportation trial 352 succeeded (completed=True, direct match=True, latency=4.985798687901 seconds).
21,155,999,341,624,099 WARNING main_het_teleport_mw_rb_yb_rb_er Starting Mw-to-Er teleportation trial 353 at 21155999341624099.
21,215,999,341,624,099 WARNING main_het_teleport_mw_rb_yb_rb_er Mw-to-Er teleportation trial 353 succeeded (completed=True, direct match=True, latency=4.860818687901 seconds).
21,215,999,341,624,099 WARNING main_het_teleport_mw_rb_yb_rb_er Starting Mw-to-Er teleportation trial 354 at 21215999341624099.
21,275,999,341,624,099 WARNING main_het_teleport_mw_rb_yb_rb_er Mw-to-Er teleportation trial 354 failed (completed=True, direct match=False, latency=9.115283937901 seconds).
21,275,999,341,624,099 WARNING main_het_teleport_mw_rb_yb_rb_er Starting Mw-to-Er teleportation trial 355 at 21275999341624099.
21,335,999,341,624,099 WARNING main_het_teleport_mw_rb_yb_rb_er Mw-to-Er teleportation trial 355 succeeded (completed=True, direct match=True, latency=4.907620562901 seconds).
21,335,999,341,624,099 WARNING main_het_teleport_mw_rb_yb_rb_er Starting Mw-to-Er teleportation trial 356 at 21335999341624099.
21,395,999,341,624,099 WARNING main_het_teleport_mw_rb_yb_rb_er Mw-to-Er teleportation trial 356 failed (completed=True, direct match=False, latency=9.864893937901 seconds).
21,395,999,341,624,099 WARNING main_het_teleport_mw_rb_yb_rb_er Starting Mw-to-Er teleportation trial 357 at 21395999341624099.
21,455,999,341,624,099 WARNING main_het_teleport_mw_rb_yb_rb_er Mw-to-Er teleportation trial 357 succeeded (completed=True, direct match=True, latency=6.980163500401 seconds).
21,455,999,341,624,099 WARNING main_het_teleport_mw_rb_yb_rb_er Starting Mw-to-Er teleportation trial 358 at 21455999341624099.
21,515,999,341,624,099 WARNING main_het_teleport_mw_rb_yb_rb_er Mw-to-Er teleportation trial 358 succeeded (completed=True, direct match=True, latency=5.626029312901 seconds).
21,515,999,341,624,099 WARNING main_het_teleport_mw_rb_yb_rb_er Starting Mw-to-Er teleportation trial 359 at 21515999341624099.
21,575,999,341,624,099 WARNING main_het_teleport_mw_rb_yb_rb_er Mw-to-Er teleportation trial 359 succeeded (completed=True, direct match=True, latency=4.899820250401 seconds).
21,575,999,341,624,099 WARNING main_het_teleport_mw_rb_yb_rb_er Starting Mw-to-Er teleportation trial 360 at 21575999341624099.
21,635,999,341,624,099 WARNING main_het_teleport_mw_rb_yb_rb_er Mw-to-Er teleportation trial 360 succeeded (completed=True, direct match=True, latency=7.647090187901 seconds).
21,635,999,341,624,099 WARNING main_het_teleport_mw_rb_yb_rb_er Starting Mw-to-Er teleportation trial 361 at 21635999341624099.
21,695,999,341,624,099 WARNING main_het_teleport_mw_rb_yb_rb_er Mw-to-Er teleportation trial 361 failed (completed=True, direct match=False, latency=10.557206625401 seconds).
21,695,999,341,624,099 WARNING main_het_teleport_mw_rb_yb_rb_er Starting Mw-to-Er teleportation trial 362 at 21695999341624099.
21,755,999,341,624,099 WARNING main_het_teleport_mw_rb_yb_rb_er Mw-to-Er teleportation trial 362 failed (completed=True, direct match=False, latency=10.514659937901 seconds).
21,755,999,341,624,099 WARNING main_het_teleport_mw_rb_yb_rb_er Starting Mw-to-Er teleportation trial 363 at 21755999341624099.
21,815,999,341,624,099 WARNING main_het_teleport_mw_rb_yb_rb_er Mw-to-Er teleportation trial 363 failed (completed=True, direct match=False, latency=11.260974812901 seconds).
21,815,999,341,624,099 WARNING main_het_teleport_mw_rb_yb_rb_er Starting Mw-to-Er teleportation trial 364 at 21815999341624099.
21,875,999,341,624,099 WARNING main_het_teleport_mw_rb_yb_rb_er Mw-to-Er teleportation trial 364 failed (completed=True, direct match=False, latency=5.641804937901 seconds).
21,875,999,341,624,099 WARNING main_het_teleport_mw_rb_yb_rb_er Starting Mw-to-Er teleportation trial 365 at 21875999341624099.
21,935,999,341,624,099 WARNING main_het_teleport_mw_rb_yb_rb_er Mw-to-Er teleportation trial 365 failed (completed=True, direct match=False, latency=5.604188437901 seconds).
21,935,999,341,624,099 WARNING main_het_teleport_mw_rb_yb_rb_er Starting Mw-to-Er teleportation trial 366 at 21935999341624099.
21,995,999,341,624,099 WARNING main_het_teleport_mw_rb_yb_rb_er Mw-to-Er teleportation trial 366 succeeded (completed=True, direct match=True, latency=10.497324250401 seconds).
21,995,999,341,624,099 WARNING main_het_teleport_mw_rb_yb_rb_er Starting Mw-to-Er teleportation trial 367 at 21995999341624099.
22,055,999,341,624,099 WARNING main_het_teleport_mw_rb_yb_rb_er Mw-to-Er teleportation trial 367 succeeded (completed=True, direct match=True, latency=2.097948125401 seconds).
22,055,999,341,624,099 WARNING main_het_teleport_mw_rb_yb_rb_er Starting Mw-to-Er teleportation trial 368 at 22055999341624099.
22,115,999,341,624,099 WARNING main_het_teleport_mw_rb_yb_rb_er Mw-to-Er teleportation trial 368 succeeded (completed=True, direct match=True, latency=8.407620625401 seconds).
22,115,999,341,624,099 WARNING main_het_teleport_mw_rb_yb_rb_er Starting Mw-to-Er teleportation trial 369 at 22115999341624099.
22,175,999,341,624,099 WARNING main_het_teleport_mw_rb_yb_rb_er Mw-to-Er teleportation trial 369 failed (completed=True, direct match=False, latency=9.791571000401 seconds).
22,175,999,341,624,099 WARNING main_het_teleport_mw_rb_yb_rb_er Starting Mw-to-Er teleportation trial 370 at 22175999341624099.
22,235,999,341,624,099 WARNING main_het_teleport_mw_rb_yb_rb_er Mw-to-Er teleportation trial 370 succeeded (completed=True, direct match=True, latency=11.217718062901 seconds).
22,235,999,341,624,099 WARNING main_het_teleport_mw_rb_yb_rb_er Starting Mw-to-Er teleportation trial 371 at 22235999341624099.
22,295,999,341,624,099 WARNING main_het_teleport_mw_rb_yb_rb_er Mw-to-Er teleportation trial 371 succeeded (completed=True, direct match=True, latency=2.102628312901 seconds).
22,295,999,341,624,099 WARNING main_het_teleport_mw_rb_yb_rb_er Starting Mw-to-Er teleportation trial 372 at 22295999341624099.
22,360,979,728,176,669 WARNING main_het_teleport_mw_rb_yb_rb_er Mw-to-Er teleportation trial 372 succeeded (completed=True, direct match=True, latency=2.810116625401 seconds).
22,360,979,728,176,669 WARNING main_het_teleport_mw_rb_yb_rb_er Starting Mw-to-Er teleportation trial 373 at 22360979728176669.
22,420,979,728,176,669 WARNING main_het_teleport_mw_rb_yb_rb_er Mw-to-Er teleportation trial 373 failed (completed=True, direct match=False, latency=11.913860935331 seconds).
22,420,979,728,176,669 WARNING main_het_teleport_mw_rb_yb_rb_er Starting Mw-to-Er teleportation trial 374 at 22420979728176669.
22,480,979,728,176,669 WARNING main_het_teleport_mw_rb_yb_rb_er Mw-to-Er teleportation trial 374 succeeded (completed=True, direct match=True, latency=7.720413122831 seconds).
22,480,979,728,176,669 WARNING main_het_teleport_mw_rb_yb_rb_er Starting Mw-to-Er teleportation trial 375 at 22480979728176669.
22,540,979,728,176,669 WARNING main_het_teleport_mw_rb_yb_rb_er Mw-to-Er teleportation trial 375 succeeded (completed=True, direct match=True, latency=13.347558310331 seconds).
22,540,979,728,176,669 WARNING main_het_teleport_mw_rb_yb_rb_er Starting Mw-to-Er teleportation trial 376 at 22540979728176669.
22,600,979,728,176,669 WARNING main_het_teleport_mw_rb_yb_rb_er Mw-to-Er teleportation trial 376 failed (completed=True, direct match=False, latency=17.509979872831 seconds).
22,600,979,728,176,669 WARNING main_het_teleport_mw_rb_yb_rb_er Starting Mw-to-Er teleportation trial 377 at 22600979728176669.
22,660,979,728,176,669 WARNING main_het_teleport_mw_rb_yb_rb_er Mw-to-Er teleportation trial 377 failed (completed=True, direct match=False, latency=13.988313935331 seconds).
22,660,979,728,176,669 WARNING main_het_teleport_mw_rb_yb_rb_er Starting Mw-to-Er teleportation trial 378 at 22660979728176669.
22,720,979,728,176,669 WARNING main_het_teleport_mw_rb_yb_rb_er Mw-to-Er teleportation trial 378 succeeded (completed=True, direct match=True, latency=4.268774997831 seconds).
22,720,979,728,176,669 WARNING main_het_teleport_mw_rb_yb_rb_er Starting Mw-to-Er teleportation trial 379 at 22720979728176669.
22,780,979,728,176,669 WARNING main_het_teleport_mw_rb_yb_rb_er Mw-to-Er teleportation trial 379 succeeded (completed=True, direct match=True, latency=7.011364747831 seconds).
22,780,979,728,176,669 WARNING main_het_teleport_mw_rb_yb_rb_er Starting Mw-to-Er teleportation trial 380 at 22780979728176669.
22,840,979,728,176,669 WARNING main_het_teleport_mw_rb_yb_rb_er Mw-to-Er teleportation trial 380 succeeded (completed=True, direct match=True, latency=6.317916997831 seconds).
22,840,979,728,176,669 WARNING main_het_teleport_mw_rb_yb_rb_er Starting Mw-to-Er teleportation trial 381 at 22840979728176669.
22,900,979,728,176,669 WARNING main_het_teleport_mw_rb_yb_rb_er Mw-to-Er teleportation trial 381 succeeded (completed=True, direct match=True, latency=2.118228935331 seconds).
22,900,979,728,176,669 WARNING main_het_teleport_mw_rb_yb_rb_er Starting Mw-to-Er teleportation trial 382 at 22900979728176669.
22,960,979,728,176,669 WARNING main_het_teleport_mw_rb_yb_rb_er Mw-to-Er teleportation trial 382 succeeded (completed=True, direct match=True, latency=6.289835872831 seconds).
22,960,979,728,176,669 WARNING main_het_teleport_mw_rb_yb_rb_er Starting Mw-to-Er teleportation trial 383 at 22960979728176669.
23,020,979,728,176,669 WARNING main_het_teleport_mw_rb_yb_rb_er Mw-to-Er teleportation trial 383 failed (completed=True, direct match=False, latency=6.378934435331 seconds).
23,020,979,728,176,669 WARNING main_het_teleport_mw_rb_yb_rb_er Starting Mw-to-Er teleportation trial 384 at 23020979728176669.
23,080,979,728,176,669 WARNING main_het_teleport_mw_rb_yb_rb_er Mw-to-Er teleportation trial 384 failed (completed=True, direct match=False, latency=5.596388122831 seconds).
23,080,979,728,176,669 WARNING main_het_teleport_mw_rb_yb_rb_er Starting Mw-to-Er teleportation trial 385 at 23080979728176669.
23,140,979,728,176,669 WARNING main_het_teleport_mw_rb_yb_rb_er Mw-to-Er teleportation trial 385 failed (completed=True, direct match=False, latency=9.127589435331 seconds).
23,140,979,728,176,669 WARNING main_het_teleport_mw_rb_yb_rb_er Starting Mw-to-Er teleportation trial 386 at 23140979728176669.
23,200,979,728,176,669 WARNING main_het_teleport_mw_rb_yb_rb_er Mw-to-Er teleportation trial 386 succeeded (completed=True, direct match=True, latency=3.542565935331 seconds).
23,200,979,728,176,669 WARNING main_het_teleport_mw_rb_yb_rb_er Starting Mw-to-Er teleportation trial 387 at 23200979728176669.
23,260,979,728,176,669 WARNING main_het_teleport_mw_rb_yb_rb_er Mw-to-Er teleportation trial 387 succeeded (completed=True, direct match=True, latency=2.822597122831 seconds).
23,260,979,728,176,669 WARNING main_het_teleport_mw_rb_yb_rb_er Starting Mw-to-Er teleportation trial 388 at 23260979728176669.
23,320,979,728,176,669 WARNING main_het_teleport_mw_rb_yb_rb_er Mw-to-Er teleportation trial 388 failed (completed=True, direct match=False, latency=7.025405310331 seconds).
23,320,979,728,176,669 WARNING main_het_teleport_mw_rb_yb_rb_er Starting Mw-to-Er teleportation trial 389 at 23320979728176669.
23,380,979,728,176,669 WARNING main_het_teleport_mw_rb_yb_rb_er Mw-to-Er teleportation trial 389 succeeded (completed=True, direct match=True, latency=4.207932560331 seconds).
23,380,979,728,176,669 WARNING main_het_teleport_mw_rb_yb_rb_er Starting Mw-to-Er teleportation trial 390 at 23380979728176669.
23,440,979,728,176,669 WARNING main_het_teleport_mw_rb_yb_rb_er Mw-to-Er teleportation trial 390 failed (completed=True, direct match=False, latency=5.607308560331 seconds).
23,440,979,728,176,669 WARNING main_het_teleport_mw_rb_yb_rb_er Starting Mw-to-Er teleportation trial 391 at 23440979728176669.
23,500,979,728,176,669 WARNING main_het_teleport_mw_rb_yb_rb_er Mw-to-Er teleportation trial 391 failed (completed=True, direct match=False, latency=7.714347872831 seconds).
23,500,979,728,176,669 WARNING main_het_teleport_mw_rb_yb_rb_er Starting Mw-to-Er teleportation trial 392 at 23500979728176669.
23,560,979,728,176,669 WARNING main_het_teleport_mw_rb_yb_rb_er Mw-to-Er teleportation trial 392 succeeded (completed=True, direct match=True, latency=7.003564435331 seconds).
23,560,979,728,176,669 WARNING main_het_teleport_mw_rb_yb_rb_er Starting Mw-to-Er teleportation trial 393 at 23560979728176669.
23,620,979,728,176,669 WARNING main_het_teleport_mw_rb_yb_rb_er Mw-to-Er teleportation trial 393 failed (completed=True, direct match=False, latency=6.952082372831 seconds).
23,620,979,728,176,669 WARNING main_het_teleport_mw_rb_yb_rb_er Starting Mw-to-Er teleportation trial 394 at 23620979728176669.
23,680,979,728,176,669 WARNING main_het_teleport_mw_rb_yb_rb_er Mw-to-Er teleportation trial 394 succeeded (completed=True, direct match=True, latency=6.267994997831 seconds).
23,680,979,728,176,669 WARNING main_het_teleport_mw_rb_yb_rb_er Starting Mw-to-Er teleportation trial 395 at 23680979728176669.
23,740,979,728,176,669 WARNING main_het_teleport_mw_rb_yb_rb_er Mw-to-Er teleportation trial 395 failed (completed=True, direct match=False, latency=8.349898310331 seconds).
23,740,979,728,176,669 WARNING main_het_teleport_mw_rb_yb_rb_er Starting Mw-to-Er teleportation trial 396 at 23740979728176669.
23,800,979,728,176,669 WARNING main_het_teleport_mw_rb_yb_rb_er Mw-to-Er teleportation trial 396 failed (completed=True, direct match=False, latency=6.328837435331 seconds).
23,800,979,728,176,669 WARNING main_het_teleport_mw_rb_yb_rb_er Starting Mw-to-Er teleportation trial 397 at 23800979728176669.
23,860,979,728,176,669 WARNING main_het_teleport_mw_rb_yb_rb_er Mw-to-Er teleportation trial 397 failed (completed=True, direct match=False, latency=6.363158810331 seconds).
23,860,979,728,176,669 WARNING main_het_teleport_mw_rb_yb_rb_er Starting Mw-to-Er teleportation trial 398 at 23860979728176669.
23,920,979,728,176,669 WARNING main_het_teleport_mw_rb_yb_rb_er Mw-to-Er teleportation trial 398 succeeded (completed=True, direct match=True, latency=7.033205622831 seconds).
23,920,979,728,176,669 WARNING main_het_teleport_mw_rb_yb_rb_er Starting Mw-to-Er teleportation trial 399 at 23920979728176669.
23,980,979,728,176,669 WARNING main_het_teleport_mw_rb_yb_rb_er Mw-to-Er teleportation trial 399 succeeded (completed=True, direct match=True, latency=5.565186872831 seconds).
23,980,979,728,176,669 WARNING main_het_teleport_mw_rb_yb_rb_er Starting Mw-to-Er teleportation trial 400 at 23980979728176669.
24,040,979,728,176,669 WARNING main_het_teleport_mw_rb_yb_rb_er Mw-to-Er teleportation trial 400 succeeded (completed=True, direct match=True, latency=7.740868935331 seconds).
24,040,979,728,176,669 WARNING main_het_teleport_mw_rb_yb_rb_er Starting Mw-to-Er teleportation trial 401 at 24040979728176669.
24,100,979,728,176,669 WARNING main_het_teleport_mw_rb_yb_rb_er Mw-to-Er teleportation trial 401 succeeded (completed=True, direct match=True, latency=2.855358435331 seconds).
24,100,979,728,176,669 WARNING main_het_teleport_mw_rb_yb_rb_er Starting Mw-to-Er teleportation trial 402 at 24100979728176669.
24,160,979,728,176,669 WARNING main_het_teleport_mw_rb_yb_rb_er Mw-to-Er teleportation trial 402 succeeded (completed=True, direct match=True, latency=9.752394435331 seconds).
24,160,979,728,176,669 WARNING main_het_teleport_mw_rb_yb_rb_er Starting Mw-to-Er teleportation trial 403 at 24160979728176669.
24,220,979,728,176,669 WARNING main_het_teleport_mw_rb_yb_rb_er Mw-to-Er teleportation trial 403 failed (completed=True, direct match=False, latency=16.748314372831 seconds).
24,220,979,728,176,669 WARNING main_het_teleport_mw_rb_yb_rb_er Starting Mw-to-Er teleportation trial 404 at 24220979728176669.
24,280,979,728,176,669 WARNING main_het_teleport_mw_rb_yb_rb_er Mw-to-Er teleportation trial 404 succeeded (completed=True, direct match=True, latency=8.392019997831 seconds).
24,280,979,728,176,669 WARNING main_het_teleport_mw_rb_yb_rb_er Starting Mw-to-Er teleportation trial 405 at 24280979728176669.
24,340,979,728,176,669 WARNING main_het_teleport_mw_rb_yb_rb_er Mw-to-Er teleportation trial 405 succeeded (completed=True, direct match=True, latency=3.534765622831 seconds).
24,340,979,728,176,669 WARNING main_het_teleport_mw_rb_yb_rb_er Starting Mw-to-Er teleportation trial 406 at 24340979728176669.
24,400,979,728,176,669 WARNING main_het_teleport_mw_rb_yb_rb_er Mw-to-Er teleportation trial 406 succeeded (completed=True, direct match=True, latency=19.570467310331 seconds).
24,400,979,728,176,669 WARNING main_het_teleport_mw_rb_yb_rb_er Starting Mw-to-Er teleportation trial 407 at 24400979728176669.
24,460,979,728,176,669 WARNING main_het_teleport_mw_rb_yb_rb_er Mw-to-Er teleportation trial 407 succeeded (completed=True, direct match=True, latency=5.635389685331 seconds).
24,460,979,728,176,669 WARNING main_het_teleport_mw_rb_yb_rb_er Starting Mw-to-Er teleportation trial 408 at 24460979728176669.
24,520,979,728,176,669 WARNING main_het_teleport_mw_rb_yb_rb_er Mw-to-Er teleportation trial 408 succeeded (completed=True, direct match=True, latency=4.297031122831 seconds).
24,520,979,728,176,669 WARNING main_het_teleport_mw_rb_yb_rb_er Starting Mw-to-Er teleportation trial 409 at 24520979728176669.
24,580,979,728,176,669 WARNING main_het_teleport_mw_rb_yb_rb_er Mw-to-Er teleportation trial 409 succeeded (completed=True, direct match=True, latency=8.373299247831 seconds).
24,580,979,728,176,669 WARNING main_het_teleport_mw_rb_yb_rb_er Starting Mw-to-Er teleportation trial 410 at 24580979728176669.
24,645,599,263,854,897 WARNING main_het_teleport_mw_rb_yb_rb_er Mw-to-Er teleportation trial 410 succeeded (completed=True, direct match=True, latency=11.176731435331 seconds).
24,645,599,263,854,897 WARNING main_het_teleport_mw_rb_yb_rb_er Starting Mw-to-Er teleportation trial 411 at 24645599263854897.
24,705,599,263,854,897 WARNING main_het_teleport_mw_rb_yb_rb_er Mw-to-Er teleportation trial 411 failed (completed=True, direct match=False, latency=6.488978644603 seconds).
24,705,599,263,854,897 WARNING main_het_teleport_mw_rb_yb_rb_er Starting Mw-to-Er teleportation trial 412 at 24705599263854897.
24,765,599,263,854,897 WARNING main_het_teleport_mw_rb_yb_rb_er Mw-to-Er teleportation trial 412 failed (completed=True, direct match=False, latency=9.800756382103 seconds).
24,765,599,263,854,897 WARNING main_het_teleport_mw_rb_yb_rb_er Starting Mw-to-Er teleportation trial 413 at 24765599263854897.
24,825,599,263,854,897 WARNING main_het_teleport_mw_rb_yb_rb_er Mw-to-Er teleportation trial 413 failed (completed=True, direct match=False, latency=7.005124507103 seconds).
24,825,599,263,854,897 WARNING main_het_teleport_mw_rb_yb_rb_er Starting Mw-to-Er teleportation trial 414 at 24825599263854897.
24,885,599,263,854,897 WARNING main_het_teleport_mw_rb_yb_rb_er Mw-to-Er teleportation trial 414 failed (completed=True, direct match=False, latency=10.558341694603 seconds).
24,885,599,263,854,897 WARNING main_het_teleport_mw_rb_yb_rb_er Starting Mw-to-Er teleportation trial 415 at 24885599263854897.
24,945,599,263,854,897 WARNING main_het_teleport_mw_rb_yb_rb_er Mw-to-Er teleportation trial 415 succeeded (completed=True, direct match=True, latency=4.896700132103 seconds).
24,945,599,263,854,897 WARNING main_het_teleport_mw_rb_yb_rb_er Starting Mw-to-Er teleportation trial 416 at 24945599263854897.
25,005,599,263,854,897 WARNING main_het_teleport_mw_rb_yb_rb_er Mw-to-Er teleportation trial 416 succeeded (completed=True, direct match=True, latency=6.333517632103 seconds).
25,005,599,263,854,897 WARNING main_het_teleport_mw_rb_yb_rb_er Starting Mw-to-Er teleportation trial 417 at 25005599263854897.
25,065,599,263,854,897 WARNING main_het_teleport_mw_rb_yb_rb_er Mw-to-Er teleportation trial 417 failed (completed=True, direct match=False, latency=7.750229319603 seconds).
25,065,599,263,854,897 WARNING main_het_teleport_mw_rb_yb_rb_er Starting Mw-to-Er teleportation trial 418 at 25065599263854897.
25,125,599,263,854,897 WARNING main_het_teleport_mw_rb_yb_rb_er Mw-to-Er teleportation trial 418 succeeded (completed=True, direct match=True, latency=7.698572257103 seconds).
25,125,599,263,854,897 WARNING main_het_teleport_mw_rb_yb_rb_er Starting Mw-to-Er teleportation trial 419 at 25125599263854897.
25,185,599,263,854,897 WARNING main_het_teleport_mw_rb_yb_rb_er Mw-to-Er teleportation trial 419 failed (completed=True, direct match=False, latency=5.012319757103 seconds).
25,185,599,263,854,897 WARNING main_het_teleport_mw_rb_yb_rb_er Starting Mw-to-Er teleportation trial 420 at 25185599263854897.
25,245,599,263,854,897 WARNING main_het_teleport_mw_rb_yb_rb_er Mw-to-Er teleportation trial 420 succeeded (completed=True, direct match=True, latency=6.952082382103 seconds).
25,245,599,263,854,897 WARNING main_het_teleport_mw_rb_yb_rb_er Starting Mw-to-Er teleportation trial 421 at 25245599263854897.
25,305,599,263,854,897 WARNING main_het_teleport_mw_rb_yb_rb_er Mw-to-Er teleportation trial 421 succeeded (completed=True, direct match=True, latency=4.974878257103 seconds).
25,305,599,263,854,897 WARNING main_het_teleport_mw_rb_yb_rb_er Starting Mw-to-Er teleportation trial 422 at 25305599263854897.
25,365,599,263,854,897 WARNING main_het_teleport_mw_rb_yb_rb_er Mw-to-Er teleportation trial 422 succeeded (completed=True, direct match=True, latency=10.557031632103 seconds).
25,365,599,263,854,897 WARNING main_het_teleport_mw_rb_yb_rb_er Starting Mw-to-Er teleportation trial 423 at 25365599263854897.
25,425,599,263,854,897 WARNING main_het_teleport_mw_rb_yb_rb_er Mw-to-Er teleportation trial 423 succeeded (completed=True, direct match=True, latency=4.150210257103 seconds).
25,425,599,263,854,897 WARNING main_het_teleport_mw_rb_yb_rb_er Starting Mw-to-Er teleportation trial 424 at 25425599263854897.
25,485,599,263,854,897 WARNING main_het_teleport_mw_rb_yb_rb_er Mw-to-Er teleportation trial 424 failed (completed=True, direct match=False, latency=9.805436569603 seconds).
25,485,599,263,854,897 WARNING main_het_teleport_mw_rb_yb_rb_er Starting Mw-to-Er teleportation trial 425 at 25485599263854897.
25,545,599,263,854,897 WARNING main_het_teleport_mw_rb_yb_rb_er Mw-to-Er teleportation trial 425 succeeded (completed=True, direct match=True, latency=4.218853007103 seconds).
25,545,599,263,854,897 WARNING main_het_teleport_mw_rb_yb_rb_er Starting Mw-to-Er teleportation trial 426 at 25545599263854897.
25,605,599,263,854,897 WARNING main_het_teleport_mw_rb_yb_rb_er Mw-to-Er teleportation trial 426 succeeded (completed=True, direct match=True, latency=4.226828319603 seconds).
25,605,599,263,854,897 WARNING main_het_teleport_mw_rb_yb_rb_er Starting Mw-to-Er teleportation trial 427 at 25605599263854897.
25,665,599,263,854,897 WARNING main_het_teleport_mw_rb_yb_rb_er Mw-to-Er teleportation trial 427 succeeded (completed=True, direct match=True, latency=9.811676819603 seconds).
25,665,599,263,854,897 WARNING main_het_teleport_mw_rb_yb_rb_er Starting Mw-to-Er teleportation trial 428 at 25665599263854897.
25,725,599,263,854,897 WARNING main_het_teleport_mw_rb_yb_rb_er Mw-to-Er teleportation trial 428 failed (completed=True, direct match=False, latency=4.187651757103 seconds).
25,725,599,263,854,897 WARNING main_het_teleport_mw_rb_yb_rb_er Starting Mw-to-Er teleportation trial 429 at 25725599263854897.
25,785,599,263,854,897 WARNING main_het_teleport_mw_rb_yb_rb_er Mw-to-Er teleportation trial 429 succeeded (completed=True, direct match=True, latency=5.635389694603 seconds).
25,785,599,263,854,897 WARNING main_het_teleport_mw_rb_yb_rb_er Starting Mw-to-Er teleportation trial 430 at 25785599263854897.
25,845,599,263,854,897 WARNING main_het_teleport_mw_rb_yb_rb_er Mw-to-Er teleportation trial 430 succeeded (completed=True, direct match=True, latency=6.331957569603 seconds).
25,845,599,263,854,897 WARNING main_het_teleport_mw_rb_yb_rb_er Starting Mw-to-Er teleportation trial 431 at 25845599263854897.
25,905,599,263,854,897 WARNING main_het_teleport_mw_rb_yb_rb_er Mw-to-Er teleportation trial 431 succeeded (completed=True, direct match=True, latency=23.671446444603 seconds).
25,905,599,263,854,897 WARNING main_het_teleport_mw_rb_yb_rb_er Starting Mw-to-Er teleportation trial 432 at 25905599263854897.
25,965,599,263,854,897 WARNING main_het_teleport_mw_rb_yb_rb_er Mw-to-Er teleportation trial 432 succeeded (completed=True, direct match=True, latency=3.578447382103 seconds).
25,965,599,263,854,897 WARNING main_het_teleport_mw_rb_yb_rb_er Starting Mw-to-Er teleportation trial 433 at 25965599263854897.
26,025,599,263,854,897 WARNING main_het_teleport_mw_rb_yb_rb_er Mw-to-Er teleportation trial 433 failed (completed=True, direct match=False, latency=4.952862382103 seconds).
26,025,599,263,854,897 WARNING main_het_teleport_mw_rb_yb_rb_er Starting Mw-to-Er teleportation trial 434 at 26025599263854897.
26,085,599,263,854,897 WARNING main_het_teleport_mw_rb_yb_rb_er Mw-to-Er teleportation trial 434 succeeded (completed=True, direct match=True, latency=4.896700132103 seconds).
26,085,599,263,854,897 WARNING main_het_teleport_mw_rb_yb_rb_er Starting Mw-to-Er teleportation trial 435 at 26085599263854897.
26,145,599,263,854,897 WARNING main_het_teleport_mw_rb_yb_rb_er Mw-to-Er teleportation trial 435 failed (completed=True, direct match=False, latency=7.709492694603 seconds).
26,145,599,263,854,897 WARNING main_het_teleport_mw_rb_yb_rb_er Starting Mw-to-Er teleportation trial 436 at 26145599263854897.
26,205,599,263,854,897 WARNING main_het_teleport_mw_rb_yb_rb_er Mw-to-Er teleportation trial 436 succeeded (completed=True, direct match=True, latency=6.313236819603 seconds).
26,205,599,263,854,897 WARNING main_het_teleport_mw_rb_yb_rb_er Starting Mw-to-Er teleportation trial 437 at 26205599263854897.
26,265,599,263,854,897 WARNING main_het_teleport_mw_rb_yb_rb_er Mw-to-Er teleportation trial 437 succeeded (completed=True, direct match=True, latency=11.915421007103 seconds).
26,265,599,263,854,897 WARNING main_het_teleport_mw_rb_yb_rb_er Starting Mw-to-Er teleportation trial 438 at 26265599263854897.
26,325,599,263,854,897 WARNING main_het_teleport_mw_rb_yb_rb_er Mw-to-Er teleportation trial 438 succeeded (completed=True, direct match=True, latency=14.013099944603 seconds).
26,325,599,263,854,897 WARNING main_het_teleport_mw_rb_yb_rb_er Starting Mw-to-Er teleportation trial 439 at 26325599263854897.
26,385,599,263,854,897 WARNING main_het_teleport_mw_rb_yb_rb_er Mw-to-Er teleportation trial 439 succeeded (completed=True, direct match=True, latency=4.220413069603 seconds).
26,385,599,263,854,897 WARNING main_het_teleport_mw_rb_yb_rb_er Starting Mw-to-Er teleportation trial 440 at 26385599263854897.
26,445,599,263,854,897 WARNING main_het_teleport_mw_rb_yb_rb_er Mw-to-Er teleportation trial 440 failed (completed=True, direct match=False, latency=17.538061007103 seconds).
26,445,599,263,854,897 WARNING main_het_teleport_mw_rb_yb_rb_er Starting Mw-to-Er teleportation trial 441 at 26445599263854897.
26,505,599,263,854,897 WARNING main_het_teleport_mw_rb_yb_rb_er Mw-to-Er teleportation trial 441 succeeded (completed=True, direct match=True, latency=9.107308632103 seconds).
26,505,599,263,854,897 WARNING main_het_teleport_mw_rb_yb_rb_er Starting Mw-to-Er teleportation trial 442 at 26505599263854897.
26,565,599,263,854,897 WARNING main_het_teleport_mw_rb_yb_rb_er Mw-to-Er teleportation trial 442 succeeded (completed=True, direct match=True, latency=9.074547319603 seconds).
26,565,599,263,854,897 WARNING main_het_teleport_mw_rb_yb_rb_er Starting Mw-to-Er teleportation trial 443 at 26565599263854897.
26,625,599,263,854,897 WARNING main_het_teleport_mw_rb_yb_rb_er Mw-to-Er teleportation trial 443 failed (completed=True, direct match=False, latency=13.271715257103 seconds).
26,625,599,263,854,897 WARNING main_het_teleport_mw_rb_yb_rb_er Starting Mw-to-Er teleportation trial 444 at 26625599263854897.
26,685,599,263,854,897 WARNING main_het_teleport_mw_rb_yb_rb_er Mw-to-Er teleportation trial 444 succeeded (completed=True, direct match=True, latency=4.215732882103 seconds).
26,685,599,263,854,897 WARNING main_het_teleport_mw_rb_yb_rb_er Starting Mw-to-Er teleportation trial 445 at 26685599263854897.
26,745,599,263,854,897 WARNING main_het_teleport_mw_rb_yb_rb_er Mw-to-Er teleportation trial 445 succeeded (completed=True, direct match=True, latency=11.924781382103 seconds).
26,745,599,263,854,897 WARNING main_het_teleport_mw_rb_yb_rb_er Starting Mw-to-Er teleportation trial 446 at 26745599263854897.
26,805,599,263,854,897 WARNING main_het_teleport_mw_rb_yb_rb_er Mw-to-Er teleportation trial 446 succeeded (completed=True, direct match=True, latency=2.870350769603 seconds).
26,805,599,263,854,897 WARNING main_het_teleport_mw_rb_yb_rb_er Starting Mw-to-Er teleportation trial 447 at 26805599263854897.
26,865,599,263,854,897 WARNING main_het_teleport_mw_rb_yb_rb_er Mw-to-Er teleportation trial 447 failed (completed=True, direct match=False, latency=5.876755407103 seconds).
26,865,599,263,854,897 WARNING main_het_teleport_mw_rb_yb_rb_er Starting Mw-to-Er teleportation trial 448 at 26865599263854897.
26,925,599,263,854,897 WARNING main_het_teleport_mw_rb_yb_rb_er Mw-to-Er teleportation trial 448 succeeded (completed=True, direct match=True, latency=6.995764132103 seconds).
26,925,599,263,854,897 WARNING main_het_teleport_mw_rb_yb_rb_er Starting Mw-to-Er teleportation trial 449 at 26925599263854897.
26,985,599,263,854,897 WARNING main_het_teleport_mw_rb_yb_rb_er Mw-to-Er teleportation trial 449 succeeded (completed=True, direct match=True, latency=3.530085444603 seconds).
26,985,599,263,854,897 WARNING main_het_teleport_mw_rb_yb_rb_er Starting Mw-to-Er teleportation trial 450 at 26985599263854897.
27,045,599,263,854,897 WARNING main_het_teleport_mw_rb_yb_rb_er Mw-to-Er teleportation trial 450 succeeded (completed=True, direct match=True, latency=5.605748507103 seconds).
27,045,599,263,854,897 WARNING main_het_teleport_mw_rb_yb_rb_er Starting Mw-to-Er teleportation trial 451 at 27045599263854897.
27,105,599,263,854,897 WARNING main_het_teleport_mw_rb_yb_rb_er Mw-to-Er teleportation trial 451 failed (completed=True, direct match=False, latency=7.044301069603 seconds).
27,105,599,263,854,897 WARNING main_het_teleport_mw_rb_yb_rb_er Starting Mw-to-Er teleportation trial 452 at 27105599263854897.
27,165,599,263,854,897 WARNING main_het_teleport_mw_rb_yb_rb_er Mw-to-Er teleportation trial 452 succeeded (completed=True, direct match=True, latency=2.168150944603 seconds).
27,165,599,263,854,897 WARNING main_het_teleport_mw_rb_yb_rb_er Starting Mw-to-Er teleportation trial 453 at 27165599263854897.
27,225,599,263,854,897 WARNING main_het_teleport_mw_rb_yb_rb_er Mw-to-Er teleportation trial 453 failed (completed=True, direct match=False, latency=8.367059007103 seconds).
27,225,599,263,854,897 WARNING main_het_teleport_mw_rb_yb_rb_er Starting Mw-to-Er teleportation trial 454 at 27225599263854897.
27,285,599,263,854,897 WARNING main_het_teleport_mw_rb_yb_rb_er Mw-to-Er teleportation trial 454 succeeded (completed=True, direct match=True, latency=14.720838257103 seconds).
27,285,599,263,854,897 WARNING main_het_teleport_mw_rb_yb_rb_er Starting Mw-to-Er teleportation trial 455 at 27285599263854897.
27,345,599,263,854,897 WARNING main_het_teleport_mw_rb_yb_rb_er Mw-to-Er teleportation trial 455 failed (completed=True, direct match=False, latency=7.756294569603 seconds).
27,345,599,263,854,897 WARNING main_het_teleport_mw_rb_yb_rb_er Starting Mw-to-Er teleportation trial 456 at 27345599263854897.
27,405,599,263,854,897 WARNING main_het_teleport_mw_rb_yb_rb_er Mw-to-Er teleportation trial 456 succeeded (completed=True, direct match=True, latency=4.218853007103 seconds).
27,405,599,263,854,897 WARNING main_het_teleport_mw_rb_yb_rb_er Starting Mw-to-Er teleportation trial 457 at 27405599263854897.
27,465,599,263,854,897 WARNING main_het_teleport_mw_rb_yb_rb_er Mw-to-Er teleportation trial 457 succeeded (completed=True, direct match=True, latency=3.485018632103 seconds).
27,465,599,263,854,897 WARNING main_het_teleport_mw_rb_yb_rb_er Starting Mw-to-Er teleportation trial 458 at 27465599263854897.
27,525,599,263,854,897 WARNING main_het_teleport_mw_rb_yb_rb_er Mw-to-Er teleportation trial 458 failed (completed=True, direct match=False, latency=6.991083944603 seconds).
27,525,599,263,854,897 WARNING main_het_teleport_mw_rb_yb_rb_er Starting Mw-to-Er teleportation trial 459 at 27525599263854897.
27,585,599,263,854,897 WARNING main_het_teleport_mw_rb_yb_rb_er Mw-to-Er teleportation trial 459 succeeded (completed=True, direct match=True, latency=6.339757882103 seconds).
27,585,599,263,854,897 WARNING main_het_teleport_mw_rb_yb_rb_er Starting Mw-to-Er teleportation trial 460 at 27585599263854897.
27,645,599,263,854,897 WARNING main_het_teleport_mw_rb_yb_rb_er Mw-to-Er teleportation trial 460 failed (completed=True, direct match=False, latency=5.596388132103 seconds).
27,645,599,263,854,897 WARNING main_het_teleport_mw_rb_yb_rb_er Starting Mw-to-Er teleportation trial 461 at 27645599263854897.
27,705,599,263,854,897 WARNING main_het_teleport_mw_rb_yb_rb_er Mw-to-Er teleportation trial 461 succeeded (completed=True, direct match=True, latency=13.975483444603 seconds).
27,705,599,263,854,897 WARNING main_het_teleport_mw_rb_yb_rb_er Starting Mw-to-Er teleportation trial 462 at 27705599263854897.
27,765,599,263,854,897 WARNING main_het_teleport_mw_rb_yb_rb_er Mw-to-Er teleportation trial 462 succeeded (completed=True, direct match=True, latency=7.012924819603 seconds).
27,765,599,263,854,897 WARNING main_het_teleport_mw_rb_yb_rb_er Starting Mw-to-Er teleportation trial 463 at 27765599263854897.
27,825,599,263,854,897 WARNING main_het_teleport_mw_rb_yb_rb_er Mw-to-Er teleportation trial 463 succeeded (completed=True, direct match=True, latency=7.023845257103 seconds).
27,825,599,263,854,897 WARNING main_het_teleport_mw_rb_yb_rb_er Starting Mw-to-Er teleportation trial 464 at 27825599263854897.
27,885,599,263,854,897 WARNING main_het_teleport_mw_rb_yb_rb_er Mw-to-Er teleportation trial 464 succeeded (completed=True, direct match=True, latency=12.599508382103 seconds).
27,885,599,263,854,897 WARNING main_het_teleport_mw_rb_yb_rb_er Starting Mw-to-Er teleportation trial 465 at 27885599263854897.
27,945,599,263,854,897 WARNING main_het_teleport_mw_rb_yb_rb_er Mw-to-Er teleportation trial 465 failed (completed=True, direct match=False, latency=10.525580382103 seconds).
27,945,599,263,854,897 WARNING main_het_teleport_mw_rb_yb_rb_er Starting Mw-to-Er teleportation trial 466 at 27945599263854897.
28,005,599,263,854,897 WARNING main_het_teleport_mw_rb_yb_rb_er Mw-to-Er teleportation trial 466 failed (completed=True, direct match=False, latency=5.590147882103 seconds).
28,005,599,263,854,897 WARNING main_het_teleport_mw_rb_yb_rb_er Starting Mw-to-Er teleportation trial 467 at 28005599263854897.
28,065,599,263,854,897 WARNING main_het_teleport_mw_rb_yb_rb_er Mw-to-Er teleportation trial 467 succeeded (completed=True, direct match=True, latency=7.725093319603 seconds).
28,065,599,263,854,897 WARNING main_het_teleport_mw_rb_yb_rb_er Starting Mw-to-Er teleportation trial 468 at 28065599263854897.
28,125,599,263,854,897 WARNING main_het_teleport_mw_rb_yb_rb_er Mw-to-Er teleportation trial 468 failed (completed=True, direct match=False, latency=8.423396257103 seconds).
28,125,599,263,854,897 WARNING main_het_teleport_mw_rb_yb_rb_er Starting Mw-to-Er teleportation trial 469 at 28125599263854897.
28,185,599,263,854,897 WARNING main_het_teleport_mw_rb_yb_rb_er Mw-to-Er teleportation trial 469 succeeded (completed=True, direct match=True, latency=5.527745382103 seconds).
28,185,599,263,854,897 WARNING main_het_teleport_mw_rb_yb_rb_er Starting Mw-to-Er teleportation trial 470 at 28185599263854897.
28,245,599,263,854,897 WARNING main_het_teleport_mw_rb_yb_rb_er Mw-to-Er teleportation trial 470 succeeded (completed=True, direct match=True, latency=4.932581569603 seconds).
28,245,599,263,854,897 WARNING main_het_teleport_mw_rb_yb_rb_er Starting Mw-to-Er teleportation trial 471 at 28245599263854897.
28,305,599,263,854,897 WARNING main_het_teleport_mw_rb_yb_rb_er Mw-to-Er teleportation trial 471 failed (completed=True, direct match=False, latency=4.217292944603 seconds).
28,305,599,263,854,897 WARNING main_het_teleport_mw_rb_yb_rb_er Starting Mw-to-Er teleportation trial 472 at 28305599263854897.
28,365,599,263,854,897 WARNING main_het_teleport_mw_rb_yb_rb_er Mw-to-Er teleportation trial 472 succeeded (completed=True, direct match=True, latency=9.808556694603 seconds).
28,365,599,263,854,897 WARNING main_het_teleport_mw_rb_yb_rb_er Starting Mw-to-Er teleportation trial 473 at 28365599263854897.
28,425,599,263,854,897 WARNING main_het_teleport_mw_rb_yb_rb_er Mw-to-Er teleportation trial 473 succeeded (completed=True, direct match=True, latency=5.615108882103 seconds).
28,425,599,263,854,897 WARNING main_het_teleport_mw_rb_yb_rb_er Starting Mw-to-Er teleportation trial 474 at 28425599263854897.
28,485,599,263,854,897 WARNING main_het_teleport_mw_rb_yb_rb_er Mw-to-Er teleportation trial 474 succeeded (completed=True, direct match=True, latency=4.899820257103 seconds).
28,485,599,263,854,897 WARNING main_het_teleport_mw_rb_yb_rb_er Starting Mw-to-Er teleportation trial 475 at 28485599263854897.
28,545,599,263,854,897 WARNING main_het_teleport_mw_rb_yb_rb_er Mw-to-Er teleportation trial 475 succeeded (completed=True, direct match=True, latency=4.890459882103 seconds).
28,545,599,263,854,897 WARNING main_het_teleport_mw_rb_yb_rb_er Starting Mw-to-Er teleportation trial 476 at 28545599263854897.
28,605,599,263,854,897 WARNING main_het_teleport_mw_rb_yb_rb_er Mw-to-Er teleportation trial 476 succeeded (completed=True, direct match=True, latency=9.104188507103 seconds).
28,605,599,263,854,897 WARNING main_het_teleport_mw_rb_yb_rb_er Starting Mw-to-Er teleportation trial 477 at 28605599263854897.
28,665,599,263,854,897 WARNING main_het_teleport_mw_rb_yb_rb_er Mw-to-Er teleportation trial 477 succeeded (completed=True, direct match=True, latency=3.505124444603 seconds).
28,665,599,263,854,897 WARNING main_het_teleport_mw_rb_yb_rb_er Starting Mw-to-Er teleportation trial 478 at 28665599263854897.
28,725,599,263,854,897 WARNING main_het_teleport_mw_rb_yb_rb_er Mw-to-Er teleportation trial 478 succeeded (completed=True, direct match=True, latency=9.146310194603 seconds).
28,725,599,263,854,897 WARNING main_het_teleport_mw_rb_yb_rb_er Starting Mw-to-Er teleportation trial 479 at 28725599263854897.
28,785,599,263,854,897 WARNING main_het_teleport_mw_rb_yb_rb_er Mw-to-Er teleportation trial 479 succeeded (completed=True, direct match=True, latency=5.591707944603 seconds).
28,785,599,263,854,897 WARNING main_het_teleport_mw_rb_yb_rb_er Starting Mw-to-Er teleportation trial 480 at 28785599263854897.
28,845,599,263,854,897 WARNING main_het_teleport_mw_rb_yb_rb_er Mw-to-Er teleportation trial 480 succeeded (completed=True, direct match=True, latency=8.429461507103 seconds).
28,845,599,263,854,897 WARNING main_het_teleport_mw_rb_yb_rb_er Starting Mw-to-Er teleportation trial 481 at 28845599263854897.
28,905,599,263,854,897 WARNING main_het_teleport_mw_rb_yb_rb_er Mw-to-Er teleportation trial 481 succeeded (completed=True, direct match=True, latency=2.108868569603 seconds).
28,905,599,263,854,897 WARNING main_het_teleport_mw_rb_yb_rb_er Starting Mw-to-Er teleportation trial 482 at 28905599263854897.
28,965,599,263,854,897 WARNING main_het_teleport_mw_rb_yb_rb_er Mw-to-Er teleportation trial 482 succeeded (completed=True, direct match=True, latency=9.796076194603 seconds).
28,965,599,263,854,897 WARNING main_het_teleport_mw_rb_yb_rb_er Starting Mw-to-Er teleportation trial 483 at 28965599263854897.
29,025,599,263,854,897 WARNING main_het_teleport_mw_rb_yb_rb_er Mw-to-Er teleportation trial 483 succeeded (completed=True, direct match=True, latency=9.824157319603 seconds).
29,025,599,263,854,897 WARNING main_het_teleport_mw_rb_yb_rb_er Starting Mw-to-Er teleportation trial 484 at 29025599263854897.
29,085,599,263,854,897 WARNING main_het_teleport_mw_rb_yb_rb_er Mw-to-Er teleportation trial 484 succeeded (completed=True, direct match=True, latency=9.127589444603 seconds).
29,085,599,263,854,897 WARNING main_het_teleport_mw_rb_yb_rb_er Starting Mw-to-Er teleportation trial 485 at 29085599263854897.
29,145,599,263,854,897 WARNING main_het_teleport_mw_rb_yb_rb_er Mw-to-Er teleportation trial 485 succeeded (completed=True, direct match=True, latency=4.920101069603 seconds).
29,145,599,263,854,897 WARNING main_het_teleport_mw_rb_yb_rb_er Starting Mw-to-Er teleportation trial 486 at 29145599263854897.
29,205,599,263,854,897 WARNING main_het_teleport_mw_rb_yb_rb_er Mw-to-Er teleportation trial 486 succeeded (completed=True, direct match=True, latency=4.217292944603 seconds).
29,205,599,263,854,897 WARNING main_het_teleport_mw_rb_yb_rb_er Starting Mw-to-Er teleportation trial 487 at 29205599263854897.
29,265,599,263,854,897 WARNING main_het_teleport_mw_rb_yb_rb_er Mw-to-Er teleportation trial 487 succeeded (completed=True, direct match=True, latency=5.619789069603 seconds).
29,265,599,263,854,897 WARNING main_het_teleport_mw_rb_yb_rb_er Starting Mw-to-Er teleportation trial 488 at 29265599263854897.
29,325,599,263,854,897 WARNING main_het_teleport_mw_rb_yb_rb_er Mw-to-Er teleportation trial 488 succeeded (completed=True, direct match=True, latency=22.376419632103 seconds).
29,325,599,263,854,897 WARNING main_het_teleport_mw_rb_yb_rb_er Starting Mw-to-Er teleportation trial 489 at 29325599263854897.
29,385,599,263,854,897 WARNING main_het_teleport_mw_rb_yb_rb_er Mw-to-Er teleportation trial 489 succeeded (completed=True, direct match=True, latency=16.118229194603 seconds).
29,385,599,263,854,897 WARNING main_het_teleport_mw_rb_yb_rb_er Starting Mw-to-Er teleportation trial 490 at 29385599263854897.
29,445,599,263,854,897 WARNING main_het_teleport_mw_rb_yb_rb_er Mw-to-Er teleportation trial 490 succeeded (completed=True, direct match=True, latency=2.110428632103 seconds).
29,445,599,263,854,897 WARNING main_het_teleport_mw_rb_yb_rb_er Starting Mw-to-Er teleportation trial 491 at 29445599263854897.
29,505,599,263,854,897 WARNING main_het_teleport_mw_rb_yb_rb_er Mw-to-Er teleportation trial 491 succeeded (completed=True, direct match=True, latency=11.884219757103 seconds).
29,505,599,263,854,897 WARNING main_het_teleport_mw_rb_yb_rb_er Starting Mw-to-Er teleportation trial 492 at 29505599263854897.
29,565,599,263,854,897 WARNING main_het_teleport_mw_rb_yb_rb_er Mw-to-Er teleportation trial 492 succeeded (completed=True, direct match=True, latency=6.321037132103 seconds).
29,565,599,263,854,897 WARNING main_het_teleport_mw_rb_yb_rb_er Starting Mw-to-Er teleportation trial 493 at 29565599263854897.
29,625,599,263,854,897 WARNING main_het_teleport_mw_rb_yb_rb_er Mw-to-Er teleportation trial 493 succeeded (completed=True, direct match=True, latency=8.412300819603 seconds).
29,625,599,263,854,897 WARNING main_het_teleport_mw_rb_yb_rb_er Starting Mw-to-Er teleportation trial 494 at 29625599263854897.
29,685,599,263,854,897 WARNING main_het_teleport_mw_rb_yb_rb_er Mw-to-Er teleportation trial 494 succeeded (completed=True, direct match=True, latency=7.005124507103 seconds).
29,685,599,263,854,897 WARNING main_het_teleport_mw_rb_yb_rb_er Starting Mw-to-Er teleportation trial 495 at 29685599263854897.
29,745,599,263,854,897 WARNING main_het_teleport_mw_rb_yb_rb_er Mw-to-Er teleportation trial 495 failed (completed=True, direct match=False, latency=5.660350694603 seconds).
29,745,599,263,854,897 WARNING main_het_teleport_mw_rb_yb_rb_er Starting Mw-to-Er teleportation trial 496 at 29745599263854897.
29,805,599,263,854,897 WARNING main_het_teleport_mw_rb_yb_rb_er Mw-to-Er teleportation trial 496 succeeded (completed=True, direct match=True, latency=3.453642382103 seconds).
29,805,599,263,854,897 WARNING main_het_teleport_mw_rb_yb_rb_er Starting Mw-to-Er teleportation trial 497 at 29805599263854897.
29,865,599,263,854,897 WARNING main_het_teleport_mw_rb_yb_rb_er Mw-to-Er teleportation trial 497 succeeded (completed=True, direct match=True, latency=2.813236757103 seconds).
29,865,599,263,854,897 WARNING main_het_teleport_mw_rb_yb_rb_er Starting Mw-to-Er teleportation trial 498 at 29865599263854897.
29,925,599,263,854,897 WARNING main_het_teleport_mw_rb_yb_rb_er Mw-to-Er teleportation trial 498 failed (completed=True, direct match=False, latency=4.226653319603 seconds).
29,925,599,263,854,897 WARNING main_het_teleport_mw_rb_yb_rb_er Starting Mw-to-Er teleportation trial 499 at 29925599263854897.
29,985,599,263,854,897 WARNING main_het_teleport_mw_rb_yb_rb_er Mw-to-Er teleportation trial 499 failed (completed=True, direct match=False, latency=5.608868632103 seconds).
29,985,599,263,854,897 WARNING main_het_teleport_mw_rb_yb_rb_er Starting Mw-to-Er teleportation trial 500 at 29985599263854897.
30,045,599,263,854,897 WARNING main_het_teleport_mw_rb_yb_rb_er Mw-to-Er teleportation trial 500 failed (completed=True, direct match=False, latency=2.842877944603 seconds).
30,045,599,263,854,897 WARNING main_het_teleport_mw_rb_yb_rb_er Raw teleport fidelity by direct comparison: 344/500 (68.80%)
30,045,599,263,854,897 WARNING main_het_teleport_mw_rb_yb_rb_er Teleport fidelity after Rb measurement, Mw measurement, and gate losses: 64.58% (operation fidelity factor=0.9386304)
30,045,599,263,854,897 WARNING main_het_teleport_mw_rb_yb_rb_er Average teleport latency: 7.576673594 seconds over 499 completed trials
